ID,dpnm,FLAG_CTX,MOIS_SORTIE_CTX,LIMIT_BAL,PAY_1,PAY_2,PAY_3,PAY_4,PAY_5,PAY_6,CUMUL_INCIDENT,PAY_AMT1,PAY_AMT2,PAY_AMT3,PAY_AMT4,PAY_AMT5,PAY_AMT6,BILL_AMT1,BILL_AMT2,BILL_AMT3,BILL_AMT4,BILL_AMT5,BILL_AMT6,PAY_habituel
9871,1,1,-1,110000,2,2,2,2,2,2,,0,0,0,0,0,0,600,600,600,600,600,600,
9493,1,1,-1,50000,2,5,4,3,2,0,,0,0,0,0,1943,1727,51106,50059,48988,47917,47020,48027,
5893,1,1,-1,20000,2,0,0,0,0,0,,1641,2400,632,800,1000,1500,17880,19224,19327,18696,19233,19909,
21673,1,1,-1,80000,2,0,0,0,0,0,,3139,4000,3000,2000,2000,0,71975,64153,47680,33336,24439,26187,
20438,1,1,-1,30000,3,2,2,2,2,3,,0,3200,0,3900,0,0,26061,25349,27826,27080,30525,29764,
10197,0,1,-1,50000,2,3,2,2,2,2,,0,1000,1500,0,1500,2100,29463,28715,28950,29684,29078,29944,
8546,1,1,-1,50000,2,0,0,0,0,0,,2000,2000,1000,1000,1028,1000,48537,30271,26283,26547,27119,27697,
8521,1,1,-1,60000,2,2,2,2,2,2,,2000,0,3348,1800,1800,0,40587,41642,40673,43342,44299,45222,
16933,1,1,-1,20000,3,2,2,7,7,7,,0,0,0,0,0,0,2255,2255,2255,2255,2255,2255,
17623,1,1,-1,30000,3,2,2,2,2,0,,0,1900,2600,11,1500,1700,29078,28312,29733,29183,28082,27434,
27801,1,1,-1,100000,2,2,2,2,2,2,,7500,0,3500,1600,0,1600,30067,36705,35847,37939,38619,37868,
17026,1,1,-1,30000,2,2,2,0,0,0,,4000,0,2000,2000,1500,1000,27201,27873,25406,23339,17869,15284,
14977,1,1,-1,30000,2,2,2,2,2,2,,1800,1000,0,2518,1185,1200,26580,27652,27905,27158,29239,29791,
11626,1,1,-1,140000,2,2,2,2,2,2,,1600,600,700,600,700,600,12642,13740,13818,13994,14222,14537,
20012,0,1,-1,170000,2,0,0,0,0,0,,7622,7354,7464,6127,6550,6100,170348,166348,162319,165592,167482,171106,
13697,0,1,-1,30000,2,2,2,2,2,2,,0,2900,0,2787,0,1445,28859,28116,30226,29454,31775,30743,
5435,1,1,-1,90000,2,0,0,-1,-1,-2,,1519,5035,6700,0,2893,304,37681,27664,18037,1696,-4,2889,
24230,1,1,-1,200000,2,2,2,2,2,2,,0,7421,0,5000,5000,5000,88808,86484,92504,90120,93629,96980,
22115,0,1,-1,220000,2,2,0,0,0,0,,0,6824,2726,1239,2953,112742,150682,139629,136020,115942,54611,42363,
16848,1,1,-1,100000,2,2,2,2,0,0,,0,4817,6,1700,3650,0,65781,60114,59478,54336,50640,49113,
1018,1,1,-1,140000,2,0,0,0,0,0,,6743,5421,3926,3290,3310,3424,131795,134083,125360,99313,90623,92425,
28504,1,1,-1,150000,2,2,2,2,2,2,,12924,5800,4200,4300,4400,4700,100247,109909,112453,113318,114268,116688,
24423,0,1,-1,50000,2,0,0,0,0,0,,2306,2155,1086,19001,906,1500,49444,50621,49326,29584,19665,19799,
16603,1,1,-1,80000,2,2,0,0,2,4,,0,2600,6332,7000,5000,0,69578,67871,68782,73955,79128,82275,
29738,1,1,-1,100000,2,0,0,0,0,0,,4500,5000,4500,3800,3900,4000,100000,99774,102237,98452,99423,101548,
3005,0,1,-1,220000,2,2,0,0,0,0,,0,9000,7000,7500,7100,7500,185955,181587,186054,188465,192758,196493,
4903,1,1,-1,180000,2,2,0,0,0,0,,0,6000,3663,3700,3400,2771,186895,167768,125879,119283,117515,109499,
26013,1,1,-1,50000,2,3,2,2,2,2,,0,1200,0,1100,0,1200,12250,11761,12476,11979,12880,12531,
24907,0,1,-1,50000,5,4,3,2,0,0,,0,0,0,1262,1358,1275,46750,45734,44741,43562,44039,45008,
14398,1,1,-1,80000,2,2,2,0,0,0,,3084,0,550,707,1400,200,12894,15449,14909,14915,15382,16374,
12132,1,1,-1,70000,2,0,0,0,2,0,,2875,2327,3533,0,1367,1322,69074,70811,67397,50126,47604,43429,
26713,0,1,-1,30000,2,2,2,2,2,2,,2000,2000,0,3009,0,2000,14598,13998,15467,14913,17692,16302,
13947,0,1,-1,100000,2,0,0,0,0,0,,4134,3952,3611,3298,3401,3415,101658,97937,98893,101044,96045,97227,
20522,0,1,-1,50000,2,2,2,0,0,0,,4355,0,1900,1333,0,999,46346,49612,48546,49157,49890,48941,
23803,1,1,-1,30000,2,2,0,0,0,0,,0,1800,1370,1264,2078,836,26590,25869,26947,27529,24909,24576,
24709,0,1,-1,100000,2,0,0,0,0,0,,5000,3100,2000,1600,1500,2000,95926,98437,98480,63372,39138,39857,
19835,0,1,-1,70000,2,0,0,0,0,0,,1700,1700,1243,1000,500,1000,46092,40094,39610,31047,27431,16693,
26044,1,1,-1,10000,2,2,2,2,0,0,,1000,2374,0,1000,0,0,7587,7920,10153,8999,9999,0,
29615,1,1,-1,20000,2,0,0,2,0,0,,2000,3000,0,850,920,750,18390,19468,20844,19362,19402,19607,
27499,1,1,-1,500000,2,0,0,0,0,0,,37300,11000,4500,4000,4000,100000,613860,512526,334227,145482,125936,91382,
20267,1,1,-1,20000,2,2,2,2,0,0,,3000,700,500,1000,1000,1000,8287,10978,11207,11227,12042,12850,
9833,1,1,-1,100000,2,2,2,2,2,2,,4145,0,3260,1000,0,2286,16918,20511,19944,22915,23472,23016,
17235,1,1,-1,80000,2,2,2,0,0,2,,2000,0,1395,2109,1196,0,22001,23339,22677,23692,25406,26050,
23608,1,1,-1,240000,3,2,2,2,2,2,,7000,7000,7000,7000,7000,7000,164691,167489,170329,173033,175678,179707,
20378,1,1,-1,10000,2,0,0,0,0,0,,1400,1305,1000,200,196,0,8999,9042,10038,9784,9984,9780,
12393,1,1,-1,30000,2,2,2,2,2,2,,1800,0,2300,1200,1300,0,28073,28515,27150,28100,28104,28181,
22112,1,1,-1,60000,2,0,0,0,0,0,,2000,1900,1572,1000,700,668,58501,54932,85672,41483,19394,18893,
5813,1,1,-1,190000,2,2,2,2,2,2,,5200,4500,4300,4300,4400,4500,107689,109678,110887,111871,114223,116577,
11389,1,1,-1,10000,2,2,2,0,0,2,,1000,1000,2000,1000,0,1390,3983,4764,5528,7420,8298,8019,
16799,0,1,-1,10000,2,4,3,2,0,0,,0,0,0,302,0,0,10711,10399,10092,9700,10000,9900,
1000,0,1,-1,120000,2,2,0,0,0,0,,0,5000,3158,3934,3802,2000,113348,110119,111700,83858,86434,88802,
10152,1,1,-1,60000,2,3,2,3,2,2,,0,4500,0,2400,0,2200,60717,59183,62075,60501,61808,60668,
24094,1,1,-1,210000,2,0,0,-1,0,0,,10000,2572,213509,6022,5817,4048,209479,211302,-4244,205759,151849,150221,
3682,1,1,-1,430000,2,0,0,0,0,0,,10896,8123,7522,7003,4700,5000,332721,277080,219739,210142,179350,130328,
7536,1,1,-1,110000,2,2,2,2,2,2,,5000,2500,2500,2500,0,5000,53016,56532,57502,58460,59876,58761,
18059,0,1,-1,50000,5,4,3,2,0,0,,0,0,0,0,0,0,54078,52946,51841,50306,49706,49706,
19818,1,1,-1,20000,2,0,0,0,0,0,,1593,1340,1171,402,600,538,19946,18694,17228,16923,10467,10526,
1244,1,1,-1,100000,2,2,2,-1,0,0,,0,3000,103000,2500,3000,3000,110537,99734,99973,71008,66735,68621,
21032,0,1,-1,50000,4,3,2,0,0,0,,3,0,2183,2695,29276,4,51689,50567,48454,49843,51355,29276,
16697,0,1,-1,50000,2,2,2,3,2,2,,0,3949,1700,1200,2000,2000,41755,40793,44084,44763,44939,46078,
8975,1,1,-1,290000,2,0,0,0,0,0,,4700,4800,4735,5100,21500,6000,131279,134113,136948,139674,142793,162091,
8296,1,1,-1,100000,2,2,2,2,2,2,,2700,3600,3100,3000,3200,3000,74396,75317,77084,78308,79901,81630,
3823,1,1,-1,80000,2,4,3,2,0,0,,0,0,0,1790,1890,1740,84718,82861,80581,51537,51381,48866,
2046,1,1,-1,110000,2,2,2,2,2,2,,0,5700,2800,2300,2600,2300,58112,56620,60732,61938,63097,64492,
1909,0,1,-1,30000,3,2,2,2,3,2,,0,3000,2300,0,2500,0,20424,19809,22478,24111,23447,24951,
16943,1,1,-1,30000,2,0,0,2,3,2,,1707,3478,2073,0,0,1129,22957,23978,26749,28085,27344,26768,
29995,1,1,-1,80000,2,2,2,2,2,2,,7000,3500,0,7000,0,4000,72557,77708,79384,77519,82607,81158,
221,1,1,-1,360000,2,2,2,0,0,0,,12000,0,5900,5000,4500,4700,105167,115468,112157,114690,117845,120238,
4844,0,1,-1,30000,2,0,0,0,0,0,,2000,2000,888,920,1000,2000,21684,23018,24630,24813,25333,25911,
17389,1,1,-1,130000,2,0,0,2,2,2,,2700,6500,3200,3500,3200,3300,72181,73086,78411,79725,81311,83048,
10143,0,1,-1,400000,2,2,2,2,2,2,,0,4500,0,4800,1600,0,50747,49666,52727,51286,55077,55500,
17414,1,1,-1,30000,2,2,2,2,2,2,,1500,1600,800,800,800,800,15089,16039,17080,17302,17521,17893,
7240,1,1,-1,190000,2,0,0,2,0,0,,7762,7700,0,3545,3386,3575,185738,187764,100526,94909,94804,94007,
13779,1,1,-1,30000,2,2,2,2,2,2,,1700,1100,1000,1200,1100,1200,24022,25038,25429,25714,26353,26868,
17951,1,1,-1,200000,2,3,2,2,2,2,,0,5000,0,12000,3700,0,94529,92126,94772,92368,101837,103764,
11458,0,1,-1,130000,2,0,0,0,0,0,,2475,1600,1300,1400,1400,2000,79705,59716,38343,37834,37429,36991,
21517,0,1,-1,60000,2,2,2,2,2,2,,2300,0,5000,2511,6,3000,55892,56685,55208,59175,60218,55447,
5219,1,1,-1,20000,2,0,0,0,0,0,,1600,1601,810,1000,692,647,18075,19075,19106,18467,19018,19383,
15467,0,1,-1,220000,2,0,0,0,0,0,,5000,5000,4200,4000,4000,5000,84630,87604,89687,90889,91892,93815,
24012,1,1,-1,30000,2,0,0,0,0,0,,1713,2000,4000,0,3000,1000,24279,25281,26568,29872,23504,25724,
14789,0,1,-1,30000,2,2,2,-1,-1,2,,0,0,29847,340,0,0,200,200,200,29847,30089,27957,
832,0,1,-1,20000,8,7,6,5,4,3,,0,0,0,0,0,0,24310,23987,23353,22719,21796,21162,
8224,0,1,-1,30000,4,3,2,2,2,0,,0,0,1900,15,1030,30802,30562,29809,28920,29887,29525,25006,
18952,1,1,-1,40000,2,3,2,2,2,0,,0,1642,700,0,349,872,8244,7966,9331,9729,9424,9621,
2004,1,1,-1,50000,2,0,0,0,0,0,,1487,1500,1081,1121,2500,0,27752,28787,29800,30393,31031,33020,
12588,1,1,-1,10000,2,2,2,0,0,2,,2600,0,1000,900,300,0,6743,9060,8768,9465,10212,10198,
16348,0,1,-1,220000,2,2,2,2,0,0,,7000,6300,0,5000,5000,5000,153664,156646,158994,154506,126399,129357,
18027,1,1,-1,180000,2,2,2,0,0,0,,12100,5000,4200,3000,5000,2000,114091,124233,125768,126202,127677,99764,
28604,1,1,-1,110000,2,2,2,2,2,2,,2000,2000,1700,1600,1800,1800,38639,39694,40752,41476,42090,43059,
11198,0,1,-1,130000,3,3,2,0,0,0,,6000,0,3029,4000,5000,3300,131139,132596,127906,86109,81941,84545,
2723,1,1,-1,140000,2,2,2,0,0,0,,9000,0,6800,40000,5600,5900,138379,143684,139902,142729,142406,142694,
16521,0,1,-1,20000,2,3,2,0,0,2,,0,0,1900,3000,1500,0,14962,14438,13921,15276,17019,18099,
6785,0,1,-1,100000,2,3,2,-1,-1,-1,,0,0,326,326,476,326,1331,1326,652,326,326,476,
319,0,1,-1,50000,3,2,2,0,0,0,,3754,1,1070,1030,863,654,48522,50955,29516,29742,29898,24883,
27719,1,1,-1,90000,2,0,0,2,0,0,,4100,8245,0,3450,7200,0,89346,89466,93755,89706,89221,91596,
15789,1,1,-1,30000,2,2,2,2,2,2,,1805,2074,0,2304,0,2400,30372,30954,30670,29856,30584,27883,
14252,1,1,-1,100000,2,0,0,0,0,0,,4732,1500,1500,1500,1500,1964,97361,96265,49380,29152,28832,29949,
27737,1,1,-1,20000,2,0,0,0,0,2,,1550,1268,1585,1408,0,1700,13718,15033,15751,17068,17891,17463,
20273,1,1,-1,190000,2,2,2,2,0,0,,4500,4100,0,3500,3600,3500,90128,92367,94227,91943,93546,95759,
1518,1,1,-1,190000,2,2,2,2,2,2,,5000,3000,7100,8700,9300,9500,178367,179062,177663,180312,185910,191895,
11273,0,1,-1,20000,4,3,2,0,0,0,,0,0,0,0,400,0,21605,20987,20200,19600,19600,20000,
2660,0,1,-1,50000,2,2,2,0,0,0,,3500,0,1100,1100,2000,1000,26184,29261,28444,28878,27655,24480,
17040,1,1,-1,100000,2,2,2,2,2,3,,4400,3800,3800,7300,0,679,93330,95285,96674,97983,102803,100960,
26139,1,1,-1,100000,2,2,2,2,2,2,,3000,1500,1500,5600,3100,2000,57214,58666,58643,58589,62586,64519,
15089,0,1,-1,20000,3,2,0,0,0,0,,0,1096,1000,89,256,0,20334,18555,3455,4359,4448,4704,
11682,1,1,-1,100000,2,2,3,2,2,2,,12700,0,0,6050,1600,3400,86974,98246,95884,93528,96397,96258,
27632,1,1,-1,50000,2,2,0,0,0,0,,1000,1860,1600,452,100,114,54866,51520,41711,22775,4215,3016,
15139,1,1,-1,30000,3,2,2,7,7,7,,0,0,0,0,0,0,2395,2395,2395,2395,2395,2395,
1207,1,1,-1,70000,2,2,2,2,2,2,,1400,0,3000,1700,1340,1100,21024,21790,21142,23772,24930,25709,
23360,0,1,-1,300000,2,0,0,2,2,2,,1929,4000,1446,0,3179,0,36656,37672,40743,41226,40263,42788,
4741,0,1,-1,50000,2,3,2,0,0,2,,0,0,1000,2000,0,1000,19606,19017,18409,18823,20379,18720,
14764,1,1,-1,220000,2,2,2,0,0,0,,8200,0,7000,7000,7200,23700,195725,197466,189149,187531,187856,186532,
3540,1,1,-1,30000,2,2,2,3,5,4,,0,5000,3300,0,0,0,25161,24476,28721,31262,30217,29158,
25382,1,1,-1,130000,2,2,2,2,0,0,,1300,1250,0,0,0,0,5169,6228,6065,3489,3489,1163,
12967,1,1,-1,400000,7,6,5,4,3,2,,0,0,0,106,2281,42617,405366,397754,389903,384981,381863,359314,
14884,1,1,-1,20000,2,2,2,2,2,0,,3000,0,2000,0,1000,3000,10372,12897,12393,14185,13817,14434,
17924,1,1,-1,50000,2,0,0,0,0,0,,1796,1284,1060,100,99,273,47097,46006,36272,11521,2678,5468,
6839,1,1,-1,80000,2,2,2,2,2,2,,9625,3000,2900,3000,3000,0,73981,76489,77611,78683,80315,81887,
12836,1,1,-1,120000,2,0,0,0,0,-1,,5000,10000,4000,5000,390,780,114647,114645,72188,42840,19860,390,
12704,1,1,-1,50000,3,2,0,0,0,0,,8,3011,1264,2000,1159,1244,50953,49363,49243,46382,47261,48219,
11472,1,1,-1,20000,2,0,0,0,0,0,,2200,1610,679,1000,900,599,16235,17857,18862,18931,19624,20049,
29576,1,1,-1,60000,2,0,0,0,0,0,,3000,3100,1409,631,1000,664,58190,59615,60379,56921,18050,18385,
5543,0,1,-1,280000,2,2,2,2,2,0,,6600,4700,5100,0,4200,3000,110550,113877,115223,116930,112607,95949,
7733,1,1,-1,50000,2,2,0,0,0,0,,1000,2000,1000,1000,1000,1000,32589,32583,21197,7666,4768,5685,
22657,1,1,-1,350000,2,3,2,2,2,2,,12000,14000,12000,13000,13000,13000,309250,314607,322032,327193,333278,340791,
12094,0,1,-1,70000,2,2,2,2,2,2,,1500,1500,1000,0,1400,2000,26193,26977,27733,27982,27396,28341,
4723,1,1,-1,30000,3,2,0,0,0,0,,0,1234,600,532,750,825,13784,13277,13984,14350,14650,15156,
19259,1,1,-1,30000,3,2,2,2,0,0,,0,4000,0,2000,1000,2000,21167,20529,24191,23510,24813,25264,
15923,1,1,-1,80000,2,2,2,2,0,0,,0,4300,0,1000,5000,1000,82074,79440,102872,49043,23962,23283,
2366,1,1,-1,130000,2,0,0,0,0,0,,2536,1857,1681,971,1186,1698,60273,61839,62370,63429,26779,27521,
6730,1,1,-1,390000,2,2,2,0,0,0,,4514,0,1528,0,1000,3574,78658,60152,40238,41366,37788,19025,
14650,1,1,-1,200000,2,2,2,2,2,2,,15000,6800,6500,6600,6600,5200,156558,167453,170010,172226,175918,179441,
9012,1,1,-1,300000,2,0,0,0,0,0,,11500,12000,10000,10500,10000,10000,304040,305627,305697,269017,275230,260419,
25312,0,1,-1,50000,3,2,0,0,0,0,,0,2092,1460,1167,1209,1645,66881,65115,51010,50342,36025,36778,
25287,0,1,-1,80000,2,0,0,0,0,0,,3500,4450,2249,1200,2400,1100,78768,79611,80770,53142,55064,28750,
15366,1,1,-1,80000,2,2,0,0,0,0,,4,3716,2000,1000,1000,2000,81428,78041,75945,61740,29089,28267,
5648,1,1,-1,50000,2,0,0,0,0,0,,2617,2463,350,311,313,324,47076,48628,48524,8411,8587,8758,
27158,1,1,-1,90000,2,2,2,2,2,2,,1500,1500,700,700,500,0,11512,12524,13523,13704,13882,14015,
24287,0,1,-1,200000,2,4,4,4,4,4,,7310,7459,7468,6275,3000,0,173639,176605,179754,182763,184570,184091,
4770,1,1,-1,100000,3,2,0,0,2,0,,0,2500,5864,0,2000,2000,87791,85548,85391,50605,49666,50689,
14723,1,1,-1,80000,2,2,2,2,2,2,,2000,1300,2000,1900,1900,0,41687,42719,43018,44013,45058,46068,
14752,0,1,-1,20000,2,3,2,0,0,-1,,0,0,0,0,3067,0,6249,5965,2417,1616,1616,3067,
13565,0,1,-1,50000,2,0,0,0,0,2,,1612,10000,1000,1820,0,696,11533,12951,22339,22669,24121,23540,
29301,1,1,-1,200000,2,2,2,2,2,2,,5500,0,12000,8000,5800,80,147660,148603,143647,152605,155981,158508,
28684,1,1,-1,230000,2,2,2,2,2,2,,9000,10000,8500,8500,8500,32000,212400,216409,221419,224753,228022,232724,
16793,0,1,-1,30000,2,0,0,4,3,2,,2000,5500,0,0,0,3400,18402,19785,24633,23961,23289,22779,
19622,1,1,-1,50000,2,0,0,0,0,0,,2010,1904,2214,1000,129,131,47993,49051,39945,40254,20040,3563,
12375,1,1,-1,20000,4,3,2,0,0,0,,0,420,402,417,423,1472,11553,11081,11021,11240,11476,11708,
12298,1,1,-1,100000,2,0,0,0,2,0,,2201,1888,1500,96,300,432,36891,38498,39185,39867,39696,7594,
29016,1,1,-1,140000,2,2,0,0,0,0,,0,4200,4261,2182,1844,1652,90632,88637,90859,92734,48461,49067,
25726,1,1,-1,300000,2,0,0,2,0,0,,3028,4560,78,3171,5015,5047,74917,70878,68463,52987,46867,16335,
234,1,1,-1,190000,2,0,0,0,2,2,,5000,5000,10000,0,12118,2769,129801,131383,134379,142323,140120,150052,
16947,0,1,-1,50000,2,0,0,0,0,0,,1509,2003,1200,1281,1512,2308,18275,18494,16978,16282,17363,8833,
10084,0,1,-1,30000,2,2,2,0,0,2,,2000,0,1934,1824,830,0,19674,21050,20414,22008,23480,23777,
17305,1,1,-1,290000,2,0,0,0,0,0,,13010,11430,6900,5320,5232,4980,140599,143963,152434,156413,156189,144318,
19989,1,1,-1,50000,2,0,0,2,2,2,,1893,3600,0,3000,0,3500,34218,35539,38246,37332,39702,38932,
7131,1,1,-1,130000,2,0,0,0,0,2,,1500,3000,3000,2000,0,1500,16357,17287,19992,22329,23964,23428,
22012,1,1,-1,50000,2,2,2,2,0,0,,2100,1800,0,1624,1700,3000,48286,49286,50006,48846,45944,46925,
565,0,1,-1,390000,2,2,2,-1,2,2,,1,1693,6940,7,1230,3,834,155,-1690,4240,3346,2698,
20956,1,1,-1,270000,2,0,0,0,0,0,,8000,6700,10027,6700,7500,7000,187352,179247,180535,187524,185895,190396,
2435,1,1,-1,120000,3,3,2,2,2,2,,0,2700,2500,3200,2500,0,87057,84821,85194,76326,75122,75011,
2865,0,1,-1,50000,2,2,2,2,2,2,,2000,2000,0,3300,1500,0,28390,29639,30854,30062,32705,33519,
17789,0,1,-1,140000,2,0,0,0,0,0,,4520,4034,5050,6034,3202,5000,98985,98702,96753,94310,92182,88818,
6183,1,1,-1,70000,2,2,2,0,0,0,,5190,42,3000,3000,1400,2000,26410,31128,24486,21879,13127,14149,
20430,1,1,-1,10000,2,2,0,0,0,0,,0,1500,2000,700,1500,0,8837,7554,8287,9580,9267,10096,
16857,0,1,-1,150000,2,3,3,2,0,0,,9500,2000,0,8000,9000,15000,152180,157719,155368,123906,128597,105967,
4861,1,1,-1,210000,2,2,2,2,2,2,,4800,2500,3900,3400,3400,3400,87705,90376,90687,91888,93852,95734,
27072,1,1,-1,110000,3,2,2,3,3,2,,0,0,0,0,0,288,450,450,450,450,450,300,
3087,0,1,-1,30000,2,2,7,7,7,7,,0,0,0,0,0,0,300,300,300,300,300,300,
9067,0,1,-1,80000,2,2,2,2,-1,-1,,3193,0,0,5471,5415,5124,3682,4714,2336,0,5471,5415,
11739,1,1,-1,120000,2,0,0,0,2,2,,4110,4203,7100,0,7396,3700,87199,89008,90834,95499,93857,99504,
16479,1,1,-1,20000,2,0,0,0,0,0,,1536,1600,1600,1500,700,2900,18049,14361,15425,16460,17380,17650,
13873,0,1,-1,50000,2,0,0,0,0,0,,25000,2010,796,957,1175,0,24724,49102,49885,25773,25544,26264,
15727,1,1,-1,20000,2,0,0,0,0,2,,1554,1578,1592,1435,0,1663,14414,15424,16448,17462,18305,17871,
19533,1,1,-1,380000,3,3,2,0,0,0,,0,0,15135,13212,13529,15212,415735,400246,384705,383332,381423,377466,
28298,1,1,-1,30000,3,3,2,2,2,2,,0,1600,1200,0,2200,0,25320,24620,25522,26008,25294,26928,
2102,0,1,-1,140000,2,2,2,2,2,2,,2800,2100,2100,2200,2000,2400,56528,57973,58679,59379,60636,61656,
19221,1,1,-1,30000,2,2,2,0,0,0,,5501,22,2000,1000,2000,2039,25893,30628,29368,27769,25999,26924,
22979,1,1,-1,50000,2,3,2,0,0,0,,0,0,1350,769,799,1000,21638,21008,20388,21092,21511,21964,
19740,1,1,-1,50000,2,3,3,2,0,0,,5000,0,0,613,573,593,64350,63192,57205,54371,19946,17406,
18136,1,1,-1,10000,3,2,2,3,3,3,,0,0,0,0,0,0,1050,1050,1050,1050,1050,1050,
13292,1,1,-1,50000,2,2,2,2,2,2,,2000,1800,0,4100,0,2500,46035,46620,47341,45527,48358,47442,
649,1,1,-1,280000,2,2,2,2,2,2,,0,15000,8000,7000,0,15000,186149,181779,192189,195517,199250,195874,
16626,1,1,-1,50000,2,2,2,2,2,2,,2000,1900,1300,1300,1500,1500,30559,31753,32847,33308,33755,34565,
11927,0,1,-1,160000,2,2,0,0,0,0,,0,7661,4607,4602,4671,4780,160285,156328,159322,124363,126802,129365,
188,1,1,-1,200000,2,2,2,2,2,2,,8214,7000,6800,7134,0,6836,199436,202947,193936,196186,200162,189915,
11585,0,1,-1,170000,2,2,2,2,2,2,,6500,0,13000,5500,1000,7000,158819,161487,157577,168094,170922,166972,
21369,0,1,-1,50000,2,0,0,2,0,0,,1306,3264,0,846,856,804,17946,18946,21904,21243,20225,19850,
18433,0,1,-1,250000,2,3,2,2,0,0,,5000,6000,5000,9600,14000,14000,324204,308506,294198,278964,270046,265787,
2149,1,1,-1,60000,2,0,0,0,0,0,,1580,1500,1100,3000,1200,1100,60289,57426,25820,25793,28224,28968,
3598,0,1,-1,50000,2,2,2,0,0,0,,5500,0,580,600,600,600,40994,43594,38222,13026,13268,13497,
13636,1,1,-1,20000,8,7,6,5,4,3,,0,0,0,0,0,0,24166,23845,23214,22583,21662,21031,
17875,1,1,-1,30000,3,2,2,7,7,7,,0,0,0,0,0,0,2400,2400,2400,2400,2400,2400,
3964,1,1,-1,90000,2,2,2,2,2,2,,0,2500,0,3000,930,0,18168,17593,19492,18884,21410,21841,
5285,1,1,-1,80000,2,2,4,4,3,2,,0,0,0,0,0,1000,600,600,600,600,300,150,
22898,1,1,-1,100000,2,2,2,2,2,2,,2000,0,3500,0,3500,2000,41052,42081,41131,43637,42635,45440,
23006,1,1,-1,260000,2,2,2,0,0,0,,20485,27,2914,159658,5592,5837,258150,265961,258903,131150,214180,153755,
8789,1,1,-1,20000,2,0,0,0,0,0,,1619,1308,688,706,806,595,17597,18629,19318,19434,19571,19792,
6371,0,1,-1,120000,3,3,-2,-2,-2,-2,,0,0,0,0,0,0,113722,110525,103632,-36,-18,-18,
3127,0,1,-1,100000,2,2,0,0,0,0,,0,3000,2000,2000,2000,2000,74763,73010,74198,74964,76655,78328,
3179,1,1,-1,10000,2,0,0,0,0,2,,1500,2000,700,1500,0,1000,7554,8287,9580,9267,10096,9415,
91,1,1,-1,200000,2,2,2,2,2,2,,6300,5500,5500,5500,5000,5000,138180,140774,142460,144098,147124,149531,
16455,1,1,-1,80000,3,2,2,2,2,2,,3000,3000,3500,3000,300,5100,63995,65347,66705,68506,69787,68844,
7123,1,1,-1,390000,2,2,0,0,0,0,,0,6000,3500,5000,4500,3000,185204,180455,131386,131879,115183,75131,
2558,1,1,-1,200000,2,2,2,2,0,0,,6900,1966,12,1604,5164,1104,68398,73564,73548,44234,42599,46192,
29643,1,1,-1,110000,2,0,0,0,2,0,,3430,4000,7100,0,3600,3142,77831,79365,81485,86309,84028,86114,
26741,1,1,-1,200000,2,0,0,0,0,0,,5041,14031,15021,15007,14004,14012,72763,53839,34228,26418,22196,15973,
11485,1,1,-1,30000,2,2,2,2,2,2,,1738,1251,1596,1742,0,1374,25487,26513,27026,27871,29017,28403,
1728,1,1,-1,60000,2,2,0,0,0,0,,0,2000,2000,1000,20000,10000,57598,50821,19638,18919,16853,29682,
16946,0,1,-1,230000,2,0,0,0,0,0,,5805,2965,3500,2600,2500,1901,204643,197993,84076,77766,70066,62865,
28373,1,1,-1,100000,2,2,2,2,2,2,,3680,400,3000,1500,0,3100,31786,34629,34189,36309,36916,36192,
10831,1,1,-1,10000,2,0,0,-1,-1,-2,,1238,1275,528,0,0,0,8631,9202,9975,528,0,0,
18515,0,1,-1,30000,2,2,2,0,0,0,,1800,0,1500,1200,1750,1300,25267,26353,25650,26416,27178,28332,
2135,1,1,-1,160000,2,2,2,2,2,2,,3400,3000,2600,2600,2700,2800,67771,69535,70848,71739,73090,74490,
15186,0,1,-1,30000,2,2,2,2,2,2,,2379,7,7002,13,155,1,7593,9634,4476,8830,8153,6422,
7216,1,1,-1,30000,2,2,2,2,3,2,,1800,1300,2400,0,1200,2500,26008,27091,27648,29297,28544,29125,
105,0,1,-1,60000,2,2,2,2,2,0,,0,5000,2511,6,3000,3000,56685,55208,59175,60218,55447,55305,
982,0,1,-1,30000,8,7,6,5,4,3,,0,0,0,0,0,0,34423,33952,33165,32391,31332,30558,
20722,1,1,-1,20000,3,2,2,7,7,7,,0,0,0,0,0,0,2400,2400,2400,2400,2400,2400,
1707,0,1,-1,230000,2,2,2,2,2,2,,5800,4500,3800,5000,0,4500,117277,119823,120988,121464,123740,120937,
16769,0,1,-1,50000,3,2,2,2,2,-1,,0,0,0,0,805,43340,150,150,150,150,150,805,
29815,0,1,-1,50000,5,4,3,2,0,0,,0,0,0,2000,1003,1076,52321,51210,50125,48640,17450,60,
8781,0,1,-1,100000,2,0,0,0,0,0,,3000,2100,2100,2300,2500,2500,53718,55851,56424,57584,58957,60317,
2013,1,1,-1,20000,2,2,0,0,0,3,,0,1612,687,3100,0,0,18278,17696,19008,19083,21871,21236,
1584,0,1,-1,50000,2,2,0,0,0,0,,0,2200,700,700,674,608,49546,48480,48621,17793,18224,18612,
19453,1,1,-1,270000,2,2,2,0,0,0,,5000,0,2000,2000,1000,1000,9220,14050,13539,15005,16438,17021,
17733,1,1,-1,50000,2,2,2,0,0,0,,5000,0,2300,1000,635,580,46554,50774,49551,22673,17147,17505,
20255,1,1,-1,350000,3,2,2,7,7,7,,0,0,0,0,0,0,2400,2400,2400,2400,2400,2400,
3593,1,1,-1,20000,2,0,0,0,0,2,,1600,1500,900,3600,393,0,18355,17165,17676,18300,20278,20192,
6039,0,1,-1,130000,2,2,2,2,0,0,,12073,3400,0,3482,4037,2630,115978,121386,108759,94692,96419,98233,
8426,0,1,-1,50000,2,0,0,0,0,0,,1228,1081,178,366,3156,0,2989,4008,4861,4958,5244,8134,
16155,1,1,-1,80000,2,0,0,0,2,0,,3208,1964,3428,7,1000,2900,62622,54613,43232,32361,22382,20509,
24401,1,1,-1,140000,2,2,2,2,2,2,,2700,2600,2100,600,1500,4545,53797,55007,56128,56713,55796,56251,
14974,1,1,-1,30000,2,2,7,7,7,7,,0,0,0,0,0,0,2395,2395,2395,2395,2395,2395,
27791,1,1,-1,60000,2,2,0,0,2,2,,0,1725,4000,2000,2200,2100,47210,46155,46838,50044,50923,52158,
29666,0,1,-1,20000,2,2,2,2,2,2,,2000,1700,0,1653,0,1940,25238,25274,25026,23073,22857,21143,
13529,0,1,-1,20000,2,2,2,2,2,2,,2800,0,2001,0,5782,0,13335,15617,15090,16859,16472,21819,
16835,1,1,-1,50000,2,2,2,0,0,-2,,3000,0,1000,0,0,0,7881,10415,3997,1047,0,0,
29607,1,1,-1,90000,2,3,2,2,-1,-1,,0,0,0,1560,390,930,3664,3449,1776,-1170,390,390,
25835,1,1,-1,50000,2,2,2,2,2,2,,2341,0,2554,0,1800,0,43439,44769,43781,45021,28660,27807,
23297,1,1,-1,50000,2,3,2,-1,0,0,,0,0,4836,0,0,0,1876,1690,429,4836,1170,780,
1429,1,1,-1,210000,2,2,2,2,2,2,,3700,3000,3200,2500,3400,4300,76089,77985,79104,80399,81462,83366,
27500,1,1,-1,20000,3,2,3,3,2,2,,2000,1000,0,0,1000,0,6015,7759,8486,8208,7930,8650,
5339,1,1,-1,20000,2,2,4,4,4,4,,0,0,0,0,0,0,1650,1650,1650,1650,1650,1650,
10819,1,1,-1,200000,2,2,2,0,0,0,,15100,3028,5169,5400,5306,5232,191406,201756,197185,146021,147473,147669,
3019,0,1,-1,20000,2,0,0,2,2,2,,2000,2000,0,4000,0,4000,6099,7559,8989,8436,12016,11404,
7183,1,1,-1,60000,2,0,0,0,0,0,,3500,3000,1000,2000,2000,1000,60558,59361,60167,58078,59198,60677,
17021,1,1,-1,60000,2,0,0,0,2,0,,2850,2130,7050,0,3190,2100,61434,59358,57781,62309,60435,55468,
11035,1,1,-1,30000,2,2,0,0,2,2,,0,2000,800,0,2000,0,5685,5448,7347,8024,7751,9607,
59,0,1,-1,200000,2,3,2,2,2,2,,0,0,700,0,1200,0,1587,1098,782,1166,700,1414,
16593,1,1,-1,70000,2,2,2,2,2,2,,1800,2000,1400,1500,1500,1600,33786,34730,35878,36392,36990,37751,
23159,0,1,-1,50000,2,3,2,0,0,0,,2000,0,1200,15000,2000,1000,64760,60747,54902,54280,18595,18838,
27853,1,1,-1,50000,2,0,0,0,2,0,,3000,2525,3900,0,2000,4500,48064,47691,49140,49423,48377,48158,
17497,1,1,-1,80000,2,0,0,0,0,0,,2158,1708,1411,4,21,220,52062,49884,22348,22063,8723,7254,
27624,1,1,-1,80000,2,2,2,0,0,0,,7100,0,3500,2500,2000,2000,84052,84787,77572,77123,49823,50680,
18720,1,1,-1,90000,2,2,2,0,0,0,,7063,7,2054,1800,2864,3197,87606,91430,88705,65632,49431,50864,
16223,1,1,-1,80000,2,2,2,3,3,2,,3000,5000,4000,0,5700,0,66852,68152,71459,73690,71908,76294,
24001,0,1,-1,50000,2,2,0,0,0,0,,8,2401,2254,2004,704,707,51246,49758,48456,44116,21247,20066,
13499,1,1,-1,180000,2,2,2,0,0,0,,3582,0,3605,3731,3752,4038,100094,101204,98680,100644,102750,104792,
20385,1,1,-1,90000,3,2,0,0,0,0,,0,2200,1000,477,103,0,92154,87700,61110,14223,9784,5155,
10664,1,1,-1,50000,2,0,0,2,2,2,,3500,3452,2000,1738,0,4000,37397,40292,43073,44067,44955,44081,
19070,1,1,-1,30000,2,2,2,2,2,2,,1800,0,3000,0,2600,0,26088,27160,26444,28694,27936,29930,
16227,1,1,-1,80000,2,2,2,2,2,0,,2500,0,7282,0,2700,3000,63619,64484,62882,69109,67401,68863,
10772,0,1,-1,80000,2,2,0,0,0,0,,80,1500,797,827,1144,666,40154,39021,21862,22297,22766,23531,
21901,1,1,-1,120000,2,2,2,2,0,0,,6200,10900,0,5000,4800,4505,113354,115503,121861,117485,118381,115604,
25177,0,1,-1,50000,2,2,2,2,0,0,,2300,3000,0,800,808,1200,50583,50974,51688,50024,29381,28957,
9695,1,1,-1,20000,2,2,2,2,3,2,,3200,0,2600,0,0,1700,15034,17676,17100,19111,18525,18080,
2779,1,1,-1,260000,2,0,0,2,0,0,,10698,24799,0,7035,7078,7221,228443,233958,252615,186443,190345,193739,
20291,0,1,-1,50000,2,0,0,0,-2,-1,,1091,1000,0,0,318,0,6379,3257,4166,0,0,318,
18929,1,1,-1,90000,2,2,2,0,0,0,,2605,0,1500,550,529,531,7052,9370,9078,10267,10350,10564,
24296,0,1,-1,220000,2,0,0,0,0,0,,7506,23007,7991,4191,719,409,217638,213843,211233,194579,96213,27540,
11404,0,1,-1,20000,4,3,2,0,0,0,,0,0,0,0,0,4500,20460,19860,19100,18500,18500,18500,
5737,1,1,-1,90000,2,0,0,0,0,2,,2700,2500,1900,4600,0,1600,63426,57922,55010,52540,56236,40922,
23919,1,1,-1,20000,2,4,3,2,0,0,,0,0,0,1500,2000,2000,17456,16896,16345,15785,17018,18736,
1358,1,1,-1,20000,2,2,2,0,0,0,,3000,0,371,1236,0,0,16726,19143,18391,18562,11798,0,
15764,0,1,-1,100000,2,2,2,2,2,2,,5000,4300,3600,3700,0,7300,90680,93267,95189,96332,97560,95885,
4142,0,1,-1,50000,3,2,2,0,0,0,,1000,1000,1000,1000,1000,1000,34542,30557,29577,29529,28276,28768,
21286,0,1,-1,20000,2,0,0,0,0,0,,1289,2000,1300,658,680,1000,16290,17301,19012,19959,19962,19988,
12825,1,1,-1,50000,2,2,7,7,7,7,,0,0,0,0,0,0,2400,2400,2400,2400,2400,2400,
12679,0,1,-1,50000,2,0,0,0,0,0,,2077,1311,689,712,879,799,49913,50588,50245,19424,19829,20386,
29745,1,1,-1,30000,4,3,4,4,4,3,,3000,1000,786,0,0,0,17628,20024,20424,20601,19992,19392,
4543,0,1,-1,100000,2,2,2,2,2,2,,2000,5001,3100,3100,0,6410,80234,80369,83130,83961,85574,84039,
22120,1,1,-1,430000,2,0,0,0,0,0,,3754,3322,3359,3344,3582,3623,75249,77754,79822,81859,83844,86082,
1607,1,1,-1,160000,2,3,2,0,0,0,,0,0,8000,4000,4000,4000,79244,77441,75598,82277,84955,87549,
5477,0,1,-1,16000,2,2,0,0,0,0,,0,1089,196,365,1500,0,4577,4358,5366,5473,5750,6995,
6580,1,1,-1,50000,2,2,2,0,0,0,,1600,0,1000,1000,900,900,50863,50887,19345,19152,18953,19388,
5916,0,1,-1,110000,2,2,7,7,7,7,,0,0,0,0,0,0,150,150,150,150,150,150,
20549,0,1,-1,30000,3,2,2,0,0,0,,1700,0,1310,908,915,1052,30311,31213,30425,30062,30270,29176,
11007,0,1,-1,60000,2,3,2,0,0,0,,0,0,1000,1000,1000,1000,25300,23150,20999,21423,19049,18282,
23302,0,1,-1,90000,2,2,2,2,2,2,,6201,0,25000,0,2235,0,89282,91247,68552,67324,39573,28610,
17310,1,1,-1,100000,2,2,0,0,0,0,,3000,3039,3315,3000,3000,3000,99184,99340,64054,59014,55249,47645,
18852,1,1,-1,30000,2,5,4,3,2,2,,0,0,0,1200,1300,985,28534,27805,27090,26361,26831,27552,
13624,1,1,-1,10000,2,5,4,3,2,2,,0,0,0,0,1000,0,4205,4003,3800,3597,3395,4187,
17925,1,1,-1,40000,2,2,2,2,2,2,,3100,0,2700,1300,0,2500,24262,26640,25927,28184,28723,28125,
28103,1,1,-1,180000,2,2,2,2,0,0,,3500,500,1200,1500,2000,0,14038,16980,16915,17532,18429,20126,
22495,1,1,-1,70000,2,2,2,0,0,0,,4500,0,2000,1000,2000,691,16127,20035,19416,17153,17866,19413,
9195,1,1,-1,460000,2,2,5,5,5,5,,0,0,0,0,0,0,2495,2495,2495,2495,2495,2495,
17056,0,1,-1,50000,2,2,2,2,2,2,,900,3900,1900,1900,1900,3600,40247,40189,43434,44316,45189,46214,
22479,1,1,-1,50000,2,0,0,2,2,2,,1500,3500,0,2300,0,1500,23268,24377,27164,26429,28291,27702,
18152,1,1,-1,110000,2,0,0,0,0,0,,2000,2000,1500,1500,1500,1135,36152,37246,38340,39018,40122,41069,
15758,1,1,-1,80000,2,2,2,-2,-2,-2,,4400,4001,12,0,0,0,79026,81521,83628,152452,0,0,
27600,1,1,-1,80000,2,0,0,2,2,2,,2000,3000,2000,1000,2500,1000,37097,38174,40550,41577,41595,43264,
8270,1,1,-1,120000,2,2,2,2,2,2,,444,444,888,0,888,0,744,744,744,1188,594,1038,
26935,1,1,-1,210000,2,0,0,0,0,0,,8405,8495,7800,7378,7800,6900,196426,194724,193397,195027,199236,203241,
29800,1,1,-1,20000,3,2,8,7,6,5,,8000,0,0,0,0,0,14513,22232,21936,21631,21026,20130,
6342,0,1,-1,130000,2,0,0,0,0,0,,4000,3500,5000,5000,3000,9900,77578,79724,81221,34289,38550,40600,
23234,0,1,-1,390000,2,2,2,0,0,0,,2757,0,2734,2254,2178,2174,62474,62878,59601,60422,59094,59862,
29652,1,1,-1,50000,5,4,3,2,0,0,,0,0,0,0,974,31100,54090,52955,51847,50307,27707,28479,
23466,1,1,-1,30000,2,2,0,0,0,0,,1,2000,1400,0,0,67,29498,28718,29761,30203,29803,29803,
15546,1,1,-1,270000,2,0,0,0,0,0,,6000,7000,9000,5000,3000,3000,160069,156346,159223,165480,76144,77944,
6128,1,1,-1,180000,2,2,2,0,0,0,,2600,5022,5000,6000,7000,6000,178854,177159,177477,176197,170173,139649,
14085,1,1,-1,200000,2,2,2,2,2,2,,4000,0,5500,3000,0,6100,76308,78669,75995,79781,81533,80243,
21236,1,1,-1,150000,2,-2,-2,-2,-2,-2,,5068,9,0,0,0,0,167094,86193,-25443,-46627,-46627,-46627,
15031,1,1,-1,150000,2,2,2,2,2,2,,5400,5026,1722,1500,3000,108058,148364,150565,150254,64644,40150,41250,
22392,1,1,-1,250000,2,0,0,0,0,2,,7991,9000,8000,16000,2000,6200,243262,238599,198588,203286,215882,214320,
8945,1,1,-1,100000,2,2,0,0,0,0,,13,3709,4000,3500,3600,3500,101494,98994,96845,97037,93480,95516,
67,1,1,-1,10000,2,2,2,0,0,0,,2300,0,150,200,200,160,2097,4193,3978,4062,4196,4326,
20984,1,1,-1,20000,2,2,2,0,0,0,,3500,0,1500,805,7000,542,17497,20690,20075,19492,19859,19232,
13073,1,1,-1,160000,2,2,2,0,0,-2,,2800,0,200,0,0,0,24674,23583,22983,22983,0,0,
2951,0,1,-1,80000,2,0,0,0,0,0,,3000,3200,3000,3400,3300,3500,80586,77960,79804,75299,76933,78953,
12354,0,1,-1,30000,2,2,0,0,0,-2,,0,1000,590,0,0,0,30769,29559,29197,29488,0,0,
3510,1,1,-1,50000,2,2,2,2,0,0,,0,3400,0,1528,3038,0,47760,45064,45744,43123,42343,43020,
2471,1,1,-1,140000,2,2,2,2,2,2,,4700,3200,3500,3193,0,2304,97905,100152,100772,101562,103214,88085,
3513,1,1,-1,60000,2,2,2,2,2,2,,0,3628,0,3600,0,4000,43662,42682,45603,44569,47452,46536,
24253,1,1,-1,180000,2,2,0,0,0,0,,0,7820,7000,7000,5000,6000,220901,207382,201883,196524,192243,186537,
26664,1,1,-1,60000,5,4,3,2,-1,0,,0,0,0,51722,16000,1100,67940,65957,64005,61769,51722,44956,
27930,1,1,-1,20000,2,2,2,0,0,0,,2000,0,1574,700,688,687,17023,18432,17848,19103,19229,18856,
22289,1,1,-1,80000,3,2,0,0,0,0,,0,4000,3000,1800,2000,2000,82523,80586,80783,75115,49420,50677,
9812,1,1,-1,90000,2,2,2,2,2,2,,3500,2900,3100,3000,3500,6500,74766,76470,77514,78730,80316,82321,
23066,1,1,-1,150000,2,2,2,2,2,2,,3000,3300,2700,2800,3000,2800,68571,69845,71434,72365,73377,75052,
18490,1,1,-1,50000,2,0,0,0,-1,-1,,1800,3000,1000,3041,0,0,48510,48217,25192,15741,3041,0,
29293,1,1,-1,30000,2,3,2,2,0,0,,0,1500,1500,1500,1500,1500,21403,20766,21637,22473,23312,23419,
29669,1,1,-1,70000,4,4,4,4,4,4,,2272,3614,3100,2500,3100,1000,59130,59831,61873,63359,64221,65706,
7993,1,1,-1,50000,2,2,2,3,2,2,,2000,2800,0,1300,0,3700,31805,32988,34935,34076,34685,33976,
14144,1,1,-1,50000,2,0,0,0,0,-1,,2025,2062,2016,1022,1388,19000,49805,50654,41776,17083,9412,1038,
27676,0,1,-1,20000,2,0,0,0,0,0,,1400,1300,1284,646,1000,836,20549,21301,22251,18040,18402,19118,
8203,0,1,-1,130000,2,2,2,2,2,2,,5100,4000,3500,4200,4500,3500,99801,102403,103828,104139,106519,109109,
15407,0,1,-1,50000,2,2,2,2,0,0,,2000,2100,0,2000,3800,5783,41174,42196,43327,42335,43326,46256,
289,1,1,-1,100000,2,0,0,0,0,0,,3472,2092,2000,2127,1960,1559,70896,71678,70125,69856,69718,51365,
6541,1,1,-1,60000,2,2,2,2,2,2,,0,4770,2250,0,50000,0,61432,57751,59200,57558,52992,61325,
24759,0,1,-1,100000,2,0,0,2,2,0,,4000,7000,4000,0,4000,4000,77617,80324,86016,87715,85411,87870,
2168,1,1,-1,400000,2,2,2,2,3,2,,8000,11500,14100,4,6804,5,175904,179579,186539,196029,192680,195226,
10355,1,1,-1,30000,3,2,2,2,0,0,,1300,1000,0,700,700,1000,18585,19301,19702,19102,19508,19899,
159,1,1,-1,210000,2,3,4,4,5,6,,10478,10478,11078,11078,11678,10478,115785,122904,129847,137277,145533,154105,
17919,1,1,-1,120000,2,2,2,2,2,2,,4300,4100,3300,0,7100,0,87310,89273,91057,91981,89605,95245,
22832,1,1,-1,50000,3,3,2,3,2,2,,0,2800,0,3000,800,3000,49624,48530,50255,49104,51044,50933,
21213,0,1,-1,20000,2,2,2,0,0,2,,2000,0,1289,2100,0,2000,15563,16995,16433,17443,19254,18804,
29557,1,1,-1,80000,2,2,2,2,2,2,,0,8000,0,5000,0,2428,98677,89056,87525,78266,74967,66512,
13967,1,1,-1,40000,2,2,7,7,7,7,,0,0,0,0,0,0,2400,2400,2400,2400,2400,2400,
10702,1,1,-1,50000,2,2,2,2,2,2,,2600,2000,0,2000,1500,1500,26441,28297,29532,28758,30287,31133,
118,1,1,-1,80000,2,0,0,0,0,0,,2000,1700,1000,1000,1000,1000,14029,15493,16630,17055,17629,18186,
12494,1,1,-1,30000,2,2,0,0,0,0,,2159,1500,1000,1000,3800,0,42646,30060,28391,26156,25377,27422,
17960,1,1,-1,80000,2,2,2,2,2,2,,0,5500,0,6000,3000,0,67206,65537,69361,67647,72524,74068,
27613,1,1,-1,50000,2,2,2,2,2,2,,1800,300,3000,1500,1500,0,33995,34937,34394,36509,37105,37866,
20283,1,1,-1,50000,2,2,2,2,2,2,,1960,2000,1700,1662,1493,0,38483,39511,40582,41316,41998,42674,
2704,0,1,-1,130000,2,2,2,0,0,0,,1500,1000,2000,1000,1000,1000,6271,6871,7599,9459,10303,11128,
20739,1,1,-1,30000,2,3,2,2,3,2,,0,0,5621,0,4000,1500,25907,25209,24524,29397,28628,32009,
13681,0,1,-1,90000,2,2,2,0,0,0,,1400,0,2041,1007,1015,330,28774,29420,28502,30162,17274,15243,
330,0,1,-1,150000,2,2,2,2,2,2,,5200,0,8100,4000,4200,4200,99855,102586,100064,104975,107147,109428,
25581,0,1,-1,150000,2,0,0,0,0,2,,1887,2003,2000,3419,13,2088,35099,35601,36488,35729,38117,37259,
14341,0,1,-1,30000,2,2,2,2,2,2,,0,2500,1000,1000,900,900,20218,19607,21778,22124,22622,23002,
22792,1,1,-1,220000,2,2,2,2,0,0,,8500,8200,0,7000,7000,7200,192654,195725,197466,189149,187531,187856,
14330,0,1,-1,20000,2,2,2,2,2,2,,0,0,1000,0,0,0,150,150,150,1150,1000,0,
28350,1,1,-1,180000,2,2,2,2,2,0,,9000,6600,7000,0,4500,4410,172360,176867,179020,180773,128078,119632,
10024,0,1,-1,50000,3,-2,-2,-2,-2,-2,,0,350,0,0,0,0,5171,4925,-350,-350,-350,-350,
17032,1,1,-1,50000,2,2,2,2,2,2,,2000,2100,0,3850,1900,1600,41740,42755,43878,42877,45701,46720,
21002,1,1,-1,280000,2,0,0,0,0,0,,10000,9000,8000,6738,6974,7600,178220,184848,188411,191291,189029,192023,
8391,1,1,-1,30000,2,2,0,0,0,0,,0,1270,742,613,615,646,16035,15493,16197,16669,16865,17199,
15779,1,1,-1,20000,2,3,2,2,2,2,,0,1500,0,1259,0,1200,12764,12267,13266,12756,13801,13439,
29524,1,1,-1,50000,3,2,2,7,7,7,,0,0,0,0,0,0,2400,2400,2400,2400,2400,2400,
6353,0,1,-1,50000,2,4,3,2,0,0,,249,0,0,1500,2100,0,24947,24529,23840,22790,23001,24557,
14589,0,1,-1,280000,3,5,4,3,2,0,,0,0,500,0,6267,2257,327918,321476,314931,176439,154010,134334,
907,1,1,-1,50000,2,2,2,-1,2,2,,2300,0,700,0,2300,0,4187,5152,3679,596,446,2699,
28044,0,1,-1,180000,2,0,0,0,0,0,,4117,3504,3000,0,0,0,117328,115140,73730,64600,2500,0,
24333,1,1,-1,50000,2,2,0,0,0,0,,0,2500,1300,2000,700,1000,49943,47585,47582,21391,21867,19774,
21668,1,1,-1,20000,3,2,2,2,2,2,,0,0,0,0,0,0,322,322,322,322,322,322,
12768,1,1,-1,180000,2,2,0,0,2,2,,1813,5667,18483,0,11000,1842,153198,151128,152785,168657,165872,173667,
21725,0,1,-1,30000,2,3,2,0,0,0,,0,0,1500,1500,1500,1050,26412,25700,24989,25068,26145,27219,
3674,1,1,-1,20000,2,2,2,2,2,0,,3114,800,770,0,776,549,14328,17196,17418,17608,17187,17528,
25147,1,1,-1,500000,2,2,2,0,0,0,,39000,0,19000,19000,18000,15000,518950,539418,519267,518741,516139,514975,
6335,1,1,-1,70000,2,2,2,2,3,2,,3000,2600,6000,0,2500,1165,63963,65350,66279,70580,69180,70392,
21274,1,1,-1,70000,2,2,2,2,2,2,,2000,2000,1800,1800,1800,1700,41087,42109,43135,43924,44700,45634,
1182,0,1,-1,390000,2,0,0,0,0,0,,17000,11000,11000,10656,11000,12000,386301,392458,290201,295606,300709,305904,
23170,0,1,-1,320000,2,2,2,2,2,2,,14500,12001,10500,13000,1,120021,289260,297888,304025,308421,315291,310339,
12542,1,1,-1,290000,2,2,0,0,0,0,,0,12139,80000,10000,8443,10000,324016,294976,297386,243558,241765,236413,
27536,1,1,-1,20000,3,4,3,2,3,2,,0,0,1200,0,0,2230,15507,14974,14449,15116,14582,14206,
25591,1,1,-1,130000,2,2,2,0,0,0,,6400,0,4535,3900,4300,3700,130623,131926,128380,126792,103497,96991,
19698,1,1,-1,120000,2,2,2,2,2,2,,3000,3000,2600,2500,2000,3000,63700,65069,66450,67373,68186,68959,
17062,0,1,-1,50000,2,0,0,0,0,0,,2190,2027,2204,996,1031,1047,50653,49348,47995,40226,27828,28411,
26151,1,1,-1,50000,3,3,2,2,2,2,,2000,2001,499,2000,2000,1500,47904,48240,48602,46289,44837,44535,
18958,1,1,-1,140000,2,2,2,2,2,2,,4000,9000,4500,5000,4639,0,115019,115647,121304,122331,125296,127788,
5627,1,1,-1,360000,2,3,2,0,0,0,,0,0,0,0,0,626,3551,3348,2504,1878,1252,626,
18067,1,1,-1,100000,2,2,2,2,2,0,,4000,3200,3000,0,5000,3200,72437,74645,76063,77224,75385,78991,
26298,1,1,-1,240000,2,2,2,2,2,2,,0,22000,8500,8500,9000,0,209368,204501,223137,226470,229706,234889,
26348,0,1,-1,240000,2,2,2,2,0,0,,0,22550,0,8450,7800,6975,294180,276968,276585,253679,232300,212749,
5164,1,1,-1,110000,2,2,2,2,2,2,,8500,2200,5000,3700,3400,4000,85814,91999,91803,94376,96409,98072,
1373,0,1,-1,270000,2,2,5,5,4,3,,0,0,0,0,0,0,1250,1250,1250,1250,650,350,
11908,1,1,-1,130000,3,2,2,2,2,2,,0,2400,0,2000,0,1800,19085,18491,20579,19950,21625,21129,
14951,1,1,-1,250000,2,2,2,2,2,2,,0,0,0,0,0,0,2487,2487,2487,2487,2487,2487,
11443,1,1,-1,50000,2,2,2,0,0,0,,3000,0,700,750,900,692,18691,21072,20039,20042,20097,20288,
72,1,1,-1,320000,2,2,2,2,2,2,,2500,2500,0,4800,2400,1600,58267,59246,60184,58622,62307,63526,
11720,1,1,-1,70000,2,2,2,2,2,2,,2000,2000,1900,0,2200,3600,44594,45588,46540,47378,46490,47758,
17892,1,1,-1,100000,2,0,0,0,0,2,,2600,2200,2200,3900,0,6100,43531,45103,45779,46912,49715,48791,
16700,1,1,-1,220000,2,4,3,2,2,2,,3000,0,6000,0,14004,0,233756,216591,197022,198088,187000,179703,
14429,1,1,-1,30000,2,2,3,3,3,3,,0,0,0,0,0,0,1050,1050,1050,1050,1050,1050,
12409,1,1,-1,80000,2,0,0,0,2,2,,2000,20000,5000,0,5010,2500,38370,39448,58788,62814,61682,65644,
11717,1,1,-1,100000,2,2,2,2,2,2,,5300,1400,3000,0,4800,2500,54126,57919,57778,59227,58151,61966,
4583,0,1,-1,30000,2,3,2,0,0,2,,0,0,1013,2400,0,1200,31176,30408,29205,29090,30121,28013,
3144,1,1,-1,70000,2,2,2,2,2,2,,2000,0,4200,2200,2200,2200,50241,51145,50022,53390,54579,55722,
13969,1,1,-1,240000,2,0,0,0,0,0,,6095,4729,5682,5500,5000,16290,178878,181717,165662,144277,112210,116047,
6062,0,1,-1,150000,2,2,2,2,2,2,,7000,5200,5300,5200,5500,5200,137723,141048,142475,143966,146736,149697,
9756,0,1,-1,140000,2,0,0,2,2,2,,2500,4600,2200,0,3513,3000,51028,52112,55232,55932,54910,57344,
13049,1,1,-1,40000,2,0,0,0,0,0,,1658,2012,1392,1605,1668,1201,39149,39189,40543,38922,39901,40746,
7038,0,1,-1,120000,2,2,2,2,3,2,,3300,6000,7800,1500,4800,0,112593,112623,115258,119620,118928,121619,
7926,1,1,-1,50000,2,2,2,2,2,2,,2000,1300,0,2200,2000,1500,32899,34076,34522,33668,35323,36588,
16108,1,1,-1,280000,2,0,0,0,0,0,,5000,10000,5000,5000,5000,5000,185147,132646,137109,135264,133046,126155,
13784,1,1,-1,10000,5,4,3,2,2,2,,0,0,0,778,0,158,8541,8270,7995,7720,8224,7944,
29291,1,1,-1,50000,2,0,0,0,0,0,,2047,5728,1300,1194,617,650,49644,94883,42097,32394,16658,17006,
16067,1,1,-1,50000,3,3,2,0,0,0,,0,0,5000,3000,1000,2000,52714,51593,50492,47633,18283,18610,
4708,1,1,-1,50000,2,0,0,0,0,0,,1901,1744,1027,1033,1345,1000,42380,40288,32631,29968,29092,29977,
25875,1,1,-1,170000,2,2,2,2,2,2,,4800,2000,11000,5500,5500,5400,131909,133178,131711,139143,140987,144187,
27268,1,1,-1,160000,2,2,0,0,2,2,,0,1247,2145,0,2000,0,14137,13613,14634,16532,15969,17701,
20032,0,1,-1,240000,2,2,0,0,0,0,,11,10949,9419,7461,7601,7501,247477,241976,242629,239438,203445,203585,
5349,1,1,-1,220000,2,0,0,2,2,2,,9975,19254,0,8500,0,8000,205130,212060,225462,116915,116021,114001,
14806,0,1,-1,20000,2,2,2,2,2,2,,1000,2200,0,2000,0,1200,16276,16715,18327,17735,19446,18988,
27486,1,1,-1,300000,2,2,2,2,2,2,,14000,6000,0,12000,6500,6500,148265,158230,160242,156171,165556,169250,
17713,1,1,-1,90000,2,2,2,2,2,2,,2500,2000,0,2700,1000,0,15089,17023,18451,17857,20256,20785,
11260,0,1,-1,100000,2,2,0,0,0,0,,254,1418,250,306,524,23910,103540,98205,12605,10437,7920,7350,
26308,1,1,-1,20000,2,0,0,0,0,0,,1600,1700,1500,1000,1000,500,15037,16078,17210,18098,18843,19586,
27651,0,1,-1,20000,2,0,0,2,2,2,,2350,2300,1721,1000,1000,1000,14381,16174,18210,19335,19715,20249,
17941,1,1,-1,70000,2,2,2,2,2,2,,2025,2051,0,3697,1853,1910,43314,44325,45375,44350,46996,47951,
5172,1,1,-1,70000,2,2,2,2,2,2,,2352,2531,1300,1500,0,1400,29258,31137,32855,33316,34137,33439,
16308,1,1,-1,30000,2,0,0,0,0,-1,,2000,3000,1000,500,5884,0,17011,15720,18443,7138,7638,5884,
9385,0,1,-1,10000,2,4,3,2,0,0,,0,0,0,468,929,0,9526,9240,8950,8660,8840,9472,
13084,1,1,-1,20000,3,2,2,2,0,0,,900,1200,0,1000,1400,0,10216,10653,11371,10906,11588,12416,
24818,1,1,-1,120000,2,2,0,0,0,0,,0,2100,2100,2000,4100,3000,45902,44868,45943,46976,47891,51036,
15843,1,1,-1,230000,2,0,0,2,2,2,,6724,18150,7200,7500,0,15079,183197,185399,198941,201358,204067,200720,
4609,0,1,-1,160000,2,2,2,2,2,2,,3300,3000,3200,3152,3200,3100,75406,76907,78047,79362,81089,82796,
15155,1,1,-1,30000,2,0,0,2,-1,-1,,1704,2168,1000,165,0,0,23243,24394,25693,25760,165,0,
7068,0,1,-1,90000,2,2,3,3,3,3,,0,0,0,2000,0,0,750,750,750,750,2450,2150,
9858,1,1,-1,70000,2,3,2,2,2,0,,2,3,2214,0,600,800,56781,55327,52927,30432,16546,16722,
10823,1,1,-1,140000,2,2,2,2,2,2,,4400,3600,3600,3500,0,3470,94903,96912,98015,99155,100979,99251,
25244,1,1,-1,140000,2,2,2,0,0,0,,5000,0,3000,3000,2000,4093,38661,42699,41739,43730,45687,46796,
7561,1,1,-1,70000,2,2,2,2,2,2,,0,6672,2300,2800,2600,0,59794,58267,63931,64585,66207,67577,
24424,0,1,-1,10000,2,0,0,0,0,0,,2000,1300,1200,1000,1000,569,9075,8593,9582,8986,9691,9889,
11835,0,1,-1,30000,2,0,0,0,0,0,,1733,2452,1072,1089,3101,5000,34775,35946,37685,33305,28305,20371,
9915,1,1,-1,220000,2,2,2,0,0,0,,15510,0,5500,7250,6500,3500,189976,189665,171669,167294,172042,162565,
1969,1,1,-1,70000,2,2,0,0,0,0,,0,2000,1300,1500,1500,1576,34985,34146,35271,35986,36905,37641,
1051,0,1,-1,110000,2,2,3,3,2,-1,,0,0,0,0,200,0,279,279,279,279,129,179,
13046,1,1,-1,130000,2,2,0,0,0,0,,0,5100,4100,3392,3521,3724,131635,126548,127748,100291,93552,95521,
20131,0,1,-1,80000,2,0,0,0,0,0,,3100,3600,2720,2400,2224,3990,68612,69971,71846,72372,73475,74842,
2472,1,1,-1,20000,2,2,3,2,2,2,,2000,0,0,800,1000,500,10512,12044,11562,11080,11700,12357,
5136,1,1,-1,180000,2,2,2,2,2,2,,4500,3000,5700,3500,0,3200,73618,76990,78181,82645,84739,83282,
14289,1,1,-1,80000,3,2,2,0,0,0,,1567,0,1243,1291,1297,1500,34282,35006,34144,34820,35553,36258,
7409,1,1,-1,30000,2,2,2,3,2,2,,1800,2378,1496,0,2462,0,26042,27127,28762,29485,28878,30699,
24528,1,1,-1,190000,2,2,2,2,0,0,,14500,8000,0,6100,13100,0,154258,166118,170001,165797,167654,178044,
11226,0,1,-1,10000,2,3,2,2,2,0,,0,0,3000,0,500,1000,11640,10685,9730,11645,10702,10392,
22725,0,1,-1,100000,3,2,2,3,3,3,,0,0,0,0,0,1500,750,750,750,750,750,750,
14862,1,1,-1,30000,2,2,7,7,7,7,,0,0,0,0,0,0,2550,2550,2550,2550,2550,2550,
12197,1,1,-1,20000,4,3,2,2,2,2,,0,0,1500,0,1708,0,17936,17368,16792,18013,17583,18998,
19712,1,1,-1,220000,3,3,2,2,2,0,,0,0,1587,0,500,586,4695,4488,4283,5807,5568,5827,
7094,0,1,-1,320000,2,0,0,0,0,0,,12937,13036,10072,9600,11056,9964,313383,313136,317847,313990,312070,319672,
15425,1,1,-1,360000,3,2,2,0,0,0,,8000,0,2700,3000,1000,1072,245135,244583,156843,63861,64437,8844,
29155,1,1,-1,140000,3,2,2,3,3,3,,0,0,0,1000,0,0,450,450,450,450,1450,1150,
28996,1,1,-1,100000,2,0,0,2,2,2,,2000,4000,1000,2000,3000,0,40626,41945,45247,45208,46160,48268,
2603,1,1,-1,10000,2,0,0,0,0,-2,,1300,1600,400,0,0,0,4693,5371,6327,6055,0,0,
2325,1,1,-1,200000,7,6,5,4,3,2,,0,0,0,39,85,3054,195156,190843,186029,181866,179272,148704,
12122,1,1,-1,40000,6,5,4,3,2,0,,0,0,0,0,871,116,42055,41146,40114,38797,38244,38478,
26644,1,1,-1,20000,2,0,0,2,2,2,,1160,2980,0,1100,0,1000,8295,9310,12130,11644,12250,11910,
29591,1,1,-1,130000,2,2,0,0,0,0,,0,5000,5000,4000,10000,3724,80987,79085,82799,86407,88959,97487,
6557,1,1,-1,20000,3,2,2,3,2,2,,0,4900,0,800,800,500,16014,15474,19739,19194,38414,19200,
27749,1,1,-1,130000,2,0,0,0,0,0,,6000,5200,5000,3500,3622,3920,130535,127155,126264,128318,96428,98156,
8216,1,1,-1,450000,2,0,0,0,0,0,,7032,3003,10000,11000,3000,58000,152652,128708,100429,77069,63851,36877,
16663,1,1,-1,160000,2,2,2,2,2,0,,8100,0,14025,0,5300,500,152626,156752,152858,161801,114389,89684,
7417,0,1,-1,110000,2,0,0,0,0,2,,5000,3000,2020,5000,0,3000,108180,107597,89775,47139,47259,46348,
25541,1,1,-1,150000,2,2,2,0,0,0,,7333,4,4104,15000,2000,2200,179441,169947,153522,150779,49198,50277,
20920,1,1,-1,50000,2,2,0,0,0,0,,0,1973,1784,845,1750,1010,45960,44883,40820,33545,46832,24101,
27810,0,1,-1,170000,2,2,2,0,0,0,,2550,0,3500,3000,2001,3000,63977,63630,51986,90196,50464,48282,
8822,1,1,-1,30000,3,3,3,3,2,2,,1200,1200,0,1400,1200,0,29093,29532,29954,29176,29958,30520,
16992,1,1,-1,50000,2,2,2,2,2,2,,4626,0,3003,0,1206,0,36665,40362,39441,41318,13996,14974,
2418,1,1,-1,30000,2,0,0,2,2,0,,1500,2700,1300,0,1117,1353,30279,30428,30485,31012,30402,30195,
18430,1,1,-1,50000,2,0,0,0,0,2,,1500,2000,2000,3200,0,1700,35845,36449,37858,38924,41170,40379,
8603,0,1,-1,30000,2,0,0,0,2,2,,1445,1500,1500,2200,0,1200,25690,26719,27774,28809,30399,29760,
9147,1,1,-1,70000,3,2,2,2,0,0,,0,2708,0,1010,1013,2000,69852,67531,28650,27590,27850,28085,
13995,1,1,-1,160000,2,3,2,-1,2,-1,,0,0,1449,0,2133,0,598,598,168,1449,916,2133,
8338,0,1,-1,30000,2,2,2,2,2,2,,4700,0,2010,1100,0,2100,20652,24993,24293,25896,26435,25859,
19207,1,1,-1,30000,2,2,2,2,2,2,,3800,1400,0,1500,2300,1114,23888,26966,27640,26897,27949,29645,
14221,1,1,-1,70000,2,2,2,2,2,2,,2000,2000,0,4000,0,2000,44689,45669,46621,45573,48678,47744,
3744,0,1,-1,40000,2,2,2,2,2,0,,4000,0,2000,0,1200,0,33547,36991,35965,37246,36781,20650,
26501,1,1,-1,30000,2,2,2,2,0,0,,0,3600,0,1200,2400,0,24180,23498,26400,25682,26155,27972,
1869,1,1,-1,160000,2,2,2,0,0,2,,2200,0,2000,3900,2000,0,46017,47188,46134,47063,50034,51063,
5317,1,1,-1,50000,2,0,0,0,0,2,,1500,1500,3000,1500,0,3000,10622,11642,12635,15403,16657,16240,
9272,1,1,-1,60000,2,2,2,2,2,2,,3200,0,4580,0,4727,0,60705,62352,60745,58828,55606,58551,
9585,1,1,-1,100000,2,2,2,2,0,0,,1800,1100,0,1300,1200,1400,30094,31111,31407,30603,31411,32089,
15202,1,1,-1,50000,3,2,2,2,0,0,,0,3200,910,1000,2500,0,22613,21957,24482,24693,25283,27367,
14145,1,1,-1,500000,2,0,0,2,0,0,,6000,13151,0,3000,5000,10000,98541,102052,111690,78070,78376,80912,
13720,0,1,-1,30000,2,2,2,3,3,4,,1600,1400,1600,1600,1600,1000,26648,27536,28203,29048,29903,30431,
15872,0,1,-1,30000,2,2,2,2,2,2,,1500,0,2500,1000,1000,900,19334,20218,19607,21778,22124,22622,
15481,1,1,-1,100000,2,2,0,0,0,0,,0,3100,3000,4000,6000,0,94257,78728,65747,67046,69938,74800,
11307,0,1,-1,30000,2,0,0,-2,-2,-2,,1000,0,0,0,0,0,29810,1651,0,0,0,0,
18719,1,1,-1,70000,2,2,0,0,2,2,,0,2007,3582,0,3601,0,42053,41087,42445,45020,44006,46905,
22901,1,1,-1,30000,2,2,2,2,2,2,,2000,1626,0,1600,0,1126,17880,19288,20313,19696,20670,20200,
4028,0,1,-1,240000,2,0,0,0,0,0,,10200,10200,8725,9068,9068,15000,234661,234364,235982,239281,244329,249130,
7060,0,1,-1,50000,2,2,0,0,0,0,,0,1466,1282,1293,1257,3013,40087,38281,34519,33965,33273,31960,
3777,1,1,-1,250000,2,3,2,2,2,0,,0,0,600,0,6000,5000,631,631,631,1231,1068,6816,
12282,1,1,-1,50000,2,0,0,0,2,0,,2213,1804,2700,0,700,1000,48716,49504,44127,22053,20129,19262,
10361,1,1,-1,100000,2,0,0,0,0,0,,3100,4000,4000,3500,5000,10000,85806,85195,85464,86921,88524,91241,
14810,1,1,-1,130000,2,0,0,2,2,2,,3000,5000,0,5000,1200,3000,53709,55244,58716,57174,61240,61284,
29178,0,1,-1,150000,2,0,0,0,0,0,,6251,5000,3903,2500,2600,2600,152767,152319,120458,98302,69424,70906,
27229,1,1,-1,30000,2,4,3,2,2,3,,0,0,800,1200,0,0,14557,14039,13528,13810,14488,13971,
22231,0,1,-1,50000,2,3,2,-1,2,0,,0,0,2724,0,1004,2032,780,780,390,2724,2183,2638,
5079,1,1,-1,50000,2,0,0,0,0,0,,2813,1289,658,659,679,654,18460,20942,18942,18811,18183,18561,
28645,1,1,-1,100000,2,2,2,2,2,2,,5700,5400,3700,4000,3600,4500,105373,107001,108350,107457,105598,105751,
25256,1,1,-1,30000,2,0,0,0,0,0,,2000,2000,2000,1500,2400,1100,25366,26554,27435,28270,28632,30193,
16601,0,1,-1,10000,2,0,0,2,2,2,,1500,1700,1000,1000,1000,1500,2918,4204,5670,6416,7159,7904,
13713,1,1,-1,20000,8,7,6,5,4,3,,0,0,70,0,0,0,20753,20496,19930,19434,18577,18011,
27671,1,1,-1,110000,2,0,0,-1,0,0,,1000,0,980,35000,1327,1500,1587,2399,0,980,35305,36065,
16691,1,1,-1,150000,2,2,0,0,0,0,,0,4000,5000,12000,4000,6000,88655,86333,88931,92441,102903,105240,
28062,1,1,-1,140000,2,2,2,2,2,2,,6300,5000,0,3000,0,3000,21952,27540,31785,30980,33162,32497,
9881,1,1,-1,180000,2,2,2,2,2,2,,5000,12552,6200,7000,2304,6180,157074,158088,166492,168487,172662,172027,
24500,0,1,-1,100000,7,6,5,4,3,2,,0,60,0,0,0,118,33816,33024,32308,31399,30448,29933,
18117,1,1,-1,60000,2,2,2,2,2,0,,2300,1500,270,0,500,500,4136,6355,7604,7603,7332,7712,
5908,0,1,-1,80000,2,0,0,0,0,0,,2000,1500,1200,1300,1200,1200,76123,54669,28674,28240,28540,27934,
4506,0,1,-1,50000,2,2,2,2,0,0,,2000,2000,0,2000,2000,2000,33384,34554,35690,34817,36252,37645,
28894,0,1,-1,30000,3,2,2,-1,-1,-1,,428,0,428,13749,659,5548,1660,856,428,428,13749,659,
13740,1,1,-1,40000,2,2,7,7,7,7,,0,0,0,0,0,0,2400,2400,2400,2400,2400,2400,
7384,0,1,-1,60000,2,2,0,0,0,0,,55,2400,1316,2000,1531,1477,61493,58784,54087,37613,39038,37814,
23711,1,1,-1,100000,2,2,2,2,2,2,,4100,2000,2000,2000,2000,0,44400,47439,48385,49285,50176,51228,
6655,1,1,-1,190000,2,0,0,0,0,0,,6355,6500,5000,5117,5644,4767,204297,106428,109736,111487,114878,118541,
16920,0,1,-1,50000,2,2,2,2,4,3,,2000,2000,4086,0,1500,1000,36428,37530,38630,41774,40806,41357,
13469,1,1,-1,100000,2,0,0,2,0,0,,2000,3000,0,3000,2000,2000,8674,10520,13337,12829,15446,17178,
28671,1,1,-1,290000,2,2,2,0,0,0,,34905,0,10951,7238,8467,10188,301651,329277,275075,280512,202300,207510,
5558,1,1,-1,100000,2,2,0,0,0,0,,0,3927,2700,2800,3000,3000,101827,99365,100349,72391,72396,72668,
1493,0,1,-1,60000,2,0,0,0,0,0,,1700,1700,2000,1500,1600,1000,43533,39252,38051,37988,38725,39685,
3254,1,1,-1,50000,2,3,2,0,0,-1,,0,0,0,0,1473,1473,4759,4540,4284,2946,1473,1473,
27471,1,1,-1,20000,2,0,0,0,0,0,,1295,1368,1192,570,606,600,17305,17917,18600,19034,19022,19046,
19472,1,1,-1,180000,2,2,2,2,2,0,,2800,0,3000,0,2000,5000,13286,15548,15009,17752,17172,18732,
5629,0,1,-1,20000,2,0,0,0,0,0,,1451,1141,512,533,1000,600,19618,17576,18266,18637,19028,14924,
16490,1,1,-1,30000,3,2,2,3,3,3,,0,0,0,0,0,0,1050,1050,1050,1050,1050,1050,
4276,1,1,-1,270000,2,0,0,0,0,0,,10332,10000,18021,8026,6011,5000,275572,277585,232661,150298,134808,129645,
424,1,1,-1,200000,2,2,2,0,0,0,,4500,0,3500,3500,9000,0,104978,105924,102663,97090,98045,105253,
2406,1,1,-1,50000,2,2,7,7,7,7,,0,0,0,0,0,0,2400,2400,2400,2400,2400,2400,
3917,1,1,-1,50000,2,0,0,0,0,0,,2500,2100,1900,2000,1746,1890,50951,49139,46802,47622,48686,47459,
7753,1,1,-1,120000,4,3,2,0,0,0,,0,0,6000,5067,1548,120862,149229,138487,127516,124530,120937,67711,
14942,1,1,-1,100000,2,2,0,0,0,0,,1200,3400,2900,3500,3000,6100,78353,77726,79151,80249,82405,77011,
24571,1,1,-1,50000,3,2,2,3,3,3,,0,0,0,0,0,0,1050,1050,1050,1050,1050,1050,
25186,0,1,-1,30000,2,2,2,2,2,0,,0,3500,1100,0,1600,2500,26243,25523,28609,28945,28181,29329,
23031,1,1,-1,150000,2,2,2,2,2,2,,4500,5000,0,8000,4000,4700,105610,106885,108706,105470,111687,113747,
25284,0,1,-1,60000,2,0,0,0,0,0,,2055,2570,1620,1020,1050,1080,60406,57491,59137,59345,29399,29339,
15719,1,1,-1,50000,2,0,0,0,0,0,,3183,1565,7240,795,1000,673,50481,48264,19142,18188,18397,18161,
382,1,1,-1,50000,2,2,2,0,0,0,,1500,400,200,500,500,400,1894,3200,3381,3559,1948,2415,
3041,1,1,-1,60000,2,0,0,0,2,2,,2000,2000,2800,1500,0,1500,30013,31226,32396,34657,35456,34736,
25605,1,1,-1,50000,2,2,2,2,2,0,,1800,2000,1171,0,1211,1221,31063,32051,33239,33571,32732,33416,
22153,1,1,-1,280000,2,0,0,0,0,0,,1976,2000,1600,1000,1000,1100,18925,20223,15883,15547,14472,15086,
2376,1,1,-1,40000,2,2,2,2,2,2,,1300,2000,0,3500,4471,0,33152,33623,34773,33917,36704,40404,
19261,1,1,-1,250000,2,2,2,2,2,2,,5900,4500,0,5954,3900,4826,124780,127168,125721,122209,126129,127847,
9309,0,1,-1,50000,2,2,0,0,0,-1,,1000,2000,7000,5000,5932,25497,12632,13131,14817,13725,13147,5932,
20725,1,1,-1,270000,2,2,2,2,2,2,,10350,11000,0,16002,111,8100,258442,263195,268769,263144,273783,239278,
17253,0,1,-1,150000,2,2,2,0,0,0,,6300,0,5000,3000,3000,3000,151664,153994,147038,122498,75782,71306,
11721,0,1,-1,200000,2,2,0,0,2,0,,0,6784,13788,14,6021,5099,190672,186230,188391,199101,185247,165232,
16705,0,1,-1,50000,2,0,0,0,0,2,,1252,1274,1286,1057,0,306,4864,5876,6898,7910,8681,8397,
21574,1,1,-1,30000,2,2,2,0,0,0,,1725,0,1230,1000,1000,0,30525,28574,14220,14188,7058,7976,
2143,1,1,-1,70000,2,0,0,0,0,0,,3078,13489,7000,1771,2300,7600,92033,79841,80149,47735,48737,50225,
17324,1,1,-1,140000,2,2,0,0,0,0,,0,5012,5000,5000,5000,20000,159164,154983,116592,89475,83630,87733,
3152,0,1,-1,160000,2,2,0,0,0,0,,0,6322,2275,2343,3069,77005,168501,160421,157661,73322,57835,41842,
27394,1,1,-1,50000,2,0,0,0,0,0,,3278,1880,1650,10000,1000,700,79262,40931,40892,41612,18825,18019,
21702,1,1,-1,70000,2,0,0,0,2,2,,1629,1351,2500,0,2000,0,19112,20115,20837,22986,22319,23952,
14177,1,1,-1,60000,2,0,0,0,0,0,,1802,1737,1170,1189,1230,1100,32202,29503,29538,29971,29798,28679,
1737,1,1,-1,80000,2,0,0,0,0,0,,2661,2509,2500,3000,3000,3000,77416,75500,69313,67972,66800,68693,
22974,1,1,-1,200000,2,0,0,0,0,0,,9051,7000,5000,5000,5000,5000,197810,201362,164183,136199,139209,135742,
8524,1,1,-1,40000,3,3,2,2,2,2,,900,0,1100,500,0,708,5754,6407,6156,7146,7384,7117,
2030,1,1,-1,30000,2,2,0,0,0,0,,0,1400,3561,483,80,0,31214,28983,28301,31072,24147,4007,
27262,0,1,-1,20000,2,4,3,2,2,2,,0,0,0,1363,0,2000,15526,14996,14474,13944,15073,14692,
2322,0,1,-1,30000,2,3,2,0,-1,3,,0,0,0,2057,0,0,1742,1560,780,780,2057,1737,
6272,1,1,-1,10000,2,2,7,7,7,6,,0,0,0,0,0,0,2400,2400,2400,2400,2400,1800,
6045,1,1,-1,500000,2,2,2,2,2,2,,0,0,0,0,0,0,4957,4957,4957,4957,4957,4957,
19084,1,1,-1,70000,2,2,2,0,0,2,,4000,0,2000,1000,0,4000,23741,26021,24419,23541,10576,6985,
4551,1,1,-1,30000,2,2,2,0,0,0,,1000,1000,1000,1000,4600,0,13594,14078,14547,15304,16056,20196,
22095,1,1,-1,230000,2,2,2,2,2,2,,3706,0,1513,1730,2000,9000,35610,38701,35043,35678,36730,35994,
3873,0,1,-1,30000,2,2,2,2,2,2,,1500,0,3712,1363,0,1141,26343,27127,26393,29646,30390,29755,
22061,0,1,-1,70000,2,2,2,2,2,2,,0,2600,2000,1200,0,1500,24799,24102,26305,27570,28021,27436,
21977,0,1,-1,80000,2,2,2,0,0,0,,8000,0,2800,3000,3390,7950,77096,83189,81308,81847,81077,79885,
16854,1,1,-1,80000,3,2,2,4,4,3,,0,0,0,0,0,0,600,600,600,600,600,300,
17916,1,1,-1,50000,2,2,3,2,2,2,,2500,1500,1600,1700,1500,3600,38023,39589,40160,40796,41526,42209,
14698,1,1,-1,360000,3,-2,-2,-2,-2,-2,,0,0,0,0,0,0,2500,2500,0,0,0,0,
1147,1,1,-1,70000,2,2,7,7,7,7,,0,0,0,0,0,0,2400,2400,2400,2400,2400,2400,
8164,1,1,-1,50000,2,0,0,0,0,0,,2500,1300,2000,700,1000,2600,47585,47582,21391,21867,19774,20486,
12054,1,1,-1,50000,2,0,0,0,0,0,,2200,1632,1113,1336,3142,2126,42166,43687,44121,43360,40555,31309,
6915,1,1,-1,100000,2,0,0,3,2,0,,5000,10000,0,0,5000,5000,63004,66964,75856,74062,72756,76355,
2853,1,1,-1,90000,2,2,2,2,2,2,,3881,3000,2800,1500,2299,2500,86643,87249,86858,86373,85875,82150,
23864,1,1,-1,50000,2,2,2,2,2,2,,1600,1600,1000,0,1896,0,21839,22771,23700,24016,23332,24849,
849,1,1,-1,150000,4,4,4,3,2,0,,6500,0,512,0,4388,4221,151117,153787,150320,147989,143355,143131,
15251,0,1,-1,30000,2,0,0,0,0,0,,1665,1676,1223,493,511,514,31548,30226,31237,13511,13781,14070,
14095,0,1,-1,500000,2,0,0,0,0,0,,8508,4699,623,1590,93469,2554,216657,174694,165203,136067,16120,93532,
13677,0,1,-1,100000,2,0,0,0,0,0,,4037,3000,3000,3000,3000,2600,76831,72100,66575,68499,69584,71247,
18193,1,1,-1,70000,2,2,2,2,2,2,,3350,2000,2000,0,3055,1700,33521,36303,37424,38512,37596,39877,
29065,0,1,-1,240000,2,0,0,0,2,0,,3000,3200,6100,0,2900,3000,72188,74270,75959,80473,78883,80625,
25384,0,1,-1,30000,2,2,0,0,0,0,,0,2206,1500,2000,6000,6000,36328,35291,36775,36914,33305,33688,
27581,1,1,-1,320000,2,2,2,2,0,0,,9600,9500,0,4253,4332,4300,200545,205973,211323,202240,122963,125465,
14631,1,1,-1,10000,3,2,2,2,2,2,,0,1600,500,0,1000,0,10034,9239,10025,10227,9933,9884,
599,0,1,-1,80000,2,0,0,0,0,0,,3249,3000,5000,2500,2300,2200,79243,75254,58683,58886,60035,57264,
21819,1,0,-1,290000,0,0,0,0,0,0,0.0,6500,5300,4000,5000,3000,2974,262518,180499,138326,128721,95657,90210,0.0
18281,0,0,-1,200000,1,2,0,0,0,0,1.0,10,1215,12000,4000,4978,1000,7111,4803,4629,14915,8523,5586,0.0
16583,1,0,-1,180000,0,0,-2,-2,-2,-2,0.0,0,0,0,0,0,0,8516,0,0,0,0,0,-2.0
12910,0,0,-1,260000,0,0,0,0,0,0,0.0,7000,4150,8000,4000,4000,5000,117271,121442,121805,127594,110146,112364,0.0
20433,0,0,-1,200000,0,0,-1,0,0,-2,0.0,1213,4467,1000,0,0,0,14335,12452,4467,3285,0,0,0.0
21584,0,0,-1,180000,-1,-1,0,0,0,0,0.0,5317,3200,2700,2000,76,0,1175,5317,8388,8529,7739,3803,0.0
7934,0,0,-1,50000,0,0,0,0,0,0,0.0,3000,1000,5000,0,25000,5000,14661,11586,9275,11181,2931,27209,0.0
22393,0,0,-1,500000,-2,-2,-2,-2,-2,-2,0.0,263,8050,8234,835,87878,5000,10361,263,8050,8234,835,87878,-2.0
27456,0,0,-1,50000,-1,-1,-1,2,-1,0,1.0,0,9000,88,18596,5023,5028,25801,-1032,6910,6314,18544,12894,-1.0
25958,0,0,-1,260000,0,0,0,-2,-2,-2,0.0,3090,0,0,0,0,141516,71864,54050,0,0,0,0,0.0
22891,0,0,-1,180000,-1,-1,-1,-2,-2,-1,0.0,2240,0,0,0,7322,2208,802,2240,0,0,0,7322,-1.0
8211,0,0,-1,300000,-2,-2,-2,-2,-2,-2,0.0,1513,1000,1059,0,0,51167,11613,12893,10841,11900,0,0,-2.0
3874,1,0,-1,50000,1,2,0,0,0,0,1.0,0,6900,0,0,0,0,32119,29498,26196,23806,16818,14438,0.0
9355,0,0,-1,50000,0,0,0,0,-1,0,0.0,3711,1060,212,888,19709,690,97348,49221,29457,9279,888,19947,0.0
17271,0,0,-1,230000,0,0,0,0,0,0,0.0,2847,2303,2284,2280,2345,2333,62988,63056,63741,64096,64473,64927,0.0
16573,0,0,-1,100000,0,0,0,0,0,0,0.0,3500,3500,3000,4000,3000,3000,72610,72596,74331,75491,78244,77478,0.0
24091,0,0,-1,130000,-1,-1,-1,-1,-1,-1,0.0,2196,7533,4689,840,390,390,1390,2196,7533,4656,840,390,-1.0
6413,1,0,-1,160000,0,0,0,0,0,0,0.0,5336,4900,2807,2898,2713,2885,131895,132154,129237,90981,92580,77184,0.0
7954,0,1,5,160000,0,0,0,0,0,3,1.0,3810,3831,2900,8800,0,0,69896,71971,73996,75065,82472,80984,0.0
8005,1,0,-1,180000,0,0,0,0,0,0,0.0,1526,1432,1200,1072,1326,704,27884,28958,29864,30632,31274,32144,0.0
3868,0,0,-1,450000,2,-1,0,0,0,0,1.0,54490,62841,2000,0,1000,27224,1638,54490,112841,112603,90202,39564,0.0
17272,0,0,-1,380000,-2,-2,-1,-1,-2,-1,0.0,3878,8863,8007,5362,14695,24446,3491,3859,8796,7991,5310,14655,-2.0
9640,0,0,-1,260000,0,0,0,0,0,0,0.0,17000,6000,5000,6500,25000,4000,128208,100939,92549,90038,88772,111287,0.0
22504,1,0,-1,260000,0,0,0,0,0,0,0.0,10000,9014,11002,7503,7502,7500,251330,256988,234260,227884,202178,198467,0.0
7687,0,0,-1,390000,-1,-1,-1,-1,-1,-1,0.0,1294,2133,2230,1209,3365,2151,1421,1286,2123,2219,1205,3343,-1.0
7251,1,0,-1,160000,-1,2,0,0,0,-1,1.0,0,2483,900,20000,4267,24659,116212,88542,68311,48875,37261,4267,0.0
7779,0,0,-1,230000,0,0,0,0,0,0,0.0,1749,1764,1676,1735,1902,2189,43885,44926,45941,46853,47834,48942,0.0
3503,0,0,-1,360000,0,0,0,0,0,0,0.0,5000,5000,5000,5000,5000,5000,132250,132655,135959,139796,143642,147418,0.0
21296,0,0,-1,10000,0,0,0,0,0,-1,0.0,1300,3000,2509,0,6195,0,3664,4526,6880,8830,5550,6195,0.0
27267,0,0,-1,310000,-2,-2,-2,-2,-2,-2,0.0,1174,6527,0,0,0,0,8964,1168,6495,-16,-16,-16,-2.0
20098,0,0,-1,350000,-1,-1,-1,-1,0,0,0.0,28950,20565,29880,27697,5330,31990,28489,28934,20558,29866,37587,15307,-1.0
12999,0,0,-1,150000,0,0,-1,-1,-2,-1,0.0,2000,4880,0,0,2250,0,9189,4359,4880,0,0,2250,-1.0
25560,0,0,-1,280000,0,0,0,0,0,0,0.0,4411,10282,3006,2659,3436,1000,119587,122015,130286,130705,132964,136400,0.0
5017,0,0,-1,360000,-1,-1,-1,-1,0,0,0.0,9860,8537,4912,0,0,9294,5344,9852,5137,4912,1150,0,-1.0
28212,0,0,-1,250000,-1,-1,-1,-1,0,-1,0.0,1737,3989,11577,0,500,25841,2971,1737,3989,11577,11377,500,-1.0
23954,1,0,-1,20000,-1,-1,-1,-1,0,-1,0.0,100,1192,7807,124,3982,1156,720,100,1192,7804,6200,3982,-1.0
19072,0,0,-1,260000,0,0,0,0,0,0,0.0,6627,7000,7000,5000,7000,5000,152735,149672,140068,140367,141710,146578,0.0
27973,0,0,-1,200000,-1,-1,-1,-1,-1,-1,0.0,4464,29705,25854,510,1470,5822,1860,4464,29705,25854,510,1470,-1.0
2933,0,0,-1,390000,0,0,0,0,0,0,0.0,4300,3437,3346,3475,5000,10005,86124,89129,90294,92243,94186,97562,0.0
626,0,0,-1,20000,0,0,0,0,2,0,1.0,1237,1249,1265,0,568,1327,13168,13888,14900,15916,15519,15829,0.0
9770,0,0,-1,150000,0,0,-1,-1,0,0,0.0,8008,20155,63992,3004,6002,5702,6008,8765,19674,57858,53588,56892,0.0
23745,0,0,-1,50000,0,0,0,0,0,0,0.0,5856,3386,5411,5664,5761,3866,23605,27856,16386,15511,15664,19761,0.0
2520,0,0,-1,100000,0,0,0,0,0,0,0.0,4902,4507,3936,3982,4135,3676,101887,102069,100657,101565,101116,101764,0.0
20137,0,0,-1,170000,0,0,0,0,0,0,0.0,4500,5000,4000,4000,4000,7000,99728,97889,99902,100128,101531,102770,0.0
19912,0,0,-1,310000,0,0,0,0,0,0,0.0,11900,12000,12500,12930,12000,13500,309080,314220,288581,294745,301286,306515,0.0
20692,0,0,-1,130000,0,0,0,0,0,0,0.0,5000,6900,7000,7000,6000,5500,132703,132258,133781,133834,132336,132614,0.0
25568,0,0,-1,500000,0,0,-1,0,0,0,0.0,11613,176596,6506,5178,3031,3466,195140,190529,135943,128438,106591,85215,0.0
7847,1,1,1,30000,1,2,2,2,0,0,3.0,0,2800,0,1050,2300,0,27262,26545,28590,27831,28433,30257,2.0
10462,0,0,-1,220000,-1,-1,-1,-2,-1,-1,0.0,200,0,0,11000,10000,11000,307,191,-125,-441,10243,9927,-1.0
24242,0,0,-1,90000,0,0,0,0,0,0,0.0,2000,2100,2500,2000,4000,0,40768,41789,42913,44388,45348,48454,0.0
4893,0,0,-1,50000,0,0,0,0,0,0,0.0,1900,1139,2000,1000,300,500,48888,47988,9757,8941,9893,6181,0.0
11376,0,0,-1,360000,0,0,0,0,0,-1,0.0,3194,2384,3271,2509,381,2469,16600,19190,20384,23255,22495,380,0.0
10993,0,0,-1,230000,-1,-1,-1,0,-1,-1,0.0,8034,4007,0,1410,1410,1410,1886,8013,3962,1410,1410,1410,-1.0
12398,0,0,-1,360000,-1,-1,-1,-1,-1,-1,0.0,17392,0,32178,680,6205,18814,723,17392,-8,32170,680,6205,-1.0
15609,0,0,-1,430000,-2,-2,-2,-2,-2,-2,0.0,390,390,384,1469,390,390,389,389,389,383,1462,389,-2.0
8323,0,0,-1,210000,0,0,-1,0,0,-2,0.0,61,130000,10000,1684,826,1793,2162,61,259323,139861,1684,826,0.0
4197,1,0,-1,100000,1,2,0,0,0,0,1.0,0,2200,3000,2000,1800,2000,48006,46561,46764,48298,49137,49576,0.0
7527,0,0,-1,330000,0,0,-1,-1,0,0,0.0,7558,5000,42054,3000,2000,1100,163406,137664,3381,40635,40490,38431,0.0
15790,0,0,-1,390000,0,0,0,0,0,0,0.0,4000,5000,11417,10000,10000,5000,21382,19133,19327,26992,33483,37465,0.0
28587,0,0,-1,490000,0,0,-1,-1,-1,-1,0.0,5038,3404,14445,7672,2295,9004,19036,14474,3404,14445,7672,2295,-1.0
11000,0,0,-1,50000,0,0,0,0,0,0,0.0,1701,1299,745,711,1000,685,20655,21718,22316,22762,20231,19445,0.0
22965,0,0,-1,200000,0,0,0,0,0,0,0.0,10000,25000,20400,0,0,77,19572,28858,52512,71923,19923,-77,0.0
8209,1,0,-1,270000,-1,-1,-1,-1,-2,-2,0.0,2099,13056,0,0,0,0,19984,2099,12985,0,0,0,-1.0
24680,1,0,-1,130000,-2,-2,-2,-2,-2,-2,0.0,0,0,0,0,0,0,1022,0,0,0,0,0,-2.0
18197,0,0,-1,120000,0,0,0,0,0,0,0.0,6000,5800,6000,4400,5000,4800,123772,121289,116645,119191,116549,119507,0.0
5204,0,0,-1,330000,-1,-1,-1,0,0,-1,0.0,9863,15440,35033,30000,3874,25349,13200,9843,15440,45033,64723,3784,-1.0
19456,0,0,-1,100000,0,0,0,0,0,0,0.0,1680,1722,1603,1406,1598,1502,43175,42669,42238,41646,40976,40503,0.0
13117,0,0,-1,500000,-2,-2,-1,0,-1,-1,0.0,16527,27243,1000,13256,106354,213405,81252,14979,26089,13333,13256,106200,-1.0
19256,0,0,-1,250000,-1,-1,-1,-1,-1,-1,0.0,0,3618,0,2032,3827,3710,312,-18,3600,-10,2022,3809,-1.0
10780,0,0,-1,130000,0,-1,-1,-1,-1,-1,0.0,785,1534,397,22262,251,1380,13570,785,1534,397,22262,251,-1.0
4417,0,0,-1,270000,-1,-1,0,0,0,0,0.0,73000,10000,10000,10000,20000,25000,265044,60052,68660,77184,85591,101945,0.0
2621,0,0,-1,50000,0,0,0,0,-1,-1,0.0,2000,1000,3600,390,0,4870,49006,49139,47608,3990,390,0,0.0
9483,0,0,-1,280000,0,0,0,0,-1,0,0.0,20000,15000,0,161084,15000,20000,257561,270827,212405,194345,161084,174622,0.0
2286,0,0,-1,180000,-1,0,0,0,0,0,0.0,7416,7038,7000,6000,5000,5000,121915,116093,99267,74324,47642,37957,0.0
17521,0,0,-1,140000,0,0,0,0,0,0,0.0,14113,5000,3000,4000,4000,10000,119184,130939,90894,85805,85907,88615,0.0
165,0,0,-1,60000,0,0,0,0,0,0,0.0,3000,1500,1500,1000,1500,1500,21148,23803,24908,26034,26655,27756,0.0
10852,0,0,-1,140000,-2,-2,-2,-2,-2,-2,0.0,700,700,3105,1259,700,700,700,700,700,3105,1259,700,-2.0
16082,0,0,-1,100000,0,0,0,0,0,0,0.0,1746,1792,1828,1855,2121,2100,71171,72613,74105,75617,77150,78953,0.0
867,0,0,-1,180000,0,0,0,-2,-2,-2,0.0,6000,0,0,0,0,0,119333,123150,0,0,0,0,0.0
4625,0,0,-1,240000,0,-1,-1,0,-1,-1,0.0,1346,3195,0,7383,1546,4390,1854,1346,3195,1932,7363,1546,-1.0
13477,0,0,-1,250000,0,0,0,0,0,0,0.0,10000,1504,25000,10000,10002,5200,28306,20367,19509,42394,46739,55573,0.0
29915,0,0,-1,390000,0,0,0,0,-1,-1,0.0,1781,2188,1000,8572,6568,11416,60425,49480,46201,38770,3914,6568,0.0
24929,0,0,-1,500000,-2,-2,-2,-2,-2,-2,0.0,803,1440,600,8170,600,1389,2082,800,1440,600,8170,600,-2.0
11387,0,0,-1,20000,0,0,0,0,0,0,0.0,1500,2000,0,0,0,0,8693,10045,11776,11776,10886,-1000,0.0
23324,0,1,1,130000,1,2,2,2,0,-1,3.0,0,2946,0,0,780,0,4867,3189,4634,2946,1473,780,2.0
21169,1,0,-1,110000,0,0,2,0,0,0,1.0,7000,4000,2975,22000,1726,6000,112987,110899,111642,109584,50281,49373,0.0
7255,0,0,-1,60000,0,0,0,0,0,0,0.0,2415,3000,2125,2007,3000,1758,70367,66657,63553,59633,55689,52778,0.0
4085,0,1,4,30000,1,2,0,0,2,2,3.0,0,4000,600,0,2500,419,29846,28941,18643,19005,12751,10891,2.0
21442,0,1,3,120000,0,0,0,2,2,2,3.0,2800,6000,1200,1300,1200,0,26496,28586,33828,34236,34734,35292,0.0
29693,0,0,-1,250000,0,0,0,0,0,0,0.0,10022,7004,5414,2500,1010,48440,240725,200603,150035,145876,100971,50333,0.0
4873,0,0,-1,50000,0,0,0,0,0,0,0.0,1660,1612,652,1300,3000,2500,41674,40012,31089,14638,13577,16333,0.0
13673,0,0,-1,180000,0,0,2,0,0,0,1.0,2300,0,288,143,246,33,5319,6531,5446,4853,3965,3310,0.0
24385,0,0,-1,500000,-1,-1,-1,-1,-1,-1,0.0,28023,35477,42360,7387,153532,15603,12536,27882,35031,42145,7347,152769,-1.0
26041,0,0,-1,290000,0,0,0,0,0,0,0.0,10220,11231,10269,8500,10000,10000,285484,286091,286785,285345,239389,231420,0.0
4668,0,0,-1,60000,0,0,2,0,0,0,1.0,6000,0,2000,3000,2300,2000,46307,51232,50109,50979,52998,54264,0.0
19145,0,0,-1,80000,0,0,0,0,0,0,0.0,2700,2800,2100,2181,2500,2300,58091,58247,59495,58832,57677,58066,0.0
21365,0,0,-1,70000,-1,0,0,0,0,0,0.0,1351,1378,1389,855,885,1132,20706,21410,22437,23448,23914,24415,0.0
9410,0,0,-1,440000,-2,-2,-2,-2,-2,-2,0.0,0,752,34000,284,3650,52719,8325,-4341,-15641,7059,-4220,-16370,-2.0
11005,0,0,-1,90000,0,0,0,0,0,0,0.0,2971,2168,1686,1878,1611,1334,62062,62617,57990,51537,52486,48483,0.0
28772,0,0,-1,360000,-2,-2,-2,-2,-2,-2,0.0,7954,4044,6715,1956,2076,2003,2410,7830,4024,6643,1947,2066,-2.0
23690,0,1,2,30000,0,0,2,2,2,0,3.0,3400,1400,1000,700,1000,488,22373,25363,23582,21422,18302,16527,0.0
10650,1,0,-1,400000,-2,-2,-2,-2,-2,-2,0.0,4460,5072,7048,52317,16232,4516,5457,4438,5048,7013,52189,16153,-2.0
20562,0,1,1,180000,1,2,2,2,2,2,5.0,2000,942,0,492,0,600,29484,30309,28313,942,1038,492,2.0
17814,0,0,-1,50000,0,0,0,0,0,0,0.0,1800,2000,1118,1000,500,1000,49989,48512,43701,40429,9727,9606,0.0
21835,0,0,-1,140000,0,0,0,0,0,0,0.0,5000,10000,5000,5000,5000,5000,125792,126771,132730,124689,105447,106704,0.0
28322,1,0,-1,200000,-2,-2,-2,-2,-2,-2,0.0,7066,1473,1473,486,3442,12,86,7024,1466,1466,479,2448,-2.0
24745,0,0,-1,130000,0,0,0,0,0,0,0.0,1802,3005,1603,3022,1005,3308,46849,44861,46405,44342,45641,40945,0.0
14775,0,0,-1,370000,0,0,0,0,0,0,0.0,3513,3046,3000,2589,2603,2695,68452,71014,72547,74501,76058,77572,0.0
27943,0,0,-1,240000,0,0,0,0,0,0,0.0,5009,4000,3506,0,2500,4000,30173,29109,16704,13934,2020,4520,0.0
16530,0,0,-1,390000,0,0,0,0,0,0,0.0,20008,15057,10100,10000,10000,15000,372743,377692,337892,298729,243169,133977,0.0
15162,0,0,-1,50000,0,0,0,0,0,0,0.0,1800,1800,1400,915,1500,1500,33703,30857,28481,27634,26691,26329,0.0
11979,0,0,-1,180000,0,0,0,0,0,0,0.0,3000,2000,2011,4000,3000,3000,47050,49282,50159,51336,54332,56249,0.0
12498,1,1,3,200000,0,0,0,2,2,2,3.0,10000,15000,0,10000,0,11000,156449,162377,174501,155355,129942,118202,0.0
20901,0,0,-1,200000,0,0,0,0,0,0,0.0,30002,30002,21876,16433,5661,5349,87390,115312,142912,161874,176431,180153,0.0
24896,0,0,-1,160000,-2,-2,-2,-2,-2,-2,0.0,780,0,780,390,930,0,390,780,0,780,390,930,-2.0
26903,0,0,-1,70000,0,0,0,0,0,0,0.0,2708,2532,2569,2324,2541,2295,69921,71198,70660,67975,65805,66058,0.0
17774,0,0,-1,100000,0,0,0,0,0,0,0.0,3589,3656,3677,2763,2787,2881,96821,98389,97831,93937,78063,79707,0.0
9809,0,0,-1,230000,-1,0,-1,-1,-1,-1,0.0,28200,720,1344,4674,6571,1814,441,28641,713,1344,3786,6571,-1.0
15228,0,0,-1,300000,0,0,0,0,0,0,0.0,10000,1377,1149,2000,615,9000,25193,34242,35228,12512,12570,13022,0.0
4747,0,1,1,110000,1,2,2,2,2,2,5.0,3000,2000,0,3000,2000,3000,46657,48615,49519,48421,50644,51662,2.0
28517,1,1,2,200000,0,0,2,2,0,0,2.0,18000,8000,0,6000,6200,7000,189490,204278,207559,202518,164682,168224,0.0
19155,0,0,-1,230000,0,0,0,0,-1,0,0.0,1973,1890,1595,29019,567,506,53327,52513,43726,22738,29019,20328,0.0
21691,0,0,-1,40000,0,0,0,2,0,0,1.0,1861,3755,0,1290,1337,1339,34084,35169,37940,36824,37242,37900,0.0
6338,0,1,0,20000,2,2,-1,-1,2,0,3.0,0,600,20900,1,805,752,20155,10356,556,20897,20438,20325,2.0
8969,0,0,-1,70000,0,0,0,0,0,0,0.0,1172,1049,1500,500,2000,3000,4753,5843,6720,8171,7127,9044,0.0
26667,0,0,-1,20000,-1,-1,0,-1,0,0,0.0,2195,1500,3720,100,0,0,587,2195,1758,3720,3820,0,-1.0
29894,0,0,-1,300000,-1,-1,-1,-1,-1,-1,0.0,1977,4458,862,5821,7088,9647,132760,1968,4436,839,5792,7053,-1.0
7306,0,0,-1,50000,0,0,0,0,0,0,0.0,4000,1565,641,648,654,649,79502,65237,64426,18430,18020,17991,0.0
25208,0,1,5,30000,0,0,0,0,0,2,1.0,1503,1529,1240,1802,0,707,11284,12294,13320,14031,15593,15201,0.0
1346,0,0,-1,120000,1,2,0,0,0,0,1.0,0,4000,2988,3100,3500,6382,77785,75984,78109,79198,80865,82859,0.0
10580,0,0,-1,360000,-2,-2,-2,-2,-2,-2,0.0,18843,48271,187,38359,2678,6169,12521,18746,47535,186,38169,2665,-2.0
13559,1,0,-1,240000,-1,-1,-2,-2,-2,-2,0.0,0,0,0,0,0,0,101,0,0,0,0,0,-2.0
25041,0,0,-1,50000,0,0,0,0,0,0,0.0,2000,20266,1300,700,700,700,46190,44450,50266,19729,20149,19593,0.0
20801,0,0,-1,340000,0,0,0,0,0,0,0.0,17000,18000,13000,12000,12000,8000,317686,302986,263928,260916,257001,210033,0.0
15896,0,1,3,20000,0,0,0,2,3,3,3.0,2000,2200,3000,900,0,500,14757,16196,17825,20234,20510,19897,0.0
2720,0,0,-1,150000,-2,-2,-2,-2,-2,-2,0.0,6000,4044,309,0,0,0,111348,109115,102598,3039,-309,-309,-2.0
13179,0,1,1,210000,-1,2,2,-1,-1,-1,2.0,0,0,6299,0,197,0,2869,2639,0,6299,0,197,-1.0
9979,0,0,-1,200000,-1,-1,-1,-1,-1,-1,0.0,396,396,396,396,396,396,396,396,396,396,396,396,-1.0
20345,0,0,-1,120000,0,0,0,0,0,0,0.0,3000,2000,2000,2000,2000,2000,49394,51261,51333,51174,44680,43760,0.0
18856,0,0,-1,20000,0,0,0,0,0,0,0.0,2000,1500,2000,1000,1500,3000,14302,15748,16986,18656,19101,20345,0.0
10868,0,0,-1,30000,0,0,-2,-2,-2,-2,0.0,0,0,0,0,0,0,7833,0,0,0,0,0,-2.0
5163,0,0,-1,240000,-1,-1,-1,-1,-1,-1,0.0,2852,0,500,500,5291,1000,446,2852,-348,152,272,5291,-1.0
3930,0,0,-1,50000,0,0,0,0,0,0,0.0,2000,2000,2500,1033,1053,1034,26052,27631,29128,29707,28825,29022,0.0
28798,0,0,-1,230000,-2,-2,-2,-2,-2,-2,0.0,529,135,108,830,2536,0,107,529,135,108,830,2536,-2.0
1904,0,0,-1,310000,0,0,0,0,0,0,0.0,4000,2000,2000,4000,4000,4000,35064,38195,39233,39577,42996,46319,0.0
2842,0,0,-1,330000,0,0,0,0,0,0,0.0,9500,5591,5500,6000,6000,6000,240063,242040,160008,160084,159453,159354,0.0
24148,1,1,5,70000,0,0,0,0,0,2,1.0,1500,1500,1500,1800,1700,0,17103,18312,19516,20685,22142,23340,0.0
21939,1,0,-1,90000,0,0,2,0,0,0,1.0,12500,2,5085,5000,3000,1004,97973,100442,89242,82784,53609,49048,0.0
20752,1,0,-1,50000,0,0,0,0,0,0,0.0,2154,2588,2600,1000,653,1000,47060,48117,49161,50173,18279,18266,0.0
22855,0,0,-1,100000,0,0,0,0,0,-1,0.0,5000,1333,3000,3000,5571,5149,9728,11099,8761,8289,6980,5571,0.0
18861,0,0,-1,150000,0,0,0,0,0,-2,0.0,3700,25007,2300,0,1500,0,117209,102018,79511,39800,-1500,0,0.0
20979,0,0,-1,50000,0,0,0,0,0,0,0.0,2500,2500,3000,1500,2000,3000,43607,45375,46836,48635,19373,20129,0.0
22512,0,0,-1,160000,0,0,0,2,0,0,1.0,6574,12121,0,5100,10251,5205,137930,137695,146193,139323,140719,143638,0.0
22263,1,0,-1,420000,0,0,0,0,0,0,0.0,12000,40000,15000,11000,30000,15000,233413,241503,277447,287781,294010,319257,0.0
20949,0,0,-1,70000,0,0,0,0,0,0,0.0,1505,1005,1002,503,502,0,3588,3204,2330,1499,1327,671,0.0
25576,0,0,-1,280000,0,0,0,0,0,0,0.0,12873,135477,6480,4026,4153,3014,237345,195808,369761,197666,152084,149887,0.0
9154,0,0,-1,210000,0,0,2,0,0,0,1.0,13000,0,5666,24886,6282,6494,155913,165227,161427,164860,187329,186079,0.0
25112,0,0,-1,50000,-1,-1,-1,0,0,0,0.0,1200,13032,1500,3000,554,2000,1344,780,13032,14292,16698,15436,-1.0
16806,0,0,-1,50000,-1,-1,-1,0,-1,-1,0.0,4166,4216,4116,4166,4166,4166,4166,4166,4216,4166,4166,4166,-1.0
29060,0,0,-1,30000,0,0,0,0,0,0,0.0,1720,2000,1700,1000,1000,1000,27964,25817,27097,27930,16288,17023,0.0
1135,0,1,1,20000,1,2,2,2,0,0,3.0,500,2000,0,2000,1700,0,15764,15718,17164,16594,18158,19554,2.0
968,0,0,-1,220000,-1,-1,0,-1,-1,-1,0.0,4102,1111,1057,990,1324,1039,996,4102,4111,1057,990,1324,-1.0
6221,0,1,5,60000,-1,-1,-1,-1,-1,2,1.0,836,390,150,1560,0,0,836,836,390,150,1320,780,-1.0
16414,0,1,5,30000,0,0,0,0,0,2,1.0,2000,2000,1500,2000,1500,0,18971,20344,21705,22537,24161,25128,0.0
10081,0,0,-1,60000,0,0,0,0,0,0,0.0,3000,2015,2000,1000,2000,2000,55505,57374,35751,25824,25831,27393,0.0
14846,0,0,-1,110000,0,0,0,0,0,0,0.0,3075,3000,2000,2941,1512,2040,111301,69352,58442,55485,53539,41193,0.0
902,0,0,-1,140000,-1,-1,-2,-1,0,0,0.0,0,0,2971,0,0,0,4036,0,0,2971,1607,0,-1.0
3783,1,0,-1,120000,-1,-1,2,0,0,-1,1.0,1986,0,0,0,2210,0,200,1986,1117,425,-267,1451,-1.0
26205,0,0,-1,130000,0,0,0,0,0,0,0.0,3000,3000,3000,2000,3000,3000,36487,37029,35595,36200,34081,31542,0.0
18358,0,1,2,20000,0,0,2,2,2,2,4.0,3000,0,2600,0,1500,0,12476,14951,14426,16471,15909,17151,2.0
10234,0,0,-1,310000,0,0,0,0,0,0,0.0,3012,5000,2000,5000,5000,3000,52191,36758,29180,22426,18592,14976,0.0
25724,0,0,-1,170000,-1,-1,-1,-1,-2,-2,0.0,0,1246,0,0,0,0,822,-3,1243,0,0,0,-1.0
6663,1,0,-1,380000,-1,-1,-2,-1,-1,-2,0.0,0,0,46350,0,0,24000,6347,0,0,46350,0,0,-1.0
18847,0,0,-1,130000,0,0,0,0,0,0,0.0,6500,6600,6000,3100,3200,3300,123943,126857,127706,121939,81506,83234,0.0
29140,0,0,-1,110000,0,0,0,0,0,0,0.0,4112,4519,4000,4000,6000,4000,111255,110615,112071,89274,91413,95541,0.0
9545,0,0,-1,230000,-1,-1,-1,-1,-1,-1,0.0,466,3461,495,495,495,0,495,466,3432,495,495,495,-1.0
20295,0,0,-1,140000,-1,-1,-1,-1,-1,-1,0.0,12340,14910,44967,11669,5169,17953,850,12340,14910,44967,11669,5169,-1.0
5308,0,0,-1,160000,0,0,0,0,0,0,0.0,155000,5000,5000,3537,5000,4000,13038,158725,155808,98160,99057,100984,0.0
27257,0,0,-1,150000,-2,-2,-2,-2,-2,-2,0.0,350,8403,886,1602,1391,1156,389,349,8362,882,1594,1385,-2.0
21962,0,0,-1,150000,-1,-1,-1,-1,0,0,0.0,1798,5699,4644,70331,3000,3000,1518,1798,5699,4644,70337,67902,-1.0
27374,0,0,-1,450000,-1,-1,-1,-1,-1,-1,0.0,1830,1188,1745,0,7519,0,12712,1830,1183,1745,0,7519,-1.0
14710,0,0,-1,500000,-1,0,-1,-1,-1,-1,0.0,90668,26834,33452,21881,52539,57159,28852,112344,26834,33120,21771,52277,-1.0
9693,1,0,-1,360000,-2,-2,-2,-2,-2,-2,0.0,24,2505,0,1305,0,0,1533,-12,2493,-6,1299,-2,-2.0
26015,0,0,-1,80000,0,0,0,0,0,0,0.0,3500,3205,3300,3000,3000,3300,75901,74911,72172,73674,73532,75192,0.0
13521,0,0,-1,140000,0,0,0,0,0,0,0.0,10006,10048,5008,2018,2005,1005,10339,18276,25852,14390,13728,2905,0.0
18661,0,0,-1,150000,0,0,0,2,0,0,1.0,3000,7900,0,3300,3200,3300,78823,80514,87096,84806,85822,87504,0.0
5475,1,1,1,290000,1,2,2,2,2,0,4.0,7594,0,12000,0,6818,5182,170422,173840,169476,177186,161057,163338,2.0
5240,0,0,-1,330000,0,0,0,0,0,0,0.0,9425,9000,9174,9590,9500,9400,255834,258822,254855,258220,256058,256840,0.0
8598,0,0,-1,280000,-1,-1,-1,-1,-1,-1,0.0,7,1492,5727,1247,2037,26920,5521,-7,1485,5727,1247,2037,-1.0
4855,0,0,-1,200000,0,0,0,0,0,0,0.0,14443,4938,5972,7952,2925,1718,11912,19196,11938,15972,17952,5925,0.0
20051,0,1,5,10000,0,0,0,0,0,2,1.0,1240,1200,1120,980,0,268,6110,6302,5972,6985,7845,7574,0.0
13353,0,0,-1,90000,0,0,0,0,0,0,0.0,1188,1499,436,452,654,455,12822,10944,12255,12192,12448,12895,0.0
2942,0,1,0,90000,2,2,-1,2,0,0,3.0,0,95800,0,6000,3000,3000,121368,102385,91591,66033,70654,121966,2.0
18643,0,0,-1,90000,0,0,0,2,0,0,1.0,4100,8548,0,1527,1617,1490,86183,87561,92996,89866,48574,41746,0.0
19326,0,0,-1,230000,-1,-1,-1,0,0,0,0.0,0,24962,10000,943,1000,1058,4549,0,24962,34372,32630,33334,-1.0
6717,0,0,-1,310000,0,0,0,0,0,0,0.0,11027,10500,14000,10000,10000,10000,300500,265766,245458,249435,240521,246525,0.0
6052,1,0,-1,30000,-1,-1,-1,-1,-1,-1,0.0,4777,3770,4151,3940,3697,843,2450,4765,3767,4151,3940,3697,-1.0
19954,0,0,-1,500000,-2,-2,-2,-2,-2,-2,0.0,635,13337,4562,893,2030,0,2128,635,13258,4562,893,2030,-2.0
28070,0,0,-1,210000,0,0,0,0,0,0,0.0,6000,6000,6000,5000,60000,7000,124146,127341,92812,89878,80812,139202,0.0
23852,0,0,-1,260000,-1,2,-1,2,-1,-1,2.0,0,1668,0,490,35722,0,1148,123,1668,446,123,35722,-1.0
9337,1,1,1,70000,1,2,2,0,0,0,2.0,3000,0,3000,4000,5000,0,65779,34480,33632,35747,38981,43331,0.0
12396,0,0,-1,70000,0,0,0,0,0,0,0.0,1267,1191,427,957,1000,14001,32485,30527,13407,13643,12722,13515,0.0
12318,0,0,-1,220000,0,0,0,0,0,0,0.0,5000,4200,4000,4000,5000,5000,87604,89687,90889,91892,93815,96466,0.0
9061,0,0,-1,20000,0,0,0,0,0,0,0.0,3880,1200,298,5390,4000,9666,14720,15432,16252,14877,9487,-5910,0.0
29031,0,0,-1,240000,0,0,0,0,0,0,0.0,8636,9303,8159,5449,5900,5323,236883,241574,244010,239778,191762,196015,0.0
26224,0,0,-1,400000,-1,-1,-1,-1,-1,0,0.0,211,4188,4061,4586,12,3837,8716,211,4168,4049,4566,2578,-1.0
24640,0,0,-1,80000,0,0,0,0,0,0,0.0,2871,2727,3170,1940,2200,1700,84488,83593,72883,67337,60807,59088,0.0
14068,0,0,-1,50000,0,0,0,0,0,-2,0.0,2000,2000,2000,0,0,0,40151,38951,28984,29422,0,0,0.0
12915,0,0,-1,140000,-1,-1,-1,-1,-1,-1,0.0,0,3815,0,9386,722,1468,473,-27,3788,0,9386,722,-1.0
25557,0,0,-1,50000,0,0,0,0,0,0,0.0,1109,1129,1137,302,312,313,5358,6221,7241,8249,8414,8590,0.0
20069,0,0,-1,150000,-2,-2,-2,-2,-2,-2,0.0,0,0,0,0,0,0,702,0,0,0,0,0,-2.0
21905,0,0,-1,180000,-1,-1,-1,-1,-1,-1,0.0,3898,0,715,6942,0,213,3578,3898,0,715,4079,0,-1.0
10492,0,0,-1,500000,0,0,0,0,0,0,0.0,21000,22800,15200,19000,16000,10000,477468,488083,498839,411820,422671,394599,0.0
18372,0,0,-1,150000,-2,-1,0,0,0,0,0.0,66470,2451,2543,5000,4189,10000,956,66470,66187,65419,61645,64189,0.0
8527,0,0,-1,110000,0,0,0,0,0,0,0.0,2260,1499,1309,1487,2000,5000,63594,56267,53550,44084,42077,37770,0.0
17720,0,0,-1,240000,-1,-1,-1,2,0,0,1.0,193,386,386,0,0,536,978,193,386,579,386,193,-1.0
196,1,1,1,50000,1,2,2,2,2,2,5.0,1900,1400,1700,1532,1600,0,36166,37188,37680,38462,39228,40035,2.0
11339,1,0,-1,50000,-1,2,0,0,0,0,1.0,0,1125,276,348,40000,1151,6806,6552,7561,7712,7936,47743,0.0
28220,0,0,-1,20000,0,0,0,0,0,0,0.0,2000,1308,1000,1000,50,0,11635,12604,12870,12726,13336,2496,0.0
1997,0,0,-1,60000,0,0,0,0,0,0,0.0,2000,1300,2000,1000,2000,1000,15050,16203,16891,15474,14612,16354,0.0
18291,0,0,-1,30000,0,0,0,0,2,0,1.0,2867,2000,2000,0,1500,1353,23176,23182,19083,19632,15252,14021,0.0
18096,0,0,-1,300000,0,0,0,0,0,0,0.0,4511,3300,4505,4200,2500,25151,113807,103759,90827,78887,57682,35493,0.0
945,0,0,-1,50000,-2,-2,-2,-2,-2,-2,0.0,3955,2124,2266,3638,1303,0,3779,3944,2118,2259,3527,1100,-2.0
4452,1,0,-1,30000,0,0,0,0,0,0,0.0,2000,2000,5611,2000,2000,1500,8341,10039,11560,16611,18179,19712,0.0
24345,0,0,-1,300000,0,0,0,0,0,0,0.0,115718,7905,6509,5874,6116,6300,76382,166051,167541,167905,167974,170428,0.0
28124,1,0,-1,80000,0,0,0,2,0,0,1.0,3100,6300,0,1743,1588,1628,78480,77063,76720,74651,57109,46703,0.0
17055,0,0,-1,50000,0,0,2,0,0,0,1.0,3700,0,1200,710,52,1000,38340,41362,34656,35004,35514,2582,0.0
29782,0,0,-1,210000,1,2,0,0,0,0,1.0,6000,8000,6200,6000,5700,5700,161444,160177,151914,148432,150935,154284,0.0
6465,0,0,-1,120000,0,0,0,0,0,0,0.0,6513,3740,3215,3300,3405,3303,118277,121004,118774,91369,88015,88087,0.0
11199,0,0,-1,150000,0,0,0,0,0,0,0.0,5210,5212,4610,706,1200,0,148352,151267,143254,137379,35290,1200,0.0
1255,0,0,-1,290000,0,0,0,0,0,0,0.0,10744,6000,1573,1629,3129,105423,194301,199451,198684,87700,88621,53243,0.0
1291,0,0,-1,20000,0,0,-2,-1,0,0,0.0,0,0,19132,709,1027,600,6733,0,0,19132,19533,20235,0.0
26072,1,0,-1,230000,1,2,-1,0,-1,0,1.0,0,5500,4000,11000,5000,5000,4213,1922,5346,6971,10707,15392,-1.0
21424,0,0,-1,60000,0,0,0,-1,0,0,0.0,3090,10709,22154,1000,2000,700,42174,40510,20513,22123,17094,18668,0.0
15514,1,0,-1,260000,0,0,0,0,0,0,0.0,6200,6000,6000,5006,5006,6006,170276,164617,150188,138975,134225,128321,0.0
2404,1,0,-1,320000,-1,2,-1,-1,-2,-2,1.0,0,1948,0,0,0,0,752,169,1940,0,0,0,-1.0
16443,0,0,-1,90000,0,0,0,2,0,0,1.0,2100,4200,0,2000,2000,2000,43439,44512,47677,46615,47537,48616,0.0
28111,0,0,-1,220000,-1,-1,-1,-1,-1,-1,0.0,326,12681,84674,35326,1026,3088,1849,326,12681,84674,35326,1026,-1.0
24090,0,0,-1,40000,-1,-1,-2,-2,-2,-2,0.0,167,4982,5000,0,3335,27000,3333,-167,-5187,-187,-187,113,-2.0
10422,0,0,-1,10000,0,0,2,0,0,0,1.0,2939,0,507,365,404,459,9721,11756,10844,10468,10101,9911,0.0
13492,0,0,-1,160000,0,0,0,0,0,0,0.0,5000,5000,20000,5000,5400,6100,84668,88294,91784,108310,103166,104677,0.0
10681,0,0,-1,190000,-1,-1,-1,0,-1,0,0.0,1213,15571,0,28520,0,0,546,1213,15571,14625,28520,24920,-1.0
6972,0,0,-1,20000,0,0,-2,-1,0,0,0.0,0,18047,7985,1000,2000,0,15960,0,-1953,5985,6893,8273,0.0
23173,0,0,-1,50000,-1,0,-1,-1,-1,-1,0.0,1000,1787,860,900,1087,3123,1309,2158,1787,860,896,1087,-1.0
29948,0,0,-1,50000,0,0,0,2,0,0,1.0,1300,3000,0,1000,1000,3000,11401,12506,14774,14233,14744,15252,0.0
10427,0,0,-1,500000,-2,-2,-2,-2,-2,-2,0.0,0,0,0,0,522,117,2121,0,0,0,0,522,-2.0
29917,0,0,-1,330000,0,0,0,0,0,0,0.0,2000,2007,2000,2000,2000,2000,50999,50055,47398,40334,34443,33898,0.0
26748,1,0,-1,50000,-1,-1,-1,-1,-1,-1,0.0,1961,5608,11906,673,9855,7627,2159,1956,5592,10676,671,9826,-1.0
3870,0,1,1,90000,1,2,2,-1,-1,2,3.0,0,1525,35011,3000,0,2000,23812,15616,11988,32658,30885,26639,2.0
18480,0,0,-1,130000,1,2,0,0,0,0,1.0,0,6867,5660,3800,3677,3620,136963,133293,133207,131578,101612,101650,0.0
5326,0,0,-1,200000,-1,-1,-1,-1,-1,-1,0.0,0,2470,0,1350,1006,0,577,0,2470,0,1350,1006,-1.0
6329,0,0,-1,500000,0,0,0,0,0,0,0.0,5000,5015,5000,5000,5000,5000,141323,143548,146487,139155,142337,145411,0.0
18187,1,0,-1,300000,0,0,0,2,0,0,1.0,8000,10800,6000,6000,6000,6000,142378,146621,153217,154879,156692,154911,0.0
21543,0,0,-1,80000,0,0,0,0,0,0,0.0,1400,1600,1088,245,636,0,17220,14844,12718,8808,7952,7925,0.0
19335,0,0,-1,160000,-1,-1,-1,-1,0,-1,0.0,897,1066,1760,0,5510,0,27204,897,1066,1760,880,5510,-1.0
20516,0,0,-1,100000,-1,-1,-1,-1,-1,-1,0.0,416,1005,1416,416,416,0,416,416,589,1416,416,416,-1.0
5905,0,0,-1,80000,-1,-1,-2,-2,-2,-2,0.0,0,0,0,0,0,0,4055,0,0,0,0,0,-2.0
23795,0,0,-1,310000,-2,-2,-2,-2,-2,-2,0.0,2635,0,1190,7909,193,3189,1126,2603,-6,1184,7883,193,-2.0
12985,0,0,-1,360000,0,0,0,0,0,0,0.0,13806,12303,15005,13729,7700,8000,353200,337593,341528,350949,355869,210989,0.0
6143,0,0,-1,500000,0,0,0,0,0,0,0.0,3248,5140,3510,3461,3646,3770,87161,89009,92651,93725,95517,97581,0.0
26824,0,0,-1,50000,0,0,0,0,0,0,0.0,1724,1804,2721,1159,1188,733,18741,12724,13804,15331,15159,10188,0.0
25757,0,0,-1,290000,0,0,0,0,0,0,0.0,3721,3700,4005,4000,3000,2928,149495,117275,110481,107735,100195,84268,0.0
4566,1,0,-1,100000,0,0,0,0,0,0,0.0,3856,3919,3986,3865,3760,3863,101761,101801,101863,101729,98103,99521,0.0
15690,1,0,-1,30000,0,0,0,0,0,0,0.0,1500,2000,2000,400,0,500,4921,3810,3890,2199,2209,1429,0.0
18286,0,0,-1,90000,0,0,0,0,0,0,0.0,3007,3000,3000,5000,6000,8000,10635,10889,10953,11155,15210,19425,0.0
25424,0,0,-1,200000,-1,-1,-1,-1,-1,-1,0.0,9468,30250,5215,90,6198,2440,10225,9468,30250,5215,90,5690,-1.0
10337,0,0,-1,20000,0,0,0,0,0,0,0.0,3000,1500,1600,900,900,600,20104,19887,19486,19501,19274,19703,0.0
7741,0,0,-1,200000,-1,-1,-1,-1,-1,-1,0.0,4318,4681,4958,3712,3476,990,5472,4306,4655,4930,3601,3366,-1.0
296,0,0,-1,200000,0,0,0,0,0,0,0.0,9000,7465,4715,4804,5141,5300,194353,197344,186292,133345,133634,133990,0.0
17883,0,0,-1,220000,0,0,0,0,0,0,0.0,6000,3037,4000,4000,15000,3000,59247,60200,60360,61168,57287,62208,0.0
6677,0,0,-1,210000,0,0,2,0,0,0,1.0,4900,4100,3600,4500,4000,3900,99342,99506,100117,101212,101197,103175,0.0
29641,1,0,-1,200000,-2,-1,-1,-1,0,0,0.0,598,1950,11921,4,3,1201,500,598,1946,11900,6344,4747,-1.0
22989,0,0,-1,500000,0,0,0,0,0,0,0.0,20000,50000,10000,50000,20000,50000,237066,171440,177859,159518,186563,168083,0.0
8673,0,0,-1,50000,0,0,0,0,0,0,0.0,2000,4005,1000,1000,6000,1000,48954,35213,33404,18727,13793,19354,0.0
27166,0,0,-1,280000,1,2,0,0,0,0,1.0,0,8000,6000,5000,10000,5000,238094,228523,191098,160149,154421,156022,0.0
1194,0,0,-1,200000,0,0,0,0,0,0,0.0,11202,19275,22304,23850,23784,84430,123337,11148,19165,21171,17762,23670,0.0
23382,0,0,-1,220000,0,0,0,0,0,0,0.0,5700,6000,6814,5500,5800,5700,154029,153012,154508,152829,152842,152747,0.0
24543,1,0,-1,220000,-2,-2,-2,-2,-2,-2,0.0,2917,170,5789,792,2538,4031,1172,2917,170,5758,792,2538,-2.0
18834,0,0,-1,70000,0,0,0,0,0,0,0.0,1800,2000,2000,1500,1500,0,34201,49800,26194,27454,28159,25775,0.0
27314,0,0,-1,310000,0,0,0,0,0,0,0.0,10010,11500,11015,11000,12000,23035,313268,278821,283847,290135,293350,300623,0.0
19361,1,0,-1,20000,0,0,2,-1,-1,-1,1.0,1220,0,632,0,316,782,3223,3176,220,632,0,316,-1.0
89,0,0,-1,130000,0,0,0,-1,-1,-1,0.0,40000,5000,1330,7095,1190,2090,81313,117866,17740,1330,7095,1190,0.0
11597,0,0,-1,200000,-1,-1,-1,-1,-1,-1,0.0,2286,2712,0,1440,0,0,4938,2277,1209,0,1440,0,-1.0
24204,0,0,-1,210000,0,0,0,0,0,0,0.0,5100,5201,5160,5200,5300,6150,140994,140224,141553,143811,144587,146802,0.0
9259,0,0,-1,20000,0,0,0,0,0,0,0.0,1499,1099,333,2000,2000,800,20040,17850,13560,11748,10632,10019,0.0
5788,0,1,5,160000,0,0,2,0,0,2,2.0,12121,0,5100,10251,5205,0,137695,146193,139323,140719,143638,144482,0.0
12460,0,0,-1,290000,0,0,0,0,-1,-1,0.0,5100,2507,1500,2000,0,1333,124362,111594,58039,3818,1318,0,0.0
29145,0,0,-1,20000,0,0,0,0,0,0,0.0,2300,1300,1300,700,600,600,11156,13263,13357,14427,14894,15112,0.0
22107,0,0,-1,230000,0,0,0,0,0,0,0.0,2000,3050,5000,5000,5000,5000,4827,5605,7719,7601,12140,16145,0.0
618,0,0,-1,270000,0,0,0,0,0,0,0.0,5000,5000,3953,4500,4000,3900,137807,123769,104377,106651,109294,101151,0.0
3123,0,0,-1,280000,0,0,0,0,0,0,0.0,6400,6100,5600,5805,7007,5400,157480,155362,156387,159584,163009,161769,0.0
26694,0,0,-1,70000,0,0,0,0,0,0,0.0,52896,2047,1861,4000,5000,3044,17058,59481,50890,50981,54122,58227,0.0
15144,0,0,-1,290000,-2,-2,-2,-2,-2,-2,0.0,42863,2632,11780,4684,3685,4352,768,42863,2632,11767,4684,3685,-2.0
22767,0,0,-1,360000,-1,-1,-1,-1,-1,-1,0.0,22434,19286,16243,5966,15407,43019,26680,22312,19181,16155,5936,15330,-1.0
5599,0,0,-1,270000,-1,-1,-1,-1,0,-1,0.0,2340,0,1250,1000,178,1772,3095,2340,0,1250,2250,178,-1.0
18154,0,0,-1,140000,-1,-1,-1,-1,-1,-2,0.0,393,0,814,0,0,0,4900,393,0,814,0,0,-1.0
26723,0,0,-1,180000,-1,-1,-2,-1,0,0,0.0,0,0,131453,4209,4350,4099,189,-2811,-2811,126884,129020,131708,-1.0
28804,0,0,-1,360000,0,0,0,0,0,0,0.0,10256,12000,15273,15000,25000,12000,270528,267435,193910,167029,134294,154290,0.0
11077,0,0,-1,200000,0,0,0,0,0,0,0.0,2513,1656,5000,20000,15000,14000,74961,69702,63210,57098,46455,38265,0.0
19592,0,0,-1,420000,2,-1,0,-1,-1,0,1.0,20837,1118,10658,6341,0,3,8117,20837,21610,10654,4427,1800,-1.0
18324,0,0,-1,150000,-2,-2,-2,-2,-2,-2,0.0,2060,0,0,0,0,0,1495,2053,0,0,0,0,-2.0
7495,0,0,-1,330000,0,0,0,0,0,0,0.0,5500,4723,5500,4000,10700,4500,162657,151305,138277,141453,112633,121242,0.0
13608,0,0,-1,260000,0,0,0,0,0,0,0.0,8250,5500,5000,3500,3000,4000,180891,165412,108223,108860,80757,79073,0.0
13175,0,0,-1,200000,0,0,0,0,0,0,0.0,8000,4500,4532,5451,5000,4500,194202,197220,130930,130775,128752,122695,0.0
16962,1,0,-1,280000,0,0,0,0,0,0,0.0,9000,10842,10928,9700,10000,10125,247868,251246,258032,263163,267083,272706,0.0
13064,1,0,-1,90000,0,0,0,0,0,0,0.0,2950,3000,2205,2300,2300,3000,79397,77962,73870,58792,58402,59633,0.0
1454,0,1,4,20000,0,0,0,0,2,2,2.0,1500,1400,2000,0,2500,0,17384,13648,13924,15685,15292,17524,0.0
17643,0,0,-1,170000,0,0,0,0,0,0,0.0,5856,7424,7169,1241,1187,1396,161277,162706,166677,167049,38377,33668,0.0
6999,0,0,-1,220000,-1,-1,0,-1,-1,-1,0.0,37092,10071,9884,4090,6108,19933,30262,37068,14271,9884,4090,6108,-1.0
21943,1,0,-1,200000,-2,-2,-2,-2,-2,-2,0.0,3690,4460,3190,5238,950,250,4257,3690,4460,3190,5238,950,-2.0
12760,0,0,-1,300000,-1,-1,-1,-1,0,-1,0.0,2017,2476,5797,0,1256,23265,1825,2017,2476,5797,1542,1256,-1.0
5321,0,0,-1,500000,-1,-1,-1,-1,-1,-1,0.0,2507,1933,980,990,1206,1069,869,2496,1924,976,986,1200,-1.0
19862,1,1,4,50000,1,2,0,0,2,2,3.0,0,2200,3700,2000,0,2000,51176,48900,48854,50243,51187,47551,2.0
23942,0,0,-1,100000,0,-1,-1,-1,2,-1,1.0,2206,1953,3100,0,48280,0,44053,2206,1953,3053,853,48280,-1.0
981,0,0,-1,70000,0,0,0,0,0,0,0.0,3000,2190,2201,2181,2413,1952,63903,65248,62958,64209,59482,60883,0.0
28859,0,1,2,90000,0,0,2,2,2,2,4.0,8200,0,7200,0,6200,24,79105,85997,83779,88577,86365,91105,2.0
5731,0,0,-1,50000,-1,-1,-1,-1,-1,0,0.0,1424,1256,190,13400,30,16447,1149,1420,1253,190,13390,9902,-1.0
3522,0,0,-1,140000,0,-1,0,0,0,0,0.0,5334,50006,9460,9461,2507,10007,34661,5309,51293,56740,59455,57532,0.0
27927,0,0,-1,140000,0,0,0,0,0,0,0.0,1500,1500,2000,5000,2000,5000,27750,28797,29840,31349,35687,36983,0.0
2096,0,0,-1,150000,0,0,0,2,0,0,1.0,5000,11700,0,5000,2500,5000,83853,87227,96253,93562,96510,63417,0.0
8541,0,0,-1,230000,0,0,0,0,0,0,0.0,1500,1139,600,800,70196,3000,54228,21092,18481,15609,5802,72049,0.0
25699,0,0,-1,200000,-1,-1,-1,-1,-1,-1,0.0,5830,7254,7164,4675,5792,5196,6369,5830,7254,7164,4576,5792,-1.0
16570,0,0,-1,50000,0,0,0,0,0,0,0.0,2070,3000,2000,2000,2000,2000,44177,44820,46022,46903,47837,48383,0.0
7414,0,0,-1,230000,-1,-1,-1,-1,-1,-1,0.0,380,2100,530,2282,1390,380,2078,380,2100,530,2282,1390,-1.0
14319,0,0,-1,140000,0,0,0,0,0,0,0.0,2000,2001,401,1000,1000,1000,25118,18948,16923,12103,11519,11611,0.0
16642,0,0,-1,200000,0,0,0,0,0,0,0.0,8001,6500,6146,3300,2476,5749,196550,178609,180357,168935,88883,88973,0.0
19754,0,0,-1,310000,0,0,0,0,0,0,0.0,3016,3031,10091,1429,1500,10207,101941,71874,70459,72958,55547,30970,0.0
27407,0,0,-1,50000,0,0,0,2,0,0,1.0,2000,2000,1000,1000,1000,1000,11752,13244,14722,15181,15928,16671,0.0
15392,0,0,-1,300000,0,0,0,0,0,0,0.0,5400,5800,6000,7000,5000,5000,113308,109901,108659,110781,107833,104466,0.0
2650,0,0,-1,150000,0,0,0,0,0,0,0.0,3878,3794,3783,3892,4662,3500,127111,106956,106129,106531,107062,109938,0.0
23358,1,0,-1,30000,0,0,-1,2,-1,0,1.0,0,6253,0,2115,0,2000,8090,0,3398,2855,2115,521,0.0
288,0,0,-1,440000,0,0,0,0,0,0,0.0,8610,6907,3727,3800,4001,2701,180641,181557,149944,113135,105280,97622,0.0
3489,0,1,5,30000,0,0,0,0,0,2,1.0,2013,1440,800,1800,108,1130,28289,29537,29378,22692,24169,23782,0.0
15163,0,0,-1,300000,0,0,0,-1,0,0,0.0,1214,2000,49379,1500,2000,15000,29300,18988,6893,49379,49161,50646,0.0
24942,0,0,-1,360000,-1,-1,-1,-1,-1,-1,0.0,0,1000,765,24851,414,30664,415,-350,325,765,24851,414,-1.0
28838,0,0,-1,340000,0,0,0,0,0,0,0.0,3224,4000,3504,4349,3000,3098,94915,92955,89689,81996,83439,71239,0.0
4391,1,0,-1,10000,0,0,0,-1,-1,-2,0.0,1800,1300,800,0,1900,0,8660,9756,8560,780,0,0,0.0
28578,0,0,-1,50000,0,0,0,0,0,0,0.0,2007,10109,1514,1000,1000,1000,50496,47955,48751,37140,19535,19492,0.0
16419,0,0,-1,200000,0,0,0,0,0,0,0.0,1550,1503,5000,3000,1000,5000,47403,37835,30212,26302,20465,12460,0.0
27965,0,0,-1,80000,0,0,0,0,-1,0,0.0,3905,81000,1513,47921,10000,2001,150651,52233,81162,71470,28718,27813,0.0
23769,0,0,-1,50000,0,0,0,2,0,0,1.0,1247,4147,0,624,1451,0,12699,13734,17634,17053,17394,18563,0.0
2546,1,0,-1,40000,0,0,0,0,0,0,0.0,1300,2013,319,415,266,277,30096,30819,13816,10291,7441,7435,0.0
23175,0,0,-1,390000,0,0,0,0,0,0,0.0,5000,5000,5000,4000,4000,4000,60082,58694,61735,63337,59693,62776,0.0
1217,0,0,-1,360000,-2,-2,-2,-2,-2,-1,0.0,0,200,0,69000,2500,0,16230,-200,0,0,69000,2500,-2.0
7204,0,0,-1,50000,0,0,0,0,0,0,0.0,2037,2324,1000,1000,1165,1596,47721,48993,50280,18762,18290,19165,0.0
11781,0,0,-1,80000,0,0,0,0,0,0,0.0,2100,3000,2000,2000,2000,2000,48006,48159,46099,47039,48286,48974,0.0
721,0,0,-1,30000,0,0,2,0,0,0,1.0,5300,0,1000,3352,2300,0,23892,28459,25499,25778,28708,30520,0.0
21250,0,0,-1,350000,-2,-2,-2,-2,-2,-1,0.0,0,850,3990,45406,2093,2090,2878,0,850,7980,22703,2093,-2.0
15917,1,0,-1,20000,0,0,0,-1,-1,-2,0.0,1225,1015,780,0,0,0,18354,16419,10419,780,0,0,0.0
3049,0,0,-1,480000,0,0,0,0,0,0,0.0,15000,16000,12008,11000,11000,11000,384150,392013,361178,305024,289379,295768,0.0
2444,0,0,-1,30000,1,2,0,0,0,0,1.0,10,2000,2000,2000,2000,3000,30607,29849,30653,28410,29068,30383,0.0
22856,1,1,2,90000,0,0,2,2,2,2,4.0,8000,4100,3000,0,7000,3100,77278,83357,85229,85939,83680,89319,2.0
12822,0,0,-1,500000,-1,-1,-1,0,0,0,0.0,21831,90182,2500,2380,2772,3000,886,21803,90182,79310,68380,58772,-1.0
8412,0,0,-1,120000,-1,-1,-1,-1,-1,-1,0.0,880,880,880,880,1030,880,880,880,880,880,880,1030,-1.0
17536,0,0,-1,190000,0,0,0,0,0,0,0.0,3300,3331,3359,2663,2751,3000,76433,78472,80548,81778,83082,84811,0.0
1471,0,0,-1,100000,0,0,0,0,0,0,0.0,2688,3688,3288,3288,3688,0,10529,12723,15807,18901,21794,25051,0.0
16704,0,0,-1,50000,0,0,0,0,0,0,0.0,1934,1917,2500,500,500,1000,50756,50552,49465,40020,10407,9037,0.0
11937,0,0,-1,50000,-1,-1,0,0,-1,-1,0.0,25368,1237,457,1354,20794,540,3126,25362,23683,22833,1352,20791,-1.0
5162,1,0,-1,20000,0,0,2,0,0,0,1.0,3500,0,3000,574,539,342,18523,17889,16473,19004,19254,16287,0.0
6450,1,0,-1,50000,0,0,0,0,0,0,0.0,1896,1829,1924,1308,1480,1171,46687,47831,48764,47109,39415,39920,0.0
6928,0,0,-1,130000,0,0,0,0,0,0,0.0,1187,1500,616,500,500,485,24579,23741,11666,11806,11081,11396,0.0
26223,0,0,-1,50000,0,0,0,0,0,0,0.0,6000,3120,4300,1000,1000,1000,50312,50145,49386,19818,18540,19109,0.0
10956,0,0,-1,340000,0,0,0,-1,0,0,0.0,3911,5104,92695,3114,2613,2366,91938,85927,71707,92695,86244,71538,0.0
10892,0,0,-1,140000,0,0,0,0,0,0,0.0,3551,3814,2333,2340,2279,2273,92281,92370,92446,65774,65076,64295,0.0
5275,1,0,-1,20000,-1,-1,-1,-1,-2,-2,0.0,0,750,0,0,0,0,10283,0,750,0,0,0,-1.0
5910,0,0,-1,140000,0,0,0,0,0,0,0.0,5000,5500,5000,4000,4500,4500,105732,99769,102682,102332,104544,107155,0.0
12794,0,0,-1,340000,-1,-1,-1,-1,-1,-1,0.0,21631,12308,654,12164,7699,13379,8480,21524,12247,651,12105,7661,-1.0
1813,1,0,-1,100000,0,0,0,0,0,0,0.0,4500,10000,11000,3000,4000,3000,121895,107315,115214,83649,59993,62813,0.0
20026,1,0,-1,70000,-1,0,0,0,0,0,0.0,1500,1300,1500,380,500,500,2429,3878,4957,6209,6338,6587,0.0
14768,0,0,-1,180000,-1,-1,-1,-1,-1,-2,0.0,4390,1016,4745,0,0,1400,18213,4390,1016,4745,0,0,-1.0
14206,0,0,-1,140000,0,0,0,0,0,0,0.0,6799,5100,3300,3400,7461,3498,136170,139270,137548,96340,94201,97068,0.0
24043,0,1,3,50000,0,0,0,2,2,0,2.0,1600,2234,3042,0,1700,2000,35215,36227,37876,39984,39041,40110,0.0
27384,0,0,-1,200000,0,0,0,0,-1,0,0.0,9000,2000,31162,157142,10418,69238,29675,28425,20289,43432,149388,136192,0.0
6857,0,0,-1,360000,-2,-2,-2,-2,-2,-2,0.0,2500,7740,3260,3884,4352,4509,5041,7485,4480,3260,3884,4352,-2.0
24833,0,0,-1,170000,0,0,0,0,0,0,0.0,6305,6000,6000,3854,5000,8000,114625,117364,119552,111404,113635,98411,0.0
25791,0,0,-1,50000,-1,-1,-1,-1,-1,-1,0.0,390,390,390,390,390,390,390,390,390,390,390,390,-1.0
13214,0,0,-1,410000,-1,-1,-1,-1,-1,-1,0.0,2290,2756,3560,6661,3877,1249,5770,2290,2756,3560,6661,3877,-1.0
18434,0,0,-1,70000,-1,-1,-2,-2,-2,-2,0.0,0,0,0,0,0,0,3000,0,0,0,0,0,-2.0
1798,0,0,-1,230000,0,0,0,0,0,0,0.0,4326,4533,2337,3035,3034,3101,105217,107857,110177,60137,62035,64034,0.0
16716,0,0,-1,300000,0,0,0,0,0,-1,0.0,15000,13274,1010,185,2497,2497,289299,297003,300153,9250,6088,2497,0.0
25979,0,1,5,180000,0,0,0,0,0,2,1.0,6256,6434,6506,10813,0,5557,151538,133924,136707,139438,143513,141119,0.0
28572,0,0,-1,120000,0,0,0,0,-1,-1,0.0,3508,2003,2772,3095,9641,2803,96686,77817,29166,7403,3095,9641,0.0
11938,1,0,-1,360000,-1,2,0,0,0,-2,1.0,0,2000,0,0,0,399,9,9,2009,1029,0,0,0.0
21289,1,0,-1,60000,0,0,0,0,0,0,0.0,2200,2500,31000,981,1035,1059,57470,58713,60251,57251,27896,28499,0.0
17456,0,0,-1,90000,0,0,0,0,0,0,0.0,8000,7500,4000,3000,2700,17000,78159,82779,86905,88310,79842,81235,0.0
29042,1,0,-1,460000,0,0,0,0,0,0,0.0,19141,19141,20141,14642,31549,15522,581319,552144,523423,493548,429966,427216,0.0
23339,0,1,1,200000,1,2,2,2,2,2,5.0,4500,4000,0,5500,3000,0,73459,76308,78669,75995,79781,81533,2.0
15245,0,1,3,80000,-1,0,0,2,2,2,3.0,2000,4000,1300,1500,0,1300,28652,29869,33071,33531,34184,33503,2.0
29200,0,0,-1,10000,0,0,0,0,0,0,0.0,1107,1310,2000,269,1000,1100,9457,9554,7335,9025,7886,8382,0.0
27218,1,1,1,10000,1,2,2,2,0,0,3.0,0,2586,0,1000,1000,345,8090,6339,8623,5885,4417,5190,2.0
29924,0,0,-1,360000,-1,-1,-1,-1,-1,-1,0.0,317,12357,0,326,105,200,200,317,12349,0,326,105,-1.0
26018,0,0,-1,100000,-1,-1,-1,-1,-1,-1,0.0,181,1794,1338,768,2643,0,9242,181,1782,1338,768,2643,-1.0
28898,0,0,-1,150000,-2,-2,-2,-2,-2,-2,0.0,9640,9976,1595,3647,3516,11071,11026,9459,9929,1595,3630,3516,-2.0
18066,0,0,-1,360000,-1,-1,-1,-1,-1,-1,0.0,2020,5115,3295,222,2862,2129,3457,1997,5115,3295,222,2854,-1.0
5527,0,0,-1,390000,0,0,0,0,0,0,0.0,6000,5000,5000,4000,5000,8883,17794,23518,28139,32711,36215,40650,0.0
22435,0,0,-1,60000,0,0,0,0,0,0,0.0,1413,1500,1173,532,597,469,26350,23908,24215,17728,18087,17730,0.0
23632,0,0,-1,350000,-2,-2,-2,-2,-2,-1,0.0,3048,2460,4616,0,430,430,2124,3027,2448,4590,0,430,-2.0
3479,0,0,-1,500000,-1,-1,-1,-1,-1,-1,0.0,4081,4283,3338,1224,31022,1088,10935,4079,3943,3338,1224,31022,-1.0
15716,0,0,-1,270000,-2,-2,-2,-2,-1,-1,0.0,0,3119,9124,225616,7443,69550,10648,0,15332,9094,225604,7443,-2.0
8370,0,0,-1,350000,-1,-1,-1,-1,-1,-1,0.0,1935,1630,7461,4124,1261,2798,3518,1931,1630,7461,4124,1261,-1.0
28707,0,0,-1,100000,-1,-1,-2,-2,-1,-1,0.0,0,0,0,2844,2118,0,1573,-28,-28,-28,2816,2118,-1.0
27105,0,0,-1,10000,-1,-1,-1,-1,-1,-2,0.0,390,0,780,0,0,0,390,390,0,780,0,0,-1.0
28045,0,0,-1,190000,0,0,0,0,0,0,0.0,5618,5795,7408,5645,5753,6370,141693,143464,146943,151905,153538,156664,0.0
28932,0,0,-1,280000,0,0,0,0,0,0,0.0,7000,7000,8000,7000,14000,8000,171057,173712,177913,182942,186892,197661,0.0
8204,0,0,-1,20000,0,0,2,0,0,0,1.0,4211,0,237,242,163,22,10003,13329,11613,10750,10606,7263,0.0
13296,0,0,-1,20000,0,0,0,0,0,0,0.0,1358,1230,617,776,1000,4000,18537,19205,19687,19684,19842,19965,0.0
8664,0,0,-1,100000,0,0,0,0,0,0,0.0,2635,2688,2718,2854,2500,0,91141,93027,94925,96837,98894,100500,0.0
17299,0,0,-1,150000,0,0,0,0,0,0,0.0,3000,3000,1353,5000,3000,5000,18631,18831,15729,11907,14103,14413,0.0
25004,0,0,-1,360000,-1,-1,-1,-2,-2,-2,0.0,303,0,0,0,0,860,1090,303,0,0,0,0,-1.0
6721,0,0,-1,300000,0,0,0,0,0,0,0.0,20006,9000,10000,9000,10000,8000,296186,290906,275061,250488,250357,249990,0.0
8691,0,0,-1,310000,-1,-1,-1,-1,-2,-2,0.0,0,6565,0,0,0,0,13560,-65,6500,0,0,0,-1.0
4970,0,0,-1,140000,0,0,0,0,0,0,0.0,2000,1000,2000,2000,1000,2000,10025,9787,8127,8850,9262,5789,0.0
9799,1,0,-1,20000,1,2,0,0,-1,0,1.0,0,1000,100,1814,1000,0,6081,3408,4016,3282,1814,2232,0.0
19998,0,0,-1,290000,-1,-1,-2,-1,0,-1,0.0,0,0,9194,0,399,9290,2025,0,0,9194,9194,399,-1.0
549,0,0,-1,230000,-1,-1,0,0,0,0,0.0,7357,2566,3000,1000,10000,2000,2403,7357,9752,12608,10797,20539,0.0
28258,0,0,-1,210000,-1,-1,-1,-1,-1,-1,0.0,1511,0,1783,1000,150,14780,1168,1511,0,1783,1000,150,-1.0
10362,0,0,-1,30000,0,0,0,0,0,0,0.0,8816,4021,2000,5000,6000,6000,22346,26357,29043,29419,29848,29306,0.0
29175,0,0,-1,300000,-2,-2,-2,-2,-2,-2,0.0,7424,8351,7733,7733,7733,7733,7733,7424,8042,7733,7733,7733,-2.0
4736,0,0,-1,500000,-1,-1,-1,-1,-1,-1,0.0,35465,75212,38169,33209,22289,22289,28352,35294,74846,37985,33050,22185,-1.0
18830,0,0,-1,340000,-1,0,0,0,0,0,0.0,10000,6000,23000,400,5857,6500,11806,13535,18784,26069,20007,15857,0.0
26897,1,0,-1,10000,0,0,0,0,0,0,0.0,1136,1153,1143,329,418,180,7536,8152,8779,9379,9565,9062,0.0
4938,0,0,-1,180000,0,0,0,0,0,-2,0.0,1500,2000,2000,0,0,0,15288,16534,18100,19900,-100,-100,0.0
27997,0,0,-1,180000,-2,-2,-2,-2,-2,-2,0.0,1771,1571,0,4775,0,0,4522,1763,1571,0,4775,0,-2.0
15450,0,0,-1,150000,0,0,0,0,0,0,0.0,3000,60086,2000,2000,5000,6000,51568,52952,95134,31578,26089,16624,0.0
29033,0,0,-1,50000,0,0,0,0,0,0,0.0,2000,1306,1206,1000,697,532,21956,20439,20691,17081,16234,16330,0.0
19061,1,0,-1,50000,0,0,-1,-1,-1,-1,0.0,1028,3423,2005,501,0,0,7439,8280,3403,1999,500,0,-1.0
17112,0,0,-1,20000,1,2,0,0,0,-2,1.0,0,1500,1000,0,0,0,20224,19210,19327,20000,0,0,0.0
8907,0,0,-1,200000,-1,0,-1,0,-1,-1,0.0,39100,38759,102,17868,25125,35031,8143,39869,38685,22125,17778,24354,-1.0
24309,0,0,-1,420000,-2,-2,-2,-2,-2,-2,0.0,3010,3035,3029,3637,3222,3025,3542,2967,2977,2987,3624,3165,-2.0
13707,0,0,-1,50000,0,0,0,0,0,0,0.0,1700,2156,1200,1010,1400,970,45404,38383,39851,27258,27679,28619,0.0
17937,0,0,-1,50000,0,0,0,0,0,0,0.0,2314,2261,2500,2000,2000,1500,49473,48970,46220,47459,27056,28452,0.0
3328,1,0,-1,500000,-2,-2,-2,-1,0,-1,0.0,2000,5000,37223,0,80583,10155,17496,1001,15782,29251,20095,77684,-2.0
6979,0,1,1,170000,-1,2,2,-1,-1,-1,2.0,0,0,499,724,390,424,998,998,0,499,724,390,-1.0
25071,0,0,-1,240000,0,0,0,0,0,0,0.0,9500,11217,4855,4000,3200,3000,234984,234559,240896,135900,135853,127777,0.0
7307,0,0,-1,80000,0,0,0,0,0,0,0.0,4424,1600,0,1500,1500,1500,64596,64871,61000,48300,47300,3500,0.0
28837,0,0,-1,250000,0,0,0,0,0,0,0.0,6150,6235,80000,923,70069,12500,277822,255167,233029,279256,46144,85984,0.0
10758,0,0,-1,230000,-1,-1,-2,-2,-2,-2,0.0,0,0,0,0,0,0,10000,0,0,0,0,0,-2.0
211,0,0,-1,220000,0,0,0,-1,-1,-1,0.0,5000,5050,8303,0,85632,0,105607,108917,111520,8303,0,85632,0.0
27455,0,0,-1,50000,1,2,0,0,0,0,1.0,0,2200,2000,1000,2000,2000,47360,45915,46686,47084,14253,15479,0.0
14529,0,0,-1,180000,0,0,0,0,0,0,0.0,3507,3201,3200,3500,4000,3704,120583,97341,87773,89547,91639,93991,0.0
19994,0,0,-1,250000,-1,-1,-2,-2,-1,0,0.0,0,0,0,3000,0,3212,1104,0,0,0,3000,1500,-1.0
1241,0,0,-1,500000,-1,-1,-1,-1,-1,-2,0.0,94,39,44,0,0,790,140,94,39,44,0,0,-1.0
12439,0,0,-1,160000,-1,-1,-1,-1,-1,-1,0.0,3290,1140,559,2065,450,825,5256,3290,1140,559,2065,450,-1.0
22330,0,0,-1,110000,0,0,0,0,0,0,0.0,1772,1900,1815,2000,1500,2000,52426,45107,44310,34820,36005,25976,0.0
27495,0,1,3,10000,0,0,0,2,2,0,2.0,1276,2680,477,0,360,1000,7525,6952,9356,9533,9233,9295,0.0
16069,0,0,-1,160000,-1,-1,-1,-1,-2,-2,0.0,0,12548,0,0,0,0,3089,0,12548,0,0,0,-1.0
1484,0,0,-1,360000,-1,-1,-1,-1,-1,-1,0.0,389,1955,5316,2265,6594,2974,389,389,1955,5316,2265,6594,-1.0
25593,0,0,-1,360000,0,0,0,0,0,0,0.0,3389,3357,2973,2819,2468,2503,93431,93784,93753,87660,78206,70147,0.0
7450,0,0,-1,60000,0,0,0,0,0,0,0.0,1663,1983,1640,1542,1703,1758,38726,39764,41084,41741,42461,43457,0.0
22762,0,0,-1,180000,-2,-2,-2,-2,-2,-2,0.0,1679,2027,1774,11383,330,300,3010,1679,2027,1764,11383,330,-2.0
9645,0,0,-1,210000,-1,-1,-1,-1,-1,-1,0.0,1443,1443,1443,1443,1443,1443,1443,1443,1443,1443,1443,1443,-1.0
16028,0,0,-1,30000,1,2,0,0,0,0,1.0,0,1600,1500,1000,1720,0,25562,23250,23217,21295,19076,9292,0.0
13642,0,0,-1,50000,0,0,0,0,0,0,0.0,1070,1079,325,332,238,1180,2757,3776,4785,5031,5134,5138,0.0
5165,0,0,-1,80000,0,0,0,0,0,0,0.0,2129,2014,1985,3000,3001,2266,56373,57301,58017,56556,57890,58657,0.0
28886,0,0,-1,250000,-2,-2,-2,-2,-2,-2,0.0,0,0,0,0,0,0,331,0,0,0,0,0,-2.0
25337,0,0,-1,50000,0,0,0,0,0,0,0.0,2000,3000,2400,3023,5000,0,44402,44977,46546,46033,48656,41674,0.0
7173,0,0,-1,80000,0,0,0,0,0,-2,0.0,2000,2000,2000,0,0,0,36847,38847,35017,36175,0,0,0.0
172,0,0,-1,300000,-1,-1,-1,-1,-1,-1,0.0,3288,0,4340,2672,800,746,688,3280,0,4340,2672,800,-1.0
4496,0,0,-1,50000,0,0,0,0,0,0,0.0,2068,1545,1171,1658,1321,0,48341,47465,47942,48418,49530,28085,0.0
21210,0,0,-1,250000,-1,-1,-1,-1,-1,-1,0.0,29658,23938,8220,0,8420,0,2395,29636,23850,8220,0,8420,-1.0
23925,0,0,-1,420000,0,0,0,0,0,0,0.0,16117,20516,7092,6019,4636,5570,392639,397332,376317,214062,164003,162836,0.0
24223,0,0,-1,500000,0,0,0,0,0,-1,0.0,10558,7410,3068,94,106476,152,331751,254846,162969,142735,76989,106476,0.0
10970,0,0,-1,110000,0,0,0,0,0,0,0.0,5836,5780,5000,4206,5000,5000,116292,118781,121030,119267,116142,113887,0.0
22313,0,0,-1,300000,0,0,0,0,2,0,1.0,11000,11000,17000,0,7000,12000,251986,231773,225295,236540,168519,172674,0.0
29785,0,0,-1,210000,-1,-1,2,-1,-1,-1,1.0,2488,0,2048,740,740,740,1748,2488,740,2048,740,740,-1.0
6500,0,0,-1,140000,0,0,0,0,2,0,1.0,7200,19000,10400,0,4931,9100,141057,144306,141949,141345,136379,126211,0.0
19933,0,0,-1,120000,0,0,0,0,0,0,0.0,2574,2816,3200,2911,1800,2000,71199,71993,73652,75482,76686,47781,0.0
4416,0,0,-1,170000,-1,-1,-1,0,0,-2,0.0,390,780,0,0,0,0,390,390,780,780,0,0,-1.0
19814,0,0,-1,20000,0,0,2,0,0,0,1.0,2600,0,1300,1000,286,505,6667,8989,8685,7698,8425,7900,0.0
26101,0,0,-1,260000,0,0,0,0,0,0,0.0,6107,6501,6005,5805,5909,6106,182249,181433,180660,179052,177072,175285,0.0
10767,0,0,-1,80000,0,0,0,0,0,0,0.0,2619,2036,1215,1500,1504,1200,74380,68820,59079,30289,27415,28447,0.0
1138,0,0,-1,50000,0,0,0,0,0,0,0.0,1703,1306,810,1000,900,900,19339,20424,20086,18600,19153,19289,0.0
12016,1,1,1,100000,1,2,2,2,0,0,3.0,0,7400,0,3000,3100,3400,79695,77855,83945,81702,83232,84947,2.0
3815,0,0,-1,360000,-1,-1,-2,-1,0,0,0.0,0,0,685,0,845,53,249,0,0,685,685,1530,-1.0
25579,0,0,-1,260000,-2,-1,-1,-1,-1,-1,0.0,1316,2609,1017,1012,959,935,3821,1316,2609,1017,1012,959,-1.0
11751,0,0,-1,50000,0,0,0,-1,0,0,0.0,2329,2353,39886,704,730,656,59321,56454,53278,19437,19845,19911,0.0
20117,1,1,5,170000,0,0,0,0,0,2,1.0,5900,5800,6000,11600,0,9400,130668,121100,123414,114180,122332,120270,0.0
1165,0,0,-1,20000,-1,-1,-1,-1,-1,-1,0.0,0,390,390,780,0,0,780,0,390,390,780,0,-1.0
6790,0,0,-1,50000,0,0,0,0,0,0,0.0,1261,1200,300,300,287,297,46188,14082,15021,7696,7872,8028,0.0
12241,0,0,-1,320000,0,0,0,2,0,0,1.0,9703,20303,12,8303,10029,8010,271305,268368,275804,261312,245234,243238,0.0
3554,0,0,-1,40000,0,0,-1,-1,0,0,0.0,8040,4235,87230,3000,10000,4317,32228,38904,4235,87230,72647,65070,0.0
29289,0,0,-1,110000,0,0,0,0,0,0,0.0,2721,2422,1132,289,341,327,61167,60549,55400,10711,10868,11079,0.0
13907,0,0,-1,50000,0,0,0,0,-1,0,0.0,2055,1000,523,18868,806,968,50220,50756,49966,523,18450,18478,0.0
27944,0,0,-1,360000,-1,-1,-1,-1,-1,-1,0.0,0,502,0,1017,0,359,276,0,502,0,1017,0,-1.0
27913,1,0,-1,140000,0,0,0,0,0,0,0.0,5000,7027,6032,4000,8700,0,137789,135240,211542,132019,101731,108687,0.0
26877,0,0,-1,260000,0,0,-2,-2,-2,-2,0.0,0,0,0,0,0,0,34471,0,0,0,0,0,-2.0
10173,0,0,-1,410000,-1,-1,-1,-1,-1,-1,0.0,43821,16865,11100,16615,15866,1547,6578,43564,16813,11080,16595,15843,-1.0
2336,0,0,-1,50000,0,0,0,0,0,0,0.0,1815,2000,2000,1500,2000,1500,29719,30754,31939,33102,33918,35197,0.0
19525,0,0,-1,240000,0,0,0,-2,-2,-2,0.0,5000,0,0,0,0,0,24615,27500,0,0,0,0,0.0
9984,0,0,-1,130000,0,0,0,0,0,0,0.0,3500,2389,2368,5000,1964,1707,101885,72686,70672,64530,63041,56493,0.0
23889,0,0,-1,50000,0,0,0,-1,-1,-2,0.0,2400,0,3794,0,0,9551,50457,51400,0,3794,0,0,0.0
11650,1,0,-1,290000,-2,-2,-2,-2,-2,-2,0.0,4426,820,0,2653,0,0,730,4426,820,0,2653,0,-2.0
25153,0,0,-1,50000,0,0,0,0,0,0,0.0,4506,2000,2066,611,500,370,29875,30336,26635,20367,15640,12269,0.0
9634,0,0,-1,50000,0,0,0,0,0,0,0.0,2367,1606,1198,1196,343,154,46465,47776,47626,45227,29436,10363,0.0
29328,0,0,-1,90000,0,0,0,0,0,0,0.0,1600,2000,1600,1000,1000,1000,21506,18304,15783,16815,17236,17807,0.0
10319,0,0,-1,260000,-2,-2,-2,-2,-2,-2,0.0,7091,1555,37708,303,7500,0,1821,7091,1546,37708,4080,11036,-2.0
9619,0,0,-1,50000,0,0,0,0,0,-2,0.0,1618,1647,1050,0,0,0,45226,46080,32218,20650,0,0,0.0
5336,1,0,-1,50000,0,0,-1,-1,-1,-1,0.0,4158,3500,1000,1000,200,900,19926,21658,3445,99,949,137,-1.0
26601,0,0,-1,30000,0,0,-2,-2,-2,-2,0.0,0,0,0,0,0,0,41300,0,0,0,0,0,-2.0
22635,0,0,-1,50000,0,0,0,0,0,0,0.0,1800,1800,1800,1200,1300,1300,25184,26261,27334,28374,28804,29488,0.0
18233,0,0,-1,120000,0,0,0,0,0,-2,0.0,2144,1933,2400,0,0,0,68646,68784,49933,51400,0,0,0.0
11931,0,0,-1,10000,0,0,0,0,0,-2,0.0,1192,1000,162,0,0,0,7691,8107,8036,8099,0,0,0.0
22065,1,0,-1,140000,-1,-1,-1,-2,-2,-2,0.0,407,0,0,0,0,1260,389,403,0,0,0,0,-1.0
19540,0,0,-1,150000,-2,-2,-2,-2,-2,-2,0.0,2573,0,0,0,302,176,5596,2569,0,0,0,302,-2.0
6567,1,1,5,160000,0,0,0,0,0,2,1.0,1200,1036,309,500,0,1000,30414,24158,10091,5905,6210,4302,0.0
7838,0,0,-1,290000,0,0,0,-1,-1,-1,0.0,2000,1399,22468,164791,9672,18889,63584,28972,10772,22463,164570,9672,0.0
16474,0,1,3,110000,0,0,0,2,2,0,2.0,4700,11500,3925,0,5000,4100,101084,103476,111998,112290,106721,107636,0.0
762,0,0,-1,140000,-1,-1,-2,-1,-1,-2,0.0,0,0,233,0,0,0,197,0,0,233,0,0,-1.0
23613,0,0,-1,310000,0,0,0,0,0,0,0.0,11080,8054,7037,2010,50186,2011,270776,263983,215686,186680,82775,107595,0.0
4302,1,1,1,150000,1,2,2,0,0,0,2.0,4800,0,1240,1200,1200,1300,108784,110405,106317,30906,31457,32134,0.0
7901,0,0,-1,210000,-1,-1,-1,-1,-1,-1,0.0,560,5287,2000,900,406,900,12555,560,5287,2000,900,406,-1.0
11016,0,0,-1,70000,0,0,0,0,0,0,0.0,1888,1225,856,6000,1097,604,43050,43410,36226,29369,25873,26101,0.0
3630,0,0,-1,120000,0,0,0,0,0,0,0.0,1988,18000,1857,1723,2075,1500,40538,41870,58882,59862,51172,52533,0.0
1910,0,0,-1,80000,0,0,0,0,0,0,0.0,1500,1700,1000,1000,1000,1500,26524,23224,23141,22160,21478,20441,0.0
9658,0,0,-1,80000,0,0,0,0,0,0,0.0,2000,2490,1522,1100,960,988,39115,40176,39681,29213,25356,22723,0.0
19255,1,0,-1,300000,-1,-1,-1,-1,-1,-1,0.0,4790,6462,456,0,14447,9196,6192,4784,6462,456,-2056,5251,-1.0
29770,0,1,5,160000,0,0,0,0,0,2,1.0,3579,3500,2000,2000,0,1000,94041,54835,46575,7169,9036,8749,0.0
24089,0,0,-1,110000,0,0,0,0,0,0,0.0,4000,4000,4100,3000,3000,3000,107800,105820,104780,98139,72176,74011,0.0
10215,0,0,-1,70000,0,0,0,0,0,0,0.0,3300,3100,2800,2600,2940,3000,68532,69475,69582,69589,68728,69304,0.0
842,0,0,-1,350000,0,0,0,0,0,0,0.0,3039,2047,1750,1703,1721,784,67648,68557,63179,57987,53948,39965,0.0
12651,0,0,-1,500000,0,0,0,0,0,0,0.0,3627,3059,2670,2331,2406,1645,105587,105478,100026,86265,67539,53676,0.0
23396,0,0,-1,70000,0,0,0,0,0,-2,0.0,5336,1268,1052,0,0,0,54801,52714,18596,9760,0,0,0.0
10953,0,0,-1,340000,0,0,0,0,0,0,0.0,25034,11000,10000,10000,10000,10000,325371,326867,322454,275928,264601,265494,0.0
16472,0,0,-1,200000,0,0,0,0,0,0,0.0,4000,3455,5000,10000,2500,2231,101986,97680,94125,89550,98565,54370,0.0
26226,0,0,-1,280000,0,0,0,0,0,0,0.0,5600,5400,5006,3250,3400,3500,123997,126272,126953,106551,99592,100607,0.0
19481,0,0,-1,60000,0,0,0,-1,0,0,0.0,1619,1429,31426,969,998,1545,50615,50200,19567,29035,27762,27740,0.0
6131,0,0,-1,480000,0,0,0,0,0,0,0.0,2548,2602,2618,2709,2800,6098,69046,70490,71931,73362,74897,76461,0.0
14841,0,0,-1,360000,0,0,2,0,0,-1,1.0,2505,5,12,0,2227,0,6287,3580,2224,1206,-11,2216,0.0
27426,1,0,-1,350000,0,0,-1,0,-1,-1,0.0,1000,32597,1000,16666,32809,526,32596,16666,32597,16666,16666,32809,0.0
3224,1,0,-1,30000,-1,-1,-2,-1,-1,-2,0.0,0,0,2779,0,0,0,1743,0,0,2779,0,0,-1.0
13569,0,0,-1,50000,0,0,0,0,0,0,0.0,21190,5144,591,577,609,505,30211,48389,52230,18887,17693,18074,0.0
5962,0,0,-1,180000,0,0,0,0,0,0,0.0,1800,1500,1056,950,1000,1050,26000,26310,26662,26166,26176,25442,0.0
3141,1,1,1,20000,1,2,2,2,0,0,3.0,0,3000,0,1000,3000,2000,18718,18132,19530,18950,16510,19386,2.0
7521,0,0,-1,400000,0,0,0,0,0,0,0.0,44776,1502,2026,1015,52100,5101,176294,190256,89128,39276,23440,59922,0.0
7501,0,0,-1,500000,-1,-1,2,-1,-1,-1,1.0,3678,6,1162,1133,1010,5,17144,2447,1221,1157,1133,2107,-1.0
13066,0,0,-1,80000,0,0,0,0,0,0,0.0,3077,2291,1723,1775,1802,1763,79194,80575,76782,48643,49263,49869,0.0
12876,1,0,-1,10000,-1,2,-1,-1,-1,-2,1.0,0,390,780,0,0,0,780,390,390,780,0,0,-1.0
5068,1,1,5,50000,0,0,0,0,0,2,1.0,1400,1360,810,2900,0,1100,20831,21592,22571,23024,25567,24463,0.0
14367,1,0,-1,130000,-1,-1,-1,0,-1,-1,0.0,0,582,0,441,441,291,582,0,582,291,441,441,-1.0
6669,0,0,-1,50000,0,0,0,0,0,0,0.0,3000,2500,1985,1163,1256,1316,42257,44243,64104,33406,34104,34869,0.0
510,0,0,-1,120000,-1,-1,-2,-1,-1,-2,0.0,0,0,10446,0,0,0,884,0,0,10446,0,0,-1.0
2833,0,0,-1,50000,0,0,0,0,0,0,0.0,1300,1034,0,1200,0,0,11787,9720,8613,5173,5593,0,0.0
5684,0,0,-1,50000,0,0,0,0,0,0,0.0,1321,1278,638,654,659,557,18599,18598,18835,18475,18135,17777,0.0
9855,0,0,-1,200000,-1,-1,-1,-1,-1,-1,0.0,1173,912,1140,293,0,308,2147,1173,912,1140,293,0,-1.0
28254,0,0,-1,50000,0,0,0,0,0,0,0.0,2300,2210,3300,1910,1530,1600,51023,51019,50951,50818,40453,37862,0.0
4346,0,0,-1,160000,0,0,0,0,0,-2,0.0,3700,1700,2000,0,0,0,78592,80240,39835,41150,0,0,0.0
29353,1,0,-1,90000,0,0,2,0,0,0,1.0,4400,0,1400,1000,1000,1000,15940,19742,19137,20212,20874,21387,0.0
367,0,0,-1,50000,0,0,0,0,0,0,0.0,3000,2237,975,1000,2000,1039,47166,49396,50476,23319,23171,24774,0.0
1573,0,0,-1,110000,0,0,0,2,0,0,1.0,3700,4890,0,1535,1545,1500,84589,85418,38333,37419,38199,38957,0.0
29614,0,0,-1,200000,0,0,0,0,0,0,0.0,7004,10061,7071,6514,7081,10121,192257,192560,198501,194782,191172,193267,0.0
12022,1,1,1,80000,1,2,2,2,2,2,5.0,0,1200,0,1411,0,390,13701,13034,4119,2705,2855,1411,2.0
27626,0,0,-1,50000,-1,-1,-2,-1,-1,0,0.0,0,0,51400,11330,1000,1000,594,0,0,51400,11330,12144,-1.0
9510,0,0,-1,70000,0,0,0,0,0,0,0.0,1789,1500,1089,1130,1150,1200,63441,29091,29802,30395,31034,31668,0.0
27524,1,0,-1,200000,2,-1,-1,-1,-1,-1,1.0,2522,1261,0,1261,0,5242,206,2522,1261,0,1261,-1261,-1.0
12246,0,0,-1,50000,0,0,0,0,0,0,0.0,1792,1790,1800,2000,1835,3628,46337,47384,48382,49392,50608,50722,0.0
15045,0,0,-1,390000,0,0,0,0,0,0,0.0,5000,20000,5006,5006,5008,3004,24297,28804,43996,47532,49414,51380,0.0
17193,0,0,-1,200000,-1,-1,-1,0,-1,0,0.0,37465,21321,1200,27761,5548,30966,9383,37303,21244,7422,27761,21715,-1.0
8367,0,0,-1,150000,0,0,-2,-2,-2,-2,0.0,0,0,0,0,0,0,15447,0,0,0,0,0,-2.0
18457,0,0,-1,130000,-1,-1,-1,-1,0,0,0.0,0,382,2898,1900,500,500,3359,-191,191,2898,4728,5149,-1.0
22483,0,0,-1,80000,-1,-1,-1,-1,-1,-1,0.0,6259,1393,1627,5189,10747,4412,2226,6259,1393,1627,5189,10747,-1.0
28440,0,0,-1,80000,0,-1,-1,-1,-1,-1,0.0,1945,2587,2108,1936,2071,0,33058,1945,2587,2108,1921,2071,-1.0
27761,0,0,-1,80000,0,0,0,0,0,0,0.0,3000,3010,2700,2300,2500,2000,79986,80012,78748,76722,70370,64510,0.0
416,0,0,-1,50000,-1,-1,-1,-2,-2,-2,0.0,5000,0,0,0,0,640,22500,5000,0,0,0,0,-1.0
6560,1,0,-1,230000,0,0,0,0,0,0,0.0,2500,3000,3000,1500,1500,2000,57259,46226,36089,34158,22872,22592,0.0
586,0,1,5,20000,0,0,0,0,0,2,1.0,1600,1300,600,1600,0,800,14603,15661,16394,16723,18056,17618,0.0
7557,0,0,-1,20000,0,-1,0,0,0,0,0.0,832,1000,900,500,0,0,12755,832,2800,1231,1052,0,0.0
3539,1,0,-1,260000,-2,-2,-2,-2,-2,-2,0.0,3786,1451,2424,2050,3187,1972,5912,3768,1444,2402,2040,3172,-2.0
27145,0,0,-1,160000,0,0,0,0,0,0,0.0,7650,6300,4800,3800,4600,4300,152240,152159,154523,156121,118248,119911,0.0
15474,0,0,-1,360000,0,0,-2,-2,-2,-2,0.0,0,0,0,0,0,0,12768,0,0,0,0,0,-2.0
4477,0,0,-1,300000,0,0,0,0,0,0,0.0,3000,3000,3000,3000,3000,3000,62296,64460,56439,53637,55981,58270,0.0
19734,0,0,-1,170000,-1,-1,-1,-1,-1,-1,0.0,10539,2087,6720,23000,0,44400,13451,10539,2087,6720,23000,0,-1.0
29672,0,0,-1,20000,0,0,0,0,0,0,0.0,2000,2000,2000,2000,2000,2000,14320,14595,16350,17322,18319,19297,0.0
24378,0,0,-1,170000,0,0,0,0,0,0,0.0,2486,2430,2224,1957,1917,3000,91289,74457,64374,63936,60750,54248,0.0
15049,0,0,-1,340000,0,-1,-1,-1,2,-1,1.0,15074,528,15303,13,3615,6765,13454,14544,-2429,10300,3630,3577,-1.0
2768,1,0,-1,80000,0,0,0,0,0,0,0.0,5501,3450,3000,3059,2915,2758,81908,83597,157646,79061,79834,81257,0.0
24213,0,0,-1,250000,-2,-1,-1,-2,-2,-2,0.0,2549,1715,8042,4023,9167,3036,4003,2527,1652,7734,3337,7866,-2.0
23479,0,0,-1,110000,-1,0,0,0,0,0,0.0,12000,5000,3000,3000,2000,1000,3610,15427,19563,21994,21994,8391,0.0
8813,1,0,-1,70000,-1,-1,-1,-1,-1,-1,0.0,2431,1261,2431,904,2191,0,1261,2041,1261,2431,904,1801,-1.0
25600,0,0,-1,20000,-1,-1,-1,-1,-1,0,0.0,350,400,400,800,0,390,390,350,360,370,780,390,-1.0
11505,0,0,-1,50000,0,0,0,0,0,-2,0.0,1155,1000,73,0,0,0,9659,10610,6525,3660,0,0,0.0
8362,1,0,-1,20000,0,0,2,0,0,0,1.0,3000,0,850,920,750,300,19468,20844,19362,19402,19607,19821,0.0
4108,1,1,5,290000,0,0,0,0,0,2,1.0,6820,8500,7020,15000,8000,0,183800,187658,193030,195356,207180,211614,0.0
23003,0,0,-1,60000,-1,-1,-2,-2,-2,-2,0.0,22,10785,0,0,0,0,728,0,0,0,0,0,-2.0
29187,0,0,-1,80000,0,0,0,2,0,0,1.0,2505,3745,0,1571,2627,1662,60588,61369,44810,43766,44636,93074,0.0
7910,0,0,-1,50000,0,0,0,0,0,0,0.0,1936,3654,1038,1222,1217,946,47860,47294,45136,29378,29750,30327,0.0
23722,0,0,-1,260000,0,0,0,0,0,0,0.0,10000,11000,13067,10003,8000,11488,258885,261183,262546,238614,195149,195771,0.0
16808,1,0,-1,110000,0,0,0,0,0,0,0.0,3938,5720,3078,2000,2000,2000,110721,111242,105199,104587,49001,45093,0.0
25759,0,0,-1,270000,0,0,0,0,0,0,0.0,10000,13000,12000,5000,4000,5000,322249,298700,308133,263516,94062,92618,0.0
18854,0,0,-1,80000,0,0,0,2,0,0,1.0,5000,6100,0,3000,3000,3000,69589,72802,77106,74420,76220,77877,0.0
15168,0,0,-1,50000,0,0,0,0,0,0,0.0,1500,1500,1100,1466,5556,598,40760,39660,23203,18983,13466,18878,0.0
4054,1,0,-1,50000,0,0,0,0,0,0,0.0,1697,1118,285,299,1110,40207,47445,37395,9858,8536,9674,9591,0.0
4453,0,0,-1,50000,0,0,0,0,0,0,0.0,3000,2000,2000,2000,2000,840,12814,15588,17321,19026,20714,22210,0.0
4958,1,0,-1,60000,0,0,0,0,2,0,1.0,5000,8000,3000,0,3000,3000,14853,19589,27176,29712,29099,31601,0.0
28498,0,0,-1,330000,0,0,0,0,0,0,0.0,1574,1640,3000,3000,4016,2049,46348,37052,36228,37833,37694,41269,0.0
19025,0,0,-1,230000,0,0,-2,-2,-2,-2,0.0,0,0,0,0,0,0,23758,0,0,0,0,0,-2.0
9058,0,0,-1,80000,-1,-1,-1,-2,-2,-2,0.0,2856,0,0,0,0,0,3072,2856,0,0,0,0,-1.0
3180,0,0,-1,500000,-2,-2,-2,-2,-2,-2,0.0,9983,13587,10000,10000,10000,25304,11354,9983,13570,10000,10000,10000,-2.0
28703,0,1,1,260000,1,2,2,2,0,0,3.0,3000,2800,0,2500,4000,4000,58261,59706,60969,59400,60315,63230,2.0
20498,1,1,1,20000,1,2,2,0,0,0,2.0,1200,0,1200,1000,500,500,6962,7898,7626,8692,9541,9885,0.0
28977,0,0,-1,150000,-2,-2,-2,-2,-2,-2,0.0,101,0,0,0,399,0,1923,101,0,0,0,399,-2.0
11047,0,0,-1,410000,-1,-1,-2,-2,-2,-1,0.0,0,0,0,0,18000,0,99687,0,0,0,0,18000,-1.0
4262,0,0,-1,30000,0,0,2,0,0,0,1.0,4664,0,994,1047,1412,756,27284,29001,28201,28763,29383,28987,0.0
873,0,0,-1,500000,-2,-2,-2,-2,-2,-2,0.0,8351,2340,2340,11435,189,5391,13655,8351,2340,2340,11435,189,-2.0
1662,1,0,-1,30000,-1,-1,-1,-1,-1,-1,0.0,223,223,223,223,675,10473,223,223,223,223,223,675,-1.0
29773,0,0,-1,250000,0,0,0,0,0,0,0.0,7127,7335,8871,8055,8426,5208,209263,199834,200957,205454,205710,210115,0.0
12471,0,1,1,60000,1,2,2,0,0,0,2.0,1500,0,1000,2000,1000,1500,7169,8396,8113,8971,10824,11646,0.0
1396,0,0,-1,330000,-2,-2,-2,-2,-2,-2,0.0,0,0,0,29221,3194,0,1663,0,0,0,29221,3194,-2.0
20740,0,0,-1,240000,-1,0,0,0,0,0,0.0,6581,6881,7181,7281,6638,6881,178911,182510,186450,190523,194405,182630,0.0
804,0,0,-1,230000,-1,-1,-1,-2,-2,-2,0.0,6666,0,0,0,0,0,6666,6666,0,0,0,0,-1.0
23570,0,0,-1,500000,-2,-2,-2,-2,-2,-2,0.0,0,0,989,0,0,880,747,0,0,989,0,0,-2.0
9302,1,0,-1,70000,1,2,0,0,0,0,1.0,0,1600,3000,3000,2000,1420,31919,31123,32203,34656,36927,38308,0.0
20326,0,0,-1,80000,0,0,0,0,0,0,0.0,1600,1514,1505,1005,2026,2000,79816,29536,28870,25049,23881,23668,0.0
7650,0,0,-1,150000,-1,-1,-1,-1,-1,-1,0.0,32400,13181,2020,7790,0,0,10086,32353,13181,2010,7790,0,-1.0
6416,0,0,-1,80000,0,0,0,0,0,0,0.0,2022,1711,1584,1576,1690,1285,52690,51560,51047,48260,46198,43253,0.0
20386,0,0,-1,30000,1,2,0,0,0,0,1.0,0,2033,1420,0,92,0,30391,29144,30419,30097,25887,25707,0.0
25716,0,0,-1,110000,0,0,0,0,0,0,0.0,1500,1706,55000,3200,3300,3300,28969,29568,30379,84257,84762,86139,0.0
29288,0,1,2,60000,0,0,2,2,0,0,2.0,6000,1800,0,600,1000,300,56473,61514,61748,58583,28301,29301,0.0
13663,0,0,-1,100000,0,0,0,0,0,0,0.0,3181,2628,2640,2897,3600,2500,70113,71567,72410,73846,75556,77742,0.0
7281,0,0,-1,420000,0,0,0,0,0,0,0.0,3002,2200,1700,1800,1700,1500,63715,62201,56125,49114,47563,45829,0.0
17906,0,0,-1,50000,0,0,0,0,0,-2,0.0,2000,2000,1000,0,0,0,26666,21062,6495,2207,0,0,0.0
12440,0,0,-1,60000,0,0,0,0,0,0,0.0,2000,1400,1000,1000,1000,1000,15592,16643,15557,15526,16273,17001,0.0
20513,0,0,-1,200000,0,0,0,0,0,0,0.0,7565,9593,6919,5666,4686,4500,202591,202924,204693,195319,193566,182175,0.0
13245,0,0,-1,220000,-1,0,-1,-1,-1,-2,0.0,1089,7161,4072,2613,10322,511,30038,22411,7141,3070,2609,10273,-1.0
19504,0,1,5,300000,0,0,0,0,0,2,1.0,5000,4500,5000,8000,0,4000,87540,89792,91558,93741,99802,97711,0.0
4003,1,0,-1,200000,0,0,0,0,0,0,0.0,8500,6000,4000,25000,50000,70000,199891,198608,115177,116226,139737,187728,0.0
24780,0,0,-1,110000,0,0,0,0,0,0,0.0,3759,3409,2905,2778,2862,3500,103750,102437,97005,83998,79376,79816,0.0
26671,0,0,-1,70000,0,0,0,0,0,-2,0.0,2500,7500,3182,25200,102000,12152,60719,61607,68091,69028,-61372,79256,0.0
11955,1,0,-1,150000,0,0,0,0,0,0,0.0,3003,2503,1880,1875,2666,1396,79426,71364,71219,56277,54231,55243,0.0
6451,0,0,-1,50000,0,0,0,0,0,0,0.0,5012,3000,3548,2500,2000,2000,33713,34437,28709,28386,28361,28449,0.0
13283,0,1,1,110000,1,2,2,0,0,0,2.0,3000,31,3000,1500,2000,1000,60491,61874,56386,44181,35538,25417,0.0
20720,0,0,-1,50000,0,0,0,0,0,0,0.0,4500,4000,3000,2500,4000,2500,44036,35498,33043,25556,24389,25436,0.0
5276,0,0,-1,80000,0,0,0,0,0,0,0.0,2731,2058,1700,1565,1730,1812,66484,59837,53367,48154,43214,44229,0.0
15937,0,0,-1,130000,0,0,0,-1,-1,-1,0.0,5026,5000,21000,858,2160,200,49363,47432,94050,21000,858,2160,0.0
28312,0,0,-1,100000,0,0,0,2,0,0,1.0,4017,7121,94,2408,2513,2716,87181,84668,83898,77260,68173,66682,0.0
18587,0,0,-1,80000,-2,-2,-2,-2,-2,-2,0.0,390,390,390,390,930,0,390,390,390,390,390,930,-2.0
22144,0,0,-1,140000,0,0,0,0,0,0,0.0,3713,3546,2589,1960,1733,1379,129289,90352,85052,65758,46847,39777,0.0
7964,0,0,-1,160000,-1,-1,-1,-1,-1,-1,0.0,766,762,762,762,762,762,1672,766,762,762,762,762,-1.0
23327,0,0,-1,260000,0,0,0,0,0,-1,0.0,5000,6000,5020,81569,331788,10002,122825,88273,91908,90857,-81334,142645,0.0
18252,0,0,-1,150000,0,0,0,0,0,0,0.0,18000,12370,6552,6936,395,0,227634,356216,247706,239805,242653,39496,0.0
25240,0,0,-1,50000,0,0,0,0,0,0,0.0,1985,2316,1850,1500,1200,5196,50870,49831,47162,47696,36476,32654,0.0
10318,0,0,-1,70000,0,0,0,0,0,0,0.0,3768,2699,2660,2879,2568,2570,66681,68768,69699,69484,71067,67568,0.0
15188,0,0,-1,160000,-1,2,-1,2,-1,-1,2.0,0,632,0,316,632,0,2227,316,632,316,316,632,-1.0
7809,0,0,-1,50000,0,0,0,0,0,0,0.0,2000,2000,1000,1000,1000,1000,47863,48261,19258,19268,19040,19555,0.0
9040,0,0,-1,170000,-2,-2,-2,-2,-2,-1,0.0,4944,28144,1883,27938,14832,0,10309,4944,28144,1883,27938,14832,-2.0
14134,0,0,-1,200000,-1,-1,-1,-1,-1,-1,0.0,12453,21957,12474,17811,12500,0,12716,12453,21910,12474,17785,12500,-1.0
26454,1,0,-1,50000,0,0,0,0,0,-2,0.0,2500,2428,1423,0,0,0,73302,65931,58773,58918,0,0,0.0
8418,0,0,-1,230000,0,0,0,0,0,0,0.0,1646,1017,214,406,412,1420,35289,27678,13800,10238,6968,4704,0.0
23116,0,0,-1,30000,0,0,0,0,0,0,0.0,1500,1695,2000,2000,2000,0,29851,30451,28115,23092,24829,10400,0.0
19193,0,0,-1,200000,-2,-2,-2,-2,-2,-2,0.0,2772,2571,2571,2571,2571,2571,2571,2772,2571,2571,2571,2571,-2.0
18667,0,0,-1,50000,-1,-1,-2,-2,-2,-2,0.0,0,0,0,0,0,0,2332,0,0,0,0,0,-2.0
19510,0,0,-1,400000,-1,-1,0,-1,-1,-2,0.0,28204,33716,37400,1408,4869,5539,27035,28119,31166,35238,1408,4869,-1.0
27706,0,0,-1,130000,0,0,-1,0,0,0,0.0,4139,137549,3519,1180,0,0,135466,126091,128636,103400,40638,11104,0.0
16618,0,0,-1,310000,-1,-1,-1,-1,-1,-1,0.0,1217,31967,1796,1936,556,15664,124793,1210,31635,1788,1927,553,-1.0
21333,0,0,-1,150000,-2,-2,-2,-2,-2,-2,0.0,2616,4097,3371,8923,13919,8227,5066,2616,3766,3289,8356,10916,-2.0
9879,0,0,-1,170000,-1,-1,-1,-1,-1,0,0.0,861,3761,1495,1939,0,10613,897,861,3749,1487,1939,588,-1.0
25075,0,0,-1,30000,0,0,0,0,0,0,0.0,1783,1774,1710,1046,1079,1089,26846,27879,28870,27806,25142,25667,0.0
18044,0,0,-1,50000,0,0,0,0,0,0,0.0,4000,4695,2300,2500,2000,3000,50677,76727,78937,50205,30506,29860,0.0
8703,0,0,-1,220000,0,0,0,0,0,0,0.0,6500,4700,5000,5000,5000,10000,144544,137465,134420,132066,131319,130478,0.0
15417,0,0,-1,350000,-2,-2,-2,-2,-2,-1,0.0,7619,5875,4020,33127,6877,0,36138,7613,5875,4020,33127,6877,-2.0
20363,1,0,-1,100000,0,0,0,0,0,0,0.0,10184,20000,5150,5000,10000,10000,99516,87274,96414,74161,45585,40178,0.0
1256,0,0,-1,70000,1,2,0,0,0,0,1.0,0,3005,2546,2602,2430,2659,68970,67308,68582,68361,68060,68223,0.0
2612,0,0,-1,10000,0,0,0,0,0,0,0.0,1384,1000,196,200,0,0,9576,9028,9644,9790,9990,0,0.0
6647,0,0,-1,140000,0,0,0,0,0,0,0.0,6696,5000,4866,5300,5055,5000,130767,134946,130470,132038,131961,124256,0.0
27645,0,0,-1,130000,0,0,0,0,0,0,0.0,3000,3001,3000,2500,2200,2200,66072,68223,70638,72955,74877,76334,0.0
16922,0,0,-1,200000,0,0,0,0,0,0,0.0,6177,8982,6758,6257,6633,6115,169287,172655,178858,180101,173138,176920,0.0
7953,0,0,-1,120000,0,0,0,0,0,0,0.0,5000,3000,2000,2000,1500,1500,77413,70630,61181,52187,49327,41096,0.0
28760,0,0,-1,200000,0,0,0,0,0,0,0.0,3000,2000,5000,2000,1000,2000,15126,14633,14918,16992,8967,8494,0.0
12566,0,0,-1,120000,0,0,0,-2,-2,-2,0.0,2500,0,0,0,0,0,79172,61300,0,0,0,0,0.0
4502,1,0,-1,180000,0,0,0,0,-1,-1,0.0,2000,1200,2000,21866,0,0,4524,6435,6894,8292,21866,0,0.0
26939,1,0,-1,20000,0,0,0,0,0,0,0.0,1500,1500,1500,1500,3000,13500,11849,13144,14429,15659,16959,-41,0.0
8413,0,0,-1,30000,0,0,0,0,0,0,0.0,1520,1339,852,2067,1400,100,26757,26831,26620,26134,26865,25752,0.0
27183,0,0,-1,120000,0,0,0,0,0,0,0.0,12000,5024,5000,5000,4000,5000,45375,52437,50473,45087,35424,31760,0.0
2031,0,0,-1,500000,0,0,0,0,0,0,0.0,15000,15000,20000,10000,10000,10000,358020,360047,369045,382231,204593,211655,0.0
19532,0,0,-1,320000,-1,-1,-1,-1,-1,-1,0.0,534,2709,0,7779,0,417,57593,534,2709,0,7779,0,-1.0
14778,0,0,-1,90000,0,0,0,0,0,0,0.0,3000,3000,0,4500,0,3440,16977,19612,5613,5613,10113,10113,0.0
539,0,0,-1,50000,0,0,0,-2,-1,-1,0.0,1000,0,0,318,0,0,3257,4166,0,0,318,0,0.0
26866,1,1,1,140000,1,2,2,2,2,2,5.0,4100,3800,3500,3500,0,6900,86114,87896,89397,90514,91661,90100,2.0
17086,1,1,2,10000,0,0,2,2,2,0,3.0,2450,0,1800,0,500,600,6759,8925,8637,10277,9736,9704,0.0
24999,0,0,-1,30000,0,0,0,0,0,0,0.0,2000,3000,5000,3000,7000,1156,28486,28182,26168,23119,23268,29327,0.0
17910,1,1,2,20000,0,0,2,2,2,0,3.0,2850,0,2355,0,1000,900,14193,16489,15936,18015,17431,18000,0.0
140,0,0,-1,50000,0,0,0,0,0,0,0.0,2360,1700,1000,900,870,2130,50801,50143,49586,19430,19375,18995,0.0
20086,0,0,-1,80000,0,0,0,0,0,0,0.0,2700,2875,3000,3000,4000,2500,79967,75920,73968,71919,59894,59405,0.0
16851,0,0,-1,230000,-1,0,0,0,0,-1,0.0,10000,5000,16492,0,1056,326,11770,16479,20474,26492,326,1056,0.0
1659,0,0,-1,190000,-1,-1,-1,-1,-2,-1,0.0,0,4251,0,0,6732,11306,771,0,4251,0,0,6732,-1.0
9254,0,0,-1,240000,-1,-1,-1,-2,-1,-1,0.0,403,4838,4638,4661,2500,0,17882,367,-4661,-23,4638,2500,-1.0
4393,0,0,-1,20000,0,0,0,0,0,0,0.0,1593,1282,700,700,800,500,15760,17092,17781,17289,17710,18217,0.0
28654,0,0,-1,240000,0,0,0,0,0,0,0.0,23222,50192,10078,24694,28407,7458,61180,57174,73008,61310,39694,45301,0.0
27625,0,1,5,50000,0,0,0,0,0,2,1.0,2200,2600,2500,3800,2200,0,49593,49918,51402,49020,50679,51568,0.0
7613,0,0,-1,250000,0,0,0,0,0,0,0.0,2741,1741,1824,1942,2100,1366,62131,63238,51547,48483,49553,49683,0.0
15845,0,0,-1,50000,0,-1,-1,-1,-1,-1,0.0,1513,1246,1111,3018,5847,1273,2126,1513,1246,1111,3018,5847,-1.0
19897,0,0,-1,240000,0,0,0,0,0,-1,0.0,1133,1124,2000,728,24709,1972,18086,11226,7899,8072,728,24511,0.0
17441,1,0,-1,30000,0,0,0,0,-2,-2,0.0,12155,2000,1920,724,724,3294,17168,28655,29239,9435,724,724,0.0
26865,0,0,-1,250000,-1,-1,-1,-1,-1,-1,0.0,396,396,396,396,396,109,396,396,396,396,396,396,-1.0
18850,0,0,-1,200000,0,0,0,0,0,0,0.0,8031,55015,5327,5505,5525,6039,140407,142965,188990,188742,187267,190249,0.0
4104,0,0,-1,90000,0,0,0,0,0,0,0.0,3194,8823,0,7000,6660,10000,11181,11237,9442,5318,11928,15558,0.0
6171,0,0,-1,20000,0,0,0,0,0,0,0.0,1500,2579,1437,1314,1616,800,19961,16437,16579,17437,18314,19616,0.0
23485,0,0,-1,490000,0,0,0,0,0,0,0.0,19469,20000,12000,11000,10000,10000,470579,482733,492718,282450,287363,272578,0.0
14989,1,1,5,70000,0,0,0,0,0,2,1.0,1994,1709,1567,4000,1600,2000,40466,41805,42520,43378,46664,47341,0.0
28768,0,0,-1,160000,0,0,0,0,0,0,0.0,1206,1329,1098,374,400,364,13512,13453,13420,13873,13833,13818,0.0
29192,0,0,-1,200000,-2,-2,-2,-2,-2,-2,0.0,14304,29404,15825,6155,9955,19773,13765,14304,29399,15817,6155,9955,-2.0
5259,0,0,-1,250000,-1,-1,-1,-1,-1,-1,0.0,165,165,165,165,315,130,165,165,165,165,165,315,-1.0
771,0,0,-1,360000,-1,-1,-1,-1,-1,-1,0.0,15206,15032,9769,11114,8123,8736,10733,15206,15000,9744,11114,8123,-1.0
7210,0,0,-1,230000,0,0,0,0,0,0,0.0,2712,1551,95022,3015,3003,153001,55197,53593,53470,137734,135386,14718,0.0
7612,0,0,-1,80000,0,0,0,0,0,0,0.0,10000,1500,1000,1100,1041,1500,68085,70604,26890,27450,27634,28216,0.0
2553,1,0,-1,20000,0,0,0,0,0,0,0.0,1330,1170,500,420,397,221,15654,16425,17265,16647,12213,10998,0.0
24887,1,0,-1,110000,0,0,0,0,0,-1,0.0,4200,4306,1662,1170,60604,5000,108227,107529,108483,73177,51043,60581,0.0
13778,0,0,-1,50000,0,0,0,0,0,0,0.0,2839,1438,1159,1035,1196,1007,46801,38296,28923,29254,29313,29661,0.0
16412,0,0,-1,200000,0,0,0,0,0,0,0.0,5000,1155,1000,103,1000,109,14956,9023,4963,5418,5131,5741,0.0
29208,0,0,-1,160000,-1,0,0,0,-1,0,0.0,4000,3000,1000,2274,25456,4000,6760,7043,9499,2814,2174,26053,0.0
13943,0,0,-1,360000,-1,-1,-2,-1,-1,-2,0.0,0,0,764,0,2844,2219,7831,0,0,764,0,2844,-1.0
10954,0,0,-1,80000,0,0,0,0,0,0,0.0,2900,2340,2300,2289,2500,1551,83482,80406,71540,68325,65105,62011,0.0
24118,0,0,-1,500000,0,0,0,0,0,0,0.0,7036,20042,150122,75182,11486,11162,92442,96905,111219,251573,300336,269964,0.0
19058,1,0,-1,100000,1,2,0,0,0,0,1.0,0,4950,2400,1200,1400,1203,97271,88596,89218,63243,42510,41221,0.0
21299,0,0,-1,50000,0,0,0,-1,-1,0,0.0,8000,26390,390,430,350,3581,37624,44915,46665,390,430,390,0.0
9534,1,0,-1,30000,0,-1,2,0,0,0,1.0,2600,0,0,0,0,1000,1197,2536,1100,710,320,-70,0.0
11355,1,0,-1,20000,-1,-1,-1,0,0,-2,0.0,14745,900,0,0,0,0,12547,14699,900,900,0,0,-1.0
9558,0,0,-1,170000,-1,-1,-2,-2,-2,-2,0.0,0,0,0,0,0,0,1547,0,0,0,0,0,-2.0
15734,0,0,-1,20000,0,0,0,0,0,0,0.0,1500,1535,1000,1000,1000,0,19242,15014,13484,7612,8612,5007,0.0
24132,0,0,-1,60000,0,0,0,0,0,0,0.0,4041,2227,14682,1634,2024,978,55656,58740,59257,56229,46624,36594,0.0
28002,0,0,-1,150000,0,0,0,0,0,0,0.0,5200,7982,4500,4048,3800,3818,145138,140210,136196,105989,98836,94504,0.0
7679,0,0,-1,90000,0,0,0,0,0,0,0.0,2500,3000,3000,2000,3000,3000,43310,40275,37800,37323,34396,34938,0.0
5679,0,0,-1,150000,0,0,0,0,0,0,0.0,2000,1800,1800,1800,2000,1800,40548,41597,42405,43498,44596,45700,0.0
5524,0,0,-1,500000,-1,-1,-1,-1,-1,-1,0.0,5954,39373,4706,7259,35924,5750,3933,5924,39167,4683,7222,35746,-1.0
17408,0,0,-1,150000,0,-1,0,0,-2,-2,0.0,432,2000,0,0,0,5757,7674,432,2232,0,0,0,0.0
27251,0,0,-1,210000,0,0,0,0,0,0,0.0,4830,4700,4515,4426,4436,4765,154714,150011,139854,138054,136674,136196,0.0
15919,0,0,-1,130000,0,0,0,0,0,0,0.0,6300,4800,5000,4700,5000,5000,128319,131825,127949,129357,126999,126719,0.0
5134,0,0,-1,20000,0,0,0,0,0,-2,0.0,1418,1000,3144,0,0,0,16436,17584,18166,8190,8190,0,0.0
15280,1,1,1,20000,1,2,2,2,0,0,3.0,1000,1900,1000,1000,0,8119,10935,11456,13169,13656,14430,14200,2.0
13882,1,0,-1,90000,1,2,0,0,0,0,1.0,0,1500,550,529,531,550,9370,9078,10267,10350,10564,10771,0.0
2832,0,0,-1,110000,-1,-1,-1,-1,-1,-1,0.0,776,776,776,926,776,776,776,776,776,776,926,776,-1.0
18596,0,0,-1,20000,-1,-1,-1,-1,-1,-2,0.0,3773,10139,4830,0,0,1960,5103,3773,10132,4818,0,0,-1.0
28785,0,0,-1,260000,0,0,2,0,0,0,1.0,10000,0,3012,3000,3000,4000,131971,139305,89200,79702,79025,79997,0.0
20217,0,1,2,280000,-1,-1,2,2,-1,-1,2.0,2846,390,390,7531,1240,390,1890,2846,920,390,7531,1240,-1.0
23276,0,0,-1,500000,0,0,0,0,0,0,0.0,100000,50000,10012,50000,10000,10000,120452,190135,212134,201014,222520,208271,0.0
29230,0,0,-1,50000,0,0,0,0,0,0,0.0,1323,1654,1700,1500,1500,1000,18684,19690,21021,22067,22896,23873,0.0
927,0,0,-1,20000,0,0,0,0,0,0,0.0,1122,1500,291,302,304,319,5902,6767,8145,8153,8324,8490,0.0
22558,0,0,-1,80000,0,0,0,0,-2,-2,0.0,4000,4000,0,0,0,0,78374,80472,82150,0,0,0,0.0
21184,0,0,-1,100000,-1,0,0,0,0,0,0.0,10015,3018,10002,10007,5018,3438,6768,13054,10489,16146,25053,27671,0.0
26953,0,0,-1,310000,0,0,0,0,0,0,0.0,12000,12124,10300,8168,5500,3081,324628,305869,312567,291153,159545,97438,0.0
15484,0,0,-1,500000,-1,-1,-2,-2,-2,-2,0.0,0,0,0,0,0,0,2900,0,0,0,0,0,-2.0
17080,0,0,-1,100000,0,0,0,0,0,0,0.0,4000,3900,3000,2000,2000,2000,87987,86380,88597,84861,69750,47394,0.0
20183,0,0,-1,160000,-1,-1,-1,-1,-1,-1,0.0,34604,37836,47340,2473,4120,6302,15525,34585,37439,47340,2473,4120,-1.0
24226,0,0,-1,460000,0,0,2,0,0,0,1.0,5002,1,5002,1001,3,733,4533,9023,8317,12338,12744,12397,0.0
3007,0,0,-1,160000,0,0,0,0,0,0,0.0,7200,8000,5510,5800,6000,5500,156400,157923,158746,153208,154163,155344,0.0
20622,0,0,-1,200000,-1,-1,-1,-1,-1,0,0.0,8697,3439,12079,22219,185,12019,5868,8654,3408,12019,22169,7416,-1.0
19095,0,0,-1,20000,0,0,0,0,0,0,0.0,1263,1630,1529,1200,2000,742,19326,20240,17800,18699,17770,48321,0.0
29067,0,0,-1,30000,0,0,0,0,0,0,0.0,1500,1790,1440,1016,1055,1188,29261,29960,28316,28966,29542,30163,0.0
19197,0,0,-1,50000,-1,-1,-1,-1,-1,0,0.0,1625,3556,14010,3000,0,691,1460,1625,3505,12931,2972,1589,-1.0
6434,0,0,-1,20000,-1,-1,-1,-2,-1,-1,0.0,500,0,0,6360,11220,0,1925,500,0,0,6360,11220,-1.0
18902,0,0,-1,110000,0,0,0,0,0,0,0.0,6000,5500,5500,4500,4400,4400,112938,113331,108567,110772,111946,111853,0.0
6633,0,1,5,90000,0,0,0,0,0,2,1.0,2037,2055,2000,5913,0,2100,43314,44354,45372,46317,51292,50316,0.0
27970,0,0,-1,110000,0,0,0,0,0,0,0.0,3800,4000,4000,3400,3400,7000,79573,81449,83241,84960,86045,88060,0.0
13568,0,0,-1,240000,0,0,0,0,0,0,0.0,1868,1683,1500,5000,2606,5000,46746,36935,29718,22828,19808,12606,0.0
15553,0,0,-1,500000,0,0,0,0,0,0,0.0,17029,8014,14030,7012,16016,14004,16347,20496,14509,16910,10854,16809,0.0
21413,0,0,-1,180000,0,0,0,0,0,0,0.0,90402,100028,20000,26000,7000,6654,42086,96998,133743,135900,159631,160881,0.0
18708,0,0,-1,50000,1,2,0,0,0,0,1.0,0,1970,1827,1044,993,1999,41468,40507,41464,35334,26875,23338,0.0
12576,0,0,-1,140000,0,0,0,0,0,-1,0.0,3645,2322,387,1000,14300,2900,124722,77682,77870,19353,8966,14300,0.0
14227,1,1,5,20000,1,2,0,0,0,2,2.0,0,1400,1500,1500,1000,0,16981,16424,17242,18448,19495,20026,0.0
6255,0,0,-1,60000,0,0,0,0,2,0,1.0,2000,2000,2000,0,620,1710,12193,13983,15746,17486,17067,17255,0.0
28410,0,0,-1,80000,-1,-1,-1,-1,-1,-1,0.0,9295,2500,3045,1456,6541,0,3500,9295,2500,3045,1451,6541,-1.0
3417,0,0,-1,130000,0,0,0,0,0,0,0.0,6500,5000,5000,5000,6000,5000,125780,128768,130112,129785,121609,123586,0.0
28390,0,0,-1,210000,0,0,-1,-1,0,0,0.0,3000,4521,24000,10000,30000,6432,8420,8106,4168,23067,19972,45864,0.0
24050,0,0,-1,20000,0,0,0,0,0,0,0.0,1258,1404,1400,399,604,2500,19483,18956,18742,19738,15627,15753,0.0
6430,1,0,-1,10000,0,0,0,0,0,0,0.0,1305,1000,200,196,0,0,9042,10038,9784,9984,9780,0,0.0
1661,0,1,1,50000,1,2,2,2,0,0,3.0,2005,3900,0,2000,1900,1900,49003,49067,50498,47579,47567,48155,2.0
15098,0,0,-1,290000,0,0,0,0,0,0,0.0,11000,9500,4000,3003,2000,2000,215472,222699,213253,126952,103575,56564,0.0
26418,0,0,-1,240000,0,-1,0,0,0,0,0.0,238861,6678,7537,10555,5223,5829,52595,238861,198351,195242,187710,171828,0.0
7562,0,0,-1,70000,-1,-1,2,0,0,0,1.0,3010,0,875,600,1000,600,24336,25510,24726,25377,24818,14978,0.0
1136,0,0,-1,60000,0,0,0,0,2,0,1.0,3200,2535,2331,0,1073,2134,59643,61279,61017,30117,29526,29201,0.0
12461,0,0,-1,50000,0,0,0,0,0,0,0.0,1188,3000,176,169,300,1200,13572,10805,8623,8799,8468,8768,0.0
19939,0,0,-1,290000,0,0,0,0,0,0,0.0,1564,1594,1840,1378,1245,1388,36335,36085,35225,35711,35381,34468,0.0
27880,0,0,-1,150000,0,0,0,0,0,0,0.0,3183,3023,2549,2000,2000,2000,94062,65825,64041,60948,51510,46917,0.0
9240,0,0,-1,300000,-1,-1,-1,-1,-1,-1,0.0,0,6370,570,3749,1217,60959,3862,-3,6367,570,3749,127,-1.0
10639,0,0,-1,310000,0,0,0,0,0,0,0.0,6373,5600,5000,4500,3500,2816,203519,182513,161002,139275,120762,102598,0.0
5537,0,1,5,30000,0,0,2,0,0,2,2.0,1600,1000,1000,2000,0,1500,5807,7153,7877,8591,10302,10006,0.0
24573,0,0,-1,50000,0,0,0,0,0,0,0.0,2000,2005,1432,1008,3007,2003,52045,49714,50908,49756,27702,27429,0.0
23691,0,0,-1,500000,-2,-2,-1,-1,-1,-1,0.0,0,3609,4053,0,4487,638,1200,0,3609,4053,0,4487,-1.0
22902,0,1,3,30000,0,0,0,2,2,2,3.0,1240,3300,0,1548,0,637,13135,14150,17210,16636,17908,17482,0.0
1251,0,0,-1,270000,0,0,0,-1,-1,-1,0.0,9000,9348,10600,10300,9300,1000,225400,220202,215056,10506,10224,9233,0.0
5980,1,1,1,70000,1,2,2,2,2,2,5.0,1500,0,1355,0,2353,0,15932,16879,16315,17099,16683,18753,2.0
23586,0,0,-1,230000,-1,-1,-1,-1,0,0,0.0,7000,15000,29000,30000,0,5000,12731,6684,10834,28540,56660,46213,-1.0
5442,0,0,-1,360000,-2,-2,-2,-2,-2,-2,0.0,9548,11624,10070,5079,4086,1190,18186,7954,11609,10070,5079,4086,-2.0
3114,0,0,-1,220000,-1,0,0,0,0,0,0.0,7611,7484,7109,6969,6661,6426,208858,212640,216062,209288,202578,195567,0.0
1372,0,0,-1,180000,0,0,0,0,0,0,0.0,1500,4911,10355,10902,3500,5493,14445,15404,19885,22355,22902,15373,0.0
17630,0,0,-1,50000,0,0,0,0,0,0,0.0,3000,3000,5000,0,0,0,35758,36664,30897,14693,247,0,0.0
1594,0,0,-1,240000,-2,-2,-2,-2,-1,-1,0.0,10851,22258,20076,2099,5827,0,15432,10835,22134,32823,1897,5627,-2.0
5058,0,0,-1,20000,0,0,0,0,0,0,0.0,1500,1500,1000,800,0,0,19197,19997,20060,18780,19580,0,0.0
9841,1,0,-1,230000,-1,-1,-2,-2,-2,-1,0.0,2203,0,0,0,780,0,1050,2203,2005,0,0,780,-1.0
20973,0,0,-1,20000,0,0,0,2,0,0,1.0,1500,3500,1000,1000,1000,1000,16537,16192,16926,17333,16820,17175,0.0
9449,0,0,-1,80000,0,0,0,0,0,0,0.0,3200,2229,1900,4000,5000,21000,78028,79347,76022,58897,54512,51937,0.0
6225,0,1,5,190000,0,0,2,0,0,2,2.0,21440,0,5600,11950,6200,0,138628,156232,152251,153820,163265,166627,0.0
4062,0,0,-1,240000,-1,-1,-2,-2,-2,-2,0.0,0,0,0,0,0,0,2115,0,0,0,0,0,-2.0
16656,0,0,-1,150000,0,0,0,0,0,0,0.0,2000,3000,1500,527,600,1000,4614,6370,9243,10280,10637,10916,0.0
10507,1,1,2,20000,0,0,2,2,2,2,4.0,2869,0,1444,0,1933,0,15189,17802,17219,18377,17941,19572,2.0
28944,0,0,-1,180000,0,0,0,0,0,0,0.0,2000,2000,1042,0,0,191,18314,18630,19126,12939,6939,3439,0.0
23693,0,0,-1,90000,-1,-1,-1,-1,-1,-1,0.0,4701,13882,6556,2947,4808,3131,1160,4701,13878,6556,2947,4808,-1.0
12349,0,0,-1,140000,0,0,0,0,0,0,0.0,4800,4500,4600,4800,4800,4500,132586,135165,125427,128016,127323,130020,0.0
2028,0,0,-1,360000,0,0,0,0,-1,-1,0.0,12557,13738,5053,2500,0,0,304907,309972,315730,113412,2500,0,0.0
16611,0,0,-1,360000,2,-1,-1,2,-1,-1,2.0,428,5306,0,604,14850,2403,2024,428,5306,3603,604,14850,-1.0
5907,0,0,-1,50000,0,0,0,0,0,0,0.0,2438,2200,1187,1213,1073,1066,49859,49160,49222,29291,29391,29826,0.0
16109,0,0,-1,10000,0,0,0,0,0,0,0.0,1160,1331,1321,517,528,600,10468,9138,10309,10299,10295,10306,0.0
28596,0,0,-1,260000,0,0,0,0,0,0,0.0,10000,12007,9170,4853,4531,3909,264549,227021,233426,230319,127897,118868,0.0
7856,0,0,-1,20000,0,0,0,0,0,0,0.0,2000,1300,678,706,2037,0,19248,20054,19133,19397,19702,20506,0.0
10661,0,0,-1,230000,0,0,0,0,0,0,0.0,5000,5000,5000,3000,5000,5000,32375,36817,40170,43473,44663,47207,0.0
6205,1,0,-1,50000,-1,0,0,0,0,0,0.0,1117,1098,231,234,238,175,5433,12906,7044,6787,6534,6277,0.0
19744,0,0,-1,200000,0,0,0,0,0,0,0.0,1866,1762,1827,53248,3293,3314,93713,59223,50290,49771,92192,90772,0.0
17107,1,0,-1,20000,0,0,0,0,0,0,0.0,1270,1341,1160,556,600,0,15389,16397,17195,17499,16236,10400,0.0
16258,1,0,-1,190000,0,0,2,0,0,0,1.0,15000,3000,4100,3200,3264,3248,176699,188703,184403,90887,90097,90295,0.0
27290,0,0,-1,230000,-2,-2,-2,-2,-2,-2,0.0,4114,2566,6286,394,989,3129,392,4106,2562,6245,394,987,-2.0
17533,0,0,-1,260000,0,0,0,0,0,0,0.0,4001,4215,4101,4000,3300,3300,131211,132175,133289,134642,137065,108328,0.0
26411,0,0,-1,110000,0,0,0,0,0,0,0.0,5000,5000,3000,3000,3000,3000,96155,96752,98884,98501,34250,35874,0.0
23112,1,1,0,80000,2,2,-1,-1,-1,-1,2.0,0,130,130,130,130,130,260,130,130,130,130,130,-1.0
6263,0,0,-1,200000,0,0,0,0,0,0,0.0,3600,2500,3000,2000,2000,2000,97584,75187,72556,63524,49914,18068,0.0
24732,0,0,-1,500000,-2,-2,-2,-2,-2,-1,0.0,9605,54218,84839,26283,175857,4914,24349,9543,53947,84388,26154,175790,-2.0
6629,0,0,-1,380000,-1,-1,-1,-1,-1,-1,0.0,7959,9683,11916,13191,4717,9354,6749,7917,9645,11865,13133,4702,-1.0
18223,0,0,-1,200000,0,0,0,0,0,0,0.0,4080,4500,5800,4500,5000,5000,111664,113884,116545,120396,121486,121518,0.0
25613,0,0,-1,50000,0,0,0,0,0,0,0.0,3000,3687,5000,1000,309,2000,44325,45861,47667,48119,8257,8037,0.0
9845,0,0,-1,50000,-1,-1,-1,-1,-1,-1,0.0,45135,34539,7000,6000,0,0,11684,45135,34539,7000,6000,0,-1.0
6501,1,1,5,10000,0,0,2,0,0,2,2.0,2588,0,318,862,0,502,6817,9119,8826,8849,9567,9265,0.0
25020,0,0,-1,220000,-1,-1,-1,-1,-1,-1,0.0,1525,3470,1771,2333,390,2361,1193,1525,3067,1771,2326,390,-1.0
18417,0,0,-1,30000,0,0,0,0,0,0,0.0,1600,2517,4006,2000,1000,1500,30767,28818,30411,28805,26895,27162,0.0
13735,0,0,-1,60000,0,0,0,0,0,0,0.0,2000,2000,1000,1000,2000,0,20351,21395,22388,22431,22324,22601,0.0
584,0,0,-1,80000,0,0,0,0,0,0,0.0,4000,2374,2007,2500,3000,2000,77766,77954,78512,60452,61556,54022,0.0
18196,0,0,-1,70000,0,0,0,0,0,0,0.0,1113,1132,1200,600,600,600,5481,6495,7514,8582,9038,9490,0.0
24244,0,0,-1,410000,-2,-2,-2,-2,-2,-2,0.0,9222,8036,8542,5155,5089,18270,7011,9173,7259,8430,5130,5064,-2.0
24444,0,0,-1,300000,-1,-1,-1,-1,0,0,0.0,752,179,1579,1,0,1246,298,750,179,1576,497,-3,-1.0
20016,0,0,-1,160000,-1,-1,-1,-1,-1,-2,0.0,1116,2183,5468,80,1314,0,3027,1116,2179,5468,80,1314,-1.0
3862,1,0,-1,170000,0,0,0,2,0,0,1.0,7000,10500,0,5000,11000,4500,114007,117677,124636,121232,124199,129346,0.0
6099,1,0,-1,200000,0,0,0,0,0,0,0.0,8000,6700,5000,5100,4700,4800,188096,171535,167877,128550,131511,127781,0.0
1488,0,0,-1,60000,0,0,0,0,0,-1,0.0,5070,1219,1007,8,9381,1156,48979,41597,29347,19544,11989,9079,0.0
2236,0,0,-1,140000,0,0,0,0,0,-1,0.0,7023,5080,10000,6000,902,18542,37283,24748,21854,21711,25999,902,0.0
3700,0,0,-1,50000,0,0,0,0,0,0,0.0,2100,2097,1289,712,713,1000,49547,49740,50275,20089,19964,19918,0.0
15387,0,0,-1,20000,0,0,0,0,0,0,0.0,1200,1208,1000,176,500,0,5636,6737,7832,8624,8800,9300,0.0
15825,0,1,1,80000,1,2,2,-2,-2,-2,2.0,0,4500,21,0,0,0,4073,3863,8109,7849,0,0,-2.0
23113,0,0,-1,70000,0,0,2,0,0,0,1.0,50071,0,2000,2000,2000,2000,10705,58825,53080,49153,47139,37610,0.0
12633,0,0,-1,340000,-1,-1,-1,-1,-1,-1,0.0,9318,5343,7819,332,16516,5000,14745,9318,4794,7819,332,16516,-1.0
19923,1,0,-1,110000,0,0,0,0,0,0,0.0,3577,3680,3030,2701,2674,2669,98531,99593,100093,90437,75701,77013,0.0
16049,0,0,-1,70000,0,0,0,0,0,0,0.0,1668,1750,2023,1600,1850,5800,40498,41192,42274,43596,44173,45309,0.0
12216,0,0,-1,180000,0,0,0,0,0,0,0.0,9000,9300,4600,5000,5000,5000,182545,177885,182341,126946,127013,122277,0.0
29942,0,0,-1,50000,0,0,0,0,2,0,1.0,1314,1340,5000,0,729,793,20638,19834,19387,22574,20483,20121,0.0
1799,0,0,-1,280000,-1,-1,-1,-1,-1,-1,0.0,33840,8689,41652,9031,14106,6680,21251,33746,8689,41652,9031,14106,-1.0
5036,0,1,5,400000,0,0,2,0,0,2,2.0,44000,0,14000,42000,126000,18000,337135,373869,366338,374255,409777,527566,0.0
1797,0,0,-1,280000,0,0,0,0,0,0,0.0,8644,6445,15934,7016,6753,6008,207982,196055,182099,185925,188224,186529,0.0
6908,0,0,-1,50000,-1,-1,-1,-1,0,0,0.0,26060,0,3472,2320,1764,2841,1540,26060,0,2650,3320,2764,-1.0
25768,1,0,-1,90000,0,0,0,2,0,0,1.0,1405,56388,112,1779,1786,5414,27180,26772,70398,56266,47804,44230,0.0
8278,1,0,-1,30000,0,0,0,0,0,0,0.0,1868,1939,907,1100,0,0,26328,27470,28541,28509,29265,0,0.0
15525,0,1,2,80000,0,0,2,2,0,0,2.0,7100,2600,371,1904,1801,1801,79673,79353,80107,78323,45985,45434,0.0
28417,0,0,-1,230000,0,0,-1,-1,0,0,0.0,2102,3000,6000,5000,2000,2000,12394,12105,2439,5185,9893,11567,0.0
14667,0,0,-1,320000,-1,-1,-1,-1,-1,-1,0.0,30161,82271,5315,33059,908,6382,24685,27002,82271,5315,33059,908,-1.0
20139,0,0,-1,500000,-2,-2,-2,-2,-2,-2,0.0,8830,7570,1576,0,13295,38090,51132,8830,7570,1576,0,13295,-2.0
21178,0,0,-1,300000,0,0,0,0,0,0,0.0,4000,4000,4100,3300,3500,3500,80928,82690,84462,86263,87238,89176,0.0
16481,1,1,5,30000,0,0,2,0,0,2,2.0,3086,0,1276,3223,805,0,12466,15333,14802,15523,18470,18834,0.0
26525,1,1,1,90000,1,2,2,2,2,0,4.0,500,3000,1000,0,1017,2433,25941,25722,28015,28262,27509,28082,2.0
2697,0,0,-1,20000,-1,-1,0,0,0,0,0.0,894,5000,4000,3000,0,0,9755,894,5625,9625,12625,0,0.0
3683,0,1,5,20000,0,0,0,0,-1,2,1.0,1602,1268,0,21451,0,652,16641,17969,18635,-1542,19909,19417,0.0
26614,0,0,-1,20000,1,2,0,0,0,0,1.0,0,1736,1618,902,1000,869,19512,17692,19136,20080,17366,17128,0.0
19986,0,0,-1,260000,-2,-2,-1,-1,-1,0,0.0,0,204,0,3000,0,0,1900,0,204,-810,2190,810,-1.0
20034,0,0,-1,20000,1,2,0,0,0,0,1.0,0,1414,1146,729,970,0,18931,18329,19441,20113,19864,15424,0.0
8184,0,0,-1,160000,0,0,2,0,0,0,1.0,15102,0,6000,5300,4784,4500,153390,158421,152835,152638,142454,128895,0.0
19795,0,0,-1,180000,-1,-1,0,-1,0,0,0.0,11662,6003,8111,273,3739,6547,2569,11662,11867,8111,6312,3739,-1.0
17589,0,0,-1,20000,0,0,0,0,0,0,0.0,1123,1145,1200,2000,3000,1000,6459,7470,8492,9547,20766,12197,0.0
17590,0,0,-1,200000,-1,-1,-1,-1,-2,-2,0.0,337,670,0,0,0,451,632,337,670,0,0,0,-1.0
26814,1,0,-1,130000,0,0,0,0,0,0,0.0,6013,4911,3533,3301,3607,5516,122486,116437,112881,96191,88934,90633,0.0
17363,0,1,4,50000,0,0,0,0,2,2,2.0,3000,1200,1800,0,1600,0,7980,10513,9922,8633,8385,7862,0.0
27148,0,0,-1,340000,-1,-1,-2,-2,-2,-2,0.0,1868,1144,0,0,0,0,9054,1868,1135,0,0,0,-2.0
9706,0,1,5,50000,0,0,2,0,0,2,2.0,4100,0,1723,3600,2000,2780,40688,43816,42816,43528,46258,47340,0.0
1712,0,0,-1,310000,-1,-1,-1,0,-1,-1,0.0,0,10124,6,7958,0,0,1920,0,10124,10130,7958,0,-1.0
17269,0,1,1,50000,1,2,2,2,0,0,3.0,55,4500,800,582,1000,634,25922,25154,16820,15860,16179,16915,2.0
11666,1,0,-1,200000,-1,-1,0,-1,-1,-1,0.0,13805,6797,28314,13291,11258,11912,12842,9490,6955,28300,13227,11202,-1.0
4424,0,0,-1,50000,0,0,0,0,0,0,0.0,1681,1583,1347,1183,0,0,38434,39492,39394,33490,27316,0,0.0
22105,0,0,-1,100000,0,0,0,-1,-1,-1,0.0,5000,1000,2180,1949,717,39000,7815,11139,3708,2180,1949,717,0.0
23455,1,0,-1,210000,-1,-1,-1,-1,-1,-1,0.0,1368,1080,1567,788,0,1638,1154,1368,1080,1567,788,0,-1.0
8829,0,0,-1,200000,-1,-1,2,-1,-1,-1,1.0,13681,24,2991,6031,16028,4211,3061,13342,6143,2982,6013,15916,-1.0
12603,0,0,-1,70000,0,0,0,0,0,0,0.0,2002,1819,509,539,2000,1000,54428,25085,25282,21858,19171,8443,0.0
3299,1,1,3,230000,-1,-1,-1,4,3,2,3.0,0,600,0,0,0,686,8328,0,600,600,300,150,-1.0
23168,0,0,-1,260000,0,0,-1,-1,0,0,0.0,3000,246,7178,5164,1209,1209,10942,7045,246,7156,7164,3677,0.0
2154,0,0,-1,150000,0,0,0,0,0,-1,0.0,60086,2000,2000,5000,6000,9000,52952,95134,31578,26089,16624,5107,0.0
1394,0,0,-1,20000,0,0,0,0,0,0,0.0,1438,1300,1000,1000,1000,2000,19990,20038,19571,14362,15127,15872,0.0
305,0,0,-1,200000,-1,-1,-1,0,0,0,0.0,665,960,3908,1014,3500,2880,871,665,960,4242,4084,7414,-1.0
26919,0,1,3,120000,0,0,0,2,2,2,3.0,2000,5100,1800,2400,0,5500,49206,50386,54656,54963,55865,54842,0.0
21035,0,0,-1,230000,-2,-2,-2,-2,-2,-2,0.0,1864,2590,8039,2984,0,381,3245,1855,2577,8001,2970,-1,-2.0
9025,0,0,-1,140000,0,0,0,0,0,0,0.0,1657,2211,1459,6398,1729,1633,37625,38023,39577,39465,45180,44213,0.0
25221,0,1,4,10000,1,2,0,0,2,2,3.0,0,1300,2300,0,900,500,6779,6524,7559,9564,9264,9862,2.0
8928,0,0,-1,30000,-2,-2,-2,-2,-2,-2,0.0,6855,2118,4171,1714,2001,0,1784,6801,2118,4171,1714,2001,-2.0
9207,0,0,-1,290000,0,0,0,0,0,0,0.0,11200,6000,6000,6000,6700,5000,161623,166345,167924,170227,164584,161912,0.0
7963,0,0,-1,50000,0,0,0,0,0,0,0.0,2008,2000,1500,1501,2105,2219,45398,37433,30609,30432,30254,30088,0.0
6901,0,0,-1,230000,-1,-1,-1,-1,0,0,0.0,4317,1421,10452,700,57229,2500,5070,4317,1421,10452,5978,62292,-1.0
11733,0,0,-1,10000,0,0,0,0,2,0,1.0,1142,2000,758,0,313,1000,7231,7497,9355,9594,8535,8713,0.0
23449,0,0,-1,30000,0,0,0,0,0,0,0.0,2000,2000,1500,1000,0,0,25298,26866,27662,28474,28494,0,0.0
26880,0,1,1,150000,1,2,2,2,2,2,5.0,6000,10275,6000,6000,6100,0,133401,135703,142275,144427,146702,150647,2.0
20496,0,0,-1,220000,-1,0,0,0,0,0,0.0,7500,7500,7000,8000,8000,158956,181870,186428,190995,165452,170786,174213,0.0
27221,0,0,-1,100000,0,0,0,0,0,0,0.0,2000,2000,2000,1700,1500,1500,26650,26127,26608,24689,25699,26809,0.0
28292,0,0,-1,220000,0,0,0,0,0,0,0.0,11000,10000,10000,6000,6000,5000,214274,214207,211733,80965,78992,77537,0.0
11587,0,1,5,160000,-1,2,-1,0,-1,2,2.0,0,1852,0,3542,0,1116,2599,1302,1852,736,3542,1852,-1.0
1258,0,0,-1,180000,-1,-1,-1,-1,-1,0,0.0,4369,9673,3260,13959,3000,18396,950,4369,9673,2861,12338,9124,-1.0
24240,0,1,3,50000,0,1,-1,2,2,0,2.0,125,52000,2000,0,2000,3700,13745,-4338,46881,47832,46783,47890,0.0
7102,0,0,-1,180000,-2,-2,-2,-2,-2,-2,0.0,1845,471,471,248,335,200,1246,1845,471,471,248,335,-2.0
135,0,0,-1,30000,0,0,0,0,0,0,0.0,2000,1400,0,500,0,1560,28452,26145,26712,25350,17603,-780,0.0
17345,0,0,-1,210000,-1,-1,-1,-1,-1,-1,0.0,16585,10455,16992,9509,4837,11899,8289,16585,9396,16992,9506,4837,-1.0
8649,0,0,-1,180000,0,0,0,0,0,0,0.0,4406,4397,4405,4711,5040,4571,121744,121125,122498,123916,125661,127458,0.0
25897,0,0,-1,200000,-1,-1,-2,-2,-2,-2,0.0,0,0,0,0,0,0,3135,0,0,0,0,0,-2.0
9301,1,0,-1,130000,-2,-2,-2,-2,-1,-1,0.0,8611,0,0,1170,0,1070,9821,8582,0,0,1170,0,-2.0
13039,0,0,-1,190000,0,0,0,0,0,0,0.0,7063,8004,5500,7000,6000,5000,176028,166336,162100,155584,157988,154366,0.0
26134,1,1,2,170000,0,0,2,2,0,0,2.0,15600,7666,0,7792,6248,5910,165637,173637,173490,165645,165605,163432,0.0
10698,0,1,3,280000,-1,-1,-1,2,2,3,3.0,1669,4795,0,4115,0,0,929,1669,5707,4795,5328,4969,-1.0
18969,0,0,-1,250000,0,0,0,0,0,0,0.0,3729,1600,2000,1000,1100,900,127786,60663,49181,34072,33419,33925,0.0
4581,0,0,-1,120000,0,0,0,0,0,0,0.0,2000,1500,1000,1000,2000,1000,33131,33121,32222,32877,30587,25938,0.0
246,0,0,-1,20000,0,0,0,0,0,-2,0.0,1601,2203,2114,0,0,0,19816,20396,20102,19575,0,0,0.0
16495,0,0,-1,60000,-1,-1,-1,0,0,0,0.0,21690,32264,12948,0,17370,0,892,21674,31632,13264,948,18002,-1.0
5108,1,0,-1,180000,0,0,0,2,0,0,1.0,11600,9635,0,5245,5172,3726,172271,179760,180488,142201,141826,125974,0.0
10082,0,0,-1,300000,0,0,0,0,0,0,0.0,3000,2000,1500,3000,1000,3000,58137,51459,49737,48015,36004,6748,0.0
23674,0,0,-1,500000,-2,-1,-1,-1,-1,-1,0.0,4031,10021,14576,53850,58332,37616,1088,4007,9933,14557,53328,58052,-1.0
4264,1,1,1,30000,1,2,2,2,-1,-1,3.0,0,3192,0,2500,3280,0,10033,6486,7064,2890,2500,3280,2.0
21663,0,0,-1,60000,0,0,0,0,0,0,0.0,2500,2505,2000,3003,1500,2100,57674,59213,60764,60070,40479,39871,0.0
5548,0,0,-1,380000,-1,-1,-1,-1,-1,-1,0.0,2022,1823,1823,1823,1198,2068,2661,2022,1823,1823,1823,1198,-1.0
27142,0,0,-1,240000,0,0,0,0,-1,-1,0.0,34700,11005,8006,202000,8505,377000,205495,236484,243567,44351,193283,21682,0.0
6742,0,0,-1,40000,0,0,0,0,0,0,0.0,9000,2000,2000,1349,1500,1500,29009,34183,35606,37018,37184,38066,0.0
744,0,0,-1,70000,0,0,0,2,0,0,1.0,3000,4000,0,1500,3000,5000,43048,43257,44115,41112,39922,40150,0.0
19010,0,0,-1,320000,0,0,0,0,0,0,0.0,10000,10000,10000,10000,7000,10000,198441,202806,207050,201114,190921,191781,0.0
26578,0,0,-1,430000,0,0,0,0,0,0,0.0,17107,20015,18027,14015,13010,14006,416090,422898,409626,417113,363553,357476,0.0
20827,0,0,-1,180000,0,0,0,0,0,0,0.0,12000,2000,8043,2000,4000,12500,17426,29047,30572,38043,39441,42652,0.0
1204,0,0,-1,60000,-2,-2,-2,-2,-1,-1,0.0,0,0,0,1524,25421,1000,2516,0,0,0,1524,25421,-2.0
11352,0,0,-1,70000,0,0,0,0,0,0,0.0,1554,1263,576,596,600,622,14054,15078,15787,16100,16437,16764,0.0
5762,0,0,-1,300000,1,2,-1,-1,-1,-1,1.0,29,3009,5364,4714,2362,4,6077,5806,2994,5338,4714,2362,-1.0
18318,1,1,5,40000,0,0,0,0,0,2,1.0,1950,4300,2000,2938,0,3700,40633,40633,40311,39380,41389,40628,0.0
22809,0,0,-1,80000,0,0,0,-1,-1,-1,0.0,8000,1000,939,2202,1369,4827,28788,27620,26352,939,2202,1369,0.0
16755,0,0,-1,20000,0,0,0,0,-2,-2,0.0,1500,5017,0,0,800,0,13243,11699,12372,0,-800,0,0.0
11895,0,0,-1,60000,0,0,0,0,0,0,0.0,2147,4740,1926,2597,2638,2478,56228,56861,58152,58615,54338,55915,0.0
7981,0,0,-1,130000,-1,0,0,0,-1,-1,0.0,9900,4300,2000,16202,2505,2348,2629,9995,7267,2518,16202,2505,-1.0
24986,0,0,-1,290000,0,0,-1,0,0,-1,0.0,1529,13505,6000,5000,6000,0,31824,20578,13505,13386,12536,5850,0.0
25494,0,0,-1,320000,0,0,0,0,0,0,0.0,1955,2020,1605,30039,65000,5000,42596,43548,33674,34259,62546,106857,0.0
11656,0,0,-1,260000,-1,-1,-1,-1,-1,0,0.0,0,582,291,4471,1000,1000,582,0,582,291,4471,5394,-1.0
9968,0,0,-1,30000,0,0,0,2,0,0,1.0,3000,2620,0,2000,1000,1000,18220,20606,22880,22217,23694,24151,0.0
8152,0,0,-1,260000,-1,-1,-1,-1,-1,-1,0.0,3543,505,3540,2957,917,0,2699,3543,500,3540,2957,917,-1.0
23814,0,0,-1,70000,0,0,0,0,0,0,0.0,1920,2230,2004,1537,1589,1598,57867,53214,54571,42413,42946,43843,0.0
2027,0,0,-1,80000,0,0,0,0,0,0,0.0,3046,1874,2000,1000,1000,199,69392,64149,53200,29707,28427,10072,0.0
1205,0,0,-1,210000,0,0,0,0,0,0,0.0,4037,3519,3442,3553,3625,3470,106724,109251,103733,102027,103453,103651,0.0
26397,0,0,-1,340000,-2,-2,-2,-2,-2,-2,0.0,482,2544,2,106196,5517,433,5754,480,2532,-36,105668,5490,-2.0
13393,0,0,-1,50000,0,0,0,0,0,0,0.0,1398,1136,483,340,368,300,23794,22588,20376,10203,9868,9700,0.0
23837,0,0,-1,250000,-1,-1,-1,-1,0,-1,0.0,1090,390,2855,0,2950,0,390,1090,390,2855,390,2950,-1.0
23254,1,0,-1,180000,-1,-1,-1,-1,-1,-1,0.0,671,671,671,671,671,671,671,671,671,671,671,671,-1.0
2913,1,0,-1,50000,-1,-1,-1,0,-1,-1,0.0,2471,6015,0,3056,2439,3026,2459,2471,6015,5625,3056,2439,-1.0
5494,0,0,-1,60000,0,0,0,0,0,0,0.0,1400,1500,1295,3655,330,507,24608,18686,18571,18118,16179,12919,0.0
17238,0,0,-1,170000,0,0,0,0,0,0,0.0,2128,2729,4000,2169,2241,2258,69602,61493,58298,60343,61176,62092,0.0
26472,0,0,-1,100000,-1,-1,-1,-1,-1,-1,0.0,100,197,245,3210,318,797,200,100,197,245,3210,318,-1.0
25801,0,0,-1,160000,-2,-2,-2,-2,-2,-2,0.0,0,780,0,0,0,3072,390,0,780,0,0,0,-2.0
24786,0,0,-1,320000,-2,-2,-2,-2,-2,-2,0.0,3349,12253,3290,11465,7537,1966,2790,3266,12186,1403,24305,7463,-2.0
7719,1,0,-1,150000,1,2,0,0,0,0,1.0,0,5035,5000,900,10000,7000,36472,33947,35518,30564,21849,25168,0.0
28326,1,0,-1,70000,-1,0,0,0,0,0,0.0,2716,2570,2720,2350,2500,2660,69494,112821,70305,71017,66218,66854,0.0
2058,0,0,-1,50000,0,0,2,0,0,0,1.0,4000,0,811,1000,0,0,44766,48047,46640,40551,19398,0,0.0
27621,0,0,-1,80000,0,0,0,0,0,0,0.0,1200,3000,1500,1500,700,500,1742,2524,5097,6107,7141,7355,0.0
19635,0,0,-1,300000,-1,-1,-1,-1,-1,-1,0.0,43943,27863,5234,1278,3245,22,1215,43909,27785,5221,1278,3245,-1.0
2775,0,0,-1,400000,0,0,-1,-1,-1,-1,0.0,5000,17939,12845,22728,11493,10703,161226,139481,17939,10315,22728,11493,-1.0
27812,0,0,-1,120000,-2,-2,-2,-2,-2,-2,0.0,1480,478,804,245,144,0,436,1476,475,804,245,100,-2.0
11879,0,0,-1,120000,0,0,0,0,0,0,0.0,3000,2100,2700,2000,1127,2202,67519,110908,46025,43887,36207,24612,0.0
14121,0,0,-1,160000,-1,0,0,0,0,0,0.0,2805,1487,958,539,1000,390,86772,71275,54769,39137,26971,3426,0.0
28198,0,0,-1,160000,0,0,0,0,0,0,0.0,3000,5000,3000,2000,2000,2000,25338,27601,31818,34270,35698,37122,0.0
26967,0,0,-1,60000,0,0,0,0,0,0,0.0,3000,2488,2000,1000,2000,3000,58216,60193,57815,50054,27535,22962,0.0
21808,0,0,-1,360000,0,0,0,0,0,0,0.0,1287,1152,1000,1000,0,179,22233,22935,23816,13800,11000,0,0.0
9474,0,0,-1,170000,0,0,0,0,0,0,0.0,6791,7333,4218,4269,4481,4144,168516,168529,169956,119844,117944,118163,0.0
29049,0,0,-1,250000,-1,-1,-1,-1,-1,0,0.0,439,441,440,880,0,590,440,439,440,440,880,440,-1.0
15346,0,0,-1,500000,-1,0,-1,0,0,0,0.0,2700,36861,10000,20055,1000,5622,5410,2760,36861,23200,34255,18554,0.0
26830,1,0,-1,50000,0,0,0,0,0,0,0.0,2000,2000,1500,1000,913,1800,25411,26989,28245,29176,28696,29321,0.0
10668,0,0,-1,150000,-1,-1,-2,-1,-1,-1,0.0,0,0,159,14903,509,0,9487,0,0,159,14903,410,-1.0
19292,1,0,-1,120000,-2,-2,-2,-2,-2,-2,0.0,3756,652,326,326,476,326,326,3756,326,326,326,476,-2.0
23548,0,0,-1,140000,0,0,0,0,0,0,0.0,2000,1600,2000,5000,2000,30000,27942,29472,30579,31227,34898,35528,0.0
24047,0,0,-1,130000,0,0,0,0,0,0,0.0,1766,1521,3100,0,10,0,39074,39767,38680,5654,1938,522,0.0
360,0,0,-1,260000,-1,-1,-1,-1,-1,-1,0.0,291,51058,35696,34039,291,291,49657,291,51058,2351,34039,291,-1.0
19519,0,0,-1,100000,-1,-1,-2,-2,-2,-2,0.0,0,0,0,0,0,0,500,0,0,0,0,0,-2.0
15267,0,0,-1,330000,-1,-1,-1,-1,0,0,0.0,2911,2579,7278,6,26,2089,2202,2900,2335,7278,6646,5324,-1.0
4296,0,0,-1,500000,1,2,0,0,0,-2,1.0,0,2000,2000,0,0,0,9502,9206,11000,13000,0,0,0.0
18900,1,1,1,180000,1,2,2,2,0,0,3.0,0,3000,0,200,0,0,5930,5689,8414,8062,5052,2806,2.0
29215,1,1,1,20000,1,2,2,2,0,0,3.0,1000,1495,1000,9000,1800,900,6696,7437,8810,9470,18315,19237,2.0
2854,0,0,-1,390000,0,0,0,0,0,0,0.0,1500,1500,1000,30000,2000,3000,16406,16966,15428,13465,40736,39532,0.0
8917,0,1,5,460000,-1,-1,-1,-1,-1,2,1.0,7728,2229,2,7128,10,957,11924,7721,1711,-2,7126,1996,-1.0
27735,0,0,-1,90000,0,0,0,0,-1,-1,0.0,5640,16021,13280,8571,19653,12000,88015,69701,52046,42541,8571,4653,0.0
4936,0,0,-1,50000,0,0,0,0,0,0,0.0,10016,20070,3006,6002,5000,2500,42614,38426,38318,17331,14916,18459,0.0
13959,0,0,-1,200000,0,0,0,0,0,0,0.0,2742,3000,2018,2743,1578,9013,99291,87757,82417,83877,82814,35484,0.0
1483,0,0,-1,340000,0,0,0,0,0,0,0.0,7106,4435,4091,3548,4535,4127,167474,155293,134467,129891,113919,106675,0.0
29098,0,0,-1,90000,0,0,0,0,0,0,0.0,3614,3223,3172,2743,3051,3081,91123,90056,88330,83948,82168,82304,0.0
22700,1,1,1,20000,1,2,2,2,0,0,3.0,1200,1800,0,600,600,751,14231,14893,16160,15603,15943,16286,2.0
22839,0,0,-1,350000,0,0,0,0,0,0,0.0,13000,15074,20353,10040,15000,10000,314309,313673,322806,328616,278858,281692,0.0
14103,0,0,-1,360000,-2,-2,-2,-2,-2,-2,0.0,37500,5749,11436,7978,3566,6109,3377,37305,5721,11379,7939,7081,-2.0
10513,0,1,1,150000,1,2,2,0,0,0,2.0,6130,27,4610,5000,5000,3760,147833,148066,142163,135075,135309,135165,0.0
22808,0,0,-1,370000,0,0,0,0,0,0,0.0,10301,11000,9004,6930,6000,6100,236242,240804,243293,226471,217901,195244,0.0
10514,0,0,-1,290000,-2,-2,-2,-2,-2,-2,0.0,0,122420,0,32720,200,0,79298,-40,122380,0,32720,-200,-2.0
9057,0,0,-1,210000,-1,-1,-1,-1,-1,-1,0.0,1074,1002,711,420,1572,0,1832,1074,1002,711,420,1572,-1.0
3040,0,0,-1,170000,0,0,0,0,0,0,0.0,13000,6154,15000,6000,7000,5000,171160,187853,171095,137986,141319,139463,0.0
25126,0,0,-1,50000,-1,2,-1,-1,-1,-1,1.0,0,390,390,390,780,0,780,390,390,390,390,780,-1.0
12358,0,0,-1,150000,-2,-2,-2,-2,-2,-2,0.0,5568,6106,4357,0,0,0,12516,5568,6106,4357,0,0,-2.0
10675,0,0,-1,290000,0,0,0,0,0,0,0.0,11149,10524,10600,11500,10000,65000,320952,326625,290268,296053,302793,307336,0.0
28769,0,0,-1,500000,0,0,0,0,0,0,0.0,3032,3200,1946,1734,2000,4128,80846,74776,73558,71055,61248,40737,0.0
4218,1,1,1,50000,1,2,2,2,2,2,5.0,2100,0,3400,0,7800,0,40159,41323,40364,42781,41966,48865,2.0
8617,1,0,-1,200000,-1,-1,-1,-1,-1,-1,0.0,792,216,1311,2842,0,623,1377,528,216,1311,2842,0,-1.0
19341,0,0,-1,50000,0,0,0,0,0,0,0.0,2080,1690,1458,1100,1076,1094,48875,50103,46641,31459,28901,29523,0.0
16141,0,1,2,120000,-1,-1,2,2,2,2,4.0,9886,0,20000,0,10000,0,2415,11837,9754,24007,22299,31576,2.0
21096,0,0,-1,380000,0,0,2,0,0,0,1.0,30027,0,50005,20042,20000,20000,95972,123558,114785,161444,163071,160076,0.0
21080,1,0,-1,260000,0,0,0,0,0,0,0.0,6203,5704,2411,2412,3100,3600,186189,176135,130369,68014,68529,69741,0.0
5025,0,0,-1,180000,-1,0,0,0,-1,0,0.0,3016,3000,1622,4095,3000,2827,4236,6614,6216,3622,4095,6596,0.0
24626,0,0,-1,280000,-2,-2,-2,-2,-2,-2,0.0,1000,3186,45028,2100,0,0,19668,1000,3186,44932,2100,0,-2.0
9844,0,0,-1,270000,0,0,0,0,0,0,0.0,15000,5000,5000,5000,5000,1500,17074,28137,32602,9462,8835,8054,0.0
2399,0,0,-1,130000,0,0,0,0,0,0,0.0,5988,4560,3300,3509,3500,3415,126974,122107,108542,89356,91024,89779,0.0
24416,0,0,-1,20000,0,0,0,-1,-1,-1,0.0,1500,1768,1261,390,390,390,19157,20011,18768,1261,390,390,0.0
8622,0,0,-1,50000,0,0,0,0,0,0,0.0,2089,2190,1100,1271,1264,2778,51123,50646,41150,30405,30671,30664,0.0
23395,0,0,-1,230000,0,0,2,0,0,0,1.0,2100,1000,1252,500,1000,1000,29087,30589,20958,21637,19846,12770,0.0
28747,0,0,-1,120000,-1,-1,-1,-1,-1,0,0.0,0,1085,193,1549,0,787,497,0,1085,193,1549,1549,-1.0
21659,0,1,4,30000,0,0,0,0,2,2,2.0,1500,1500,3000,0,5000,0,8476,9677,10715,13218,12709,17463,0.0
14495,0,0,-1,150000,0,0,0,0,0,0,0.0,5800,5245,5200,5200,6500,7200,152175,148872,145978,139791,142745,146872,0.0
25843,0,0,-1,200000,0,0,0,0,0,0,0.0,4000,5000,4000,4000,5000,4000,80528,83190,85944,87539,90231,86284,0.0
10520,0,0,-1,170000,-1,-1,-1,-1,0,-1,0.0,23518,50026,31023,20157,14233,22818,7383,23400,49771,30929,31429,14170,-1.0
327,1,1,1,220000,-1,2,2,-1,2,-1,3.0,325,0,950,0,325,325,650,650,325,950,475,325,-1.0
19666,0,0,-1,220000,0,0,0,2,0,0,1.0,6500,15000,0,8000,8000,15000,197139,166221,178594,174330,179525,184562,0.0
12622,0,0,-1,230000,0,0,0,0,0,0,0.0,7214,6264,10000,5028,5000,5000,190919,191785,164602,136569,139522,132239,0.0
6831,0,0,-1,130000,0,0,0,0,0,0,0.0,2758,2741,2175,1874,1525,0,84133,84458,62441,48175,29874,15525,0.0
25179,0,0,-1,10000,0,0,0,0,0,0,0.0,1330,1300,1250,500,1255,315,7302,7857,8827,5622,5877,7036,0.0
1214,0,0,-1,80000,0,0,0,0,0,0,0.0,2000,1905,1350,1388,2401,1410,63677,64162,38141,38190,38586,39962,0.0
29368,0,0,-1,30000,0,0,0,0,0,-2,0.0,1183,11500,2000,0,0,0,25993,6296,17223,18305,0,0,0.0
23011,1,0,-1,230000,0,0,0,0,0,0,0.0,9309,8795,8337,6015,6292,6080,226319,230825,234832,217987,169529,172143,0.0
17518,0,0,-1,300000,0,0,0,0,0,0,0.0,6700,5800,5000,2200,2200,2600,147051,138726,139649,104245,56788,57920,0.0
3191,0,0,-1,150000,0,0,2,0,0,0,1.0,2219,0,0,0,0,0,22683,24349,2130,2130,32,-780,0.0
3294,0,0,-1,30000,0,0,0,0,0,0,0.0,1507,5538,1030,1500,1500,1500,29025,28331,29792,30106,30318,28985,0.0
16987,1,0,-1,260000,-2,-2,-2,-2,-2,-2,0.0,2946,4052,977,977,452,2097,893,2778,4052,977,977,452,-2.0
25734,0,0,-1,270000,-2,-2,-2,-2,-2,-2,0.0,5850,0,0,0,0,0,990,5850,0,0,0,0,-2.0
3991,1,1,1,240000,1,2,2,2,2,2,5.0,500,6000,11000,5600,0,11077,138103,134976,137251,144457,147604,145071,2.0
21443,0,0,-1,160000,0,0,0,0,0,0,0.0,3900,3300,3906,3000,3100,3120,83005,84023,81765,84265,84437,81265,0.0
20658,0,1,5,50000,0,0,0,0,0,2,1.0,1500,1500,1500,2000,0,1000,45194,22298,16055,17281,18996,18553,0.0
13629,0,0,-1,50000,0,0,0,0,0,0,0.0,2173,1248,366,500,384,500,42624,39943,7218,6946,6808,6542,0.0
3606,1,1,4,30000,1,2,0,0,2,3,3.0,0,1772,2600,2200,0,0,27254,26531,27857,29685,31260,30468,2.0
27822,0,0,-1,200000,0,0,0,0,0,0,0.0,2000,1770,2003,900,1800,1569,29339,21624,22409,11671,5493,3288,0.0
22042,0,0,-1,90000,0,0,0,0,0,0,0.0,1619,1266,1048,1032,1655,0,25806,16919,17566,8718,6432,2655,0.0
20201,0,0,-1,300000,0,0,-2,-1,-1,-2,0.0,0,0,1780,0,0,0,11500,0,0,1780,0,0,0.0
23744,0,0,-1,200000,-2,-1,0,0,-1,0,0.0,6640,1025,10249,5380,5000,2261,3414,6640,7428,10234,5380,7532,0.0
28755,0,0,-1,70000,-1,-1,-1,-1,0,0,0.0,1245,0,12019,1000,157,7851,2226,1245,-1000,11019,11632,7864,-1.0
2132,0,0,-1,50000,0,0,0,0,0,0,0.0,3304,2300,2000,3500,3000,4000,47691,48738,48565,48301,50851,51153,0.0
11399,1,0,-1,140000,0,0,0,0,0,0,0.0,5100,4779,6000,6000,6000,5200,138859,141393,135784,136258,137747,138593,0.0
3622,0,0,-1,210000,0,0,0,0,0,0,0.0,2017,1900,1900,1925,1845,1886,54717,55522,54929,55696,54773,51616,0.0
16882,0,0,-1,100000,0,0,-2,-2,-2,-2,0.0,0,0,0,0,0,0,7642,0,0,0,0,0,-2.0
22756,1,0,-1,230000,0,-1,0,0,-1,0,0.0,3798,3000,5000,4842,3000,3000,5650,3798,6701,10382,4842,5792,0.0
11258,0,0,-1,140000,0,0,0,0,0,0,0.0,6500,6500,5000,5000,5568,3600,126785,129752,132554,268084,137061,129250,0.0
14397,0,0,-1,420000,0,0,0,2,0,0,1.0,5900,900,101,3000,3000,5000,33561,38901,38710,38022,20256,22743,0.0
21295,0,0,-1,280000,-2,-2,-2,-2,-2,-2,0.0,4573,4396,8055,3417,16557,41,5622,4554,4373,7774,3355,16441,-2.0
25350,0,0,-1,130000,-1,-1,-1,-1,-1,-1,0.0,1293,1205,1798,299,1280,3368,1094,1271,1205,1798,299,1280,-1.0
7096,0,0,-1,20000,0,0,0,0,2,0,1.0,2000,2000,5000,2000,1000,2000,4561,6474,8353,13192,14871,11536,0.0
18552,0,0,-1,50000,0,0,-1,0,-1,0,0.0,1000,3359,1000,2470,500,1500,8481,2158,3359,2158,2470,662,0.0
15210,0,1,2,70000,0,0,2,2,2,2,4.0,6800,3100,15,3850,0,1800,68425,71783,72616,68201,50995,48822,2.0
4960,0,0,-1,300000,0,0,0,0,0,0,0.0,1518,1507,5406,3963,2283,900,35040,35167,31333,35906,38963,40283,0.0
8878,1,1,1,30000,1,2,2,2,2,2,5.0,1090,0,552,0,573,0,4743,5609,5371,5833,5594,6074,2.0
12145,0,1,1,190000,1,2,2,2,2,0,4.0,1400,0,1400,0,1000,1000,13041,13936,13415,14590,14216,14823,2.0
8572,0,0,-1,150000,-1,0,0,0,-1,-1,0.0,5554,5070,5076,1457,9047,22720,23427,25252,19004,15206,1423,8923,-1.0
4678,0,0,-1,360000,-1,-1,-2,-2,-2,-2,0.0,0,0,0,150,137,0,10621,0,0,0,150,137,-2.0
21940,0,0,-1,80000,0,0,0,-1,-1,-1,0.0,3000,1064,2500,1000,1000,1000,52934,54217,52394,2131,744,758,0.0
13609,0,0,-1,320000,-1,-1,-1,0,0,0,0.0,19799,73706,1692,1023,761,67235,10836,19751,72623,61459,44390,29773,-1.0
14575,0,0,-1,20000,0,-1,-1,-1,-1,-1,0.0,1251,400,390,370,0,800,1439,1251,390,390,370,-20,-1.0
6316,1,0,-1,10000,0,0,2,0,0,0,1.0,2500,0,227,239,3412,0,4216,6476,6224,6347,12856,8078,0.0
14719,0,1,1,200000,1,2,2,0,0,2,3.0,4300,0,3365,6700,4000,3500,93215,95336,93114,94239,99428,101843,2.0
18130,1,0,-1,270000,0,0,0,0,0,0,0.0,3036,3092,3111,2000,2000,2000,42598,44610,46666,48685,49574,50622,0.0
25478,0,0,-1,50000,-1,-1,-1,-1,-1,-1,0.0,0,9252,1859,8362,810,1469,3258,-37,18356,1851,8362,810,-1.0
3150,0,0,-1,360000,-1,-1,-1,-1,-1,-1,0.0,17607,41285,8882,17348,29216,4043,50067,17607,41262,8882,17348,29216,-1.0
9711,0,0,-1,150000,-1,-1,-1,-1,-1,-1,0.0,2277,4066,1665,559,0,663,1657,2277,4049,1665,559,0,-1.0
25349,1,0,-1,80000,-1,-1,-1,-1,-1,-1,0.0,390,390,0,780,0,0,390,390,390,0,780,0,-1.0
16955,0,0,-1,20000,-1,-1,0,0,0,-2,0.0,16573,1551,5060,0,0,0,1956,16568,15586,12800,0,0,0.0
21949,0,0,-1,160000,-1,-1,-1,-1,-1,-1,0.0,99,99,398,99,569,751,408,99,99,398,99,569,-1.0
21798,0,0,-1,200000,-1,-1,-1,-1,-1,-1,0.0,1490,1669,144,1100,6861,1110,2298,1490,1669,142,1100,6861,-1.0
14611,0,0,-1,50000,0,0,-1,-1,-1,-1,0.0,0,11615,2756,7000,12025,1880,18838,385,11500,2756,7000,12025,-1.0
28284,0,0,-1,180000,-1,-1,-1,-1,0,0,0.0,390,390,17475,611,629,625,390,390,390,17475,17425,17396,-1.0
22854,0,0,-1,180000,-1,-1,0,0,0,0,0.0,1484,1074,1000,70,1387,28,166,1484,2526,3452,3522,4909,0.0
3555,0,1,5,80000,0,0,2,0,0,2,2.0,7000,0,3000,4000,5000,0,75530,79324,76090,75892,77310,80752,0.0
5160,0,0,-1,400000,-1,0,-1,0,0,0,0.0,1052,22085,420,56,687,800,1416,1548,22085,21021,19761,12613,0.0
2005,0,0,-1,320000,0,0,0,0,0,0,0.0,3891,5240,3616,3770,4264,3345,98697,100572,103621,103720,100136,102167,0.0
29594,0,0,-1,230000,-1,-1,0,-1,-1,-2,0.0,2990,1020,799,0,0,0,2606,2986,2608,797,-3,-3,-1.0
7394,0,0,-1,100000,0,0,0,0,0,0,0.0,7000,3533,2673,3500,4303,3023,107224,107126,101859,79519,74368,58481,0.0
25604,0,0,-1,160000,-2,-2,-2,-2,-2,-2,0.0,0,0,501,285,1254,99,162,-2,-2,499,284,1248,-2.0
2638,0,0,-1,390000,-1,0,0,0,0,0,0.0,15007,10529,10000,1773,2000,1592,10439,25143,35165,44543,45631,45793,0.0
4035,0,0,-1,20000,0,0,0,0,2,0,1.0,1200,1300,1600,0,600,600,6620,7556,8570,10020,9715,10153,0.0
29723,0,0,-1,240000,0,0,0,0,-2,-2,0.0,11828,6100,0,0,0,0,230523,237022,235890,0,0,0,0.0
6623,0,0,-1,90000,0,0,0,0,0,0,0.0,1988,1900,59,24,0,0,63115,33963,33807,2966,1223,0,0.0
18256,0,0,-1,80000,0,0,0,0,0,0,0.0,63000,25000,7704,8700,3000,12900,80037,79788,81571,75814,49784,51408,0.0
6370,0,0,-1,80000,0,0,0,0,-2,-2,0.0,2141,2150,0,0,0,0,49005,49551,45930,0,0,0,0.0
19653,0,0,-1,50000,-2,-2,-2,-2,-2,-2,0.0,10528,0,0,20650,0,0,943,0,0,0,20650,0,-2.0
26574,0,0,-1,320000,-2,-2,-2,-2,-2,-2,0.0,0,0,0,0,0,434,1100,0,0,0,0,0,-2.0
21494,1,0,-1,250000,-1,-1,-1,0,0,0,0.0,0,49140,1596,5000,2000,1800,390,0,49140,32699,32949,34150,-1.0
25598,0,0,-1,230000,-2,-2,-2,-2,-2,-2,0.0,1099,2508,976,416,416,416,416,1099,2508,976,416,416,-2.0
21081,0,0,-1,230000,-1,0,0,0,0,0,0.0,10014,1602,1017,332,9,3626,23216,25548,23769,17270,13903,1953,0.0
10997,0,0,-1,50000,0,0,0,-1,-1,-2,0.0,1101,1000,2300,0,0,0,10849,3701,4600,2300,0,0,0.0
2886,0,0,-1,230000,0,0,0,0,0,0,0.0,6100,7000,5356,5400,5200,5500,228342,189966,142377,143828,143698,143342,0.0
18821,0,0,-1,180000,0,0,0,0,-1,-1,0.0,4500,10056,200,2354,9446,0,182026,111563,78169,0,2354,9446,0.0
7986,0,0,-1,360000,-1,-1,-1,-1,0,-1,0.0,53563,3924,43900,50000,12104,960,42524,53303,3924,43900,88865,12104,-1.0
3418,0,0,-1,320000,0,0,0,0,0,0,0.0,2825,2961,1600,1579,1692,1068,49889,51151,48449,48948,49967,36697,0.0
16454,0,1,3,50000,0,0,0,2,2,0,2.0,1376,3314,1050,0,1100,950,21371,22389,25327,25668,24959,25506,0.0
12965,0,0,-1,250000,0,0,2,0,0,0,1.0,25000,0,7000,8000,8000,5000,177537,198017,192962,156134,161603,166631,0.0
24100,0,0,-1,80000,0,0,0,0,0,0,0.0,20024,10000,4000,2000,3000,2500,74640,72565,63342,51529,41484,34097,0.0
24681,0,0,-1,100000,-1,-1,-1,-1,-1,0,0.0,0,7482,15315,9705,0,4600,7067,-418,7064,15229,9689,2669,-1.0
16015,0,0,-1,100000,-1,-1,-1,-2,-2,-2,0.0,600,0,0,0,0,0,600,600,0,0,0,0,-1.0
16365,0,0,-1,230000,-1,-1,-1,-1,0,-1,0.0,10998,1509,1390,0,849,3720,3128,10998,1509,1390,1072,849,-1.0
15110,0,0,-1,210000,1,2,0,0,0,0,1.0,0,9400,5000,2000,1800,10000,236136,220847,216703,206635,96240,88040,0.0
7420,0,0,-1,80000,-1,-1,2,0,0,0,1.0,4599,0,1446,0,0,2493,2946,4599,1863,3309,1446,390,0.0
27747,0,0,-1,100000,0,0,0,0,0,0,0.0,26404,2000,2001,1700,1650,1800,10376,36404,37813,38881,39634,40493,0.0
28164,0,1,1,160000,1,2,2,2,0,0,3.0,2000,2200,0,2000,3900,2000,45057,46017,47188,46134,47063,50034,2.0
20373,0,1,1,20000,1,2,2,0,0,0,2.0,1300,1100,1300,649,1698,861,15471,16211,16752,17471,17830,19230,0.0
20478,0,0,-1,50000,0,0,-1,-1,-1,-2,0.0,5224,19906,11132,0,0,0,23266,16093,19906,11132,0,0,-1.0
11127,1,0,-1,50000,-1,-1,-1,-1,-1,-1,0.0,1532,3962,0,660,1840,0,422,1334,3962,0,660,1840,-1.0
5330,0,0,-1,170000,-2,-2,-2,-2,-1,-1,0.0,7417,7862,2218,4866,3643,2732,6175,7404,7829,2218,3972,3643,-2.0
21681,0,0,-1,90000,0,0,0,0,0,0,0.0,1251,1281,1173,500,1000,1000,13107,13740,14770,13306,10465,9704,0.0
278,0,0,-1,50000,-1,-1,-1,-1,-1,-1,0.0,316,316,316,316,316,316,1156,316,316,316,316,316,-1.0
2841,0,0,-1,210000,-1,0,0,0,-1,-1,0.0,1526,4000,514,326,89599,3292,1952,2787,6316,6504,326,89599,-1.0
9380,1,1,4,20000,-2,-2,-1,-1,2,2,2.0,2,431,20355,0,2732,7189,20732,19981,431,20786,20355,18752,-2.0
16460,1,0,-1,80000,-2,-2,-2,-2,-2,-2,0.0,0,0,0,0,0,0,82150,0,0,0,0,0,-2.0
4930,0,0,-1,170000,-1,-1,-1,0,0,0,0.0,16835,2200,5510,5000,8100,0,8404,16835,2200,7510,12510,19720,-1.0
6126,0,0,-1,30000,-2,-2,-2,-2,-2,-2,0.0,10523,4790,4736,55762,4209,22815,6911,10507,4785,4567,11762,4209,-2.0
1613,0,0,-1,190000,0,0,0,0,0,0,0.0,15000,10000,5674,11313,5538,18272,89619,103095,110000,115674,121313,15538,0.0
661,0,0,-1,160000,-2,-2,-2,-2,-2,-2,0.0,8106,12431,12145,13391,7957,1905,14150,8106,12431,12145,13391,7957,-2.0
2327,0,0,-1,80000,0,0,0,0,0,0,0.0,20000,2400,2000,2100,2500,2000,33918,50878,51787,52422,53608,50312,0.0
8467,1,0,-1,140000,0,0,0,0,0,0,0.0,4000,3500,2000,2500,1800,2000,74177,65336,53578,49288,43870,44854,0.0
20561,0,0,-1,320000,0,0,0,0,0,0,0.0,2000,2000,3000,3000,1667,2019,46385,47439,48858,50893,52352,53480,0.0
22239,0,0,-1,360000,-2,-2,-2,-2,-2,-2,0.0,990,990,990,990,990,4970,990,990,990,990,990,990,-2.0
5413,0,0,-1,50000,0,0,0,0,2,0,1.0,1500,1500,2150,0,1000,1000,24282,23470,23297,22546,19563,20227,0.0
8300,0,0,-1,80000,0,0,0,0,-1,0,0.0,1075,1200,0,68424,1264,0,26144,26625,3600,0,68424,42601,0.0
24130,0,0,-1,90000,0,0,0,0,0,0,0.0,2297,2406,1400,493,106,0,64497,49929,41498,36492,24636,5298,0.0
4204,0,0,-1,210000,0,0,0,0,0,0,0.0,5000,4000,3402,2013,1026,1000,125615,77485,79668,92326,30500,25265,0.0
27529,0,0,-1,360000,-1,-1,-1,-1,0,0,0.0,10575,7685,18610,8000,21004,0,14093,10575,7675,18602,20461,33404,-1.0
5716,0,0,-1,280000,-2,-2,-2,-2,-2,-2,0.0,1198,494,698,1233,5080,17095,1616,1198,494,698,1233,5080,-2.0
13189,1,1,1,300000,1,2,2,2,2,2,5.0,2500,1800,2100,1900,0,3500,54977,56189,56663,57428,58455,57556,2.0
27923,1,1,1,30000,1,2,2,2,2,0,4.0,0,3500,1028,0,1000,3300,24307,23618,26733,27016,24972,25425,2.0
27295,0,0,-1,100000,0,0,0,0,0,-2,0.0,1641,1200,1000,0,0,0,37218,33720,24666,10550,0,0,0.0
13368,0,0,-1,160000,0,0,0,0,-1,-1,0.0,2500,15000,0,15655,0,1674,67879,36865,47986,0,15655,0,0.0
1823,0,0,-1,50000,0,0,-2,-2,-1,0,0.0,0,0,0,15883,1000,792,42200,0,0,0,15883,16617,0.0
5602,0,1,5,70000,0,0,0,0,0,2,1.0,1600,1500,1000,2000,0,1000,14320,15383,16318,17048,18772,18320,0.0
11328,0,0,-1,70000,0,0,0,0,0,0,0.0,2036,2050,1809,3000,2251,1627,43045,44088,45102,45861,47951,49252,0.0
19214,0,0,-1,200000,-2,-2,-2,-2,-2,-2,0.0,2180,2750,0,1060,2000,1060,6024,2180,2750,0,1060,2000,-2.0
4699,0,0,-1,160000,-1,-1,-2,-2,-2,-2,0.0,0,0,0,0,0,0,2851,0,0,0,0,0,-2.0
17646,0,0,-1,360000,-1,-1,-1,-2,-1,-1,0.0,3060,0,0,1444,1382,0,1638,3060,0,0,1444,-1382,-1.0
7104,0,0,-1,240000,0,0,0,0,0,0,0.0,3000,3500,9700,4000,6300,3000,47315,34623,34347,36082,32957,18797,0.0
5153,0,0,-1,160000,0,0,0,0,0,0,0.0,6000,5000,15000,5000,7000,10000,136809,77080,160336,92820,91449,89559,0.0
14986,0,0,-1,30000,0,0,0,0,-2,-2,0.0,1582,1033,0,0,0,0,20328,18944,3395,0,0,0,0.0
11516,0,0,-1,300000,0,-1,0,0,0,-1,0.0,7785,3000,0,0,8500,0,1617,7785,3420,814,-494,8006,0.0
19080,0,0,-1,70000,0,0,0,0,0,0,0.0,3020,5040,2000,2000,12000,5000,66867,66502,54263,47562,43735,43509,0.0
23897,0,0,-1,150000,-1,0,0,0,0,0,0.0,3187,2381,1579,1265,1584,597,82791,82533,77002,45340,36352,36499,0.0
10530,0,0,-1,60000,0,0,0,0,0,0,0.0,4000,2000,1000,1000,331,343,54216,27596,28772,19067,19467,9247,0.0
10751,1,0,-1,20000,0,0,0,0,-2,-2,0.0,1500,1500,0,0,0,0,16619,17845,19000,0,0,0,0.0
14138,0,0,-1,30000,0,0,-2,-2,-2,-2,0.0,0,0,0,1500,0,0,30000,-720,-720,-1500,0,0,-2.0
2873,0,0,-1,350000,-2,-2,-2,-2,-2,-2,0.0,316,316,466,466,316,316,316,316,316,466,466,316,-2.0
12596,0,0,-1,30000,0,0,0,0,0,0,0.0,1255,1268,600,611,612,1000,14095,15117,16130,16462,16808,17140,0.0
12865,0,0,-1,260000,0,0,0,0,0,0,0.0,1275,1279,635,657,669,668,30845,20395,17902,18258,18640,18956,0.0
17896,0,1,4,20000,0,0,0,0,2,2,2.0,2000,3000,2500,0,2000,5,3202,4978,7720,9907,9627,11500,0.0
17030,0,0,-1,50000,0,0,0,0,0,0,0.0,1905,1801,1468,1043,1085,1193,50649,50607,49903,41083,29635,30261,0.0
7283,0,0,-1,150000,0,0,-2,-2,-2,-2,0.0,0,0,0,0,0,0,65591,0,0,0,0,0,-2.0
7763,0,0,-1,20000,0,0,0,0,0,0,0.0,1193,1207,2402,2399,5000,0,10478,11193,12207,14402,16399,20929,0.0
22660,0,0,-1,150000,0,0,0,0,0,0,0.0,10011,6200,5874,10000,6054,7108,175095,175522,173918,174074,178671,178869,0.0
12064,0,0,-1,100000,0,0,0,0,0,0,0.0,6363,4386,5362,4344,20000,4382,21345,26288,23386,25362,26318,42484,0.0
11422,0,0,-1,140000,0,0,0,-2,-2,-2,0.0,5407,0,0,0,0,0,136324,138438,0,0,0,0,0.0
17281,0,0,-1,20000,0,0,0,0,0,0,0.0,1292,1323,1111,441,2158,2400,19113,20068,17481,15572,15902,35565,0.0
19422,1,0,-1,210000,-1,-1,-1,-1,0,-1,0.0,971,2871,5087,0,3392,4000,188,971,2871,5087,1943,3392,-1.0
144,0,0,-1,170000,-2,-2,-2,-2,-2,-2,0.0,10000,10000,10000,9983,15863,10000,12159,10000,10000,10000,9983,15846,-2.0
28184,0,0,-1,50000,0,0,0,0,0,0,0.0,1434,1555,1148,1000,422,372,37541,36504,26901,26021,19438,12198,0.0
9502,0,0,-1,330000,0,0,0,0,0,0,0.0,8000,12000,7000,8000,7287,7400,173630,178833,187820,190202,194964,199008,0.0
9235,0,1,1,40000,1,2,2,0,0,-1,2.0,3000,0,1000,1062,1600,1542,21576,23242,21057,20746,20613,867,2.0
15660,0,0,-1,120000,-2,-2,-2,-2,-2,-1,0.0,448,0,0,0,10614,0,3140,448,0,0,0,10614,-2.0
609,0,0,-1,450000,-2,-2,-2,-2,-2,-2,0.0,9120,8528,0,6368,3000,3238,3996,9120,8528,0,6368,3000,-2.0
27837,0,0,-1,70000,0,0,0,0,0,0,0.0,3000,3100,2400,2000,2000,2000,65229,66348,67292,67091,49303,49350,0.0
17838,0,0,-1,30000,0,0,0,0,0,0,0.0,2000,2500,3000,178,1000,0,23075,23996,25407,27312,8810,6355,0.0
7979,1,0,-1,90000,-1,-1,-1,-1,-1,-1,0.0,0,490,850,1000,1360,0,685,0,490,850,1000,1360,-1.0
26916,0,0,-1,300000,-1,-1,-1,-1,-1,-1,0.0,32898,6493,23324,1254,7808,3023,5036,32897,6493,23292,1254,7808,-1.0
2875,0,0,-1,20000,0,0,0,0,0,0,0.0,1360,1400,0,3000,200,0,13610,14160,15200,14800,17800,10000,0.0
24633,0,0,-1,210000,-1,-1,-1,-1,-1,0,0.0,2776,2776,526,4880,0,1315,2776,2776,2776,526,4880,1315,-1.0
17131,0,0,-1,50000,0,0,0,0,-2,-2,0.0,2000,2010,0,0,0,0,33243,16290,12594,0,0,0,0.0
26185,1,0,-1,450000,-2,-2,-2,-2,-2,-2,0.0,390,780,390,390,390,390,390,390,390,390,390,390,-2.0
21700,0,0,-1,20000,0,0,0,0,0,0,0.0,1500,1300,1200,1000,3000,406,4120,5387,6440,7373,8246,11095,0.0
1716,0,0,-1,50000,0,0,0,0,0,0,0.0,2300,2349,800,835,726,361,45663,43522,43193,18768,19182,19447,0.0
22784,0,0,-1,160000,-1,-1,0,-1,-1,-1,0.0,31745,1049,6000,6000,0,4345,9330,31745,22829,6000,6000,0,-1.0
235,0,0,-1,60000,0,0,0,0,0,0,0.0,1506,1298,1000,721,811,599,58203,36367,20934,20694,20175,19421,0.0
8151,0,0,-1,250000,0,0,0,0,-1,-1,0.0,3500,15054,7885,4836,9655,5000,21550,23932,37329,26339,4836,9655,0.0
9274,0,0,-1,500000,0,0,0,0,0,0,0.0,7013,8071,3013,8012,5019,2006,24677,28287,32988,21579,26674,28697,0.0
10463,0,0,-1,330000,0,0,0,0,0,0,0.0,10500,4074,3600,4005,3600,3400,95255,101046,100349,100218,100334,98097,0.0
21415,0,0,-1,220000,-1,-1,-1,-1,-1,-1,0.0,316,541,4188,3473,7653,2280,8939,316,541,4188,3473,7653,-1.0
29467,0,1,1,50000,1,2,2,2,2,2,5.0,0,2600,0,800,0,800,5931,5690,8023,7748,8269,7992,2.0
21876,0,0,-1,290000,0,0,0,0,0,0,0.0,7003,7037,7019,6005,6006,6011,140615,142201,145676,144305,140375,142119,0.0
20310,0,0,-1,60000,1,2,0,0,0,0,1.0,17,2249,2604,983,1023,1003,61278,59106,54647,56071,29199,29815,0.0
26419,0,0,-1,150000,-2,-2,-1,-1,2,-1,1.0,2507,190,3180,0,38100,5000,11085,2500,190,3173,673,38100,-1.0
15781,0,0,-1,130000,0,0,0,0,0,0,0.0,5500,4500,3500,6011,3200,4000,116186,111703,105091,100046,96090,90359,0.0
2419,0,1,5,20000,0,0,0,0,0,2,1.0,1300,1000,1000,500,0,0,12518,12889,9638,8878,6474,2771,0.0
9359,0,0,-1,450000,-1,0,0,0,-1,-1,0.0,3000,10000,3000,10000,3300,326,9845,11991,17111,19585,9756,3282,-1.0
310,0,0,-1,60000,-1,-1,-1,-1,-1,-1,0.0,13809,14583,4889,273,13557,0,20847,13801,14366,4889,273,11736,-1.0
8770,0,0,-1,340000,1,2,0,0,0,0,1.0,12,145000,5055,5017,5059,7382,29221,14802,153697,153381,143426,139945,0.0
3712,0,0,-1,290000,0,0,0,0,0,0,0.0,16923,7714,7283,7407,10000,6000,212943,216910,213931,212770,211098,202491,0.0
21279,0,0,-1,30000,0,0,0,0,0,0,0.0,1460,1560,2000,3077,804,761,29628,29253,28342,28282,30118,24584,0.0
28363,0,0,-1,400000,-1,-1,0,0,0,0,0.0,5939,2624,3004,3090,11325,3282,634,5939,6624,8004,10390,21325,0.0
28742,0,0,-1,50000,0,0,0,0,0,0,0.0,1368,1330,1160,330,314,364,28889,21803,20990,16236,9759,8789,0.0
28565,0,0,-1,100000,-2,-2,-2,-2,-2,-2,0.0,3514,3400,15156,13920,2099,15638,16155,3514,3400,15156,13920,2099,-2.0
19968,0,0,-1,200000,-1,-1,-1,-1,-1,-1,0.0,2700,1000,9500,1000,4500,1301,467,2628,287,9471,985,4489,-1.0
20037,0,0,-1,360000,-2,-2,-2,-2,-2,-2,0.0,3680,12657,224,223,492,494,1715,3662,12595,223,222,490,-2.0
1574,1,0,-1,50000,0,0,0,0,0,0,0.0,3029,2000,1021,1004,10000,2500,50716,50606,33265,29300,20703,30101,0.0
7410,0,0,-1,80000,0,0,0,0,0,-1,0.0,3000,3000,5000,0,54070,5247,46495,8241,11000,16000,0,54070,0.0
19582,0,0,-1,400000,-1,-1,-1,0,0,0,0.0,2600,110958,110000,20000,58312,9031,5974,2600,110958,164959,130737,128312,-1.0
29105,0,0,-1,440000,0,0,0,0,0,0,0.0,9700,6323,5700,4800,4000,4500,293717,254498,169622,169140,152404,138447,0.0
26937,1,0,-1,210000,1,2,0,0,2,0,2.0,0,4100,7200,0,3220,3300,89567,85552,86595,89689,85764,85830,0.0
1317,0,0,-1,500000,-2,-2,-2,-2,-2,-2,0.0,6378,4074,116446,9335,3312,43664,4214,6378,4074,116446,9335,3312,-2.0
28520,0,0,-1,80000,0,0,0,0,0,0,0.0,1374,1235,1101,270,1000,1000,19188,18774,12339,11312,8324,7079,0.0
5970,0,0,-1,170000,0,0,0,0,0,0,0.0,1402,1789,652,798,1081,173,35348,34622,31450,28229,26422,15081,0.0
29816,0,0,-1,210000,-1,-1,-1,-1,-1,-1,0.0,326,326,326,326,326,326,326,326,326,326,326,326,-1.0
28764,1,0,-1,290000,-2,-2,-2,-2,-2,-2,0.0,3686,3112,8164,1509,8262,2032,4340,3686,3094,8164,1509,8262,-2.0
23930,0,0,-1,50000,0,0,0,0,0,0,0.0,1166,1188,1202,596,461,462,9168,10178,11200,12214,12608,12718,0.0
11991,0,0,-1,100000,0,1,-1,0,0,0,0.0,2,9586,1014,500,3010,1,3856,-1278,7571,5386,1133,4143,0.0
14902,0,0,-1,260000,-2,-2,-2,-2,-2,-2,0.0,616,450,773,268,402,334,387,616,450,773,268,402,-2.0
7304,0,0,-1,130000,-1,-1,-1,-1,0,-1,0.0,2529,11929,5722,0,5250,3526,2048,2529,11929,5722,3076,5250,-1.0
24441,0,1,1,80000,1,2,2,2,2,2,5.0,2000,2000,2000,0,4000,0,45619,46567,47522,48373,47442,50501,2.0
26373,0,1,1,20000,-1,2,2,2,2,0,4.0,2500,0,3000,0,1001,1700,17056,18803,18055,20578,19813,20197,2.0
9137,0,0,-1,300000,0,0,2,0,0,0,1.0,10700,0,2000,4000,5000,0,24763,33484,31501,32678,36147,40503,0.0
25603,0,0,-1,160000,0,0,0,0,0,0,0.0,7008,6300,5000,3000,2606,4006,133017,125321,122044,111799,92039,89536,0.0
22063,0,0,-1,130000,0,0,-1,0,0,0,0.0,3600,2315,100000,3500,8000,4000,131630,65325,2315,101035,82288,86788,0.0
21059,0,0,-1,30000,-2,-2,-2,-2,-2,-2,0.0,6367,2115,5933,4192,0,0,5066,6367,2109,5930,4192,0,-2.0
1765,0,1,1,130000,1,2,2,2,2,2,5.0,0,3500,0,2000,0,2000,22415,21146,23647,22984,24315,23155,2.0
13512,0,0,-1,200000,-1,-1,-1,-1,-1,0,0.0,718,2946,390,390,0,1313,3664,718,2946,390,390,390,-1.0
26449,1,0,-1,50000,0,0,0,0,0,0,0.0,2000,1400,2000,5000,1000,1000,33743,22989,15843,16825,14637,15397,0.0
26333,0,0,-1,50000,0,0,-1,0,0,-1,0.0,1200,2500,3000,1000,900,48578,4041,1343,2174,3479,3006,810,0.0
20760,0,0,-1,130000,-1,-1,-1,-1,-1,-1,0.0,99,99,99,99,98,894,99,99,99,99,99,98,-1.0
9655,0,0,-1,190000,-1,-1,-1,-1,-1,-1,0.0,1698,478,10035,24345,1191,14512,25953,1590,478,10035,24345,1150,-1.0
24119,0,0,-1,500000,0,0,0,0,0,0,0.0,30032,271636,30876,60044,50539,100562,252881,224633,486367,616836,250600,296217,0.0
26961,0,0,-1,110000,0,0,0,0,0,0,0.0,4010,4431,2700,1500,1500,1600,107793,102676,103276,67886,39457,39424,0.0
11699,0,0,-1,80000,-1,-1,-1,-1,-1,-1,0.0,6734,1817,4817,1381,6137,6251,4762,6712,1814,4811,1379,6136,-1.0
28513,0,0,-1,160000,-1,-1,-1,-1,-1,-1,0.0,3634,4436,1978,3781,1732,715,5171,3634,4436,1978,3781,1732,-1.0
5128,0,0,-1,360000,-1,-1,-1,-1,-1,-1,0.0,2444,1008,1250,0,860,0,3019,2438,1008,1250,0,860,-1.0
6858,1,0,-1,180000,-1,0,0,0,0,0,0.0,1503,1400,250,228,106,1601,996,1999,2216,2301,2364,2286,0.0
16724,0,0,-1,80000,0,0,0,0,0,0,0.0,3000,3000,3000,4500,830,2000,22753,25046,23466,25689,29820,22082,0.0
6969,1,0,-1,50000,0,0,2,0,0,0,1.0,1800,800,500,500,500,400,6302,7993,8506,8716,8926,9128,0.0
26587,1,0,-1,20000,0,0,0,0,0,0,0.0,1300,1500,1600,600,600,700,6215,7252,8473,9769,10057,10346,0.0
15788,0,0,-1,70000,0,0,0,0,0,0,0.0,3600,3990,2700,2300,2300,3000,105338,100820,96815,90968,86011,81276,0.0
28610,0,0,-1,50000,0,0,0,0,0,0,0.0,4000,2000,2000,3000,4000,846,34740,9769,9899,11017,13460,15529,0.0
11756,0,0,-1,50000,0,-1,0,0,0,0,0.0,91000,1200,600,29057,1076,1300,48973,50601,49805,27605,29447,30045,0.0
5663,0,0,-1,200000,-1,-1,-1,-1,0,0,0.0,5846,200,15845,0,0,0,7770,3266,200,15845,15845,-39,-1.0
25,0,0,-1,90000,0,0,0,-1,0,0,0.0,5757,0,5398,1200,2045,2000,4744,7070,0,5398,6360,8292,0.0
5699,0,0,-1,200000,0,0,0,0,0,0,0.0,3311,3400,3400,3512,3586,3148,121830,91216,93099,94949,96929,98909,0.0
8337,0,0,-1,270000,0,0,0,0,0,0,0.0,4173,4275,4054,4191,4302,4567,116168,118661,121106,118269,120737,123227,0.0
15495,1,0,-1,20000,0,0,0,0,0,0,0.0,1312,1363,1249,1000,2000,1000,19600,19694,19945,20051,19472,19830,0.0
19258,0,0,-1,450000,-1,-1,-1,-1,0,0,0.0,17577,35758,90018,41340,20000,15000,12818,17522,35727,82517,91873,41628,-1.0
21701,0,0,-1,240000,0,-1,-1,-1,-1,-1,0.0,2986,191142,98080,79380,100000,50254,198768,2986,191142,98080,19380,100000,-1.0
25165,0,0,-1,250000,-1,-1,-1,0,-1,-1,0.0,3344,2255,1000,2324,1657,1416,500,3344,2255,3183,2324,1657,-1.0
7325,0,0,-1,50000,0,0,0,0,-1,-1,0.0,1383,1000,196,500,0,0,21696,8987,9604,9800,500,0,0.0
20070,1,0,-1,360000,1,2,0,0,0,0,1.0,0,2000,2000,243,0,0,4741,4534,6491,8422,8665,0,0.0
18385,0,1,5,30000,0,0,0,0,0,2,1.0,1400,1730,1760,2310,1033,0,23185,24194,25529,26563,28120,28558,0.0
9851,0,0,-1,270000,0,0,0,0,0,0,0.0,2500,2000,2000,2000,2000,2000,22821,24949,26526,27778,29322,30677,0.0
26417,0,0,-1,210000,0,0,0,0,0,0,0.0,7082,6000,6000,5000,3000,6000,202503,173232,117125,212656,107808,63049,0.0
15873,0,0,-1,110000,0,0,0,0,0,0,0.0,3500,3899,3000,1800,3000,2000,107649,82139,74760,63520,62529,58228,0.0
28675,0,0,-1,150000,0,0,0,0,0,0,0.0,2000,3000,1500,1000,5000,176,41387,40310,42652,42711,43311,48311,0.0
7497,0,0,-1,50000,-1,-1,-1,-1,-1,-1,0.0,14608,22730,14911,6758,3727,2440,2531,14504,22553,14900,6758,3727,-1.0
2403,0,1,1,80000,1,2,2,2,2,2,5.0,0,5000,0,15000,2600,0,54033,52595,56709,55201,69270,70582,2.0
16392,1,0,-1,180000,0,-1,-1,-1,-1,-1,0.0,4060,0,2200,0,19726,0,3359,4060,-200,2000,0,19726,-1.0
8465,0,0,-1,470000,0,0,0,0,0,0,0.0,3000,3500,4000,4000,4000,4200,78833,80562,82718,85334,87948,90479,0.0
24813,0,0,-1,30000,0,0,-1,-1,-1,-1,0.0,1000,390,390,390,0,780,1946,1473,390,390,390,0,-1.0
23847,0,1,3,290000,0,0,0,2,2,2,3.0,12000,20000,0,5500,0,10000,85532,69025,85735,79698,71981,63168,0.0
28172,0,0,-1,110000,0,0,0,0,0,0,0.0,4322,5369,4003,3806,4050,3672,108668,111162,107172,107629,106628,106903,0.0
4236,1,0,-1,150000,0,0,0,0,0,0,0.0,6010,5007,5016,10101,5006,4015,143706,140120,138520,139329,142149,111435,0.0
17185,0,0,-1,260000,0,0,0,0,0,0,0.0,2000,5000,5000,10000,20000,15000,16150,17880,22248,26842,35997,55272,0.0
4431,0,0,-1,270000,0,0,0,0,0,0,0.0,3000,3019,5000,5000,10000,10000,60654,59464,54715,51796,53256,59733,0.0
8916,1,0,-1,50000,0,0,0,0,0,0,0.0,1763,1729,1111,1137,1188,997,26660,26909,27485,27477,27651,27853,0.0
24393,1,0,-1,80000,0,0,0,0,0,-1,0.0,4351,3520,1000,3272,11766,1740,165578,153033,133017,19164,3272,11766,0.0
25425,0,0,-1,200000,-2,-2,-2,-2,-2,-2,0.0,165,1295,0,0,0,0,10742,165,1295,0,0,0,-2.0
1151,0,0,-1,210000,-1,-1,-1,0,-1,-1,0.0,590,2042,0,396,396,396,396,590,2042,1646,396,396,-1.0
10543,0,0,-1,410000,-2,-2,-2,-1,-1,-1,0.0,333,333,1019,2218,1216,1019,333,333,333,1019,2218,1216,-2.0
22592,0,0,-1,210000,0,0,0,0,0,0,0.0,3000,3000,2804,3000,3000,2468,57605,58727,59854,61330,62394,63912,0.0
26340,1,0,-1,240000,0,0,0,0,0,0,0.0,5160,5328,5500,5199,5392,5417,133348,136296,139430,142608,145437,148492,0.0
23829,0,0,-1,240000,-2,-2,-2,-1,-1,-1,0.0,546,3953,6646,6865,7673,4208,4302,542,3934,6630,6817,7658,-2.0
25437,0,0,-1,360000,0,0,0,0,0,0,0.0,20000,15000,19355,10000,10000,10000,297275,307394,314534,289355,274484,247998,0.0
18447,0,0,-1,50000,0,0,0,0,0,0,0.0,2000,1800,1800,1700,2000,3700,42207,43517,44330,45404,46363,47630,0.0
16928,0,0,-1,180000,-2,-2,-1,0,0,-2,0.0,345,139770,1000,2777,2160,3424,360,345,139740,15631,2777,2160,-2.0
4568,0,0,-1,240000,0,0,0,0,0,0,0.0,5000,5000,6000,6000,5098,5281,126395,129371,132218,136003,139798,142574,0.0
12210,0,0,-1,360000,-1,-1,-1,-1,-1,0,0.0,8625,998,26561,10456,21738,0,1978,8583,993,26454,10456,31581,-1.0
24890,0,1,3,170000,0,0,0,2,2,2,3.0,5400,8200,11400,0,10800,0,148211,149659,155442,162471,158294,166836,0.0
28497,0,0,-1,310000,0,0,0,0,0,0,0.0,11000,11300,10500,10100,10000,9600,294180,295875,302438,293473,297926,280967,0.0
21256,0,1,5,30000,0,0,0,0,0,2,1.0,2000,1800,1300,2400,1000,1000,24070,25358,26447,26946,28957,29408,0.0
25205,0,0,-1,120000,0,0,0,0,0,0,0.0,6000,6000,4000,4000,3000,3500,117035,115624,117204,116835,77926,76993,0.0
6092,0,0,-1,150000,-2,-2,-2,-2,-2,-2,0.0,4828,0,0,77534,2991,4509,42218,44828,-7772,-7772,69762,71591,-2.0
22906,0,0,-1,140000,0,0,0,0,0,0,0.0,5300,5300,5000,5000,4500,4500,142357,141236,133779,135943,111264,111785,0.0
1609,0,0,-1,390000,-1,-1,0,0,0,0,0.0,42016,1397,347,250,145,94,5895,42006,31192,13859,10078,4635,0.0
6213,0,0,-1,100000,0,0,0,0,0,0,0.0,3572,2600,5600,2600,2600,2510,91857,78797,70936,68104,68055,68084,0.0
1349,0,0,-1,300000,-1,-1,-1,-1,-1,-1,0.0,5032,3744,8059,3425,11860,7595,19357,5000,3744,8059,3425,11860,-1.0
5380,0,0,-1,150000,0,0,-2,-2,-1,-1,0.0,0,0,0,1000,0,5000,143650,0,0,0,1000,0,0.0
5531,0,0,-1,30000,0,0,0,0,0,0,0.0,3164,1615,902,1374,767,849,52636,27761,28791,29078,30125,8941,0.0
27245,0,1,5,310000,0,0,0,0,0,2,1.0,5000,3000,3000,5000,0,1000,11416,15864,18599,21277,25896,25354,0.0
17831,0,0,-1,380000,0,0,0,0,-1,0,0.0,2600,1626,312,1007,284069,11340,64900,43514,10626,312,986,284729,0.0
28639,0,0,-1,100000,0,0,0,0,0,0,0.0,4296,4068,2037,1408,0,0,97944,99580,92297,184134,70400,0,0.0
5802,0,0,-1,240000,-1,0,0,0,0,0,0.0,10023,10000,5000,15000,15000,5000,30380,15579,20496,15296,24332,23896,0.0
18756,0,0,-1,300000,-2,-1,-1,0,0,0,0.0,21250,23005,35012,25000,24000,24000,25370,18078,21245,36737,37071,24930,0.0
18405,0,0,-1,360000,0,0,-2,-2,-2,-2,0.0,2057,4294,8535,1535,5753,7792,37927,2047,3794,8521,7119,5725,-2.0
19295,0,0,-1,200000,0,0,0,0,0,0,0.0,9000,8993,7503,6000,11300,6103,193083,195259,196120,168814,163509,172037,0.0
29856,0,1,5,80000,1,2,0,0,0,2,2.0,0,2800,2200,4700,2600,0,58606,57076,58358,58992,62696,64148,0.0
23668,0,0,-1,200000,-1,-1,-1,-1,-1,-1,0.0,0,1306,1679,620,849,1264,5592,0,1306,1623,620,849,-1.0
4845,0,0,-1,230000,0,0,0,0,0,0,0.0,2100,2300,2000,2000,2000,2000,57171,56150,57074,50670,50652,51267,0.0
15997,1,0,-1,140000,0,0,0,0,0,0,0.0,4849,6703,6120,4015,4042,4057,136431,135134,139178,139900,109665,108129,0.0
10488,1,0,-1,170000,0,0,0,0,0,0,0.0,8200,5200,5000,5000,5000,4000,170440,170060,115372,211577,120407,122952,0.0
29003,1,1,1,240000,1,2,2,2,0,0,3.0,0,4000,1000,1200,2000,0,6900,6641,10495,2813,3805,5730,2.0
29968,0,0,-1,50000,0,0,0,-1,2,0,1.0,2686,0,50551,0,1600,1500,50564,49710,0,50551,40590,39384,0.0
19483,0,0,-1,120000,-1,-1,-1,-1,-1,0,0.0,2063,768,3146,2677,0,0,3564,2063,768,3096,2677,2592,-1.0
27720,0,0,-1,20000,-1,-1,-1,-1,-1,-1,0.0,4023,440,440,440,440,440,440,4023,440,440,440,440,-1.0
22377,0,1,1,60000,1,2,2,2,2,2,5.0,2410,1131,0,886,0,332,5087,7236,8104,7825,8580,8300,2.0
9876,0,0,-1,150000,-2,-2,-2,-2,-2,-2,0.0,1801,1139,2246,5435,466,316,316,1801,1139,2246,5435,466,-2.0
10315,1,0,-1,30000,1,2,0,0,2,0,2.0,0,1685,2000,0,2000,1000,22320,21674,22995,24310,23781,25383,0.0
29854,1,1,4,50000,0,0,0,0,2,2,2.0,3500,2000,3000,0,2500,3000,25637,28371,29913,32417,31597,33575,0.0
2956,0,0,-1,250000,0,0,-1,-1,-1,-1,0.0,1007,13346,9163,8338,18618,1763,43971,32009,13346,9163,8338,17793,-1.0
28468,0,0,-1,260000,-1,-1,-1,-1,-1,0,0.0,869,6574,3551,3700,0,1047,5656,591,6574,3551,3634,2440,-1.0
10505,0,1,5,340000,-1,-1,0,0,-1,2,1.0,7604,10000,0,2650,0,1000,5060,7604,14900,0,2650,1000,-1.0
18548,0,0,-1,210000,-1,-1,-1,-1,-1,-1,0.0,402,11401,1368,2684,1397,0,4341,402,11305,1368,2684,1397,-1.0
18123,0,1,2,150000,0,0,2,2,2,2,4.0,5000,0,4500,2500,0,2500,53224,57297,52714,56329,57311,56265,2.0
10888,0,0,-1,60000,0,0,0,0,0,0,0.0,2000,2000,2950,926,4600,0,20866,22131,22685,24938,25085,28862,0.0
11409,0,1,1,240000,1,3,4,3,2,0,4.0,15281,6000,0,0,9013,6183,180189,191054,192447,188156,183299,180090,2.0
250,0,0,-1,50000,0,0,0,0,0,0,0.0,1561,1268,587,611,1000,2000,35713,15392,16099,16418,16765,17484,0.0
9180,0,0,-1,500000,-2,-2,-2,-2,-2,-2,0.0,0,0,1017,500,0,1059,735,-5,-5,1012,500,0,-2.0
19408,0,0,-1,360000,-1,-1,0,-1,-1,-1,0.0,17444,10035,10000,10000,10000,0,10000,17444,17165,10000,10000,10000,-1.0
21757,0,0,-1,270000,0,0,0,0,0,0,0.0,6061,6081,5072,5009,5254,4069,184560,178592,170225,156719,151716,153519,0.0
25216,1,0,-1,30000,0,0,0,0,0,0,0.0,1300,1300,1300,700,1000,1000,14544,15597,16641,17659,18066,18775,0.0
22405,0,0,-1,150000,0,0,0,0,0,0,0.0,4486,4235,3161,2647,2669,2669,136736,125651,116684,101581,77741,77264,0.0
17857,0,1,5,50000,0,0,0,0,0,2,1.0,1700,2000,1700,3400,1800,0,48431,45008,40226,41256,43962,44913,0.0
20394,0,0,-1,170000,0,0,0,0,0,0,0.0,6384,7540,7540,6301,6517,6035,171650,171841,171014,168142,169821,173014,0.0
16240,0,0,-1,200000,-1,-1,-1,0,0,-1,0.0,4251,5144,2000,44406,54725,3000,10701,4251,5144,6807,51013,54416,-1.0
13710,0,0,-1,180000,-1,-1,-1,-1,-1,-1,0.0,4198,13935,11112,3182,1985,3276,6092,3576,13920,11112,3182,1985,-1.0
29625,0,0,-1,60000,0,0,0,0,0,0,0.0,1500,1500,2000,1000,1000,1000,20959,20822,17973,18403,17898,17388,0.0
8155,0,0,-1,80000,0,0,0,-2,-2,-2,0.0,3750,0,0,0,0,0,79813,82150,0,0,0,0,0.0
14717,0,0,-1,90000,0,0,0,0,0,0,0.0,2500,2300,2281,2519,2451,2300,62460,63354,64528,65815,67350,68605,0.0
12532,0,0,-1,20000,0,-1,-1,-1,-1,-2,0.0,2940,6050,3100,0,0,1035,5100,2940,6050,3100,0,0,-1.0
19824,0,0,-1,60000,0,0,0,0,0,0,0.0,2131,2133,2050,2191,5300,0,59274,59240,59631,58105,57194,60650,0.0
5824,0,0,-1,50000,-1,0,0,0,0,0,0.0,1547,1251,1200,600,627,759,26342,27457,27381,17930,18128,18490,0.0
15714,0,0,-1,10000,-2,-2,-2,-2,-2,-2,0.0,7244,4000,0,9263,3693,0,3311,7244,3980,0,9263,3693,-2.0
1877,0,0,-1,50000,0,0,0,0,0,0,0.0,1864,1811,594,587,1000,1000,48797,47153,43238,17253,16307,16651,0.0
28609,0,0,-1,140000,0,0,2,0,0,0,1.0,18000,0,10000,5000,6000,6000,84539,96604,90785,95736,95912,97070,0.0
27141,0,0,-1,490000,0,0,0,0,0,0,0.0,16100,20000,19000,16000,16000,15000,455520,464727,477884,488808,427064,436172,0.0
20124,0,0,-1,240000,0,0,0,0,0,0,0.0,6500,5000,5057,5239,5500,5000,132252,135069,136408,139192,142111,145165,0.0
10105,0,0,-1,30000,0,0,0,0,0,0,0.0,1303,1314,691,713,718,742,16883,17909,18920,19297,19699,20091,0.0
979,1,0,-1,180000,0,0,0,0,0,0,0.0,1126,4081,240,504,169,62,5591,6619,10574,7733,6794,5487,0.0
19693,0,0,-1,50000,-1,2,0,0,0,0,1.0,0,2000,1500,1000,1000,1000,2564,2378,4167,5438,6193,6939,0.0
2372,0,0,-1,30000,-2,-2,-2,-2,-2,-2,0.0,0,0,0,0,0,0,318,0,0,0,0,0,-2.0
17771,0,0,-1,50000,0,0,0,0,0,0,0.0,1952,1979,1495,1144,1165,946,51320,50602,50095,34120,33235,32377,0.0
12710,0,0,-1,300000,0,0,0,0,0,0,0.0,12000,11504,8500,8000,8000,11000,306623,296304,295855,201842,201309,200695,0.0
2760,0,0,-1,150000,-1,-1,-1,0,0,0,0.0,312,20132,129665,127,315,0,18395,-2390,10042,129691,88173,63034,-1.0
7966,1,0,-1,130000,0,0,-1,0,0,0,0.0,3106,22511,600,1005,1004,1006,53119,48994,17285,12448,12855,11795,0.0
8910,0,0,-1,50000,-1,-1,-1,-1,-1,0,0.0,7014,1261,1261,2522,0,780,9536,0,1261,1261,2522,1261,-1.0
26844,0,0,-1,360000,-2,-2,-2,-2,-2,-2,0.0,2500,0,0,0,0,0,1730,2500,0,0,0,0,-2.0
27700,0,0,-1,30000,-1,-1,0,0,0,0,0.0,150,0,0,0,0,0,415,150,150,150,150,150,0.0
16052,0,0,-1,500000,0,0,0,0,0,0,0.0,39432,20000,20000,20000,20000,20000,418958,439432,440324,440565,440050,438953,0.0
12443,0,0,-1,500000,-1,-1,-1,-1,-1,-1,0.0,575,361,978,958,176,310,2362,575,360,964,957,176,-1.0
19962,0,1,5,60000,0,0,0,0,0,3,1.0,2000,2000,3000,5000,2000,6000,20163,21517,22860,25154,29387,30607,0.0
22336,0,0,-1,110000,1,2,0,0,0,0,1.0,3,4334,4250,2946,2506,2458,113093,106321,107630,106354,79154,69988,0.0
8197,0,0,-1,90000,-2,-2,-2,-2,-2,-2,0.0,0,528,0,528,264,0,264,0,528,0,528,264,-2.0
7198,0,0,-1,100000,0,0,0,0,0,0,0.0,1649,1663,1471,1360,1212,4472,39667,40704,41718,41536,42243,42929,0.0
29798,0,0,-1,90000,0,0,0,0,0,0,0.0,2471,2600,2633,3108,2052,1858,70329,69073,70561,72021,73912,58301,0.0
21924,0,0,-1,110000,0,0,0,0,0,0,0.0,1800,1800,1700,1500,1600,2000,50406,45099,46002,44701,42706,43513,0.0
3526,0,0,-1,140000,0,-1,-1,0,-1,-1,0.0,4340,5491,2013,1510,18,89898,3234,4324,5477,4490,1500,-51183,-1.0
8071,0,0,-1,150000,-1,-1,-1,-1,-1,-2,0.0,8958,780,7500,0,0,0,7890,8958,780,7500,0,0,-1.0
2127,0,0,-1,210000,1,2,0,0,0,0,1.0,0,2674,2687,3000,3000,3000,73903,72153,73634,75095,76886,78604,0.0
10506,0,0,-1,50000,0,0,0,0,0,0,0.0,2000,2000,2000,1500,2000,2000,24724,25895,23627,24827,25521,26523,0.0
321,1,1,1,110000,1,2,2,0,0,0,2.0,2500,0,2000,2000,1854,2000,58362,56598,51908,48647,47862,47969,0.0
26809,1,0,-1,50000,0,0,0,0,0,0,0.0,1707,1948,11746,1635,1712,4000,49139,49281,42472,44810,45699,46675,0.0
17981,0,0,-1,160000,0,0,0,0,0,0,0.0,3000,3000,3000,3000,5600,2600,59675,61085,62503,63867,65206,69584,0.0
21434,0,0,-1,130000,0,0,0,0,0,0,0.0,4000,4030,4600,4200,5000,5000,106852,107599,109902,112635,114472,117556,0.0
22488,0,0,-1,200000,0,0,0,-1,-1,-1,0.0,2000,0,2412,1396,0,396,6512,4312,0,2412,1396,0,0.0
16368,1,0,-1,380000,0,0,0,0,0,0,0.0,13501,14152,12270,11031,10207,10910,379080,374137,371624,362191,322148,309689,0.0
7542,1,1,1,50000,-1,2,2,2,0,0,3.0,0,2500,0,1000,1050,600,19875,19273,21133,19121,19663,20235,2.0
2989,0,0,-1,130000,0,0,0,0,0,0,0.0,7261,12272,10265,11546,12411,10000,20733,14261,22242,18265,21546,32411,0.0
27552,0,0,-1,330000,0,0,0,0,0,0,0.0,3856,3926,3966,3000,2,0,141061,144526,148420,152341,149998,-2,0.0
3508,0,0,-1,50000,0,0,0,0,0,0,0.0,3000,3000,3000,2000,2000,5000,44510,42564,38181,30805,28252,28783,0.0
28967,0,0,-1,180000,0,0,0,0,0,0,0.0,1800,2100,1500,1500,1500,1200,41699,42812,44132,24594,25686,26780,0.0
27956,0,0,-1,140000,2,-1,-1,-1,0,0,1.0,752,800,1580,0,700,700,776,752,776,1580,804,728,-1.0
25555,0,0,-1,450000,-1,0,0,-1,-1,0,0.0,4000,5000,4425,15091,0,2277,10815,4603,5266,4425,15091,6341,-1.0
22666,0,0,-1,140000,0,0,0,0,0,0,0.0,6000,5000,4000,2000,0,71000,136302,127178,78950,80457,41150,-10193,0.0
27788,0,0,-1,70000,0,0,0,0,0,0,0.0,3000,2916,2004,15006,3000,2200,67897,62826,62595,40327,48673,46158,0.0
1585,0,0,-1,50000,0,0,0,0,0,0,0.0,3037,1800,1130,2000,0,0,48508,49213,38280,12305,6436,0,0.0
15973,1,1,3,30000,0,0,0,2,2,2,3.0,2000,4000,0,2400,0,1500,25265,26529,30090,28908,30472,29483,0.0
23262,0,1,2,150000,0,0,2,2,0,0,2.0,3221,1602,0,1000,1709,0,22724,21019,19890,19271,19037,20448,0.0
26868,0,0,-1,260000,0,0,0,0,0,0,0.0,10621,9948,8914,6986,41000,7222,257456,261189,264520,249571,202144,197643,0.0
9807,0,0,-1,180000,0,0,0,0,0,0,0.0,6600,6000,6000,6000,5000,6000,136613,133557,129909,133043,133835,132587,0.0
29635,0,0,-1,210000,0,0,0,0,0,0,0.0,2000,1936,2000,1450,1472,3500,36042,37141,38179,39243,39740,40574,0.0
18119,0,0,-1,210000,0,0,0,0,0,0,0.0,8100,7000,4000,5000,105015,4100,186004,169351,163576,115854,111606,120885,0.0
20908,0,0,-1,110000,0,0,0,0,0,0,0.0,1855,1921,2563,2300,2300,1704,51395,51803,52888,54570,55368,56623,0.0
2487,0,0,-1,260000,0,0,0,-1,-1,-1,0.0,5030,2025,7770,1385,0,1775,26303,9408,5082,7732,1379,-8,0.0
21518,0,0,-1,90000,-1,-1,-1,2,-1,0,1.0,0,22146,0,632,0,7816,1102,-14,21816,316,632,316,-1.0
19869,0,0,-1,200000,0,0,0,0,0,0,0.0,2000,2000,1437,2401,3000,6000,23870,25168,26451,27437,29401,31939,0.0
19423,0,0,-1,110000,0,0,0,0,2,0,1.0,4113,3500,4005,0,1500,1999,89603,88232,85362,74552,59902,42254,0.0
14600,0,0,-1,90000,-2,-2,-2,-2,-2,-2,0.0,1924,11855,10655,0,665,0,1905,1924,11855,665,0,665,-2.0
22924,0,0,-1,500000,0,0,0,-1,-1,-1,0.0,26000,11725,15406,6903,45045,10000,64266,47971,25581,15406,6196,45045,0.0
19848,0,0,-1,100000,2,-1,-1,0,0,0,1.0,1237,43757,2005,1500,2000,2000,736,1237,40476,41408,36362,34213,0.0
14973,0,1,3,150000,0,0,-1,4,3,2,3.0,0,1187,0,0,0,583,8982,0,1187,1182,882,441,2.0
5753,0,0,-1,140000,0,0,0,0,0,0,0.0,1299,1500,1000,1000,1500,1000,7272,7906,8717,9046,9369,10165,0.0
29647,0,0,-1,70000,0,0,0,0,0,0,0.0,2009,1404,3016,20001,2000,5002,78244,19275,11231,10694,27908,11192,0.0
12411,0,0,-1,360000,-1,-1,-1,-1,0,-1,0.0,15329,13062,41977,0,25948,21318,14432,15329,13062,41977,24354,25948,-1.0
25919,0,0,-1,500000,0,0,0,0,0,0,0.0,12260,7016,3007,5009,7028,6755,24893,12569,7652,7187,10861,15893,0.0
21492,0,0,-1,500000,0,0,0,0,0,0,0.0,5000,3850,3248,13736,14256,220371,182416,150298,88448,58009,47336,7112,0.0
29488,0,0,-1,50000,0,-1,-1,-2,-2,-2,0.0,1189,300,0,0,0,0,5339,1189,0,0,0,0,-2.0
5417,0,0,-1,30000,0,0,0,0,0,0,0.0,2000,2000,1500,1500,1500,1500,29723,30428,26558,27265,27953,28456,0.0
14287,0,0,-1,280000,-1,-1,-2,-2,-1,-1,0.0,3564,4792,2384,2393,3524,2851,2479,3554,4746,2377,2390,3504,-1.0
5930,0,0,-1,50000,0,0,0,0,0,0,0.0,1588,1483,611,458,403,351,16648,16200,15622,14277,12930,11657,0.0
19971,0,1,2,230000,2,-1,2,2,-1,0,3.0,3888,16,0,3047,12,0,535,3881,2297,-3,3044,2424,2.0
3711,0,0,-1,180000,0,0,0,0,0,0,0.0,3007,2804,2802,2901,5000,80000,84484,79099,77640,78369,80010,83683,0.0
15688,0,0,-1,10000,0,0,0,-1,0,0,0.0,1000,0,6400,400,700,500,9363,9990,-10,6390,6682,7271,0.0
6696,0,0,-1,300000,-2,-2,-2,-1,-1,-2,0.0,2380,0,970,0,89,0,1352,2380,0,970,0,89,-2.0
6076,0,0,-1,30000,0,0,0,0,0,0,0.0,2000,1400,1300,700,1000,0,26460,27042,27617,28546,13487,8307,0.0
21638,0,1,1,10000,1,2,2,-1,-1,-2,2.0,1200,0,1681,0,0,1250,8356,7864,6171,1681,0,0,2.0
2525,0,0,-1,20000,-1,0,-1,0,0,0,0.0,1011,13181,5,1033,1781,305,5044,3700,13181,12596,11699,2154,0.0
8140,1,1,1,50000,1,2,2,0,0,2,3.0,2400,0,3000,6000,0,2000,51046,52337,51170,51526,50524,48510,2.0
14271,1,0,-1,160000,-1,-1,-1,-1,0,-1,0.0,326,326,652,0,476,326,326,326,326,652,326,476,-1.0
5243,1,1,1,20000,1,2,2,2,2,2,5.0,0,1500,0,822,0,2540,5065,4840,6100,5856,6432,6182,2.0
1302,1,0,-1,10000,0,0,2,0,0,0,1.0,2452,7,308,320,328,1000,10012,9784,9473,8947,9135,8613,0.0
9806,0,0,-1,180000,0,0,0,0,0,0,0.0,1500,2000,1000,3000,4000,2000,8694,7607,6801,6759,6918,9777,0.0
29336,0,0,-1,210000,0,0,0,0,0,0,0.0,1607,1700,2000,2000,2000,1000,90675,19357,18885,20258,21610,23025,0.0
21297,0,0,-1,280000,0,0,0,0,0,0,0.0,3500,3600,3666,3683,3815,3900,94916,96838,98878,100899,102900,105057,0.0
27911,0,1,5,290000,1,2,0,0,0,2,2.0,1500,16500,15000,20000,10000,9701,236258,232523,243753,253145,267412,273095,0.0
18656,0,1,1,90000,1,2,2,2,2,2,5.0,0,5000,2000,2200,2000,2500,50200,49092,53295,53826,54548,55525,2.0
23315,0,0,-1,270000,0,0,0,0,0,0,0.0,6000,2028,5010,5000,5000,3000,68589,58751,53401,51401,36177,29209,0.0
24873,0,0,-1,160000,-1,-1,-1,-1,-1,-1,0.0,735,735,735,735,735,735,735,735,735,735,735,735,-1.0
27868,0,0,-1,140000,-1,-1,-1,-1,0,0,0.0,6483,13566,94422,3100,3600,3621,10066,6465,13524,94419,93295,94599,-1.0
11446,0,0,-1,440000,0,0,0,0,0,-1,0.0,1390,4375,271,497,34255,1048,49803,25781,18400,10978,1175,32857,0.0
11736,0,0,-1,60000,0,0,0,0,0,0,0.0,1679,1388,860,2000,1055,2000,21295,22629,23338,23810,25418,26050,0.0
12619,0,0,-1,150000,-1,-1,-1,0,0,0,0.0,0,5200,0,72,460,4487,5219,0,5200,1561,1633,230,-1.0
19600,0,0,-1,290000,0,0,0,0,0,0,0.0,2514,3007,2004,2101,2503,2503,57721,57256,57094,55293,54738,55435,0.0
25840,1,0,-1,70000,0,0,2,0,0,0,1.0,6000,0,3000,1000,1500,2000,69362,71775,70050,70415,48405,46514,0.0
2823,0,0,-1,270000,0,0,0,0,0,0,0.0,3626,2700,3180,2300,2800,2009,96175,88092,78574,70330,61355,52969,0.0
21685,0,0,-1,90000,0,0,0,0,0,0,0.0,3000,1240,1220,1000,500,800,14329,14520,14747,4753,5152,4664,0.0
11378,0,0,-1,50000,0,0,0,0,0,0,0.0,1440,1760,1001,1057,1063,5699,25395,26421,27741,27982,28589,29157,0.0
25252,0,0,-1,290000,0,0,0,0,0,0,0.0,2000,1800,1400,1000,1000,1000,57445,57025,46484,36232,32149,24004,0.0
5967,0,0,-1,100000,0,0,0,0,0,0,0.0,4000,3000,2000,2000,2200,1700,60077,62438,49234,50521,51820,53056,0.0
4544,0,0,-1,50000,1,2,0,0,0,0,1.0,2200,1962,1562,1500,1474,2300,42207,42226,38859,39475,40187,40992,0.0
19594,0,0,-1,230000,-1,-1,-2,-1,-1,-2,0.0,0,1487,830,0,0,1342,1163,0,1487,826,-4,-4,-1.0
16221,0,0,-1,290000,-1,-1,-1,-1,-1,-1,0.0,14718,7420,15118,45473,15095,8908,3613,14708,7209,14912,45473,15095,-1.0
26732,0,0,-1,70000,0,0,0,0,0,0,0.0,1300,1400,1400,500,500,1000,16861,7553,8670,9764,9954,10144,0.0
4991,0,1,3,20000,0,0,0,3,2,0,2.0,3276,3000,3,7,2058,669,11777,14851,17575,17063,15711,28600,0.0
4997,0,0,-1,180000,-1,-1,-1,-1,0,0,0.0,6892,6892,6282,2000,0,0,6892,6892,6892,6282,8282,0,-1.0
24354,0,0,-1,90000,-1,0,0,0,0,0,0.0,9400,27000,3000,2680,52930,3400,91111,81784,97541,90102,78285,70224,0.0
20049,0,0,-1,300000,0,0,0,0,0,0,0.0,1520,2000,1452,1000,649,344,12975,13149,13408,12714,12437,11166,0.0
4596,0,0,-1,80000,0,0,0,0,0,0,0.0,1701,2000,2000,1000,2000,3000,27560,22441,19960,6199,5623,6880,0.0
17502,0,0,-1,220000,0,0,0,0,0,0,0.0,6000,7300,7500,6000,6500,7000,152197,154167,158981,162348,164162,168013,0.0
25647,0,0,-1,430000,0,0,0,0,0,0,0.0,3000,2300,2000,3000,90000,4000,41092,43095,44692,45648,47884,136701,0.0
11496,0,0,-1,320000,-2,-2,-2,-2,-2,-2,0.0,1550,0,2000,700,760,810,730,1550,0,2000,700,760,-2.0
2577,0,0,-1,60000,0,0,0,0,0,0,0.0,2382,2373,1324,1402,1460,1045,58186,58364,59108,38827,39670,37503,0.0
19992,0,0,-1,70000,1,2,0,0,0,0,1.0,0,1500,1300,1505,1000,1000,51900,49307,48214,27572,26810,20541,0.0
3405,0,1,5,80000,0,0,0,0,0,2,1.0,3000,1800,3000,6000,2900,2000,42755,45053,46104,48327,53549,52457,0.0
6799,0,0,-1,120000,0,0,0,0,0,0,0.0,3014,5000,5000,2726,4000,3000,81878,83429,77262,78783,75252,77090,0.0
25156,0,1,1,30000,1,2,2,2,2,2,5.0,0,3300,0,2158,0,1100,29654,28570,31085,29945,30373,29476,2.0
29994,0,0,-1,100000,0,-1,-1,0,0,0,0.0,2000,111784,4000,3000,2000,2000,3042,1427,102996,70626,69473,55004,0.0
15364,0,0,-1,240000,-1,-1,-1,-1,-1,-1,0.0,1323,329,9228,7776,7500,635,1986,1323,329,9228,7776,7500,-1.0
18589,0,0,-1,130000,-1,-1,-1,-1,-1,-1,0.0,3160,8591,5463,2855,9611,8901,11149,3150,8552,5459,2850,9611,-1.0
13868,0,0,-1,380000,0,0,0,0,2,0,1.0,11000,9000,15000,0,8000,8000,225905,225515,227387,197959,194710,199300,0.0
22968,1,0,-1,80000,0,0,0,0,0,0,0.0,2806,4006,1804,2003,3004,1502,70492,68652,67881,38465,27773,29132,0.0
12204,0,0,-1,210000,0,0,0,0,0,0,0.0,10000,1372,5000,1304,60000,3000,35639,42091,27751,30418,23180,68842,0.0
29997,0,0,-1,150000,-1,-1,-1,-1,0,0,0.0,1837,3526,8998,129,0,0,1683,1828,3502,8979,5190,0,-1.0
1552,0,0,-1,230000,0,0,0,0,0,0,0.0,2000,2000,1113,5000,5000,2000,30818,31209,32211,31647,34304,36849,0.0
12799,0,0,-1,100000,1,2,0,0,0,0,1.0,0,3509,3047,3500,3000,2500,105033,102513,100693,71253,70206,71060,0.0
25803,0,1,3,150000,0,0,-1,2,2,2,3.0,150,530,0,1166,0,0,3060,0,530,530,1696,1166,2.0
3410,0,0,-1,500000,-1,-1,-1,-1,-1,-1,0.0,355,355,1204,2378,6344,14889,7325,355,355,1204,2378,6344,-1.0
21083,0,0,-1,140000,0,0,0,2,0,0,1.0,3500,5500,4000,5000,5000,5000,90547,92536,96535,98041,100504,103874,0.0
12816,0,0,-1,20000,0,0,0,0,0,0,0.0,1369,1162,524,606,0,0,19844,19929,18775,13854,10718,0,0.0
7637,0,0,-1,210000,0,0,0,0,0,0,0.0,4741,5778,1955,3370,1913,1998,145643,133339,137000,55855,58370,59537,0.0
7166,0,0,-1,90000,-2,-2,-2,-2,-1,-1,0.0,0,1000,1000,1052,71062,3000,2000,1000,1000,1000,1052,69237,-2.0
29144,0,0,-1,200000,-1,-1,-1,-1,-1,-1,0.0,317,1169,3178,153,0,0,16964,317,1169,3175,153,0,-1.0
6784,1,1,1,70000,1,2,2,2,2,2,5.0,3100,0,2600,0,5100,1400,28106,30447,29659,31767,31124,35511,2.0
24673,1,0,-1,20000,0,0,2,0,0,0,1.0,1815,1000,1279,614,637,2350,13817,15398,15852,16862,17197,17558,0.0
3118,0,0,-1,110000,0,0,0,0,0,0,0.0,4251,4218,4167,4238,4181,4246,113461,112026,111792,111936,112030,111975,0.0
680,0,0,-1,30000,-1,0,0,-2,-2,-2,0.0,1283,7024,7024,7024,7024,7024,29033,17013,7024,7024,7024,7024,-2.0
21307,0,0,-1,110000,0,0,0,0,0,0,0.0,2000,2000,2000,2000,2000,3000,45012,45964,46922,48140,49339,50542,0.0
7370,0,0,-1,50000,0,0,0,0,-2,-2,0.0,2000,1800,0,0,0,0,23607,24921,25775,0,0,0,0.0
27107,0,0,-1,150000,-1,-1,-1,-1,-1,-1,0.0,162,116,162,530,367,111,1437,162,116,162,530,367,-1.0
3617,0,0,-1,10000,0,0,0,0,0,0,0.0,1500,1000,4000,500,2500,0,10208,8598,7100,9305,9805,5720,0.0
28982,0,0,-1,110000,0,0,0,0,0,0,0.0,2536,5000,1653,1500,10000,1495,46603,48351,51815,47225,34975,43725,0.0
14636,0,0,-1,80000,0,0,0,0,0,0,0.0,2600,4300,2000,2000,2000,2000,66122,92131,47655,43182,44332,45440,0.0
16952,0,0,-1,170000,0,0,0,0,0,0,0.0,55000,5012,5000,4516,5000,5000,86229,134760,132615,131213,129293,128379,0.0
19762,1,1,1,100000,-1,2,2,-1,-1,-1,2.0,123,0,7286,123,123,123,246,246,123,7286,123,123,-1.0
23951,0,0,-1,70000,1,2,0,0,0,0,1.0,1100,1178,1250,300,400,250,8587,9386,9456,9528,7481,7794,0.0
6660,0,1,1,10000,1,2,2,0,0,0,2.0,1019,0,0,0,0,0,6898,7642,5381,3791,3791,0,0.0
7581,0,0,-1,360000,0,0,0,0,0,0,0.0,4013,90054,9011,3007,2592,1013,277523,117239,121284,93951,58200,52585,0.0
4476,0,0,-1,240000,0,0,0,0,0,0,0.0,6600,8000,7000,11000,7181,7236,188307,179988,184976,188934,196884,199267,0.0
21177,0,0,-1,180000,0,0,0,0,0,0,0.0,6000,6000,6000,5000,4200,3862,130950,119109,119166,121661,122244,119536,0.0
16250,0,0,-1,310000,-2,-2,-2,-2,-2,-2,0.0,123,0,123,0,0,0,123,123,0,123,0,0,-2.0
2227,1,0,-1,310000,0,0,0,0,2,0,1.0,11000,11300,29841,69,9980,9546,250708,256157,261550,285233,280905,272240,0.0
17622,0,0,-1,20000,-1,-1,-1,-1,-1,-1,0.0,416,416,832,416,416,416,416,416,0,416,416,416,-1.0
233,0,0,-1,50000,0,0,-2,-1,-1,0,0.0,0,0,2624,45567,1747,2000,102800,0,0,2624,45567,46557,0.0
24663,0,0,-1,230000,0,0,0,0,0,0,0.0,6500,4579,4500,3000,1000,3000,143083,130011,83545,82638,26332,25425,0.0
17370,0,0,-1,50000,0,0,0,0,0,0,0.0,1902,2176,2064,1098,2134,1139,55329,51870,53164,46575,26609,27178,0.0
3776,0,0,-1,230000,0,0,0,0,0,0,0.0,5556,7200,5820,6100,6500,5100,151778,152966,157188,158490,161456,164677,0.0
21317,0,0,-1,50000,0,0,0,0,0,0,0.0,1800,2000,1500,1000,1200,1100,46362,47393,48631,49143,27709,27549,0.0
22000,0,0,-1,200000,0,0,0,0,0,0,0.0,3000,3000,3000,2500,2632,2700,61940,63314,64699,66029,66836,68390,0.0
12511,0,0,-1,50000,0,0,0,0,0,0,0.0,3100,1723,1100,1111,1200,1130,43583,35245,27520,25928,26470,27077,0.0
9132,1,0,-1,130000,0,0,0,0,0,0,0.0,1312,1328,1000,1000,1000,799,17505,18529,19545,20217,20890,21541,0.0
29266,0,0,-1,180000,-1,-1,-1,-1,-1,-1,0.0,396,396,396,396,396,396,396,396,396,396,396,396,-1.0
25710,0,0,-1,50000,0,0,0,0,0,0,0.0,1755,2000,2295,1000,1048,1058,46170,47155,48052,49491,28618,29217,0.0
3329,0,0,-1,500000,0,0,0,0,0,0,0.0,4585,3789,3942,2433,10000,762,146700,126765,107965,89339,67854,54918,0.0
775,0,0,-1,50000,-1,2,-1,-1,-1,-2,1.0,39,32013,11079,0,0,0,7363,5180,31902,11044,0,0,-1.0
1859,0,0,-1,230000,0,0,0,0,0,0,0.0,2072,1689,1046,1025,928,277,49619,43435,41719,38072,33802,30435,0.0
3261,0,0,-1,170000,0,0,0,0,0,0,0.0,5300,5100,5000,4700,5000,4800,131629,131374,129544,131937,132958,134525,0.0
29267,0,0,-1,300000,-1,-1,-1,-1,0,-1,0.0,25125,9565,91559,252,2694,1000,1386,25051,9505,91527,80780,2694,-1.0
7098,0,0,-1,490000,-2,-2,-2,-1,0,0,0.0,380,380,15240,5000,5000,7396,380,380,380,15240,19656,24006,-2.0
22040,0,0,-1,90000,0,0,0,0,0,-1,0.0,2000,1300,2000,67,30483,2905,17584,18377,18496,11716,3163,30483,0.0
19958,0,0,-1,50000,0,0,2,-1,0,0,1.0,1213,0,3336,0,0,390,3487,3159,213,3336,1863,390,0.0
15476,1,0,-1,50000,1,2,-2,-2,-2,-2,1.0,2400,0,0,0,0,0,51814,53077,51400,0,0,0,-2.0
14568,0,0,-1,290000,-1,-1,-1,-1,-1,-1,0.0,15837,11584,8184,14936,19573,6309,6649,15819,10986,8184,14936,19573,-1.0
15951,1,1,1,50000,1,3,2,0,0,0,2.0,0,507,1300,1000,700,771,50701,49147,21163,19894,19758,19324,0.0
20780,0,0,-1,120000,0,0,0,0,-2,-2,0.0,6000,5500,0,0,0,0,106552,110787,112900,0,0,0,0.0
23544,0,0,-1,200000,0,0,0,0,0,0,0.0,6500,8000,7520,6000,6100,7500,185155,180069,179899,170716,164553,165326,0.0
7867,0,0,-1,260000,0,0,0,0,0,0,0.0,4000,3002,2000,2000,2464,1000,63504,66283,67341,54725,36117,35144,0.0
11549,0,0,-1,60000,0,0,0,0,0,0,0.0,1463,2036,937,1911,951,2056,24396,25463,27036,27074,25911,26431,0.0
6968,0,0,-1,140000,0,0,0,0,0,0,0.0,2000,1755,1721,10000,2028,3000,43030,44335,45351,46317,55506,56609,0.0
2623,0,1,5,100000,0,0,0,0,0,2,1.0,3000,3000,2400,9100,0,4000,59712,61743,63714,65056,73062,71738,0.0
1550,0,0,-1,110000,0,0,0,0,0,0,0.0,6000,5500,4000,4000,4100,4000,115895,115609,113984,112510,112319,110730,0.0
11125,0,0,-1,160000,-1,-1,-2,-2,-2,-2,0.0,0,0,0,0,0,0,2275,0,0,0,0,0,-2.0
25131,0,0,-1,420000,-1,-1,-1,-1,-1,-1,0.0,16106,10703,14540,20631,17641,11748,11097,16106,10703,14534,20631,17641,-1.0
2999,1,0,-1,50000,0,0,2,0,0,0,1.0,3000,0,1000,1000,1000,1000,20838,23204,22538,22864,23495,24100,0.0
11324,0,0,-1,130000,-1,-1,-1,-2,-2,-2,0.0,6540,1411,5790,2571,2214,4172,7477,6519,1403,5773,2464,2108,-1.0
4212,0,0,-1,90000,0,0,0,-1,0,0,0.0,1953,2000,29982,800,1516,60615,36179,36137,28400,28982,29782,24389,0.0
97,0,0,-1,360000,-1,-1,-1,-1,-1,0,0.0,8339,3394,12902,27000,0,68978,3967,8322,3394,6451,26370,9956,-1.0
12551,1,1,0,160000,2,2,-1,-1,-2,-1,2.0,0,4582,0,0,2191,4825,1309,0,4582,0,0,2191,-1.0
24512,0,0,-1,50000,-1,0,0,0,-1,0,0.0,2000,1000,0,1704,2011,0,1853,3656,4400,0,1704,3715,0.0
26956,0,0,-1,240000,0,0,0,0,0,0,0.0,1810,1151,2029,1003,112,173,11671,10030,8132,8402,4585,3551,0.0
2705,0,0,-1,50000,0,0,0,0,0,0,0.0,2300,3862,2000,1100,1500,1100,47066,45132,47756,28275,28082,28846,0.0
9769,1,0,-1,50000,1,2,0,0,2,0,2.0,0,2200,3600,0,1763,1725,47731,45925,47041,49180,47500,48479,0.0
21957,0,0,-1,50000,0,0,0,0,0,0,0.0,1600,1542,1100,1000,1000,284,30951,28622,11656,5435,6337,7227,0.0
23230,0,0,-1,300000,0,0,0,0,0,0,0.0,4682,4777,4835,5830,4931,5079,114690,117682,120777,123835,127830,130931,0.0
27887,0,0,-1,220000,0,0,0,-1,-1,-1,0.0,16008,12000,15030,10000,15000,5000,66620,56611,37504,9499,3679,13232,0.0
19476,0,0,-1,200000,-2,-2,-2,-2,-2,-2,0.0,0,5738,1626,2244,66000,30000,8800,0,5738,0,2244,66000,-2.0
16678,0,0,-1,50000,0,0,0,0,0,0,0.0,1472,1500,1282,618,640,644,42163,38252,27396,23584,17272,17634,0.0
12940,0,0,-1,60000,0,-1,-1,0,0,0,0.0,3000,61000,3000,3000,3000,9000,56965,2495,57899,30345,30244,25474,0.0
2874,0,0,-1,470000,0,0,0,0,0,0,0.0,5000,2600,1500,1500,2000,1500,43353,47682,46429,43405,42796,44171,0.0
28940,0,0,-1,210000,0,0,0,0,0,0,0.0,20033,10000,5012,1251,2007,10125,89519,50144,52148,50723,43200,17556,0.0
22053,0,1,1,50000,1,2,2,2,0,0,3.0,1000,2000,1000,1000,1000,1000,22021,22334,21047,19925,20638,18803,2.0
2709,0,0,-1,200000,0,0,0,0,0,0,0.0,5023,4007,5001,10020,5073,5064,16811,21290,20207,23858,33236,33337,0.0
13563,0,0,-1,210000,0,0,0,-2,-2,-2,0.0,5000,0,0,0,0,0,203653,23520,0,0,0,0,0.0
7001,0,0,-1,30000,0,0,0,0,0,0,0.0,1500,1700,750,200,200,100,20741,21906,23183,13273,3027,3177,0.0
5498,0,0,-1,50000,0,0,0,2,0,0,1.0,2000,2500,0,2000,2000,2000,10644,12163,14147,13626,15194,16929,0.0
2070,0,0,-1,120000,-1,-1,-1,-1,-1,-1,0.0,11433,7823,0,4913,7023,2176,13587,11433,7823,0,4913,7023,-1.0
10761,0,0,-1,90000,-1,-1,-2,-2,-2,-2,0.0,0,0,0,0,0,0,520,0,0,0,0,0,-2.0
24267,0,0,-1,150000,-2,-2,-2,-2,-2,-2,0.0,15338,0,0,650,1430,1200,500,15338,0,0,650,1430,-2.0
8144,0,1,5,150000,-1,-1,-1,-1,-1,2,1.0,316,316,0,1098,0,0,316,316,316,0,782,316,-1.0
25614,0,0,-1,290000,0,0,0,0,0,0,0.0,10000,3286,3133,2822,3212,3073,98709,106341,107325,108805,105375,105710,0.0
15624,0,0,-1,130000,-1,-1,2,-1,0,-1,1.0,792,0,792,0,396,396,396,792,396,792,396,396,-1.0
16986,0,0,-1,240000,0,0,0,0,0,0,0.0,9000,10307,9014,6029,6014,6034,233441,236496,242446,207633,197644,193724,0.0
27866,0,0,-1,50000,0,0,0,0,-2,-2,0.0,1250,1000,0,0,0,40277,8298,5841,3750,0,0,0,0.0
8261,0,0,-1,170000,-1,-1,-2,-1,-1,-1,0.0,0,0,467,203,0,1116,298,0,0,467,203,0,-1.0
17899,0,0,-1,10000,0,0,0,0,0,0,0.0,1151,1160,1151,346,350,354,10128,9859,9607,9818,10013,9824,0.0
21285,0,1,4,50000,0,0,0,0,2,2,2.0,1634,2038,4685,0,3982,0,38302,39299,40703,44350,43517,46821,0.0
7815,0,0,-1,30000,0,0,0,0,0,0,0.0,3000,6000,5000,327,3396,1680,4527,7427,11013,16013,16340,3396,0.0
27886,1,0,-1,80000,0,0,0,0,0,0,0.0,3028,1241,3010,2025,3500,26028,24003,21887,14799,6402,4950,4661,0.0
22649,0,0,-1,180000,-1,-1,-1,-1,-1,-1,0.0,316,316,396,396,3306,3306,316,316,316,396,396,3306,-1.0
9392,1,0,-1,80000,-1,2,-1,0,-1,0,1.0,0,832,0,832,0,416,832,416,832,416,832,416,-1.0
4313,0,0,-1,200000,-1,-1,-1,-1,0,0,0.0,12174,16239,19446,529,400,277,3450,12113,16152,19443,19189,13947,-1.0
216,0,1,5,30000,-1,-1,-1,-1,-1,2,1.0,390,390,240,1470,0,0,390,390,390,240,1320,780,-1.0
19672,0,0,-1,430000,0,0,0,0,0,0,0.0,2003,2000,1030,2350,2000,1150,17800,18175,11153,11073,2853,3177,0.0
16981,0,0,-1,150000,0,0,0,0,-1,-1,0.0,1827,1777,1175,2125,4421,21607,66347,15768,10874,4466,2125,4421,0.0
9440,1,0,-1,230000,-1,-1,-1,-1,-1,-1,0.0,390,5090,19394,0,3916,3916,5630,390,5090,19394,205,0,-1.0
14612,0,0,-1,150000,0,0,0,0,0,0,0.0,3216,2338,2653,2001,5012,2058,95322,96903,94682,89207,46259,50504,0.0
29350,0,0,-1,60000,0,0,0,0,0,0,0.0,2000,3000,2000,3000,3000,2000,5370,7268,10131,11644,14430,17180,0.0
15848,0,0,-1,200000,0,0,0,0,0,0,0.0,9197,3700,6478,2114,2337,2401,197142,198367,96731,67431,60690,60442,0.0
23968,0,0,-1,220000,0,0,0,0,0,0,0.0,100000,18720,37800,7096,12000,25000,44432,128967,96750,71616,65415,57914,0.0
22821,0,0,-1,290000,0,0,-1,-1,-1,-1,0.0,34507,1343,21542,2239,156733,7219,113618,289002,1332,21429,2228,156721,-1.0
2591,0,0,-1,360000,-1,-1,-1,0,0,-1,0.0,14076,5672,0,0,1646,3875,586,14074,5672,5084,3317,1646,-1.0
7167,0,0,-1,500000,-2,-2,-1,0,0,0,0.0,9125,126768,3468,4050,15099,5015,226,8546,121867,116089,114293,118081,0.0
17528,0,0,-1,210000,0,0,0,0,0,0,0.0,5000,5000,4000,5000,1500,4000,124147,81641,54971,37849,42240,32981,0.0
29184,0,0,-1,30000,0,0,0,0,0,0,0.0,1780,1752,1666,800,1161,3128,26061,27104,28076,25991,25429,26234,0.0
17379,0,0,-1,180000,0,0,0,0,-2,-1,0.0,2000,5000,0,0,36565,1548,20138,21494,25600,0,0,36565,0.0
6625,0,1,5,220000,-1,-1,-1,-1,-1,2,1.0,3403,5990,7767,40645,0,4622,2731,3403,5990,7767,42731,33266,-1.0
20151,0,0,-1,50000,0,0,0,0,0,0,0.0,1800,1755,1500,1101,2000,1135,48519,35968,29453,26660,26235,27647,0.0
18133,0,0,-1,450000,0,0,0,0,0,0,0.0,10000,6000,5087,5000,5000,5000,201015,177028,136434,126121,115050,105901,0.0
7036,0,0,-1,240000,-1,-1,-2,-2,-2,-2,0.0,0,0,0,0,0,0,317,0,0,0,0,0,-2.0
4528,1,1,1,60000,1,2,2,2,0,0,3.0,1800,1710,0,1800,4200,0,49099,49817,50406,47771,48803,52190,2.0
8036,0,0,-1,260000,0,0,0,0,0,0,0.0,5045,8016,5000,4000,4014,3000,162241,137320,126479,110217,102703,84519,0.0
1595,0,0,-1,320000,-1,-1,-1,-2,-2,-1,0.0,500,0,0,0,2900,0,500,500,0,0,0,2900,-1.0
4785,1,0,-1,50000,0,0,0,0,0,0,0.0,2300,2200,1000,1000,800,700,48331,49163,49754,19169,19480,19569,0.0
18978,0,0,-1,170000,0,0,0,0,0,0,0.0,2000,2000,2000,2000,1800,1800,37350,38724,40096,41130,42144,43114,0.0
26253,0,0,-1,240000,-2,-2,-2,-2,-2,-2,0.0,0,0,0,0,1823,0,1981,-2076,-2076,-2076,-2076,-253,-2.0
24187,0,0,-1,180000,1,2,0,0,0,0,1.0,0,7326,10000,7000,8000,10000,173179,168499,170856,177544,172432,173940,0.0
29201,0,1,2,50000,0,0,2,2,0,0,2.0,5000,2000,0,2000,6000,300,39686,43685,44694,43673,44659,49512,0.0
17718,0,0,-1,120000,0,0,2,0,0,0,1.0,23000,0,10076,10000,10000,10000,38261,58084,33018,19172,14938,21290,0.0
13695,0,0,-1,210000,0,0,0,-1,-1,-1,0.0,1793,8242,12000,8534,11000,7500,44933,38542,39332,11140,8463,10406,0.0
10350,1,0,-1,20000,0,0,0,0,0,0,0.0,2224,1171,500,500,500,5000,5745,6023,7053,5909,3287,3604,0.0
7246,0,0,-1,50000,0,0,0,0,0,0,0.0,1200,2065,1000,2070,2000,10327,9923,5088,5625,4428,5092,5685,0.0
1390,0,1,5,20000,0,0,2,0,0,2,2.0,5000,0,1000,1500,0,700,11192,15677,15133,15582,16677,16259,0.0
24552,1,0,-1,270000,0,0,0,0,0,0,0.0,6900,7900,8800,4700,2100,60000,174532,167536,171865,176167,105523,45258,0.0
3628,0,0,-1,80000,0,0,0,0,0,0,0.0,1821,3600,1000,1000,1000,1000,47163,86021,44400,23954,24574,24772,0.0
10077,0,0,-1,250000,-1,-1,-2,-1,-1,0,0.0,508,3,24,51800,1826,1787,399,508,-3,-3,51169,51482,-1.0
11046,0,0,-1,100000,0,0,0,0,0,0,0.0,3523,3025,2344,5000,3000,2000,90828,83479,73749,68512,72518,65890,0.0
8147,0,0,-1,250000,-2,-2,-2,-2,-2,-2,0.0,0,268,0,0,0,0,661,661,268,0,0,0,-2.0
2880,0,0,-1,20000,-1,-1,-1,-1,-1,-2,0.0,780,0,593,0,0,0,292,780,0,593,0,0,-1.0
25496,0,0,-1,80000,0,0,0,0,0,0,0.0,3200,3500,3000,2500,2500,2500,71834,70194,71912,69776,70985,72444,0.0
25912,0,0,-1,50000,-1,-1,-1,-1,-1,-1,0.0,1077,5693,4255,3190,2451,4425,1884,1077,4886,3682,3190,2451,-1.0
18564,0,0,-1,160000,0,0,0,0,0,0,0.0,4000,4500,3000,3000,4000,5000,116744,94894,97589,78487,78592,81326,0.0
19353,0,0,-1,290000,-1,0,0,0,0,0,0.0,3000,3500,2500,2500,2500,2000,37246,36927,39769,35058,36965,38863,0.0
22914,0,0,-1,140000,-1,-1,-1,-1,-1,-1,0.0,1654,840,2153,827,827,9635,1247,1654,840,2153,827,-8808,-1.0
26290,0,0,-1,230000,0,0,0,0,0,0,0.0,1674,3000,2011,1574,2000,2000,41435,42106,43532,44504,44267,45564,0.0
11787,0,0,-1,50000,0,0,0,0,0,0,0.0,1500,1000,0,2000,0,2556,6105,7347,8000,8000,10000,0,0.0
15253,1,0,-1,180000,-2,-2,-2,-2,-2,-2,0.0,0,0,0,503,2343,1988,384,0,0,0,503,2156,-2.0
21172,0,0,-1,50000,0,0,0,0,0,0,0.0,2300,1487,21704,3000,15000,18300,49699,49685,28637,38137,27128,29992,0.0
14777,0,0,-1,180000,0,0,0,0,0,0,0.0,10000,5000,2703,3000,4013,10000,106765,99297,69691,71234,72930,75734,0.0
1783,0,1,2,160000,0,0,2,2,0,0,2.0,5856,2311,0,2377,2000,1881,62312,66965,67648,66020,67386,68336,0.0
11556,0,0,-1,110000,0,0,0,0,0,0,0.0,2000,2200,2200,2149,2170,2000,54806,54544,55357,56281,56483,56685,0.0
28159,0,0,-1,320000,0,0,0,0,0,0,0.0,6085,3632,5010,7059,30018,59518,94561,96683,78479,71121,44698,53230,0.0
9676,0,0,-1,50000,-1,0,0,0,0,0,0.0,2113,1949,685,700,712,674,47612,97918,49376,19693,19677,19657,0.0
23725,0,0,-1,70000,0,0,0,0,0,0,0.0,3500,2777,1751,969,1004,938,103570,105991,67243,67533,28653,29253,0.0
22515,0,0,-1,100000,0,0,0,0,0,0,0.0,3481,6006,3246,2994,2903,2849,101556,98734,98858,98259,80849,81151,0.0
28913,0,0,-1,240000,0,0,0,0,0,0,0.0,10028,7711,7767,8015,15829,9000,231990,202714,199711,203767,208015,220109,0.0
5113,0,1,2,150000,0,0,2,2,2,2,4.0,7200,3000,0,6000,0,3000,87721,87396,79424,76350,79721,77028,2.0
26932,0,0,-1,200000,-2,-2,-2,-2,-2,-2,0.0,1196,1968,200,1018,2361,2500,3528,1190,1958,-5,1013,2350,-2.0
3230,0,0,-1,130000,0,0,0,0,0,0,0.0,4030,4600,4200,5000,5000,21932,107599,109902,112635,114472,117556,116090,0.0
11701,0,0,-1,120000,0,0,0,0,0,0,0.0,5224,5427,2830,3000,2900,2818,120568,122285,123294,81042,81225,79777,0.0
18487,0,0,-1,150000,0,0,0,0,0,-2,0.0,7500,10000,2000,0,0,0,92802,91166,99655,100000,0,0,0.0
1,1,1,0,20000,2,2,-1,-1,-2,-2,2.0,0,689,0,0,0,0,3913,3102,689,0,0,0,2.0
24699,0,0,-1,200000,-2,-1,-1,-1,-1,0,0.0,2925,3421,301,10217,0,0,239,2925,3421,301,9585,8374,-1.0
23117,0,0,-1,200000,0,0,0,0,0,0,0.0,4775,6579,4734,4368,4183,4227,125854,127843,131352,130884,132142,118084,0.0
29906,1,1,1,50000,1,2,2,0,0,0,2.0,1300,0,1310,680,727,6000,17479,18195,17614,18630,19000,19421,0.0
11276,0,1,4,60000,0,0,0,0,2,2,2.0,2000,3600,3700,1800,2000,0,40851,41891,44788,47728,48617,49669,0.0
20043,0,0,-1,360000,0,-1,-1,-1,-1,-1,0.0,3332,3752,6487,3437,4875,24181,20137,3332,3542,6487,3437,4875,-1.0
16120,0,0,-1,100000,0,0,0,0,0,0,0.0,4500,4600,4500,3500,3500,3500,100050,96652,97974,97486,95479,92817,0.0
20605,0,0,-1,110000,0,0,0,0,0,0,0.0,4000,4000,4300,4164,4500,4200,104968,107221,109494,111954,111771,111703,0.0
11621,0,0,-1,140000,0,0,0,0,0,0,0.0,7001,4700,4706,6100,5300,4806,141740,138128,128812,131374,135353,137238,0.0
16729,0,0,-1,50000,0,0,0,0,0,0,0.0,2084,2500,1135,497,514,335,46827,48134,49550,48377,18727,19116,0.0
11909,0,0,-1,80000,0,-1,-1,-1,-1,-1,0.0,826,0,4969,4990,2500,4000,78358,826,-507,3129,1956,4246,-1.0
29130,0,0,-1,30000,0,0,0,0,2,0,1.0,1340,2000,1800,0,641,463,19629,20639,22302,23208,21822,16624,0.0
20376,0,0,-1,20000,0,0,0,0,0,0,0.0,11630,1369,1162,524,606,0,19614,19844,19929,18775,13854,10718,0.0
16629,0,1,4,170000,0,0,0,0,2,2,2.0,2000,2000,7500,2200,0,3000,47956,48854,50068,56691,57367,56322,0.0
25833,0,0,-1,230000,-1,-1,-1,-1,-1,0,0.0,2969,13441,0,8818,4,28,7035,2954,13375,-10,8808,6632,-1.0
3362,0,1,5,310000,-1,-1,-1,-1,-1,2,1.0,4566,5433,5724,1336,0,3167,1989,4566,5329,5724,1518,1336,-1.0
1962,0,0,-1,130000,-1,-1,-1,-1,-1,-1,0.0,45697,27951,17307,10400,18776,2944,11085,45677,27951,17255,10400,18776,-1.0
27285,1,0,-1,200000,-1,-1,-1,-1,-1,-1,0.0,580,580,580,580,580,699,580,580,580,580,580,580,-1.0
27244,1,0,-1,180000,-1,-1,-1,0,-1,-1,0.0,420,2745,1000,1392,1312,1110,1170,420,2745,3053,1012,1312,-1.0
27163,0,0,-1,70000,0,0,0,0,0,0,0.0,2500,2486,2700,2700,2500,3000,67958,66157,67569,67127,66483,65251,0.0
26360,0,0,-1,280000,-2,-2,-2,-2,-2,-2,0.0,13713,9171,9705,41641,21838,5659,5855,13645,9127,9656,41434,21732,-2.0
5912,0,0,-1,30000,0,0,2,0,0,0,1.0,3551,0,1902,1022,1200,1200,25111,27558,26552,27703,28128,28859,0.0
24916,1,0,-1,200000,0,0,0,0,0,0,0.0,7208,7282,5835,5000,5500,4954,202967,203188,198576,186981,137486,140473,0.0
14459,0,0,-1,300000,0,0,0,0,0,-2,0.0,1469,1200,3000,0,0,0,15003,14469,15200,18000,0,0,0.0
24544,0,0,-1,50000,0,0,0,0,0,0,0.0,2000,2000,3000,2700,3500,1000,22188,20501,22161,24784,26750,29632,0.0
8926,1,1,4,20000,0,0,0,0,2,2,2.0,1266,1270,2800,1000,0,512,14341,15371,16375,18905,19462,18967,0.0
1810,0,0,-1,500000,-2,-1,-1,-1,-1,-1,0.0,163500,70160,104734,41018,6258,70356,33332,163500,60560,104734,41018,6258,-1.0
1811,0,0,-1,20000,-1,-1,-1,0,0,0,0.0,0,4956,200,2000,1500,500,3152,0,4956,10148,6979,8353,-1.0
2883,0,0,-1,210000,-1,-1,-1,0,0,-1,0.0,10000,19875,50000,15456,10625,213,15332,10000,19875,57751,25456,10625,-1.0
16215,0,0,-1,240000,0,0,0,0,-2,-2,0.0,4500,5014,0,0,0,1418,153104,102049,105086,0,0,0,0.0
28247,0,0,-1,160000,-1,-1,-1,-1,-1,-1,0.0,7944,1080,0,40100,18899,4180,24411,7944,1080,0,40100,18899,-1.0
8263,1,0,-1,180000,0,0,0,0,0,0,0.0,6600,7738,6200,6418,13000,0,180827,175914,176778,172440,168914,171645,0.0
12280,0,0,-1,80000,-1,-1,-1,-1,-1,-1,0.0,0,680,2862,5539,0,5775,1995,0,680,2862,5539,0,-1.0
19164,0,0,-1,350000,0,0,2,0,0,0,1.0,33010,0,11021,9200,8500,8300,255751,275156,260963,261263,255566,254941,0.0
20055,0,0,-1,80000,0,0,0,0,2,0,1.0,1523,1567,3400,0,1000,1000,12554,13564,14608,17441,16866,17443,0.0
11116,1,0,-1,270000,0,0,0,0,0,0,0.0,6155,5382,3270,3377,3329,3553,167428,168827,148031,92943,94464,92899,0.0
8332,0,0,-1,140000,0,0,0,0,0,0,0.0,5148,3216,2003,3000,3041,5056,138389,110701,83468,41202,41687,36335,0.0
15663,0,0,-1,130000,0,0,0,0,0,0,0.0,3835,5433,4431,6938,3467,3593,109464,106613,107700,103736,101414,100157,0.0
924,0,0,-1,20000,-1,-1,2,-1,0,-1,1.0,796,0,796,0,716,12111,1371,796,398,796,398,716,-1.0
2470,0,0,-1,170000,0,0,0,0,0,0,0.0,5113,4514,4376,4432,4142,3455,141476,143850,134502,122186,122506,117121,0.0
13496,0,0,-1,420000,0,0,0,0,0,0,0.0,8006,7000,6000,6500,6500,10000,204984,209929,190689,173547,176980,180109,0.0
15496,0,1,1,30000,1,2,2,2,2,2,5.0,1000,1500,1000,1000,0,1000,4318,5096,6353,7092,7972,7702,2.0
3290,0,0,-1,270000,-1,2,-1,0,-1,-1,1.0,0,832,0,566,416,416,832,416,832,416,566,416,-1.0
29834,1,0,-1,20000,-1,-1,-1,2,-1,-1,1.0,390,780,0,806,19103,1000,390,390,780,390,806,19103,-1.0
21393,1,1,1,150000,1,2,2,2,2,2,5.0,0,2400,2201,1100,1000,0,23959,23276,25294,26780,27143,27563,2.0
28554,0,0,-1,500000,1,2,0,0,0,0,1.0,0,1101,1027,117,141,72,5186,3985,3935,4861,4523,4637,0.0
17439,0,0,-1,50000,0,0,0,0,0,0,0.0,1593,1855,1341,706,1000,5454,46791,42675,34256,30723,19766,20449,0.0
26699,0,0,-1,60000,0,0,0,0,0,0,0.0,2700,3869,2742,1200,1461,1504,56753,57530,59869,59942,28934,27461,0.0
22788,0,0,-1,210000,0,0,0,0,0,0,0.0,5000,7000,5000,4000,2447,3000,147812,135624,125469,103409,75498,72020,0.0
21235,0,0,-1,300000,0,0,0,0,0,0,0.0,2000,3500,3000,2500,2500,2500,50281,51441,54107,55111,56688,58272,0.0
13837,0,0,-1,170000,0,0,-2,-2,-2,-2,0.0,0,0,0,0,0,0,5155,0,0,0,0,0,-2.0
22443,1,0,-1,400000,-1,-1,2,0,0,-1,1.0,60064,42,1202,9,6813,4682,260,58257,42948,25962,15316,6813,-1.0
21866,0,0,-1,60000,1,2,0,0,-2,-2,1.0,0,1038,0,0,0,0,47963,36871,3800,0,0,0,0.0
10461,0,1,1,150000,-1,2,2,2,0,0,3.0,0,8538,0,8810,8942,9344,40749,39815,46887,45832,52968,60034,2.0
25519,0,0,-1,330000,-2,-2,-2,-2,-2,-2,0.0,8400,626,626,1348,5879,8954,4577,8400,626,626,1348,5879,-2.0
2410,0,0,-1,160000,0,0,0,0,0,0,0.0,3000,3000,2000,2000,2000,2000,35815,38023,40180,41318,42605,43857,0.0
5528,0,0,-1,30000,0,0,0,0,0,0,0.0,2002,1025,1230,1042,0,0,28889,30050,29797,18464,12235,0,0.0
25104,0,0,-1,200000,0,0,-2,-2,-2,-2,0.0,0,0,0,0,0,0,205150,0,0,0,0,0,-2.0
10096,0,1,2,30000,0,0,2,2,-1,2,3.0,2316,199,0,1150,0,0,8009,10181,10064,150,1150,1000,2.0
21612,0,0,-1,110000,1,2,0,0,0,0,1.0,0,3200,2478,2000,1900,2000,72184,69650,70172,48720,48540,43692,0.0
22897,0,0,-1,280000,0,0,-1,0,0,0,0.0,5,4500,60000,1244,2000,4000,21489,-86,4414,64183,61001,60601,0.0
9973,1,0,-1,300000,-1,-1,-2,-2,-2,-2,0.0,1,0,0,0,0,2774,2019,-1,-1,-1,-1,-1,-2.0
26642,0,0,-1,80000,-1,-1,-1,-1,0,0,0.0,444,444,888,444,0,1038,444,444,444,888,888,444,-1.0
15957,0,0,-1,50000,0,0,0,-2,-2,-2,0.0,2400,0,0,0,0,0,50425,51400,0,0,0,0,0.0
29548,0,0,-1,250000,0,0,0,0,0,0,0.0,8006,7606,7200,6000,6303,7013,206199,206822,194318,181608,172922,175302,0.0
26581,0,0,-1,360000,0,0,0,-2,-2,-2,0.0,1179,0,0,0,0,139,35673,35817,-1,-1,-1,-1,0.0
24434,0,0,-1,280000,-2,-2,-2,-2,-2,-2,0.0,251,4250,1000,5507,5348,433,2180,251,4250,1000,5507,5348,-2.0
21791,0,0,-1,200000,-2,-2,-2,-2,-2,-1,0.0,1823,1630,2203,1443,1823,1027,2396,1823,1630,2203,1443,1823,-2.0
4063,0,0,-1,110000,0,0,0,0,0,0,0.0,4861,4300,3500,3500,2564,2300,128341,131227,133490,135888,137708,78581,0.0
28428,0,0,-1,80000,-2,-2,-2,-2,-2,-2,0.0,4771,538,15664,150,1150,791,4771,4771,538,15664,150,1150,-2.0
12560,0,0,-1,200000,0,0,0,0,0,0,0.0,5000,5100,5000,6000,4500,20000,179063,159466,162739,163555,166452,168398,0.0
12790,0,0,-1,300000,-1,0,0,0,0,0,0.0,7500,18340,1000,3000,57543,64629,48729,47798,57390,36766,38586,84950,0.0
62,0,0,-1,70000,0,0,0,0,0,-1,0.0,4025,2095,1000,2000,3000,0,70800,72060,69938,16518,14096,830,0.0
20638,0,1,2,50000,0,0,3,2,0,0,2.0,4231,0,0,451,456,449,10426,14466,13952,13418,13686,13456,0.0
24268,1,0,-1,80000,1,2,0,0,0,-1,1.0,0,1527,1500,540,2544,2789,27897,24833,23331,21964,19664,2544,0.0
21904,0,0,-1,420000,-1,-1,-1,-1,0,0,0.0,5402,1237,24712,0,2647,22019,15629,5402,1237,24712,11912,12647,-1.0
19774,0,0,-1,150000,0,0,-1,-1,-1,-1,0.0,0,1366,1388,3118,1148,496,9730,0,1366,1388,3118,1148,-1.0
27182,0,0,-1,230000,0,0,0,0,0,0,0.0,1500,2200,2000,1100,1000,980,24901,26071,27937,28774,29202,29683,0.0
17187,0,0,-1,400000,0,0,0,0,0,0,0.0,2000,1500,2000,1000,500,1000,7191,8856,6181,7859,4899,1466,0.0
11763,0,0,-1,500000,0,0,0,0,0,0,0.0,2361,1500,1128,100330,100486,2114,47399,48711,48642,49062,149034,181876,0.0
5059,0,0,-1,200000,-1,-1,-1,-1,0,-1,0.0,2106,486,6175,1,390,390,10118,2105,483,5452,389,389,-1.0
23161,0,0,-1,60000,0,0,0,0,0,0,0.0,1500,1600,1394,1000,1000,1500,49581,35465,29732,29411,28859,28309,0.0
7855,0,0,-1,220000,-1,-1,-1,-1,-1,-1,0.0,5600,5600,5600,5802,3279,5613,7443,5572,5572,5572,5774,3264,-1.0
15261,0,0,-1,290000,-1,0,0,0,0,0,0.0,15000,2000,3000,0,0,4280,19315,30310,29312,31404,31004,29124,0.0
14728,1,0,-1,110000,0,0,0,0,0,0,0.0,4088,3912,3888,3975,4162,3945,110950,111750,111227,110849,110575,110394,0.0
2717,0,0,-1,70000,0,0,0,0,0,0,0.0,1614,2042,2002,1052,1055,1063,42105,35575,32772,29766,29286,29404,0.0
16707,0,0,-1,280000,0,0,0,0,0,0,0.0,9104,9401,6001,6001,6201,6201,265120,238661,223383,162196,165129,168295,0.0
9967,0,0,-1,170000,0,0,0,0,0,0,0.0,7354,7464,6127,6550,6100,10000,166348,162319,165592,167482,171106,164042,0.0
17206,0,0,-1,170000,0,0,0,2,0,0,1.0,2100,4000,0,4000,4000,4000,44996,46045,48989,47900,51088,54256,0.0
6626,0,1,5,240000,0,0,0,0,-1,2,1.0,2000,2873,1000,882,0,0,2961,4748,7013,7722,732,291,0.0
18668,0,0,-1,310000,0,0,0,0,0,0,0.0,6612,8321,7022,6021,6005,6042,191767,185445,188255,187384,184222,183544,0.0
17275,1,0,-1,150000,0,0,0,0,0,0,0.0,1189,1167,1000,0,0,0,1911,3079,4057,1920,1920,0,0.0
22453,0,0,-1,50000,0,0,0,0,0,0,0.0,1800,2122,1600,1000,1000,1000,42941,44002,43378,28048,28477,29056,0.0
1872,0,0,-1,50000,0,0,0,0,0,0,0.0,1733,1400,1300,1271,1300,4500,41003,42032,42699,43617,44509,45420,0.0
19655,1,0,-1,160000,-1,2,-1,-1,-2,-2,1.0,0,2190,0,0,0,0,2364,1095,2190,0,0,0,-1.0
15046,0,0,-1,210000,-1,-1,-2,-2,-2,-2,0.0,0,0,0,0,0,0,3180,0,0,0,0,0,-2.0
29114,1,0,-1,30000,0,0,0,0,0,0,0.0,2000,4501,2396,4000,3076,1068,38866,29432,33364,30149,27028,29261,0.0
16676,0,0,-1,230000,-2,-2,-2,-2,-2,-2,0.0,1421,1264,2577,0,1105,0,1313,1414,1258,2565,-5,1100,-2.0
3802,0,0,-1,220000,-2,-2,-2,-2,-1,0,0.0,937,0,0,500,4816,3000,99518,-482,-482,-482,18,4834,-2.0
6902,0,0,-1,300000,0,0,-1,-1,0,-1,0.0,7877,5016,5008,10032,2977,11875,293554,291421,3760,3359,10670,2969,0.0
26200,0,0,-1,210000,0,0,0,0,0,0,0.0,7100,7400,7300,7700,8600,5816,193976,196361,200590,204494,208990,214031,0.0
14298,0,0,-1,20000,0,0,0,0,0,0,0.0,1700,1110,1500,500,300,150,15706,16849,17285,18683,9121,14374,0.0
13210,1,0,-1,10000,0,0,0,2,0,0,1.0,1500,1528,0,730,199,100,11035,12349,13598,9378,4883,5001,0.0
18922,0,0,-1,150000,0,0,0,0,0,0,0.0,2000,2500,3000,2000,2000,3000,62122,46576,43583,45569,46533,47653,0.0
26299,0,0,-1,80000,0,0,0,0,0,0,0.0,1784,1874,2000,1011,1100,1154,64553,52484,41048,31786,29105,28294,0.0
20985,0,0,-1,360000,-1,-1,-1,-1,0,0,0.0,44730,22751,101691,2233,6138,16113,15299,44439,22637,101497,68960,28399,-1.0
23064,0,0,-1,30000,0,0,0,0,2,0,1.0,2000,2000,2535,0,2000,2300,18910,20592,21949,24116,23430,25044,0.0
19840,0,1,1,50000,1,2,2,2,0,0,3.0,1000,3321,0,1000,1000,1001,19208,19608,22608,21951,22287,22778,2.0
16695,0,0,-1,50000,0,0,0,0,0,0,0.0,1615,2507,10814,344,359,401,36869,31255,28040,20799,9584,9788,0.0
11897,0,0,-1,250000,0,0,0,0,0,0,0.0,7002,6500,6000,5500,4000,3847,188526,188454,176634,159655,139273,117986,0.0
1709,0,0,-1,230000,-1,-1,-1,0,0,0,0.0,306,8389,9,0,0,342,1545,306,8389,7465,6549,576,-1.0
4446,0,0,-1,90000,0,0,0,0,0,0,0.0,1125,1115,500,500,1252,154,5618,6645,7635,8020,8403,9504,0.0
21084,0,0,-1,360000,0,-1,-1,-1,0,0,0.0,13952,864,124037,1679,1163,1126,30769,13532,840,68110,55905,42239,0.0
4052,0,0,-1,200000,0,0,0,0,0,0,0.0,3304,3815,3004,3006,4012,3012,73700,73624,73928,72060,72393,72969,0.0
19226,0,0,-1,200000,-1,-1,-1,-1,-1,0,0.0,165,1520,413,300,0,1638,788,165,1520,413,150,150,-1.0
26026,0,0,-1,90000,0,0,0,0,0,0,0.0,5000,3500,4500,4300,0,1500,2833,6003,7598,5036,4750,3007,0.0
6521,1,0,-1,230000,0,0,2,0,0,-2,1.0,3500,700,0,0,0,0,9092,12509,12784,12584,0,0,0.0
10211,0,1,3,90000,0,0,0,2,2,2,3.0,1408,2660,0,1400,2000,1200,23418,24443,26695,25967,26946,28346,0.0
10410,0,1,3,140000,0,0,0,2,2,2,3.0,1583,3400,0,4600,0,2000,34229,35262,38079,37167,41146,40332,0.0
16288,0,0,-1,50000,0,0,-2,-2,-2,-2,0.0,0,0,0,0,0,0,23280,0,0,0,0,0,-2.0
20838,0,0,-1,350000,-1,-1,-1,-1,-1,-1,0.0,3569,33276,2353,64017,38546,435,266692,3551,33112,2341,63698,38355,-1.0
16467,0,0,-1,60000,0,0,0,0,0,0,0.0,3329,3429,2015,2000,2004,1000,50469,43093,37137,26015,18840,19183,0.0
3895,0,0,-1,100000,0,0,0,0,0,0,0.0,3106,3000,2805,2739,3085,2958,82609,81989,82466,78234,75615,76849,0.0
2237,0,0,-1,50000,0,0,0,0,0,0,0.0,2063,1298,700,800,815,237,49076,48923,49158,19270,18776,19167,0.0
22943,0,0,-1,80000,-2,-2,-2,-2,-2,-2,0.0,2372,2988,273,0,1542,3200,3506,2372,2988,273,0,1542,-2.0
1334,0,0,-1,80000,-2,-2,-2,-2,-2,-1,0.0,1013,0,0,2115,4264,0,3153,1013,0,0,2115,4264,-2.0
5284,0,0,-1,50000,-1,-1,-1,-1,-1,-1,0.0,588,926,643,643,643,643,588,588,926,643,643,643,-1.0
7466,1,0,-1,200000,0,0,0,0,0,0,0.0,9000,9000,8000,10000,8000,7000,190120,194533,194175,189457,187050,187082,0.0
4023,0,0,-1,250000,-2,-2,-2,-2,-2,-1,0.0,5417,7948,1797,1580,12573,4338,4976,5417,7948,1797,1580,12573,-2.0
6575,0,0,-1,200000,-2,-2,-2,-2,-2,-2,0.0,2658,0,4125,1315,0,0,2780,2645,-10,4115,1315,0,-2.0
14155,0,0,-1,220000,0,0,0,0,0,0,0.0,4000,4000,4000,4000,4000,4000,75538,78315,80361,82199,84782,87284,0.0
16054,0,0,-1,160000,-1,-1,-1,0,-1,-1,0.0,2343,4856,1000,3995,842,26313,24904,2338,4856,4127,3995,842,-1.0
22211,0,0,-1,100000,0,0,0,0,0,0,0.0,3267,3324,4220,2728,2800,2825,87018,75666,74709,76143,73327,147496,0.0
466,1,0,-1,230000,-1,0,0,0,0,0,0.0,7536,7277,7100,7120,6844,6945,208459,206331,203813,201331,198999,191671,0.0
28926,1,0,-1,80000,-2,-2,-2,-2,-2,-1,0.0,0,647,1990,1049,1466,6309,966,0,647,1988,1049,1466,-2.0
25701,0,0,-1,220000,0,0,0,0,0,0,0.0,3000,5000,13500,14000,13500,13500,55477,44109,32978,30415,28038,25669,0.0
10608,0,0,-1,10000,0,0,0,-1,-1,-1,0.0,1140,1000,4328,4328,4171,4718,10503,9996,6528,4328,4328,4171,0.0
29352,0,0,-1,50000,0,0,0,-2,-2,-2,0.0,2500,0,0,0,0,0,49139,50125,0,0,0,0,0.0
85,0,0,-1,50000,0,0,0,0,0,0,0.0,1676,1302,700,699,849,826,48909,47863,21489,20414,19342,19482,0.0
26494,0,0,-1,50000,0,0,0,0,0,0,0.0,1616,2180,2004,1000,1002,1004,40623,40088,38706,38034,23675,22888,0.0
1254,0,0,-1,100000,0,0,0,0,0,0,0.0,3000,3000,2000,2000,2000,2000,44953,46922,48677,49496,51010,32630,0.0
9387,0,0,-1,200000,-1,-1,-1,0,0,-2,0.0,10025,5300,0,0,0,0,7109,9999,5300,5300,0,0,-1.0
15184,0,0,-1,80000,0,0,0,0,0,0,0.0,3000,3000,4000,5000,1000,1310,4418,7327,10190,13768,17748,10577,0.0
3811,0,0,-1,80000,0,0,0,0,0,0,0.0,3345,3344,1447,1497,1686,1509,76184,78306,79835,40499,41346,42348,0.0
29197,0,0,-1,50000,0,0,0,0,0,0,0.0,1319,1902,1200,30,1031,20201,50343,24132,20109,19932,19762,10708,0.0
4319,0,0,-1,170000,0,0,0,0,0,0,0.0,3663,3426,1317,93276,3197,3185,73784,73815,53032,29086,93786,92728,0.0
8020,1,1,4,300000,-1,-1,-2,-1,2,2,2.0,0,0,411,0,8300,0,274750,0,0,411,261,8561,-1.0
19150,1,1,1,70000,1,2,2,0,0,2,3.0,2000,0,1339,2493,0,792,18514,19913,19310,20021,22175,21680,2.0
2969,0,1,4,170000,0,0,0,0,2,2,2.0,3991,4071,4000,5600,5000,4000,86401,88991,91571,94045,97965,101176,0.0
18139,1,0,-1,190000,0,0,0,0,0,0,0.0,15000,7171,5427,4000,3518,4758,183594,191367,192221,136916,99307,98753,0.0
1895,1,1,1,100000,1,3,7,6,7,8,5.0,20000,0,10000,10000,0,0,72652,90461,89011,96593,105083,103522,2.0
21128,0,1,2,500000,-1,-1,2,2,-1,2,3.0,780,0,0,3280,0,0,390,780,390,0,3280,2500,-1.0
2952,0,0,-1,80000,-1,-1,-1,-1,-1,-1,0.0,3768,1368,0,1421,0,0,15621,3760,1368,0,1421,0,-1.0
28788,0,0,-1,340000,0,0,0,0,2,0,1.0,1459,4674,5032,360,6360,4116,29879,26968,31051,34917,32110,33984,0.0
13344,0,0,-1,180000,0,0,0,0,0,0,0.0,5344,3013,3034,4069,3018,3069,85069,85434,116352,55698,37315,16696,0.0
27677,0,0,-1,200000,0,0,0,0,0,0,0.0,8001,5000,35000,6000,5000,5000,184697,186660,77221,110294,68214,72103,0.0
5549,0,0,-1,260000,0,0,0,0,-1,-1,0.0,7000,5115,2000,746,5025,54836,164351,164244,158124,62373,746,-45734,0.0
29670,0,0,-1,110000,0,0,0,0,-2,-2,0.0,1327,1650,0,0,0,0,18310,19327,20650,0,0,0,0.0
463,0,0,-1,290000,0,0,0,-1,-1,0,0.0,80000,3000,3015,23473,1148,4900,20807,99860,100000,3015,23473,1448,0.0
8558,0,0,-1,360000,-1,-1,-1,0,-1,-1,0.0,8057,19764,37,2752,9573,25462,28245,8017,19703,7474,2741,9526,-1.0
29627,0,0,-1,50000,0,0,0,0,0,0,0.0,1800,1814,1717,1658,1858,2000,49165,46466,47145,47658,48209,48579,0.0
10474,0,0,-1,150000,0,0,0,0,0,0,0.0,2031,2000,2000,2457,12060,40000,90121,51385,26352,27607,29457,40706,0.0
29657,0,0,-1,240000,0,0,0,0,0,0,0.0,8763,7539,8267,7012,8010,8499,236238,225318,202513,198720,192574,195682,0.0
25873,0,0,-1,180000,-1,-1,-1,-1,-1,-1,0.0,7817,2358,18577,11560,4298,12330,4160,7817,2358,18572,11560,4298,-1.0
10575,0,0,-1,20000,0,0,0,-2,-2,-2,0.0,2000,0,0,0,0,0,19255,20650,0,0,0,0,0.0
18914,1,1,1,50000,1,3,3,2,2,2,5.0,3500,0,0,3500,1000,3500,45472,47923,46898,45849,48258,48341,2.0
16457,1,0,-1,30000,0,0,0,0,0,0,0.0,1700,1700,1700,1000,1000,2000,18563,19647,20725,21774,22114,22607,0.0
13018,0,0,-1,50000,0,0,0,0,0,0,0.0,1668,1283,853,1000,758,475,22616,21415,20769,21339,19382,18577,0.0
28593,0,0,-1,60000,0,0,0,0,0,0,0.0,2579,2047,2024,2180,2321,2500,58899,55834,55993,56675,57550,57545,0.0
26202,0,0,-1,70000,0,0,0,0,0,0,0.0,2000,2000,1500,1000,1000,1000,20744,22093,23432,24217,19108,19649,0.0
10762,1,0,-1,180000,-1,-1,-1,-1,-1,-1,0.0,2014,536,1123,536,536,629,2658,2014,536,1123,536,536,-1.0
3018,1,0,-1,30000,0,0,0,-2,-2,-2,0.0,1768,0,0,0,0,0,30328,29999,0,0,0,0,0.0
15322,0,0,-1,270000,0,0,-1,0,0,0,0.0,10203,15908,20000,29000,22000,1821,24775,18018,15896,32396,50411,60957,0.0
27667,0,0,-1,120000,0,0,0,-2,-2,-2,0.0,3000,1843,46884,1296,7000,0,27491,20707,-1843,45041,45453,42065,0.0
24097,0,0,-1,20000,-1,-1,-1,-1,0,0,0.0,1500,700,2500,0,0,2000,769,1011,628,2198,365,-34,-1.0
9935,1,0,-1,50000,-1,0,0,0,0,0,0.0,3941,1432,1000,2000,2036,404,42726,43072,34984,30090,23820,18012,0.0
13101,0,1,1,60000,1,2,2,2,2,3,5.0,0,1500,0,1500,0,0,5601,5366,6772,6515,7906,7487,2.0
26159,1,0,-1,500000,-1,-1,-1,-1,-1,-1,0.0,11000,2517,2957,1000,41000,170,3290,10881,2517,2957,889,40855,-1.0
21306,0,0,-1,20000,1,2,0,0,0,0,1.0,0,1287,2000,648,1000,1000,17495,16917,17922,18201,18566,19284,0.0
15006,0,0,-1,60000,1,2,0,0,0,0,1.0,0,2459,1433,990,2419,0,64684,63036,60031,27725,28282,30268,0.0
27734,0,0,-1,80000,1,2,0,0,0,0,1.0,0,3600,4500,0,0,4932,2254,620,4220,8540,8540,8540,0.0
18046,0,0,-1,30000,0,0,0,0,0,0,0.0,1800,2300,1508,1000,0,0,28700,28639,30171,29322,28572,0,0.0
19278,0,0,-1,80000,-1,-1,-1,-1,0,0,0.0,1679,566,61664,0,0,4480,2727,1679,566,61664,58281,58281,-1.0
3696,0,0,-1,50000,0,0,2,0,0,0,1.0,5000,0,2500,1500,2000,1000,43596,46320,43976,44287,38113,30778,0.0
16073,0,0,-1,50000,0,0,0,0,0,0,0.0,15000,10000,5000,1500,800,2000,19824,29311,30862,26614,15571,14971,0.0
25848,0,0,-1,320000,-1,-1,-1,-1,0,0,0.0,4135,2488,21238,5000,15000,545,1145,4133,2488,21222,15115,27279,-1.0
19015,0,0,-1,50000,0,0,0,0,0,0,0.0,1964,1701,1697,1548,1620,1774,39804,41106,41843,42839,43690,44232,0.0
24915,0,0,-1,360000,-1,-1,-1,-1,-1,-1,0.0,49190,38610,14350,17098,4546,6229,6878,49190,38497,14342,17098,4546,-1.0
5587,0,0,-1,150000,0,0,0,0,0,0,0.0,3900,5450,4000,4227,4321,5000,103227,105462,109160,109859,112314,114614,0.0
14387,0,0,-1,280000,-2,-2,-2,-2,-2,-2,0.0,10517,16494,0,0,0,0,2419,10499,16243,0,0,0,-2.0
4672,0,0,-1,110000,0,0,0,0,0,0,0.0,2300,2000,3000,3000,2000,10000,49732,46766,41796,44251,42921,37748,0.0
5247,0,0,-1,300000,-2,-2,-2,-2,-2,-2,0.0,1506,319,2488,187,607,1945,3102,1499,318,2488,187,607,-2.0
774,0,0,-1,120000,0,0,0,0,0,0,0.0,5498,5500,4000,4300,5012,4003,113869,116110,111978,112822,114969,117949,0.0
16393,0,0,-1,80000,-1,0,0,0,0,0,0.0,6500,5000,4025,8000,5000,2000,7111,12774,16817,15274,20043,13318,0.0
4818,0,0,-1,120000,0,0,0,0,0,0,0.0,3000,2500,3000,2000,2000,2500,70835,59986,60779,62958,57763,53004,0.0
29578,1,0,-1,450000,-1,2,-1,-1,-1,-2,1.0,0,2000,2300,0,590,0,3566,240,1718,2284,-561,-1477,-1.0
20778,0,0,-1,410000,-1,0,-1,-1,-1,-1,0.0,10000,7764,623,4695,5973,4421,3339,13047,7764,623,4695,4133,-1.0
22294,0,0,-1,200000,0,0,0,0,0,0,0.0,3213,3304,3815,3004,3006,4012,74566,73700,73624,73928,72060,72393,0.0
6090,0,1,1,130000,1,2,2,2,0,0,3.0,0,12700,0,4000,11461,0,112434,98455,103351,100724,97675,102080,2.0
7457,0,0,-1,500000,-2,-2,-1,0,0,-2,0.0,1131,150042,4790,3236,866,630,26697,26319,79424,77920,55625,30092,-2.0
28315,1,0,-1,200000,-2,-1,2,-1,0,0,1.0,11257,0,6309,0,2986,0,22111,32938,10902,6309,4979,2978,-1.0
5555,0,0,-1,300000,-2,-1,-1,-2,-2,-1,0.0,1925,1656,1756,1776,3414,109,2081,1925,1656,1756,1776,3414,-2.0
10669,0,0,-1,50000,-2,-2,-2,-2,-1,0,0.0,1469,2185,0,19777,629,296,1464,1469,2185,0,19777,19910,-2.0
13156,0,0,-1,70000,0,0,0,0,0,0,0.0,1900,1630,890,1300,762,1000,56551,34489,32669,31429,31749,21385,0.0
3899,1,0,-1,70000,0,0,2,0,0,0,1.0,4000,0,2000,2000,2000,3000,41511,44525,43514,44489,45617,46702,0.0
16883,0,0,-1,150000,-2,-2,-2,-2,-2,-2,0.0,2669,2184,1542,626,621,1591,6682,2659,2178,1536,626,621,-2.0
26152,0,0,-1,200000,0,0,0,0,0,0,0.0,3925,3683,2947,1253,1297,1305,149351,108152,87537,67974,35003,35736,0.0
26215,0,0,-1,360000,-2,-2,-2,-2,-2,-2,0.0,260416,72200,0,0,0,0,268,257074,66458,0,0,0,-2.0
13192,0,0,-1,120000,0,0,0,0,0,0,0.0,4000,3505,3005,3008,7253,12,78384,77085,73326,72594,72008,74622,0.0
23487,0,0,-1,310000,0,0,0,0,0,0,0.0,7000,5500,4000,100000,601,360,141203,84594,66624,48213,144758,601,0.0
22637,0,0,-1,230000,0,0,0,0,0,0,0.0,1500,3000,3000,1000,1000,2140,15160,14513,15221,16501,10283,9086,0.0
17482,0,0,-1,40000,0,0,0,0,0,0,0.0,1567,2000,2000,1318,4610,0,34253,34954,36093,36891,37019,40734,0.0
26594,0,0,-1,380000,0,0,0,0,0,0,0.0,13070,13000,26000,20095,11000,11000,387851,349973,689643,334456,329981,292421,0.0
22193,1,0,-1,50000,0,0,0,0,0,-2,0.0,3725,2364,2398,0,0,17324,47800,50725,53518,4199,0,0,0.0
4462,1,0,-1,130000,0,0,0,0,0,0,0.0,6000,9000,2000,2000,3000,4000,110766,114977,120976,40177,41529,43734,0.0
24483,0,0,-1,20000,0,0,0,0,0,0,0.0,3000,1473,1200,396,0,0,16465,18470,18877,19604,19800,0,0.0
15793,1,0,-1,30000,0,0,0,2,0,0,1.0,1300,2000,1100,1000,2700,500,10550,11670,13469,14045,14509,16962,0.0
13472,0,0,-1,80000,0,0,0,0,0,0,0.0,2727,3170,1940,2200,1700,1708,83593,72883,67337,60807,59088,47829,0.0
23591,0,0,-1,10000,0,0,0,0,0,0,0.0,1200,1172,1000,500,400,3000,8710,9601,8810,7637,6307,4877,0.0
5226,0,0,-1,60000,0,0,0,2,0,0,1.0,2700,4800,0,2100,2200,2500,57693,55760,59007,56492,57565,56569,0.0
14208,0,0,-1,80000,-1,-1,-1,-1,0,-1,0.0,2132,1667,2146,0,2761,1073,1941,2132,1667,2146,1073,2761,-1.0
4107,0,0,-1,420000,-2,-2,-2,-2,-2,-2,0.0,7786,2965,18048,23831,64101,30731,1794,7748,2950,17827,23711,63784,-2.0
359,0,0,-1,110000,0,0,0,0,0,0,0.0,3000,2900,2900,3000,3500,4000,83755,77431,79044,80631,82333,84462,0.0
1990,1,0,-1,50000,0,0,0,0,0,0,0.0,2094,1451,1987,1039,1500,1200,39236,39729,27068,28604,28199,58428,0.0
14813,1,0,-1,10000,0,0,0,0,0,0,0.0,1073,1237,500,300,205,300,3100,4116,5280,5543,5605,5717,0.0
9281,0,0,-1,500000,1,2,0,0,2,0,2.0,0,4500,7200,8,3403,2311,91662,88467,90193,94629,92621,80971,0.0
21346,0,0,-1,350000,0,0,0,0,0,0,0.0,11500,18000,11000,11500,14000,12000,262719,269742,263086,269832,271763,276224,0.0
3465,0,0,-1,340000,-1,-1,-1,-1,-1,-1,0.0,42552,30084,29033,13120,59273,1241,32488,42449,30042,28987,13104,59204,-1.0
28215,0,1,3,500000,-2,-2,-1,2,2,-2,2.0,398,501,0,544,544,0,3625,0,501,501,902,544,-2.0
25076,0,0,-1,400000,-2,-2,-2,-2,-2,-2,0.0,4265,8427,9096,28896,52196,396,3173,4265,8403,9096,28896,52196,-2.0
18737,1,0,-1,80000,1,2,0,0,0,0,1.0,0,1828,1900,1900,2000,4300,50120,49013,50051,51123,52175,53337,0.0
11463,1,0,-1,10000,1,2,0,0,0,-2,1.0,0,2000,430,0,0,0,7194,6934,8786,8014,0,0,0.0
21165,0,0,-1,230000,-1,-1,-1,-1,0,0,0.0,1407,0,2458,0,0,0,182,1407,0,2458,2458,2458,-1.0
16197,0,0,-1,220000,0,0,0,0,0,0,0.0,4337,5000,4000,3824,4000,4000,93682,96466,99009,100462,102614,104806,0.0
26053,0,0,-1,140000,0,0,0,0,0,0,0.0,4729,5434,4751,3500,3500,3800,135034,133283,132765,123208,97154,97687,0.0
655,0,0,-1,10000,0,0,0,0,0,0,0.0,2500,1145,1000,1000,1000,1500,8177,9131,9669,7624,8049,6857,0.0
15107,0,0,-1,220000,-1,-1,-1,-1,-1,-1,0.0,12001,5874,416,416,416,416,3455,11997,5874,416,416,416,-1.0
17604,0,0,-1,210000,0,0,0,0,0,0,0.0,3348,3381,3400,2684,2744,2892,91152,92917,90651,85295,80416,76946,0.0
16280,0,0,-1,130000,0,0,0,0,0,0,0.0,3775,3988,6000,3784,3010,3200,108984,106533,104394,103798,82816,78727,0.0
25548,0,0,-1,150000,0,0,0,0,0,-1,0.0,1662,1783,1282,250,12500,12500,60115,48412,37033,25032,12500,12500,0.0
5019,0,0,-1,90000,0,0,-2,-2,-2,-2,0.0,0,0,0,0,0,0,70182,-18,-18,-18,-18,-18,-2.0
5702,0,0,-1,300000,-1,-1,-1,-1,0,0,0.0,3939,11082,115184,19800,0,2356,10920,3939,10184,115184,63758,19813,-1.0
26944,1,0,-1,20000,1,2,0,0,0,0,1.0,0,2000,3000,1000,2000,0,14440,13916,15376,18075,18830,20423,0.0
21643,0,0,-1,100000,0,0,0,0,0,0,0.0,5000,2000,2030,3000,2000,2000,40083,44385,45117,25845,7141,9141,0.0
29300,0,0,-1,240000,0,0,0,0,0,0,0.0,5000,1700,1500,755,3000,120000,24779,28630,29095,28883,28372,24033,0.0
3437,0,0,-1,80000,0,0,0,-2,-2,-2,0.0,1000,0,0,0,0,0,3719,4444,0,0,0,0,0.0
15717,0,0,-1,50000,0,0,0,0,0,0,0.0,1500,3100,3000,1500,2000,1500,15735,15681,35492,7988,8986,10463,0.0
17194,1,0,-1,110000,-1,-1,-1,-1,-1,-1,0.0,31895,316,316,316,31775,1152,316,31895,316,316,316,31775,-1.0
5859,0,0,-1,50000,0,0,-2,-2,-2,-2,0.0,0,0,0,0,0,0,51400,0,0,0,0,0,-2.0
8882,0,0,-1,210000,0,0,0,0,0,0,0.0,5000,1000,123,125,0,1280,5397,5079,6020,6143,6268,399,0.0
16005,0,0,-1,180000,0,0,0,0,0,0,0.0,1800,1800,1500,1056,950,1000,25781,26000,26310,26662,26166,26176,0.0
23682,0,0,-1,400000,0,0,0,0,0,0,0.0,15000,15000,10000,15000,20000,20000,43405,39802,37115,39907,35061,35969,0.0
13220,0,0,-1,50000,0,0,0,0,0,0,0.0,3030,2124,646,828,1097,612,48536,41045,41532,18646,19183,19214,0.0
13567,0,1,5,240000,-1,-1,0,0,-1,2,1.0,3855,1901,0,2165,0,108,1901,3855,3802,1901,2165,1965,-1.0
9736,0,1,5,60000,0,0,0,0,0,2,1.0,1505,1599,900,4500,0,1000,30781,25870,26964,27265,30329,24104,0.0
6279,0,1,2,20000,0,0,2,2,2,0,3.0,2000,1000,1000,0,500,500,9777,10140,9360,9833,9153,9116,0.0
8245,0,0,-1,260000,0,0,0,0,0,0,0.0,5501,5061,5000,5000,3900,3246,150943,149285,151779,135141,124475,107735,0.0
22868,0,0,-1,210000,-2,-2,-2,-2,-2,-2,0.0,5687,8177,6860,2200,1500,2390,11848,5677,8173,6855,2200,1500,-2.0
15203,0,1,5,130000,-2,-2,-1,2,-1,2,2.0,2788,740,0,73758,0,2342,90833,2774,740,740,73758,72800,-2.0
14685,0,0,-1,130000,-1,-1,-1,-1,-1,-1,0.0,0,390,540,540,636,3636,780,0,390,540,540,636,-1.0
19047,0,0,-1,330000,0,0,0,0,0,0,0.0,4000,3000,3000,3000,5000,2000,94384,46006,48123,50195,51942,55963,0.0
3253,0,0,-1,210000,-1,-1,-1,-2,-1,-1,0.0,1120,0,0,580,500,0,98,1090,0,0,580,500,-1.0
28301,0,0,-1,50000,0,0,0,0,0,0,0.0,1809,1956,2234,369,330,343,48706,49704,50851,50868,12003,9679,0.0
14196,1,0,-1,170000,-2,-2,-2,-2,-2,-2,0.0,740,740,740,740,740,740,740,740,740,740,740,740,-2.0
4428,0,0,-1,200000,0,-1,-1,-2,-2,-1,0.0,368,0,0,561,3878,3,26814,367,0,0,561,3854,-1.0
7865,0,0,-1,120000,0,0,0,0,0,0,0.0,1766,1908,566,591,1000,626,33814,35033,36175,15833,16170,16897,0.0
25927,0,0,-1,290000,0,0,0,0,0,0,0.0,8000,9008,6000,5000,5200,5100,192432,192512,193999,157500,147150,146936,0.0
27202,0,0,-1,360000,-2,-2,-2,-2,-2,-2,0.0,2520,2500,0,0,0,0,1288,2508,2500,0,0,0,-2.0
8600,1,1,1,20000,1,2,2,2,0,0,3.0,0,3473,1000,727,1100,1100,16626,16071,19205,19712,19249,38900,2.0
28366,0,0,-1,30000,-1,-1,2,-1,0,0,1.0,3963,16,4527,675,0,1015,2828,4868,3963,4514,3129,675,-1.0
9716,0,1,1,210000,1,2,2,0,0,0,2.0,4500,0,4302,4455,4523,4516,120098,121222,117783,120126,122643,125123,0.0
27173,0,0,-1,170000,-1,-1,-1,-1,-1,-1,0.0,316,316,316,316,316,1316,2371,316,316,316,316,316,-1.0
29697,0,0,-1,320000,-2,-2,-2,-2,-2,-2,0.0,6476,23507,4336,6010,13589,3574,968,6444,23384,4310,5980,13522,-2.0
26103,0,0,-1,230000,-2,-2,-2,-2,-2,-2,0.0,358,285,219,416,142,3000,140,358,285,219,415,142,-2.0
23062,1,0,-1,80000,0,0,0,-1,0,0,0.0,5000,4000,50012,10000,10000,7177,62636,61808,22227,48215,45618,37799,0.0
1688,0,0,-1,20000,0,0,0,0,0,0,0.0,3000,1400,2500,500,0,0,23538,22780,23623,19600,20100,0,0.0
4283,0,0,-1,390000,0,0,0,0,0,0,0.0,20000,5006,5006,5008,3004,3006,28804,43996,47532,49414,51380,50661,0.0
17048,0,0,-1,70000,0,0,0,0,0,0,0.0,3839,2000,3000,1100,28000,1180,67574,69876,56925,28421,8706,29275,0.0
20254,0,0,-1,170000,0,-1,-1,-1,0,0,0.0,4146,3866,14894,137,139,3029,9773,4101,3866,14894,6833,6972,0.0
644,0,0,-1,370000,0,0,0,0,0,0,0.0,20000,13000,5000,10000,4000,6000,276436,239025,149128,48907,53025,51434,0.0
18,0,0,-1,320000,0,0,0,-1,-1,-1,0.0,10358,10000,75940,20000,195599,50000,253286,246536,194663,70074,5856,195599,0.0
15374,0,0,-1,280000,0,0,0,0,0,0,0.0,1300,1300,1300,600,600,600,11561,12662,13752,14815,15168,15523,0.0
8851,0,0,-1,20000,0,0,0,0,0,0,0.0,1466,1400,390,394,629,0,17374,18555,19489,19479,19705,8440,0.0
3389,0,0,-1,20000,0,0,0,0,-1,-1,0.0,1510,3875,759,10000,19126,1946,18462,16699,19674,19258,9546,12051,0.0
16888,0,0,-1,140000,0,0,0,0,0,0,0.0,4325,4558,6300,4221,4500,4600,139227,120780,123390,127557,117961,120570,0.0
13309,0,0,-1,360000,0,0,0,0,0,0,0.0,10461,10212,8000,10000,20000,10000,352583,343476,279728,264189,271688,288740,0.0
13613,0,0,-1,20000,0,0,0,0,0,0,0.0,1700,1500,0,0,1067,392,14218,13573,14137,13737,12680,12067,0.0
6071,0,0,-1,80000,0,0,0,0,0,0,0.0,3500,2000,1400,1600,400,1000,74228,76138,45441,30526,28356,2661,0.0
24801,0,0,-1,50000,0,0,0,0,0,0,0.0,3000,3000,3000,3000,3600,4800,48322,49057,48059,48097,8107,6934,0.0
10847,1,0,-1,160000,-1,2,-1,-1,0,-1,1.0,0,1100,652,0,5654,0,17723,497,1100,652,326,5654,-1.0
12856,0,0,-1,460000,-1,-1,-1,-1,-1,-1,0.0,9495,18513,80877,45369,56789,17540,7623,9483,18511,80877,45369,56789,-1.0
23367,0,0,-1,30000,-2,-2,-2,-2,-2,-2,0.0,709,11726,2713,2659,4483,3676,108,709,11726,2628,2659,4483,-2.0
29549,1,1,2,220000,0,0,2,2,2,2,4.0,12000,0,27500,0,12000,0,119810,129821,126311,151588,147656,157276,2.0
27096,0,0,-1,140000,-1,-1,-1,-1,-1,-1,0.0,54700,34050,3000,3000,49128,5000,44300,54700,34050,3000,3000,49128,-1.0
16064,0,0,-1,50000,1,2,0,0,0,0,1.0,4,1939,2000,1700,1750,5430,50738,49236,48608,48423,49023,49681,0.0
19621,0,0,-1,50000,0,0,0,0,0,0,0.0,2011,2000,1000,800,0,0,43268,39605,39702,39200,40000,0,0.0
1779,0,0,-1,50000,0,0,0,0,0,0,0.0,2000,1200,1000,2000,1000,1979,27570,28820,29400,5124,6874,7654,0.0
17246,0,0,-1,110000,0,0,2,0,0,0,1.0,2500,0,1200,4000,500,500,10827,11657,8428,9440,11863,10620,0.0
19990,0,0,-1,130000,0,0,0,0,0,0,0.0,2010,2037,1218,2182,1003,1001,58776,53702,43760,31540,23675,15841,0.0
10262,0,0,-1,80000,0,0,0,0,0,0,0.0,1500,1000,56500,2500,2500,2000,11284,10110,10859,59187,111059,56320,0.0
28336,0,0,-1,50000,0,0,0,0,0,0,0.0,1760,2162,2380,619,798,1000,46456,47445,48847,50065,17304,17824,0.0
9613,0,0,-1,400000,0,0,0,0,0,0,0.0,6838,2159,1000,3000,1008,1000,18432,24198,22584,22655,23417,16845,0.0
6191,0,0,-1,50000,0,0,0,0,0,0,0.0,3016,5003,3000,3000,5000,924,45578,41906,35703,22360,23659,27421,0.0
12207,0,1,1,30000,1,3,2,5,4,3,5.0,0,5000,0,0,5000,0,18811,18225,22630,21988,21057,25412,2.0
21452,0,0,-1,120000,-1,-1,-1,-1,-1,-1,0.0,3230,3011,1964,1883,1538,1911,140,3230,3011,1964,1883,1538,-1.0
22204,0,0,-1,20000,0,0,0,0,0,0,0.0,1600,1687,1140,1800,1000,0,18919,16743,17857,18310,18000,17294,0.0
12983,0,1,1,180000,1,2,2,0,0,0,2.0,2005,31,5000,1000,5000,5000,3775,5570,4722,8643,7783,12398,0.0
3827,0,0,-1,230000,-2,-2,-1,-1,0,0,0.0,0,188,6498,40000,12000,2500,6901,0,188,6498,44938,56015,-2.0
21187,0,0,-1,400000,0,0,0,0,0,0,0.0,3028,3023,3000,3000,3000,38662,55773,55917,51389,48272,49478,51242,0.0
26854,1,0,-1,160000,1,2,0,0,0,0,1.0,0,1094,1500,0,1000,0,5525,4039,3656,3801,2540,2279,0.0
4369,1,0,-1,20000,-1,-1,-1,-1,-1,-1,0.0,709,316,316,316,316,316,625,702,316,316,316,316,-1.0
23102,0,0,-1,290000,-2,-2,-2,-2,-2,-2,0.0,6107,4538,6074,0,817,1662,3602,6107,4536,6074,0,817,-2.0
25638,0,0,-1,410000,0,0,0,0,0,0,0.0,2626,2616,2617,20000,1012,511,43719,44624,40881,39008,47638,27519,0.0
20018,0,0,-1,110000,0,0,0,0,0,0,0.0,2000,3000,3000,3000,2000,2000,42214,43195,43699,45662,47592,48674,0.0
27323,0,0,-1,360000,-2,-2,-2,-2,-2,-2,0.0,22311,26,0,25461,0,0,880,22311,-447,-6146,13461,0,-2.0
9961,0,0,-1,140000,0,0,0,0,0,0,0.0,5200,6000,5500,5900,5200,5000,136899,139889,142460,142020,139879,140810,0.0
7162,1,0,-1,100000,0,0,0,0,0,0,0.0,3082,2022,1000,1000,500,300,177961,108173,15697,11353,9306,9693,0.0
19626,0,0,-1,160000,0,-1,-1,-1,0,-1,0.0,22887,16890,2150,0,8264,8799,13307,22887,16846,2150,1033,8264,-1.0
14831,0,0,-1,20000,0,0,0,0,2,-1,1.0,1200,2008,1680,0,5285,0,7684,8565,4519,3520,1680,5285,0.0
3356,0,0,-1,380000,0,0,0,0,0,0,0.0,15504,14000,12500,12000,11000,14000,363191,373421,363343,290371,289600,288256,0.0
23002,0,0,-1,50000,-2,-2,-1,-1,0,0,0.0,110,1794,3697,1392,0,0,10372,-110,1684,3697,1397,0,-2.0
8700,0,0,-1,10000,0,0,0,0,0,-2,0.0,2248,1120,375,0,0,0,14498,7512,7308,5275,0,0,0.0
21482,0,0,-1,400000,-1,-1,-1,-1,-1,-1,0.0,3168,372,20231,916,30979,1984,3807,3168,372,20031,916,30979,-1.0
8340,0,0,-1,160000,-1,-1,-1,-1,-1,-1,0.0,0,697,697,895,1341,402,269,0,697,697,895,1341,-1.0
25419,1,0,-1,110000,0,0,0,0,0,0,0.0,5289,3875,3830,4000,4000,5000,105102,107388,106805,107608,108643,109689,0.0
7361,0,1,5,220000,-1,-1,0,-1,-1,2,1.0,1138,3000,264,3105,0,264,264,1138,3874,264,3105,2074,-1.0
28201,1,0,-1,430000,0,0,0,0,0,0,0.0,10500,10300,9000,8541,9054,8543,258212,232225,237297,240682,245337,242481,0.0
25765,0,0,-1,360000,0,0,0,0,0,0,0.0,10130,12649,8916,7725,8900,6956,272112,272444,256974,241226,241673,233157,0.0
27462,0,0,-1,300000,-1,-1,-1,-2,-1,0,0.0,15480,0,0,7815,28,6554,1413,15393,-10,-10,7805,5738,-1.0
25045,0,0,-1,50000,1,2,0,0,0,0,1.0,0,2310,1766,1201,1232,1199,52198,50062,50284,50740,30175,30407,0.0
24859,0,0,-1,230000,0,0,0,0,0,0,0.0,7859,7750,6246,2500,2600,1300,218205,217665,201440,192978,110055,100857,0.0
10475,0,0,-1,60000,-1,-1,-1,0,0,-1,0.0,11160,699,0,0,1430,850,9815,11093,699,699,0,1000,-1.0
29913,0,0,-1,450000,-1,-1,-1,-1,-2,-2,0.0,5000,5000,0,0,0,0,5000,5000,5000,0,0,0,-1.0
10177,0,1,1,90000,-1,2,2,0,0,0,2.0,2800,0,0,272,166,3756,69380,70886,69402,1332,1604,958,0.0
12798,0,0,-1,450000,0,0,0,0,0,0,0.0,10068,10075,10000,20000,20000,5200,51686,54224,49606,43803,62914,81529,0.0
12377,0,0,-1,100000,0,0,0,0,0,-1,0.0,5000,8000,3500,3500,981,0,100442,96018,97453,99407,95600,981,0.0
754,0,0,-1,500000,-1,0,0,0,0,0,0.0,4006,2383,1126,782,596,1572,43346,43976,39032,29092,22725,11590,0.0
5431,0,0,-1,180000,0,0,0,0,0,0,0.0,2005,2000,2004,2500,3000,4000,23820,22749,21221,18190,17919,18402,0.0
21742,0,0,-1,80000,0,0,-1,0,0,0,0.0,5000,81000,2776,2600,2696,2812,80715,82687,80613,80671,72785,74313,0.0
15026,0,0,-1,80000,0,0,0,0,0,0,0.0,4003,3003,2003,1146,1403,1503,75149,76786,72626,29012,28653,28398,0.0
5416,0,0,-1,500000,-1,-1,-1,-1,-1,-1,0.0,2681,2547,1826,2505,3630,3099,4410,2662,2533,1821,2498,3622,-1.0
25760,0,0,-1,20000,0,0,0,0,0,0,0.0,3000,5007,3000,3000,3000,3000,17648,13580,14204,15345,17764,20049,0.0
13164,1,0,-1,30000,-1,2,0,0,-2,-2,1.0,0,1309,0,0,0,0,3607,2644,3895,0,0,0,0.0
29865,0,0,-1,200000,0,0,0,0,0,0,0.0,5000,4070,3000,2078,115000,6000,76929,74701,69669,13877,9789,116868,0.0
14211,0,0,-1,70000,0,0,0,0,0,0,0.0,3664,2127,618,738,125,0,93025,95655,66404,31688,17317,6270,0.0
26887,0,0,-1,330000,-2,-2,-2,-2,-2,-2,0.0,2184,2184,2184,2184,2184,2184,2184,2184,2184,2184,2184,2184,-2.0
23580,0,0,-1,230000,-1,-1,-1,0,0,0,0.0,525,5703,1000,5000,0,7790,1215,225,5703,6560,11560,0,-1.0
3656,0,0,-1,260000,-1,-1,-1,-1,-1,-1,0.0,6894,2917,0,2784,5568,1714,1264,6894,2917,-70,2300,2784,-1.0
16535,0,0,-1,280000,0,0,0,0,0,0,0.0,12596,11320,7608,6628,7004,6902,277815,285477,253365,221167,195058,189623,0.0
18716,0,0,-1,80000,0,0,0,0,0,0,0.0,2000,2100,2000,2000,2000,2000,42972,44210,42418,43410,44684,45808,0.0
29244,0,0,-1,50000,0,0,0,0,-2,-2,0.0,1651,1650,0,0,0,0,43793,41739,20650,0,0,0,0.0
20105,0,0,-1,170000,0,0,0,0,0,0,0.0,2000,2009,78417,8000,3000,3000,50104,32978,11779,79862,39617,34091,0.0
24990,0,0,-1,370000,0,0,0,0,0,0,0.0,10000,7000,10000,7000,6000,6000,123485,129885,134782,141002,145637,149281,0.0
1481,0,0,-1,500000,0,0,0,-1,-1,0,0.0,2659,2090,6333,178460,5506,6205,94585,61111,24801,6288,166251,162785,0.0
8208,0,0,-1,50000,0,0,0,0,0,0,0.0,1738,1653,1516,1530,2139,1572,43045,42965,43132,43995,43230,43334,0.0
25278,0,0,-1,170000,-1,0,0,0,0,0,0.0,1650,4500,4000,4000,3000,3000,41977,38895,39698,38330,39602,39922,0.0
12467,0,0,-1,160000,-2,-2,-2,-2,-2,-2,0.0,3219,3322,2645,1049,1469,3490,3440,3208,3315,2645,1049,1469,-2.0
10449,0,0,-1,90000,0,0,0,0,0,0,0.0,2749,2206,1113,1135,1153,1134,45431,46338,45129,45640,46175,46716,0.0
16121,0,0,-1,50000,0,0,0,0,0,0,0.0,1825,1593,1458,1186,1198,1114,41598,35995,33059,32663,29608,28939,0.0
14614,0,0,-1,190000,0,0,0,0,0,0,0.0,3853,4000,3000,3200,3500,3500,83369,81617,83351,82989,83760,85707,0.0
7392,0,0,-1,130000,-1,-1,-1,-1,-1,-1,0.0,174,1214,1125,139,0,391,250,174,1214,1125,139,0,-1.0
6015,1,1,5,50000,0,0,2,0,0,2,2.0,3400,0,1300,4300,0,1500,35676,34407,30785,31573,35191,34476,0.0
15060,0,0,-1,70000,0,0,0,0,0,0,0.0,3000,3002,2500,3000,3000,2502,63580,64688,66566,56942,58986,61031,0.0
5947,1,0,-1,70000,0,-1,0,0,0,-1,0.0,1954,28000,1250,1496,29251,1000,7033,1602,28199,28980,29795,27091,0.0
8040,0,0,-1,240000,-2,-2,-2,-2,-2,-2,0.0,0,0,0,0,0,0,220,0,0,0,0,0,-2.0
27390,1,0,-1,120000,0,0,0,0,0,-1,0.0,2000,2500,2800,1000,109000,4200,115467,54921,56542,58023,17421,105771,0.0
12815,0,0,-1,340000,0,0,0,0,0,0,0.0,10015,10019,10025,10052,10011,9014,289995,269901,267494,265058,263658,256621,0.0
28698,0,0,-1,330000,0,0,0,0,0,0,0.0,25000,15000,7000,3000,2000,90000,252755,272262,281220,121814,11383,13090,0.0
8809,1,1,4,80000,1,2,0,0,2,2,3.0,0,1416,943,100,443,0,5999,5758,7039,7595,7053,7082,2.0
28032,0,0,-1,200000,-2,-2,-2,-2,-2,-2,0.0,0,0,0,7637,21186,0,42488,0,0,0,7637,21186,-2.0
21860,0,0,-1,360000,-2,-2,-2,-2,-2,-2,0.0,2749,2322,2482,1417,2095,3228,1517,2742,2317,2482,1415,2095,-2.0
27026,0,0,-1,240000,-1,-1,-1,-1,-1,-1,0.0,4890,4164,14371,11411,3006,13336,3833,4890,4157,14342,11411,3006,-1.0
2341,0,1,1,80000,1,2,2,2,0,0,3.0,0,3667,0,1680,1848,1863,81774,79597,47168,45312,46263,47341,2.0
11412,0,0,-1,400000,-1,-1,-1,-1,-1,-1,0.0,1251,629,0,303,219,1640,1783,1251,629,0,303,219,-1.0
18243,0,1,3,160000,0,0,0,2,2,2,3.0,5000,12501,4700,0,9500,0,131124,129673,135778,132505,124622,127646,0.0
13546,0,0,-1,160000,1,-2,-2,-2,-2,-2,0.0,0,0,0,0,0,0,40712,29920,0,0,0,0,-2.0
4530,0,0,-1,50000,0,0,0,0,0,0,0.0,1150,1000,300,400,800,0,32822,20669,4510,2893,2000,2800,0.0
19151,0,0,-1,240000,0,0,0,0,-2,-2,0.0,11250,10950,0,0,0,672,233438,240715,246000,-150,-150,-150,0.0
20808,1,0,-1,50000,0,0,0,0,0,0,0.0,2000,2124,2047,5618,1000,2000,59236,53689,48551,34656,18077,18815,0.0
5046,0,0,-1,270000,0,0,0,2,0,0,1.0,10076,4018,14,2051,2000,0,78630,68921,46512,40335,37165,22156,0.0
5562,1,0,-1,50000,0,0,0,0,0,0,0.0,1300,1200,5000,1000,5000,8000,21460,12570,13530,14876,14157,18888,0.0
3121,0,0,-1,110000,0,0,0,0,0,0,0.0,3940,3256,2696,2780,2900,3000,109361,102505,103834,76491,77245,78049,0.0
9966,0,0,-1,140000,0,0,0,0,0,0,0.0,5000,5000,3000,3000,2000,2000,45068,44158,48437,50667,52888,54060,0.0
18284,0,0,-1,190000,0,0,0,0,0,0,0.0,7154,7385,7520,5593,6000,5516,205824,201269,197129,192803,161324,156576,0.0
18765,0,0,-1,220000,0,0,0,0,0,0,0.0,6502,8100,8200,6000,6200,6200,157215,161006,165222,168145,169162,172041,0.0
18823,0,0,-1,360000,-1,-1,-1,-1,-2,-2,0.0,463,2500,0,0,0,0,1968,459,2500,0,0,0,-1.0
5438,0,0,-1,240000,-1,0,0,0,0,0,0.0,7000,8000,7000,6000,8000,7000,153062,156122,159998,161434,163403,167230,0.0
24291,0,0,-1,340000,0,0,-1,-1,0,0,0.0,2000,3255,57920,22659,2000,1000,20865,2611,3255,57920,23207,22659,0.0
3782,0,0,-1,430000,-1,-1,-2,-2,-2,-1,0.0,0,0,0,0,2299,37980,9900,0,0,0,0,2299,-1.0
17116,0,0,-1,210000,0,-1,-1,-1,-1,-1,0.0,18480,330,330,330,330,480,10401,18480,330,330,330,330,-1.0
18397,1,1,1,20000,-2,2,2,2,2,0,4.0,2000,0,2000,0,356,3431,18252,19650,19054,20285,19563,17899,2.0
18489,0,0,-1,150000,0,0,0,0,0,0,0.0,5500,5500,4500,3500,4000,4000,143212,137963,139520,99814,100810,103233,0.0
9599,0,0,-1,340000,-1,-1,-1,-1,0,-1,0.0,10300,9461,22676,8007,9336,32776,8427,10289,9452,22630,8819,9327,-1.0
28939,0,0,-1,50000,0,0,-1,0,0,0,0.0,0,23425,1500,900,993,1100,10400,0,23425,19040,19624,20152,0.0
8487,0,0,-1,200000,-2,-2,-2,-2,-2,-2,0.0,1468,2321,163597,6680,3963,2514,58147,1468,2321,327194,6680,3963,-2.0
27543,0,1,3,30000,0,0,0,2,2,0,2.0,2500,3600,1390,0,1000,1500,25686,27449,30286,29993,58134,28910,0.0
12671,0,0,-1,150000,0,0,0,0,0,0,0.0,5752,6308,16644,12381,9320,5977,151761,149060,151308,152576,152368,142030,0.0
7093,1,0,-1,220000,0,0,0,0,0,0,0.0,2004,2009,5004,1000,1000,3000,32016,29052,23115,20354,7438,4887,0.0
28441,0,0,-1,120000,0,0,0,0,0,0,0.0,4545,2700,4000,3000,3000,4000,119884,105631,73143,75919,77059,78820,0.0
2270,0,1,2,70000,0,0,2,2,2,2,4.0,4200,3600,1800,0,3308,2500,41485,44697,47229,47956,47056,49565,2.0
8965,0,0,-1,50000,0,0,0,0,0,0,0.0,2115,2000,2022,1000,1000,2000,45341,31383,16235,17035,15601,16349,0.0
15275,1,0,-1,170000,0,0,0,0,0,0,0.0,4200,4300,4400,4518,4500,5000,116048,117485,119050,120225,122345,124302,0.0
922,0,0,-1,50000,0,0,0,2,0,0,1.0,1800,4400,0,1400,1400,1400,27245,28300,31900,31090,31837,32555,0.0
29602,0,0,-1,290000,0,0,0,0,0,0,0.0,2000,3000,3000,3000,5000,3000,14543,12190,14483,16589,18306,22204,0.0
21056,0,0,-1,50000,0,0,0,0,0,0,0.0,1792,2208,1513,1149,1245,1271,49454,49157,49773,48398,32584,33322,0.0
20870,0,0,-1,240000,0,0,0,0,0,0,0.0,8200,10000,8000,10000,6531,5543,230234,224376,230666,219162,189589,193546,0.0
26975,1,0,-1,300000,-1,-1,-1,-1,-2,-2,0.0,200,600,0,0,0,1791,706,195,504,-627,-918,-1209,-1.0
1071,0,0,-1,230000,-1,-1,-1,-1,-1,-1,0.0,3710,2266,7338,2791,7433,4527,1477,3699,2252,4932,2783,7411,-1.0
15166,0,0,-1,50000,0,0,0,0,0,0,0.0,1700,2016,1600,2100,1000,47000,50734,43406,44333,44577,44501,11614,0.0
25082,0,0,-1,270000,-1,-1,-1,-1,-1,-1,0.0,31838,11013,1196,14989,2609,1269,931,31838,11013,1188,14989,2609,-1.0
23664,1,0,-1,110000,0,0,0,0,0,0,0.0,5000,10000,5048,2000,39958,52000,195437,176420,63142,39854,9293,-1288,0.0
7831,1,0,-1,140000,-1,-1,-1,-1,-1,-1,0.0,711,711,10976,711,711,291,711,711,711,10976,711,711,-1.0
22564,0,0,-1,230000,0,0,0,0,0,0,0.0,38172,9000,7800,6650,5496,5145,246101,261430,237267,212105,186149,159683,0.0
16253,0,0,-1,200000,0,0,0,0,0,0,0.0,6097,8039,5112,5000,5008,4019,144249,144423,139978,126213,93788,94875,0.0
10225,0,1,5,80000,0,0,0,0,0,2,1.0,1458,1230,250,800,0,300,30959,15774,9365,6515,6845,5789,0.0
22199,0,0,-1,380000,0,0,0,0,0,0,0.0,11687,12160,12434,8651,8531,6974,305489,299641,256345,258936,228387,203931,0.0
29292,0,0,-1,180000,0,0,0,0,-1,0,0.0,40000,37000,3270,194989,5753,5000,212751,205797,206670,31546,141189,138880,0.0
306,0,0,-1,110000,-2,-2,-2,-2,-2,-2,0.0,3220,5904,0,3000,0,0,432,3220,5704,1256,1848,400,-2.0
16564,0,0,-1,50000,0,0,0,0,0,0,0.0,2000,5300,1500,1100,1000,1000,46806,46176,47151,47251,20515,19404,0.0
26976,0,0,-1,180000,-2,-2,-2,-2,-2,-1,0.0,3000,0,0,0,1200,44338,23638,-46,-46,-46,-46,1154,-2.0
20097,0,0,-1,290000,0,0,0,0,0,0,0.0,12025,10000,9883,7738,7813,10000,258360,263820,265115,264323,221070,219295,0.0
4442,0,0,-1,50000,0,0,0,0,0,0,0.0,1168,1500,1000,1000,1000,1000,35623,12601,10527,10679,10734,11550,0.0
17146,0,0,-1,160000,0,0,0,0,0,0,0.0,5800,5900,5900,4300,4600,4400,124573,122730,125319,125283,124170,125140,0.0
28874,0,0,-1,110000,0,0,0,0,0,0,0.0,4000,5500,5300,4000,4100,12700,104622,103639,105714,105998,105080,105638,0.0
29395,0,0,-1,500000,0,0,0,0,0,0,0.0,10234,10753,20134,110167,105000,20018,257603,217964,171462,99495,168313,233306,0.0
15622,0,0,-1,320000,0,0,0,0,0,0,0.0,3000,3000,3017,2100,3000,3000,77052,65457,62680,62597,60080,55314,0.0
21662,0,0,-1,90000,-1,-1,-2,-1,-1,-1,0.0,0,0,4220,1130,212,298,3030,0,0,4220,1130,212,-1.0
13463,0,0,-1,50000,0,0,0,0,0,0,0.0,1600,2310,303,369,331,4,49654,49917,25239,10228,10107,9178,0.0
27795,0,0,-1,100000,-2,-2,-1,0,0,0,0.0,880,2926,58801,2200,5000,3000,880,880,2926,60540,60929,64121,0.0
6715,0,0,-1,170000,2,-1,-1,-1,-1,-1,1.0,360,360,360,360,870,0,360,360,360,360,360,870,-1.0
18107,0,0,-1,300000,0,0,0,0,0,0,0.0,5505,5000,3000,95000,4000,3500,163033,140472,96234,64482,100558,76056,0.0
17476,0,0,-1,150000,0,0,0,0,0,0,0.0,6041,13013,64442,3000,2000,4000,144833,141559,80614,110343,64419,18536,0.0
29872,0,0,-1,420000,0,0,0,0,0,0,0.0,14302,10500,11000,16000,12000,16000,405274,411980,287733,293951,305011,312087,0.0
11614,0,0,-1,30000,0,0,0,0,0,-2,0.0,2233,1000,600,0,0,0,28949,30319,29400,30000,0,0,0.0
26440,0,0,-1,150000,0,0,0,2,0,0,1.0,2000,4000,0,2000,2000,2000,36717,37800,40874,39922,40953,42136,0.0
22157,0,0,-1,230000,0,0,0,0,0,0,0.0,1210,3116,1000,2000,2000,2000,5442,5142,5305,5661,3935,4460,0.0
1308,0,0,-1,330000,-1,-1,-1,-1,-1,-1,0.0,0,780,150,320,1000,0,390,0,780,150,320,780,-1.0
2767,0,0,-1,180000,0,0,0,0,0,0,0.0,6025,5000,6800,5000,5000,5000,98736,96566,81166,72463,72189,70712,0.0
26889,0,0,-1,360000,0,0,0,0,-1,-1,0.0,10022,25045,33124,5180,0,0,206597,211687,198245,217320,2500,0,0.0
6590,0,0,-1,420000,-1,0,0,-1,0,-1,0.0,1039,1500,3160,1000,883,28000,440,1479,2940,3160,4160,883,-1.0
17203,0,0,-1,300000,-1,-1,-1,-1,-2,-2,0.0,1000,16666,0,0,0,0,16666,1000,16666,0,0,0,-1.0
5656,0,1,1,20000,-1,2,2,2,0,0,3.0,0,2480,0,1000,1035,1000,19318,18735,20905,20270,19409,19954,2.0
13014,0,0,-1,280000,-1,-2,-2,-2,-2,-2,0.0,0,40,0,8200,657,3,4172,3560,-40,-40,8160,657,-2.0
17914,0,0,-1,70000,0,0,0,0,0,0,0.0,2870,3224,1680,3000,142,142,62615,63845,65443,65169,64370,15082,0.0
20710,1,1,1,70000,1,2,2,2,2,2,5.0,0,5200,0,2500,4000,0,54297,52837,56581,55084,56071,59008,2.0
28541,0,0,-1,310000,-1,-1,0,0,0,0,0.0,120000,18008,20000,12000,5000,3000,5931,118109,131107,97009,51757,50009,0.0
1913,0,0,-1,100000,0,0,0,0,2,0,1.0,3000,2688,5163,0,2358,2472,56256,57685,58156,61103,59358,60060,0.0
13743,0,0,-1,90000,-1,-1,0,0,-1,-1,0.0,15271,2000,30000,538,2716,652,2346,15271,16360,41936,538,2716,-1.0
7498,0,0,-1,150000,-1,0,0,-2,-2,-2,0.0,2000,0,0,0,0,0,10544,11982,-18,-18,-18,-18,-2.0
4482,0,0,-1,500000,-1,-1,-1,-1,0,-1,0.0,472,113935,108041,33,3984,2122,83528,-24702,23804,92715,6655,3966,-1.0
23554,0,0,-1,350000,-2,-2,-2,-2,-2,-2,0.0,0,0,0,8631,277,7545,8544,0,0,0,8631,277,-2.0
1732,1,0,-1,250000,0,0,0,0,0,0,0.0,1600,1650,2100,3000,0,94825,255223,47070,48130,49625,51500,0,0.0
29323,0,1,1,40000,1,3,2,2,3,2,5.0,0,2000,3304,0,3000,1200,40933,39630,40340,42332,41023,42722,2.0
2024,0,0,-1,100000,-1,-1,-1,-1,-1,-1,0.0,55139,34181,12592,71340,32453,37035,29449,55139,34181,12592,71340,32453,-1.0
589,0,0,-1,130000,0,0,0,0,0,0,0.0,6700,6000,1291,1319,1336,1365,131575,130931,132969,45584,46516,47455,0.0
21156,0,0,-1,360000,-1,-1,-1,-1,-1,-2,0.0,29794,9297,18954,0,0,0,287,29646,9251,18860,-40,-40,-1.0
15725,0,0,-1,140000,0,0,0,2,0,0,1.0,6010,12500,4009,5000,6000,5300,137611,135905,142477,140617,139353,140953,0.0
10609,0,1,5,30000,0,0,0,0,0,2,1.0,1504,1752,1000,2257,0,2287,27061,28129,29377,29625,30134,28716,0.0
12139,1,0,-1,50000,0,0,0,0,0,0,0.0,5000,2000,1500,2000,4000,1364,42056,46024,45452,45450,41154,39034,0.0
11349,0,0,-1,160000,0,0,0,0,0,0,0.0,8000,7000,5000,5000,5000,10500,153392,143297,140984,120742,115637,111354,0.0
21843,0,0,-1,270000,0,0,0,0,0,-1,0.0,1496,2273,2014,597,31182,82615,22804,11496,12273,12014,10597,31182,0.0
724,0,0,-1,320000,-1,-1,-1,-1,-1,-1,0.0,13942,4022,316,8420,316,516,9192,13920,4022,316,8420,316,-1.0
15473,0,0,-1,420000,-1,-1,0,0,0,0,0.0,150298,10617,25000,3034,3012,5012,3823,149793,56611,77406,79316,73995,0.0
25145,0,0,-1,90000,0,0,0,0,0,0,0.0,5000,6000,5000,5000,8000,2000,15019,19740,25382,27132,31675,37900,0.0
12751,1,1,5,20000,1,2,0,0,0,3,2.0,0,2000,1780,3000,0,0,14034,13524,14983,16197,18932,18271,0.0
10450,0,0,-1,300000,-2,-2,-2,-2,-2,-2,0.0,390,780,0,390,5144,390,390,390,780,390,390,5144,-2.0
25882,0,0,-1,450000,-2,-2,-2,-2,-2,-2,0.0,513,0,4376,0,0,0,3752,513,0,4376,0,0,-2.0
22347,0,0,-1,170000,-2,-2,-2,-1,-1,-1,0.0,5020,996,35490,6000,5350,12500,5280,5020,996,35490,6000,5350,-2.0
4126,0,0,-1,80000,0,0,0,0,0,0,0.0,2900,3200,3000,3500,3100,6200,77385,79038,80899,79387,81593,80254,0.0
17900,0,0,-1,100000,0,0,0,0,0,0,0.0,1600,1600,1901,1275,1470,1400,32480,33237,34300,35623,35515,36413,0.0
14182,1,0,-1,120000,0,0,0,0,0,0,0.0,4509,9496,4252,4535,4304,4536,125022,127457,121408,119070,121696,119138,0.0
20182,0,0,-1,170000,0,0,0,0,0,0,0.0,4000,3638,3500,3500,3000,3000,56766,59811,61987,63849,66276,68207,0.0
28277,1,0,-1,210000,0,0,0,0,0,-1,0.0,8139,10007,5609,2000,151139,6000,206446,202462,173236,84302,25876,140066,0.0
21863,0,0,-1,200000,0,0,0,0,0,0,0.0,15200,9600,9503,5148,4968,4930,201202,202252,195276,167209,144232,137271,0.0
1356,0,0,-1,70000,0,0,0,0,0,0,0.0,1273,1534,2000,1000,1000,1000,24758,25581,16105,17571,18330,16268,0.0
18128,0,0,-1,130000,0,0,0,0,0,0,0.0,5000,3424,4193,1042,1100,1080,91390,88381,89091,91212,29441,29683,0.0
18364,0,0,-1,170000,0,0,0,0,0,0,0.0,7500,6116,5600,5000,5000,5000,156526,160926,162960,165645,168386,129230,0.0
26214,0,0,-1,430000,-1,-1,-1,2,-1,-1,1.0,1662,15783,52,4445,2556,3321,180,1654,15718,7370,4423,2544,-1.0
22485,0,0,-1,200000,-1,-1,-1,-1,-1,-1,0.0,1261,8187,1261,1261,1261,1261,14617,1261,8187,1261,1261,1261,-1.0
23220,0,0,-1,30000,0,0,0,0,0,0,0.0,2000,3000,3000,1500,1500,2280,28467,22308,48376,26013,27089,28161,0.0
8225,0,1,1,30000,1,2,2,2,2,0,4.0,1745,0,3554,0,1190,1030,28037,29055,28303,29462,28859,29122,2.0
3371,1,0,-1,30000,0,0,0,0,0,0,0.0,2500,2215,1156,1200,3000,3000,36124,35538,34359,32450,30633,30628,0.0
11959,0,0,-1,480000,-1,-1,-1,-1,-1,-1,0.0,1000,3652,7626,1740,302823,19608,2475,995,3647,7621,1735,302818,-1.0
26917,0,1,0,130000,3,2,-1,-1,-1,0,2.0,0,10252,2486,5170,3039,2386,130819,124946,10212,2486,5170,6823,-1.0
6702,0,0,-1,30000,0,0,0,0,0,0,0.0,2000,2000,1000,1000,1000,1500,17166,18578,20260,20626,21142,21790,0.0
24918,0,0,-1,50000,0,0,0,0,0,0,0.0,3000,1755,1500,842,888,1914,50471,48538,49484,46077,23536,24045,0.0
24597,1,0,-1,60000,0,0,0,0,0,0,0.0,2380,2262,3000,1500,1000,1500,60035,60776,49802,50965,19275,17976,0.0
7683,0,0,-1,240000,0,0,0,0,0,0,0.0,15000,6000,5000,5000,6000,6000,111990,125109,129014,131864,134744,138504,0.0
16632,1,1,1,30000,1,2,2,0,0,0,2.0,1900,0,1300,884,780,0,29147,30268,29505,29916,14330,29000,0.0
26879,0,0,-1,200000,0,0,0,0,0,0,0.0,1689,2164,2500,3480,2500,3000,49221,49599,50942,50146,50235,48984,0.0
2674,0,0,-1,470000,0,0,0,0,0,0,0.0,4003,4003,8003,70003,5030,6003,72830,49502,47771,52979,119678,94721,0.0
22638,0,0,-1,50000,0,0,0,0,0,0,0.0,1986,1452,1200,300,27000,1412,47569,48768,49234,21067,15007,31043,0.0
10481,1,0,-1,130000,-1,-1,-1,-1,0,-1,0.0,326,326,2400,0,1650,652,326,326,326,2400,1075,1650,-1.0
25653,1,0,-1,20000,0,0,0,0,0,0,0.0,1558,1286,1204,529,467,544,16510,17770,16432,16174,16499,12882,0.0
12478,0,0,-1,400000,-1,-1,-1,-1,-1,-1,0.0,10713,11340,10390,620,10390,727,16195,10713,11340,10390,620,10390,-1.0
1972,1,0,-1,20000,1,2,0,0,0,0,1.0,0,1600,0,398,0,0,20498,19692,20498,19898,19906,18586,0.0
1009,0,1,2,30000,0,0,4,3,2,0,3.0,5500,0,0,0,3400,512,19785,24633,23961,23289,22779,51224,0.0
3216,0,0,-1,340000,-1,0,0,0,0,0,0.0,5000,5000,3000,2000,2000,3000,33639,37373,40990,42415,38367,37940,0.0
3764,0,0,-1,70000,0,0,0,0,0,-1,0.0,2120,1010,328,0,13180,2000,68247,68263,22551,16008,0,13180,0.0
16873,1,0,-1,20000,0,0,0,0,0,0,0.0,1316,1458,1277,494,427,4000,19856,20007,20319,20638,20025,15463,0.0
25433,0,0,-1,160000,0,0,0,0,0,0,0.0,1676,1716,1731,1604,1812,1667,40854,41849,42889,43904,44777,45866,0.0
15867,0,1,1,240000,-1,2,2,-2,-2,-2,2.0,626,626,626,776,783,1252,3126,3126,626,626,776,783,-2.0
22984,0,0,-1,200000,0,0,0,0,0,0,0.0,2000,2000,1128,4280,0,0,21464,22065,23382,21522,8815,4280,0.0
23104,1,0,-1,90000,0,0,2,0,0,0,1.0,3072,0,1555,600,3000,2000,12174,15035,14509,15518,15563,18289,0.0
9793,0,0,-1,150000,0,0,0,0,0,0,0.0,5008,5000,2499,3000,2789,2439,99294,96094,97642,70371,72257,72536,0.0
8421,0,0,-1,50000,0,0,0,0,0,0,0.0,1166,1200,481,321,336,174,18485,10767,9775,10122,9146,9341,0.0
14520,1,0,-1,300000,-1,-1,-1,0,0,-1,0.0,2000,1485,0,0,495,495,374,1685,1485,990,495,495,-1.0
3619,1,0,-1,210000,-1,-1,2,0,0,-1,1.0,1732,0,0,0,69438,3750,390,1732,1170,780,390,69438,-1.0
29708,0,1,3,10000,0,0,0,2,2,2,3.0,1274,2573,0,1086,0,353,5104,6133,8432,8150,8945,8657,0.0
29949,0,0,-1,290000,-1,-1,-1,-1,0,0,0.0,39032,201,1961,4,0,0,31933,38752,200,1956,910,0,-1.0
1013,0,0,-1,450000,-1,0,-1,-1,-1,-1,0.0,30323,10973,8112,22923,12476,6728,29747,53311,10920,8072,22809,12415,-1.0
17587,1,0,-1,160000,-1,2,-1,-1,-1,-1,1.0,2,1399,903,896,2204,786,1494,696,1395,898,894,2198,-1.0
4026,0,0,-1,250000,-1,0,0,0,0,0,0.0,25000,24000,30000,25000,30000,25000,44242,58876,73068,102311,75543,88283,0.0
28057,0,0,-1,60000,1,2,0,0,0,0,1.0,0,2000,2000,1500,1500,1500,11776,11295,12799,14272,15225,16320,0.0
28458,0,0,-1,180000,-1,-1,-1,-1,-1,-1,0.0,326,326,326,326,326,326,326,326,326,326,326,326,-1.0
8680,1,0,-1,20000,0,0,0,0,0,0,0.0,1500,1487,600,1000,1000,1000,9249,10439,11448,11561,12221,12865,0.0
22653,0,0,-1,360000,-1,0,0,-1,-1,-2,0.0,5000,1166,1297,0,0,0,4874,9561,5866,1297,0,0,-1.0
17520,0,1,2,20000,0,0,3,3,2,2,4.0,5000,1000,0,0,1400,0,11391,16180,16635,16082,15529,16525,2.0
12219,0,0,-1,380000,0,0,0,0,0,0,0.0,7000,25390,10000,20000,1659,1600,126880,130324,152869,137442,82800,42083,0.0
23060,1,1,1,160000,-1,2,2,-2,-2,-1,2.0,0,3161,0,65000,2206,339,7845,2956,3161,600,65000,2206,-1.0
8345,0,0,-1,320000,-1,-1,-1,-1,-1,0,0.0,41679,8344,8275,7606,10000,11010,3065,41679,8275,8275,7606,14611,-1.0
14364,1,0,-1,20000,0,0,0,-2,-2,-2,0.0,1650,0,0,0,0,0,19401,20650,0,0,0,0,0.0
19227,0,0,-1,20000,0,0,0,0,0,0,0.0,1520,1234,1243,563,1609,1500,12670,13682,14399,15408,15728,17082,0.0
22368,0,0,-1,200000,0,0,-1,-1,-2,-2,0.0,2000,1513,0,0,0,0,12367,13732,1513,0,0,0,0.0
28084,0,0,-1,150000,-1,-1,-2,-1,0,0,0.0,0,0,6784,159,167,760,1650,0,0,6784,6923,14116,-1.0
26169,1,1,3,30000,0,0,0,2,2,2,3.0,2000,2000,2500,1500,0,1200,24895,26476,28047,29767,30498,29890,0.0
25928,0,0,-1,430000,-2,-2,-2,-2,-2,-2,0.0,75276,6008,48845,0,1111,1140,9777,75276,5999,38845,0,1111,-2.0
11009,0,1,1,70000,1,2,2,2,2,2,5.0,2000,0,1500,0,2000,0,12026,13531,13017,14299,13927,15692,2.0
1355,0,0,-1,50000,0,0,0,0,0,0,0.0,1140,1000,121,0,0,10620,9877,10800,5921,6042,4012,0,0.0
9485,0,0,-1,70000,0,0,0,-1,0,0,0.0,5000,17831,17262,15001,0,11672,35666,18116,18397,17262,24921,0,0.0
14662,0,0,-1,120000,-1,-1,-1,-1,-1,-1,0.0,216,3858,6849,2616,2805,3926,5820,216,3858,6849,2616,2805,-1.0
13339,0,0,-1,390000,1,2,0,0,-1,-1,1.0,0,1000,3000,9290,1826,3706,20852,18376,15229,18229,9290,1826,0.0
10064,0,0,-1,140000,0,0,0,0,2,0,1.0,6193,6200,10000,0,5000,5000,129684,130838,131910,136810,133090,134415,0.0
6274,0,1,5,210000,0,0,0,0,0,2,1.0,2300,3000,3000,5000,0,3000,65600,63396,64150,66135,70118,67254,0.0
418,0,1,5,50000,0,0,0,0,0,2,1.0,2000,1600,1200,2000,0,1000,14811,16262,17286,17895,19450,18990,0.0
4436,0,0,-1,210000,-2,-2,-2,-2,-2,-2,0.0,0,0,0,0,0,0,552,-18,-18,-18,-18,-18,-2.0
8751,0,0,-1,280000,0,0,0,0,0,0,0.0,4525,5000,3800,3500,3500,3500,95278,98281,101651,103776,105617,107788,0.0
13601,0,0,-1,30000,0,0,0,0,0,0,0.0,2023,27887,2000,1000,0,0,27782,5585,29572,26387,11207,0,0.0
15427,1,0,-1,60000,0,0,0,0,-2,-2,0.0,2000,1043,0,0,0,17500,57775,51280,16299,-41,-41,-41,0.0
17709,0,0,-1,100000,0,0,0,0,0,0,0.0,4000,3838,3563,3563,4000,3475,101620,101747,100750,98953,99114,101501,0.0
26595,0,0,-1,390000,-1,-1,0,0,0,0,0.0,2000,2000,1500,1000,1000,1000,1246,1476,3436,4868,5781,6681,0.0
11667,1,0,-1,150000,1,2,0,0,2,0,2.0,0,5000,9500,0,5005,6010,144837,141815,143704,151572,149807,153088,0.0
2912,0,0,-1,500000,-1,-1,-1,-1,-1,-1,0.0,1320,1320,1320,1320,1320,1320,1320,1320,1320,1320,1320,1320,-1.0
2299,0,0,-1,210000,-1,0,0,0,0,0,0.0,5000,4000,5000,3000,3000,3500,25025,25336,26029,26816,21116,10721,0.0
14533,0,0,-1,180000,-1,-1,-1,-1,-1,0,0.0,9549,1968,1800,8198,0,844,7823,9549,1968,1800,8198,511,-1.0
15630,0,0,-1,180000,2,-1,-1,-2,-2,-1,1.0,8000,0,0,0,600,0,314,8000,0,0,0,600,-1.0
3550,0,0,-1,50000,0,0,-1,-1,-1,-1,0.0,10087,2522,7951,14493,2120,3027,20914,29303,2515,7885,14493,2113,-1.0
3267,0,0,-1,130000,0,0,0,-2,-2,-2,0.0,1092,0,0,0,0,0,44826,40650,0,0,0,0,0.0
6731,0,0,-1,280000,-2,-2,-2,-2,-2,-2,0.0,872,262,1203,150,470,1000,1863,869,262,1203,4,320,-2.0
14970,1,0,-1,180000,-1,-1,-1,-1,0,0,0.0,1359,316,3072,0,0,316,4582,1359,316,3072,2756,2440,-1.0
8519,0,0,-1,80000,-1,-1,-1,-1,0,-1,0.0,4117,84,8708,20,2795,0,3940,4115,84,8708,8728,2793,-1.0
12709,0,0,-1,350000,0,0,-1,-1,0,0,0.0,4150,630,20902,5000,2000,3000,63200,6470,630,20682,20902,16754,0.0
15019,0,1,3,50000,0,0,0,2,2,2,3.0,2000,4000,0,7000,0,2000,34384,35503,38931,38006,44357,43516,0.0
21312,1,0,-1,230000,-2,-2,-2,-2,-2,-2,0.0,0,0,0,0,0,0,2500,0,0,0,0,0,-2.0
12166,0,0,-1,110000,0,0,0,0,0,0,0.0,2200,2000,2500,2300,2300,2000,50433,42098,42753,42428,43740,44858,0.0
25837,0,0,-1,170000,0,0,0,0,0,0,0.0,5210,5323,5402,4071,4215,4081,102477,104499,106657,108804,109584,111881,0.0
14988,0,0,-1,380000,0,0,0,0,0,0,0.0,10018,10000,15000,30000,30251,20000,302130,266160,236316,224029,224022,225978,0.0
3884,0,0,-1,50000,0,0,0,0,0,0,0.0,6600,1900,1500,1500,1500,1500,33715,22824,17144,18104,19205,19014,0.0
17460,0,0,-1,300000,-1,-1,-1,-1,0,0,0.0,1589,2039,13926,1304,0,5355,3092,1589,2039,13926,13804,11600,-1.0
27481,0,0,-1,500000,-2,-2,-2,-2,-2,-2,0.0,29914,8340,16561,15701,28935,10000,18726,29914,8340,16561,15662,28935,-2.0
26320,0,0,-1,100000,-2,-2,-2,-2,-2,-2,0.0,1891,1799,1728,6000,0,330,3835,1891,1799,1728,6000,0,-2.0
17546,0,0,-1,20000,0,0,0,0,0,0,0.0,1580,1367,1178,712,742,2000,17332,18600,17947,18758,19292,19201,0.0
877,0,0,-1,150000,0,0,0,0,0,0,0.0,6000,6000,6000,6000,6001,6000,45335,50262,54793,59244,64096,68837,0.0
24475,0,0,-1,200000,-1,-1,-1,-1,-1,-1,0.0,1186,4092,3000,3849,4479,8120,1990,1186,4078,3000,3849,4479,-1.0
1551,1,0,-1,170000,0,0,0,0,0,0,0.0,4371,3533,3716,3934,12030,0,93420,96284,97322,99419,101590,111679,0.0
3132,0,0,-1,150000,-1,-1,-1,0,0,-1,0.0,1733,49200,1000,0,50000,0,4857,1729,49200,50000,0,50000,-1.0
8169,0,0,-1,180000,0,0,0,0,0,0,0.0,5000,13000,3000,2700,6000,5000,174648,104179,84940,65613,67256,71934,0.0
17706,0,0,-1,240000,-1,-1,2,-1,-1,-1,1.0,855,3,1054,2695,0,0,2799,855,858,1048,2695,0,-1.0
9445,0,0,-1,130000,0,0,0,0,0,0,0.0,5996,4148,2477,2346,2640,30000,126750,119997,108738,71835,62539,61906,0.0
28357,0,0,-1,170000,0,0,0,0,0,0,0.0,7000,7000,7000,5100,5300,5030,136113,137722,139384,141314,139252,139205,0.0
7334,0,0,-1,260000,0,0,0,0,0,0,0.0,10036,8185,6715,7033,6728,6882,257920,256117,232981,202190,202800,202490,0.0
23830,0,0,-1,240000,0,0,0,0,0,0,0.0,8000,8000,7000,6000,6000,7000,242152,237635,242191,212879,185490,188850,0.0
21755,0,0,-1,150000,-2,-2,-2,-2,-2,-2,0.0,9830,7588,13907,528,0,6093,4244,9830,7588,13896,528,0,-2.0
22134,0,1,1,80000,1,2,2,-1,-1,-1,2.0,1000,0,7032,6348,1606,0,6261,6170,4258,7032,6348,1606,-1.0
25823,0,0,-1,420000,0,0,0,0,0,0,0.0,10004,11020,10238,10022,7000,6000,254275,249677,232028,233055,191518,192313,0.0
10774,0,0,-1,50000,-1,0,0,2,0,0,1.0,1277,2173,0,459,513,161,5696,6723,8619,8334,8510,8728,0.0
8163,0,0,-1,200000,0,0,0,0,0,0,0.0,6000,5769,5411,5603,6367,4500,151819,154914,157776,160520,163878,167872,0.0
17625,1,1,2,180000,-1,-1,2,2,0,0,2.0,7201,1000,0,103,0,0,10831,17816,18247,33230,5168,0,-1.0
17182,0,0,-1,160000,0,-1,-1,-2,-2,-2,0.0,2000,0,0,0,0,0,4122,1770,0,0,0,0,-2.0
3544,0,0,-1,140000,0,0,0,0,0,0,0.0,3000,3000,5000,5000,5000,3000,19853,22525,25141,29701,34197,38615,0.0
19383,0,0,-1,120000,-1,-1,-1,-1,0,-1,0.0,0,1252,1252,0,626,0,626,0,1252,1252,1252,626,-1.0
7656,0,0,-1,200000,0,0,0,-2,-2,-2,0.0,2000,0,0,0,0,0,42325,32061,0,0,0,0,0.0
29685,0,0,-1,280000,-2,-2,-2,-2,-2,-2,0.0,1355,3754,14025,12820,1362,5274,3981,1350,3735,13956,5911,1356,-2.0
4030,1,0,-1,250000,-1,-1,-1,0,-1,-1,0.0,326,652,0,326,326,326,326,326,652,326,326,326,-1.0
22755,0,0,-1,220000,-1,-1,2,-1,0,0,1.0,8087,13,4656,5000,5000,0,1196,8087,3606,4656,8960,13264,-1.0
1148,0,0,-1,360000,1,2,0,0,-1,-1,1.0,0,1399,0,35039,8320,5169,71195,60553,60158,16672,35039,8320,0.0
7634,1,0,-1,50000,0,0,0,0,0,0,0.0,1451,13609,13327,250,1000,700,51521,46015,15057,19825,4264,3690,0.0
27507,1,0,-1,170000,0,0,0,0,0,0,0.0,6873,7509,5573,4309,4239,5142,201851,195038,189067,180389,137030,129222,0.0
5566,0,0,-1,240000,0,-1,-1,-2,-2,-2,0.0,3220,0,0,0,0,0,8862,3220,0,0,0,0,-2.0
13922,0,1,5,120000,0,0,0,0,0,2,1.0,4200,4100,4100,10000,4560,0,112336,113351,115515,113948,122127,121962,0.0
13750,0,0,-1,130000,-1,2,0,0,0,-1,1.0,13,12454,30,21,5488,1725,10653,7439,15206,12446,7047,5472,0.0
1460,0,0,-1,10000,0,0,0,0,0,0,0.0,2234,1135,1086,319,319,180,15147,6641,15318,8610,8790,8963,0.0
9448,0,0,-1,200000,-1,-1,-1,-1,-1,-1,0.0,99,99,99,99,348,0,99,99,99,99,99,348,-1.0
16173,0,0,-1,30000,0,0,0,0,2,0,1.0,1676,1725,3613,0,975,980,22070,23075,24124,27012,26279,26831,0.0
3720,0,1,2,50000,-1,-1,2,2,-1,-1,2.0,780,0,0,390,1320,0,780,780,780,0,390,1320,-1.0
29163,0,0,-1,100000,-2,-1,2,-1,-1,-1,1.0,780,0,390,3863,390,390,390,780,390,390,3863,390,-1.0
20268,0,0,-1,80000,0,0,0,2,0,0,1.0,2141,6433,0,2000,2000,2000,67671,61346,59100,53133,48598,48882,0.0
7258,1,0,-1,60000,0,0,0,0,0,0,0.0,3044,1123,7553,474,3586,305,58143,60221,50135,19553,11896,15241,0.0
11088,0,0,-1,200000,0,0,0,0,0,0,0.0,3015,1903,10033,949,10078,92757,75420,73548,47100,27112,21220,15719,0.0
18638,0,0,-1,200000,0,0,0,0,0,0,0.0,8271,8182,6576,5073,5095,5172,225931,229787,233553,206398,145825,140249,0.0
26910,0,0,-1,290000,0,0,0,0,0,0,0.0,8000,10000,5000,6000,4700,5000,135527,134414,140607,131933,135606,132906,0.0
15746,0,0,-1,90000,0,0,0,0,0,0,0.0,9025,3539,9000,650,584,639,23362,23255,23539,28986,27079,21966,0.0
5760,0,0,-1,190000,0,0,0,0,0,0,0.0,8000,7000,4000,3000,3000,3000,181045,184249,158883,99255,80219,81912,0.0
7511,0,0,-1,380000,-1,-1,-1,-1,-1,-1,0.0,9240,15233,11202,12493,13748,18061,3859,9194,15157,11147,12483,13680,-1.0
2640,0,0,-1,140000,0,0,0,0,0,0,0.0,4000,5000,2000,4000,5000,6000,85314,87042,90165,91318,94847,35773,0.0
16226,1,0,-1,50000,-1,0,0,0,0,0,0.0,2005,2005,2716,1000,911,500,33436,31231,30994,20244,12135,12270,0.0
4920,0,1,5,350000,2,0,0,0,0,2,2.0,100000,200000,0,135000,0,100000,20042,108444,280478,143142,160442,98479,0.0
21738,0,0,-1,20000,-1,0,0,0,0,0,0.0,3000,4029,5514,3000,3000,8000,4456,7339,9662,9708,4779,6968,0.0
19218,0,0,-1,200000,0,0,0,0,0,0,0.0,4841,5047,4922,4926,5105,5500,132563,135202,137111,137121,139343,141859,0.0
8685,0,0,-1,150000,-2,-2,-2,-2,-2,-1,0.0,1586,264,330,1350,386,1259,1464,1576,264,330,1350,386,-2.0
26983,0,0,-1,170000,0,0,0,0,0,0,0.0,6000,7000,7000,7000,8000,7000,159094,161938,166062,170023,173854,179390,0.0
9907,0,0,-1,280000,0,0,0,0,0,0,0.0,10000,10000,36432,0,10000,28580,50415,59538,67642,39396,26096,34104,0.0
16145,0,0,-1,220000,0,0,0,0,0,0,0.0,6300,4000,5500,3775,4100,5000,124418,126695,106534,109884,106114,108202,0.0
19086,0,0,-1,70000,0,0,0,0,0,0,0.0,3200,3300,3100,2800,2600,2940,68494,68532,69475,69582,69589,68728,0.0
22717,0,0,-1,240000,0,0,0,0,0,0,0.0,19000,10000,7000,10000,8000,10000,214122,217850,212593,180867,173780,168880,0.0
24033,1,1,2,50000,0,0,2,2,4,3,4.0,14200,2100,5215,0,0,0,28651,41897,43032,47242,46212,45205,2.0
9134,0,1,5,50000,-1,-1,-1,-2,-1,3,1.0,378,0,0,3263,0,0,528,378,-150,-678,2057,1206,-1.0
29290,0,0,-1,90000,0,0,0,0,0,0,0.0,2497,1154,8000,288,300,347,61212,57315,5710,12959,9140,9333,0.0
28214,0,0,-1,310000,0,0,0,0,0,0,0.0,21084,20000,12000,15000,8000,15000,311401,218298,222424,220058,199376,189840,0.0
1298,0,0,-1,200000,-2,-2,-2,-1,-1,-1,0.0,2476,3771,4285,3023,5088,6282,6626,2469,3760,4273,3015,5076,-2.0
26434,0,0,-1,470000,-1,0,0,0,0,0,0.0,25853,20745,13422,6921,5645,6114,235490,125853,143646,113422,96921,94405,0.0
1999,0,0,-1,140000,0,0,2,0,0,0,1.0,8200,3000,4000,4500,4000,4200,121374,125965,102527,103337,105942,101830,0.0
27924,0,0,-1,200000,0,0,0,0,-2,-2,0.0,8800,10183,1504,0,24,204395,196168,201190,200662,-1528,-1528,-1504,0.0
29848,0,0,-1,310000,-1,-1,-1,-1,-1,-1,0.0,10414,21229,91254,18293,14332,15785,15431,10414,21209,91238,18293,14332,-1.0
14079,0,0,-1,330000,-1,0,-1,0,0,0,0.0,1503,40003,15000,0,0,25017,203,1558,39927,53430,44798,40341,0.0
8555,0,0,-1,270000,-1,-1,0,0,0,0,0.0,61164,4000,5000,6000,5000,5000,3197,61164,61145,62186,62123,58995,0.0
23209,0,0,-1,190000,0,0,0,0,0,0,0.0,3100,80000,5000,4000,4100,5000,58783,59881,136994,118268,110476,111802,0.0
6186,0,0,-1,50000,0,0,-1,0,0,0,0.0,1066,50045,992,1000,1000,1008,53540,53321,49263,29063,26644,27201,0.0
6821,1,0,-1,220000,-2,-2,-2,-2,-2,-1,0.0,6243,6376,7942,8270,170000,6002,183718,172250,175771,180794,184650,167856,-2.0
29504,1,1,1,60000,1,2,2,2,2,2,5.0,0,5300,0,3000,1600,1000,28504,27747,32577,31754,34228,35128,2.0
5484,0,0,-1,20000,0,-1,-1,-2,-2,-2,0.0,1685,0,0,0,0,0,20000,1685,0,0,0,0,-2.0
20185,0,0,-1,200000,-2,-2,-2,-2,-2,-2,0.0,784,611,0,0,150,478,2618,784,611,0,0,150,-2.0
846,0,0,-1,490000,-1,-1,-1,-1,-1,0,0.0,4738,2803,6027,10722,6000,1139,4290,4738,2803,6027,10722,8452,-1.0
11397,0,0,-1,50000,1,2,0,0,0,0,1.0,0,3000,1000,1000,1000,1000,49340,48297,49255,8838,9011,9872,0.0
17963,0,0,-1,220000,0,0,0,0,2,0,1.0,5600,6000,16000,0,5000,6300,113061,115294,117945,130365,126780,129570,0.0
79,1,0,-1,30000,0,0,0,0,0,0,0.0,1686,1400,560,3000,1765,0,28387,29612,30326,28004,26446,6411,0.0
18147,0,0,-1,160000,0,0,0,0,0,0,0.0,4000,3000,5000,3000,5000,2000,50901,53859,55814,59726,61615,65939,0.0
9459,1,0,-1,100000,0,0,0,0,0,0,0.0,3100,2640,2000,3000,3000,3000,70878,72753,58789,53091,55229,57144,0.0
17078,0,1,2,140000,0,0,2,2,2,2,4.0,11000,6000,0,8000,4000,5000,99012,106817,109646,106420,111130,113204,2.0
2843,0,1,3,110000,0,0,0,2,2,2,3.0,1500,2000,0,1500,600,0,10141,11472,12973,12468,13763,13989,0.0
12874,1,0,-1,20000,0,0,0,0,0,0,0.0,1917,1000,1000,1000,1068,0,19791,19591,15788,14911,11699,12224,0.0
1646,1,0,-1,50000,0,0,0,0,0,0,0.0,1880,1650,10000,1000,700,600,40931,40892,41612,18825,18019,18124,0.0
21334,0,0,-1,500000,-2,-2,-2,-2,-2,-2,0.0,13941,16392,470,27916,1994,12670,13331,13307,15734,-101,27145,1479,-2.0
2238,0,0,-1,180000,0,0,0,0,0,0,0.0,5500,4000,4500,4200,4500,4500,104335,108156,108874,111568,113817,116422,0.0
20483,0,0,-1,160000,-2,-2,-2,-2,-2,-2,0.0,0,99500,0,0,0,0,1987,0,99500,-500,-500,-500,-2.0
4235,0,0,-1,260000,-2,-2,-2,-1,0,0,0.0,2500,500,210,0,0,0,6475,2500,500,210,210,-90,-2.0
16453,0,0,-1,80000,0,0,0,0,0,0,0.0,5024,5014,5016,5017,5011,5014,46777,44628,43943,42913,43217,41662,0.0
2448,1,1,0,50000,2,2,2,2,2,2,6.0,0,42000,1600,1500,2000,2000,5025,4805,46295,46885,47535,45994,2.0
22141,0,0,-1,230000,0,0,0,0,0,0,0.0,3000,3000,2000,2500,2500,2000,50757,52906,54454,53457,55128,52788,0.0
12260,0,0,-1,50000,0,-1,-1,-1,-1,-1,0.0,1226,1226,1226,1765,1066,170,1226,1226,1226,1226,1765,1066,-1.0
13850,0,1,5,170000,0,0,0,0,0,2,1.0,6808,4625,3510,9100,0,3500,169883,171851,158426,96704,101555,97884,0.0
16562,1,1,3,120000,0,0,0,2,2,0,2.0,2515,7703,600,0,595,599,7164,9383,16571,16607,16043,16379,0.0
25251,0,1,1,30000,1,2,2,0,0,-1,2.0,2500,0,1200,0,990,8721,30937,32627,31827,32080,30890,990,2.0
6819,0,0,-1,400000,0,0,0,0,0,0,0.0,4237,4000,100000,5000,4183,3613,31864,34538,31648,127340,129411,128796,0.0
26245,0,0,-1,500000,0,0,0,0,0,0,0.0,17204,13173,10143,7519,8866,7154,501369,505753,395522,312315,265742,248866,0.0
15807,0,0,-1,100000,0,0,0,0,0,0,0.0,3000,2700,2270,2433,2530,2400,81152,81912,83231,62421,63814,65164,0.0
16373,0,0,-1,30000,0,0,0,0,0,0,0.0,1215,1230,1236,798,822,1079,24885,25886,26901,27907,28469,29058,0.0
27409,0,0,-1,80000,-1,-1,-1,-1,-1,-1,0.0,40000,0,2303,71637,1796,0,10290,40000,0,2303,71637,7893,-1.0
12831,0,0,-1,350000,-1,-1,-1,-1,-1,-1,0.0,7638,21511,6421,6106,9657,5731,7633,7600,21405,6390,6076,9610,-1.0
15299,0,0,-1,380000,0,0,2,0,0,0,1.0,5700,2500,3500,5000,5000,3400,66979,70289,69790,71506,74078,77088,0.0
6287,0,0,-1,80000,0,0,0,0,0,0,0.0,2264,1420,1002,6005,2000,970,79518,77757,32325,25670,30089,29395,0.0
6169,0,0,-1,120000,0,0,0,0,0,0,0.0,3120,3300,10000,3200,3200,10000,67876,69903,71446,79589,81354,83044,0.0
16580,0,0,-1,20000,0,0,0,0,0,0,0.0,1329,1324,1000,2000,1000,0,15934,15028,16023,11631,12377,4830,0.0
27058,1,0,-1,100000,0,0,0,0,0,-2,0.0,2500,2500,3000,0,0,0,46717,48435,49854,51400,0,0,0.0
22802,0,0,-1,230000,0,0,0,0,0,0,0.0,1300,1300,1200,500,500,500,10765,11107,11748,12269,12102,12414,0.0
5662,0,0,-1,270000,-1,-1,2,-1,-1,-1,1.0,11921,329,20218,3699,3204,13193,1138,11899,5794,19857,3681,3188,-1.0
9873,0,0,-1,50000,0,0,0,0,0,0,0.0,1748,1408,1000,1000,1000,1000,49026,48983,38417,27038,26254,26352,0.0
3853,1,0,-1,50000,-1,-1,-1,-1,-1,-1,0.0,1726,390,390,390,390,390,1058,1726,390,390,390,390,-1.0
29198,0,0,-1,10000,0,0,0,0,0,-2,0.0,1145,1148,1021,0,0,0,7521,8519,8142,8235,0,0,0.0
21054,0,0,-1,210000,-1,-1,-1,-1,-1,-1,0.0,0,2684,0,10652,326,0,326,0,2684,0,10652,326,-1.0
7064,0,0,-1,20000,0,0,0,-1,-1,-2,0.0,1547,1350,1700,0,0,0,19716,20518,16551,1700,0,0,0.0
25270,0,0,-1,80000,0,0,0,0,0,0,0.0,3500,3000,3500,3000,3000,3000,77440,78418,78015,79571,80121,77304,0.0
18333,0,0,-1,310000,0,0,0,0,0,0,0.0,6000,12398,7814,7000,7000,6597,157173,160555,170288,175252,177855,181846,0.0
2245,0,0,-1,240000,-1,-1,-1,-1,-1,0,0.0,23295,49000,37573,26296,7000,46495,228,23282,48595,37573,26296,15788,-1.0
19385,0,0,-1,350000,0,0,0,0,0,0,0.0,6000,5900,5800,4100,4500,5000,122017,121505,119522,119947,117328,118400,0.0
10057,0,0,-1,40000,0,0,0,0,0,0,0.0,1939,1399,806,862,258,0,36415,37409,30019,30426,22867,12900,0.0
11589,0,0,-1,280000,-1,-1,-1,-1,-1,-1,0.0,1650,651,651,651,651,0,651,1650,651,651,651,651,-1.0
10158,1,0,-1,440000,0,0,0,0,0,0,0.0,15100,16076,12445,13183,12874,12146,421895,413687,420892,352705,359770,351535,0.0
9399,0,0,-1,390000,0,0,0,0,0,0,0.0,10000,10000,8004,10000,6000,10000,171189,176989,178698,182101,155517,154668,0.0
12449,0,0,-1,30000,0,0,2,0,0,0,1.0,2000,1000,1000,700,700,700,13216,15003,15461,16204,16642,17067,0.0
25947,0,0,-1,330000,-1,0,0,0,0,0,0.0,8284,5467,5200,10000,0,0,8872,15284,20467,25200,35000,0,0.0
16756,1,0,-1,70000,0,0,0,0,0,0,0.0,3439,3237,4938,1693,5000,2200,69388,70480,66646,69641,46458,50679,0.0
4713,0,0,-1,60000,0,0,-1,0,0,-1,0.0,0,2188,0,0,27248,1000,54809,-827,1188,792,0,27248,0.0
1883,0,0,-1,90000,0,0,0,0,0,0,0.0,2000,3000,2000,3000,3000,1000,32755,31325,28034,29753,30601,33083,0.0
513,0,0,-1,360000,-1,-1,-1,-1,-1,-1,0.0,53228,3997,1750,2853,51041,3219,20223,52962,3978,1743,2828,50537,-1.0
12691,0,0,-1,150000,-1,-1,-1,-2,-2,-2,0.0,6546,0,0,0,0,0,252,6514,-31,-31,-31,-31,-1.0
28371,0,0,-1,80000,-1,-1,-1,2,0,-1,1.0,836,1700,836,0,836,390,808,808,1672,1672,836,836,-1.0
8004,0,0,-1,160000,0,-1,-1,0,-1,-1,0.0,1280,5850,0,1240,0,0,2720,1280,5850,150,1240,0,-1.0
25169,0,0,-1,30000,0,0,2,0,0,0,1.0,3600,0,1400,487,424,0,27219,28987,27849,27451,24358,21192,0.0
19613,0,0,-1,500000,-2,-2,-2,-2,-2,-2,0.0,2940,2569,6360,3,0,3012,6887,2926,2546,5495,180,-486,-2.0
1443,1,0,-1,100000,-1,-1,-1,-1,-1,-1,0.0,0,390,390,390,390,390,780,0,390,390,390,390,-1.0
26996,0,0,-1,450000,-2,-2,-2,-2,-2,-2,0.0,389,483,29707,10214,10214,10184,18659,388,481,29646,10163,10163,-2.0
27134,0,0,-1,500000,-1,-1,-1,-1,-1,0,0.0,1666,1666,1666,8806,1625,2808,1665,1665,1665,1665,8805,8764,-1.0
12481,0,0,-1,110000,0,0,0,0,0,0,0.0,4500,4100,67606,4100,3100,2861,93039,81169,82800,107986,99627,80610,0.0
28836,0,0,-1,360000,-1,-1,-1,-1,0,0,0.0,10741,46378,46347,0,0,19607,9325,10741,45619,37459,31747,26899,-1.0
23707,0,0,-1,410000,0,0,0,0,0,0,0.0,9000,11000,10000,7500,8000,8000,249152,246659,248934,246011,240845,213767,0.0
26218,0,0,-1,200000,-1,2,-1,0,0,0,1.0,0,3130,5000,4000,90000,15000,860,430,3130,7585,11056,97451,0.0
29768,0,0,-1,240000,1,2,0,0,0,0,1.0,0,10200,10200,8725,9068,9068,245338,234661,234364,235982,239281,244329,0.0
23309,0,0,-1,390000,-1,-1,-1,-1,-1,0,0.0,0,682,11130,9942,6600,1000,2075,0,682,10943,9942,11168,-1.0
2389,0,0,-1,390000,-1,-1,-1,0,0,-1,0.0,0,18426,34,31,7088,0,9361,-25,18401,13200,6385,7088,-1.0
8652,0,0,-1,20000,-1,-1,-1,-1,-1,-1,0.0,0,2889,0,1448,0,0,9598,0,2889,0,1448,0,-1.0
17677,0,0,-1,280000,2,-1,0,0,0,0,1.0,99007,5000,3027,6025,2001,1903,47,97767,99036,96383,86060,62312,0.0
1490,1,1,2,50000,0,0,2,2,2,2,4.0,2800,0,1500,0,1200,0,10532,13145,12637,13922,13556,14528,2.0
18262,0,0,-1,250000,0,0,0,-1,0,0,0.0,1025,0,660,0,0,0,1635,2491,-60,600,600,0,0.0
247,0,0,-1,250000,0,-1,-1,-1,-1,-1,0.0,1631,1536,1010,5572,794,1184,52874,1631,1536,1010,5572,794,-1.0
7839,0,0,-1,110000,0,0,0,0,0,0,0.0,5015,4081,2101,2202,2204,2100,106111,108698,105666,57940,59247,59594,0.0
972,0,0,-1,130000,0,0,0,0,0,0,0.0,7010,6657,3899,3952,3900,4000,133461,133393,132211,101807,101083,101597,0.0
23171,0,0,-1,160000,-1,-1,-1,-1,-1,-1,0.0,1473,8404,8875,8509,4630,2038,2828,1473,8404,8875,8509,4630,-1.0
20057,0,0,-1,340000,-1,-1,-1,-1,-1,-1,0.0,892,5269,8193,596,999,176340,507,892,5221,7627,580,999,-1.0
16378,0,0,-1,170000,0,0,0,0,0,0,0.0,4294,4428,4326,4154,4345,9098,118379,120087,121958,123629,123605,123794,0.0
17555,0,0,-1,180000,0,0,-1,-1,-2,-2,0.0,0,2125,0,0,0,0,2875,0,2125,0,0,0,0.0
25436,1,0,-1,200000,0,0,-2,-2,-2,-2,0.0,0,0,0,0,0,0,61650,0,0,0,0,0,-2.0
311,0,0,-1,400000,-1,0,-1,-1,0,-1,0.0,1000,1354,5322,6,2386,9085,3697,3600,1354,5322,5103,2077,-1.0
4734,0,0,-1,320000,-1,-1,-1,-1,-1,-1,0.0,5000,792,1176,396,396,39316,1122,5000,396,1176,396,396,-1.0
9242,1,0,-1,320000,-1,-1,-2,-2,-2,-1,0.0,0,0,0,0,13439,0,14515,0,0,0,0,13439,-1.0
23081,0,0,-1,50000,0,0,2,0,0,0,1.0,2441,0,1313,356,369,508,6732,9052,8763,9924,9967,10176,0.0
4343,0,0,-1,120000,0,0,0,0,0,0,0.0,4000,10000,4000,5000,4200,4500,104546,105326,111987,112652,114337,115105,0.0
4154,0,0,-1,280000,-1,-1,-1,-1,-1,-1,0.0,13244,10157,29187,20669,3003,3250,8527,13219,10132,29142,20644,1647,-1.0
960,1,0,-1,250000,-1,-1,-1,0,-1,-1,0.0,0,8348,0,23020,2367,3117,1338,-24,8324,5872,23020,2367,-1.0
10829,0,0,-1,180000,0,0,0,0,0,0,0.0,8013,3060,109,46,0,0,252810,240518,39162,5461,2309,0,0.0
3122,0,0,-1,260000,0,0,0,0,0,0,0.0,7100,135546,4500,4590,4501,4795,257987,260104,253488,145630,148720,139633,0.0
10374,0,0,-1,70000,0,0,0,0,0,0,0.0,1600,1300,1000,701,1000,1000,19492,20054,14016,14782,15249,15595,0.0
2065,1,0,-1,180000,0,0,0,2,-1,-1,1.0,3826,7000,0,171716,13400,0,175539,138825,51686,2594,171716,181693,0.0
29314,0,0,-1,20000,0,0,0,0,0,0,0.0,2000,1354,2113,1000,1000,1000,14576,16318,17388,17850,17737,27240,0.0
16706,0,0,-1,230000,0,0,0,0,-1,-1,0.0,2000,1347,3078,1509,9000,8000,42770,22080,16740,14029,1439,2269,0.0
12829,0,0,-1,100000,-2,-2,-2,-2,-2,-2,0.0,0,0,0,0,0,150400,100000,0,0,0,0,-150953,-2.0
18255,0,0,-1,80000,0,0,0,0,0,0,0.0,3500,2202,1500,1500,1500,1500,75113,76860,77456,21118,22260,23396,0.0
19413,0,1,3,60000,0,0,0,3,2,2,3.0,3987,8825,0,0,3400,1800,30641,33787,42025,41067,40109,42695,0.0
18524,1,0,-1,50000,0,0,0,0,0,0,0.0,1900,1918,1700,1500,5000,0,33879,35211,36263,37061,37943,42305,0.0
10870,1,0,-1,50000,0,0,0,0,0,0,0.0,2000,1500,442,300,238,500,48433,49608,45568,9742,8790,6591,0.0
2258,0,0,-1,200000,0,0,0,0,0,0,0.0,1064,1170,10000,1000,1000,464,2324,3344,4450,14280,14894,15608,0.0
28672,0,0,-1,360000,0,0,0,0,0,0,0.0,3967,4213,3741,2353,2471,2327,91282,85875,87400,87343,71180,64500,0.0
1368,1,0,-1,50000,0,0,0,0,0,0,0.0,1500,1100,1000,500,500,1000,42678,38239,22691,8807,7143,6967,0.0
2091,0,1,5,250000,-1,-1,2,0,-1,2,2.0,2186,0,0,1522,0,4389,744,2244,1372,686,1522,686,-1.0
8914,0,0,-1,20000,-1,-1,-1,0,-1,-1,0.0,8264,2480,0,880,1070,40000,10827,8264,2480,390,880,1560,-1.0
26051,0,1,5,160000,-1,-1,2,0,0,2,2.0,4980,0,1500,4520,939,0,16982,21353,20723,21873,25999,26377,-1.0
14205,1,0,-1,30000,0,-1,2,-1,0,0,1.0,3285,0,248,0,0,0,2880,3285,2280,248,248,-150,0.0
17076,0,0,-1,50000,0,0,0,0,0,0,0.0,1600,1500,1500,1200,1078,951,46968,36912,32616,29788,27562,26129,0.0
19154,0,0,-1,50000,0,0,0,0,0,0,0.0,2000,2300,2500,500,600,600,46566,47792,49322,50618,13842,14217,0.0
20799,0,0,-1,10000,0,0,0,0,-1,-1,0.0,1065,1246,1000,780,0,390,6930,6399,4634,5388,780,0,0.0
19746,0,0,-1,50000,2,-1,-1,-1,-1,-1,1.0,5128,1780,5808,390,780,0,344,5036,1780,5808,390,780,-1.0
24203,0,0,-1,170000,0,0,0,0,0,0,0.0,6500,5609,70000,2700,2200,2200,145584,125746,127407,146833,64268,58970,0.0
9377,1,0,-1,450000,-1,-1,-1,-1,-1,-1,0.0,0,1173,0,6265,2374,708,2000,0,1173,0,6265,2374,-1.0
11150,0,1,5,70000,1,2,0,0,0,2,2.0,1100,1703,1000,1800,0,900,24635,23020,22496,22070,22101,20724,0.0
9647,0,1,1,30000,1,2,2,2,2,2,5.0,0,7300,0,2666,0,1000,23860,23192,30042,28276,30483,29848,2.0
7949,0,1,5,200000,0,0,-1,0,0,2,1.0,1058,6336,10,39585,39,1087,13124,11774,6328,4714,42184,39576,0.0
8217,1,1,3,20000,0,0,0,2,2,2,3.0,1307,2300,0,1525,0,1000,16728,17759,19752,19155,20385,19218,0.0
16349,0,0,-1,500000,-2,-2,-2,-2,-2,-2,0.0,6648,11986,0,49947,3840,11939,11765,6599,11421,-83,49699,3821,-2.0
26608,0,0,-1,90000,0,0,0,0,0,-1,0.0,6000,4008,30055,15050,3270,16488,90888,85293,69482,60244,22640,3270,0.0
7207,0,0,-1,450000,-1,0,0,2,-1,-1,1.0,2146,1623,0,1623,1694,2795,2663,3146,3246,1623,1623,1694,-1.0
12335,0,0,-1,120000,-1,-1,-1,-1,-1,-1,0.0,390,390,390,390,0,780,390,390,390,390,390,0,-1.0
227,0,0,-1,350000,-1,-1,-1,-1,-1,-2,0.0,2686,1864,569,0,0,0,3265,2686,1864,569,0,0,-1.0
28968,0,0,-1,500000,-1,-1,-1,-1,0,0,0.0,6081,5588,58476,1910,1974,2254,5353,5739,5578,57722,55468,55026,-1.0
21183,0,0,-1,160000,0,0,0,0,0,0,0.0,1100,1500,1500,1000,2000,4000,16750,9715,5140,5379,3183,5120,0.0
11407,0,0,-1,260000,-2,-2,-2,-2,-2,-2,0.0,942,1058,2106,2282,2531,0,4400,942,1058,2106,2282,2531,-2.0
4199,0,0,-1,230000,0,0,0,0,0,0,0.0,7200,3348,2510,5000,3500,6500,170354,131022,108061,87461,69221,57462,0.0
15662,0,0,-1,100000,-1,-1,-1,-1,-1,-1,0.0,4612,2099,3494,2086,2379,3219,1594,4612,2098,3494,2086,2379,-1.0
1963,0,0,-1,140000,0,0,0,0,0,0,0.0,3005,3000,3000,3000,3000,5000,81960,81757,83046,84034,77659,77180,0.0
8539,1,0,-1,80000,0,0,0,0,0,0,0.0,2953,2333,2288,2369,2385,2458,73056,74736,65581,63939,65278,66578,0.0
5034,0,0,-1,320000,0,0,0,0,0,0,0.0,8000,8000,5500,6100,6000,5000,160832,164750,168370,169371,172868,150827,0.0
7418,0,0,-1,200000,-1,-1,-1,-1,-1,-1,0.0,2519,2519,2519,13137,566,416,5624,2519,2519,2519,13137,566,-1.0
16081,0,0,-1,220000,0,0,0,0,0,0,0.0,7500,3500,4000,3500,4000,3000,67722,74057,75767,77902,79505,82061,0.0
16364,0,0,-1,260000,-1,-1,-1,-1,-1,-1,0.0,416,416,3541,416,416,1644,416,416,416,3541,416,416,-1.0
20008,0,0,-1,180000,-1,-1,-1,-1,-1,-1,0.0,911,578,578,578,438,280,578,911,578,578,578,438,-1.0
8031,0,0,-1,50000,0,0,0,0,0,0,0.0,1500,1500,1000,1000,1000,1000,41140,41599,32533,23156,23782,24386,0.0
8620,0,0,-1,80000,0,0,0,0,0,0,0.0,1600,1300,859,3000,800,50000,76867,51936,28221,28809,19551,19925,0.0
14305,0,0,-1,60000,0,0,0,0,0,0,0.0,5000,4731,2000,10000,3000,5000,95648,56259,49425,16941,13349,14826,0.0
10835,0,0,-1,270000,0,-1,-1,-1,2,-1,1.0,4937,2000,9078,0,6177,4600,18758,4937,2000,9078,5058,6177,-1.0
14819,0,0,-1,230000,-1,-1,-1,-1,-1,-1,0.0,19686,4000,4806,0,1700,3658,1099,19686,3036,4806,-1,1699,-1.0
29650,0,0,-1,230000,0,-1,0,0,0,0,0.0,231788,11621,9027,9015,9000,9014,56449,219192,226596,225791,226638,226265,0.0
5644,0,0,-1,360000,-1,-1,-2,-2,-2,-2,0.0,0,0,0,0,0,780,15000,0,0,0,0,0,-2.0
11031,1,1,2,20000,0,0,2,2,0,0,2.0,4007,700,0,1000,2000,800,17196,20609,20654,19118,18104,19846,0.0
7528,0,1,3,50000,0,0,0,2,2,2,3.0,1300,1700,0,1000,0,200,7282,8307,9709,9404,10254,9940,0.0
24539,0,0,-1,200000,0,0,0,0,0,0,0.0,1500,1500,1000,1000,500,1500,4757,6170,7408,8250,9250,9750,0.0
20134,1,0,-1,110000,0,0,0,0,0,0,0.0,2000,2000,2000,2000,0,2000,44590,45846,47104,48325,0,49461,0.0
1751,0,0,-1,260000,0,0,0,0,0,0,0.0,20008,7500,3000,3500,3605,3750,243196,258720,178102,77215,79331,81483,0.0
21541,0,0,-1,30000,0,0,0,0,0,0,0.0,3000,3000,4000,5000,5000,5000,19502,8999,11797,11972,16482,9082,0.0
5672,0,0,-1,180000,0,0,0,0,0,0,0.0,3977,6516,1611,3000,7080,1132,98535,99196,98905,75576,59889,51422,0.0
12374,0,0,-1,500000,-1,-1,-1,-1,-1,-1,0.0,12349,26488,6534,9788,25314,103508,7297,12349,26488,6534,9788,25314,-1.0
26148,0,0,-1,210000,-2,-2,-2,-2,-2,-2,0.0,4055,0,0,0,0,150,2020,4055,0,0,0,0,-2.0
24879,1,1,2,20000,-1,-1,3,2,0,0,2.0,26703,0,0,1000,800,1000,323,24910,22469,21780,20363,20199,-1.0
28089,0,0,-1,150000,-2,-2,-2,-2,-2,-2,0.0,41243,16548,40442,5049,20023,6035,3042,41036,16465,40215,5024,19924,-2.0
1640,0,0,-1,30000,-1,-1,-1,-1,-1,-1,0.0,5174,1392,696,0,696,696,1355,5137,1392,696,0,696,-1.0
20853,1,1,1,50000,1,2,2,2,2,2,5.0,2064,500,1800,3528,0,3000,45997,47003,46468,47198,49634,48708,2.0
14604,0,0,-1,150000,0,0,0,0,0,0,0.0,5147,4900,4677,4707,1700,1000,148815,148090,133619,127043,112067,39901,0.0
28296,0,0,-1,280000,-1,-1,-1,-1,-1,-1,0.0,5290,2711,4476,4069,5161,8026,13182,5290,2711,4464,4069,5161,-1.0
13100,0,0,-1,80000,0,0,0,0,0,0,0.0,4000,2300,1300,1300,1500,1500,80233,79849,77796,30300,29922,29120,0.0
8613,0,1,4,30000,0,0,0,0,2,2,2.0,1494,1466,2501,1759,0,15912,29160,29302,29698,31157,31714,30496,0.0
14410,1,0,-1,210000,-1,-1,-1,-1,-1,-1,0.0,3569,1737,2433,3115,3899,2460,4443,3569,1737,2433,3115,3899,-1.0
8289,1,0,-1,80000,0,0,0,0,0,0,0.0,1500,2000,1000,3000,1000,1000,23931,23366,22275,21631,22961,19269,0.0
10344,0,0,-1,410000,-1,-1,-1,-1,-1,-1,0.0,187,7898,1842,1129,7592,0,4213,187,7884,1842,1129,7592,-1.0
10451,0,0,-1,230000,0,0,0,0,0,-1,0.0,2000,1000,2000,0,20000,8200,17587,19297,19580,8247,-6666,13334,0.0
20924,0,0,-1,130000,0,0,0,0,-2,-2,0.0,10000,5000,0,0,0,0,233617,115431,35400,0,0,0,0.0
9460,0,0,-1,230000,-1,-1,0,0,0,0,0.0,62469,5000,2000,5000,5000,3000,2130,62469,62583,59047,52574,43723,0.0
24784,0,0,-1,350000,-1,-1,-1,-1,-1,-1,0.0,6088,12635,18119,13547,38868,4650,9189,6080,12622,18103,13547,38868,-1.0
8826,0,0,-1,20000,0,0,0,0,0,0,0.0,1400,4500,2500,3240,3000,4000,18988,15975,16579,15102,16795,34457,0.0
545,0,0,-1,360000,-1,0,0,-1,0,-1,0.0,10000,13912,9785,0,2142,4230,12339,10138,23912,9785,166,2142,-1.0
4631,1,1,1,100000,1,2,2,2,2,2,5.0,0,6000,4000,0,5100,2200,59121,57604,62635,64994,63827,67839,2.0
27758,1,0,-1,60000,0,0,0,0,0,0,0.0,5000,3000,1888,2000,2000,3000,48413,52587,54733,55618,56827,58040,0.0
28653,0,0,-1,80000,0,0,0,0,0,0,0.0,3332,3051,2600,1877,1767,1797,80707,77532,77492,78362,50001,50035,0.0
23773,0,0,-1,80000,0,0,0,0,0,0,0.0,2000,2000,1600,5000,1000,600,55498,56368,42486,24500,28900,29400,0.0
27175,0,0,-1,190000,0,0,0,0,-1,-1,0.0,1100,1300,2000,678,11514,0,3816,4575,5029,6494,678,11928,0.0
18517,0,0,-1,280000,0,0,0,0,0,0,0.0,2000,2000,3000,10000,5096,12704,8574,10420,12211,12639,22439,18096,0.0
4990,0,1,5,80000,0,0,0,0,0,2,1.0,1200,1306,512,1000,0,110,57776,7561,7793,7433,5962,4960,0.0
21592,0,0,-1,60000,0,0,0,-1,-1,-1,0.0,5000,1098,2193,8258,0,0,58692,61225,54673,2193,8258,0,0.0
17461,1,0,-1,90000,2,-1,2,-1,0,-1,2.0,780,0,780,0,780,0,390,780,390,780,390,780,-1.0
18083,0,0,-1,140000,0,0,0,0,0,0,0.0,2200,2001,2100,2000,2000,2000,39598,40836,41878,42977,43960,45093,0.0
27153,0,0,-1,280000,0,0,0,0,0,0,0.0,4000,15000,3026,3000,8043,2000,38242,41083,55444,57115,54076,58155,0.0
27728,1,0,-1,30000,0,0,0,0,2,0,1.0,1670,1500,2609,0,930,946,21710,23021,23851,26067,25357,25887,0.0
9494,1,0,-1,120000,-2,-2,-2,-2,-2,-2,0.0,0,0,0,0,0,6330,3570,3362,0,0,0,0,-2.0
9602,0,0,-1,140000,0,0,0,0,0,0,0.0,1633,1600,800,1753,20000,938,20923,19713,19385,19244,17185,36377,0.0
15978,0,0,-1,80000,0,0,0,0,0,0,0.0,3133,2132,1650,2000,1503,1505,72704,70907,59223,40128,41152,41527,0.0
552,1,0,-1,190000,-1,-1,-1,-1,-1,-1,0.0,0,16500,0,26854,500,0,28204,0,16500,0,26854,554,-1.0
711,0,0,-1,50000,0,0,0,0,0,0,0.0,1611,2000,780,1000,1000,2000,17681,18249,18054,18569,19152,18088,0.0
15234,0,1,3,100000,0,0,0,2,2,2,3.0,3421,7728,0,5000,2600,0,89745,91659,96808,84528,67873,65503,0.0
25204,0,0,-1,30000,0,-1,-1,-1,-1,-1,0.0,2414,1260,1181,101,991,579,3118,2411,1260,1179,-101,890,-1.0
8154,0,0,-1,160000,-1,-1,-1,0,0,0,0.0,0,11354,2000,6000,13000,11000,11859,0,11354,13012,17388,24140,-1.0
8100,1,0,-1,50000,0,0,0,0,0,0,0.0,2200,5300,2000,2000,2000,2000,50883,51117,51125,50497,50544,50555,0.0
1150,0,0,-1,50000,-1,2,0,0,0,0,1.0,0,2000,5,0,0,0,2072,1532,3106,2721,780,0,0.0
18810,0,0,-1,50000,0,0,0,0,0,0,0.0,2000,2000,2000,1500,1500,1500,31205,23646,24418,25938,27067,28193,0.0
16817,0,0,-1,180000,-1,-1,-1,-1,-1,-1,0.0,6170,3444,1193,381,1516,542,13067,6170,3439,1193,381,1516,-1.0
23361,0,0,-1,240000,-1,-1,-1,-1,0,0,0.0,1823,1788,6229,10000,10000,5640,374,1823,1788,6229,15829,20785,-1.0
11466,0,0,-1,30000,0,0,0,0,0,0,0.0,1459,1414,952,1002,832,2698,28885,27924,27709,27457,26848,26407,0.0
24008,0,0,-1,230000,0,0,0,0,0,0,0.0,1816,5105,1293,2000,528,3000,34592,23689,27652,8430,9811,9865,0.0
1821,1,0,-1,120000,-1,-1,-1,-1,0,-1,0.0,390,390,1878,0,930,0,390,390,390,1878,390,930,-1.0
454,0,0,-1,200000,0,0,-2,-2,-2,-2,0.0,179,1443,1443,1443,871,2015,156786,179,1443,1443,1443,871,-2.0
26362,0,0,-1,120000,-1,-1,-1,-1,-1,-1,0.0,2458,8152,802,2706,3597,1400,525,2458,8067,802,2706,3597,-1.0
10515,0,1,4,240000,0,0,0,0,2,2,2.0,5500,5400,8000,4179,0,4000,109226,110226,111030,114584,115681,112528,0.0
26447,1,0,-1,80000,2,0,-1,0,0,0,1.0,6000,81789,3870,4601,4751,4718,89901,85406,75789,77870,73601,76751,0.0
21039,0,0,-1,240000,-1,-1,-1,-1,0,0,0.0,1921,1534,2961,3001,2024,1000,795,1916,1530,2961,5962,7336,-1.0
7091,0,0,-1,120000,0,0,0,0,0,0,0.0,6000,5500,4160,4120,4250,4380,114538,117171,115941,116877,117359,117029,0.0
22067,0,0,-1,160000,-1,-1,-1,0,0,0,0.0,3859,10709,1000,100,1000,2856,2659,3859,10709,8677,4318,2659,-1.0
11218,1,1,1,30000,-1,2,2,3,2,2,5.0,0,0,1950,0,390,0,699,309,-471,1479,1320,930,2.0
29034,1,0,-1,20000,0,0,0,2,0,0,1.0,1501,2743,0,1686,2089,0,10248,11271,13513,12999,14456,16313,0.0
9226,0,0,-1,160000,0,0,0,-1,-1,-2,0.0,1373,1000,283,0,0,20261,21905,22473,21380,283,0,-17149,0.0
18940,1,0,-1,390000,0,0,0,0,0,0,0.0,5000,5500,6000,10000,5000,5000,129002,130535,129888,133690,137720,140536,0.0
18202,0,0,-1,490000,0,0,0,0,0,0,0.0,10000,9002,10000,7000,7000,7000,283484,245832,230346,215437,176688,170548,0.0
18335,0,0,-1,20000,0,0,0,0,0,0,0.0,1336,2502,1700,807,2002,1007,23050,22101,20912,19480,19129,20014,0.0
3686,0,0,-1,200000,-1,-1,-1,-1,-1,-1,0.0,9139,5481,27110,29889,10809,2648,11494,9085,5455,26975,8734,10756,-1.0
22625,0,0,-1,210000,0,0,0,0,0,0,0.0,3379,3469,4380,3355,3565,3607,84298,85379,87469,90380,91355,92565,0.0
20460,0,0,-1,20000,-1,-1,-1,-1,-1,-2,0.0,390,1128,19780,0,0,0,390,390,1128,19780,0,0,-1.0
12091,0,0,-1,50000,1,2,0,0,0,0,1.0,0,2500,2271,50000,10100,3000,52419,51309,51135,48371,56294,61259,0.0
11490,0,0,-1,360000,-1,-1,-1,-1,-1,-1,0.0,10752,3300,0,1270,0,889,8243,10742,3300,0,1270,0,-1.0
28797,1,0,-1,30000,-1,-1,-1,-1,-1,-1,0.0,264,264,0,528,0,0,264,264,264,0,528,0,-1.0
25238,0,1,5,140000,0,0,0,0,0,2,1.0,5864,5756,5868,9275,0,4712,131335,128760,118310,120719,126470,124342,0.0
14605,0,0,-1,280000,-1,0,0,0,0,0,0.0,13000,11000,8000,5866,8000,5616,256675,253682,260274,153516,156830,152045,0.0
29235,1,0,-1,10000,0,0,2,0,0,0,1.0,3775,0,1000,75,994,0,2427,6109,2736,3654,3729,9446,0.0
2701,0,0,-1,10000,0,0,0,0,0,0,0.0,2000,1500,400,1000,1000,500,6001,4308,3421,3615,4402,5173,0.0
21266,0,1,2,20000,0,0,2,2,2,2,4.0,3200,1300,0,1500,0,1200,14123,16758,17494,16916,18135,17703,2.0
20632,0,0,-1,160000,-1,0,0,0,0,0,0.0,40453,2002,1500,2000,1000,6443,16754,44946,40453,40951,40709,35569,0.0
11062,1,0,-1,70000,0,0,0,0,0,0,0.0,1608,10000,1511,1735,3600,0,31218,32321,41713,42233,43288,46001,0.0
20776,0,0,-1,190000,0,0,0,0,0,0,0.0,4007,4051,5013,3000,3000,3500,98588,80559,81481,75853,68074,64941,0.0
12147,0,0,-1,410000,-2,-2,-2,-2,-2,-2,0.0,2329,7670,1761,6930,0,2675,597,2326,7670,1761,6930,0,-2.0
9686,0,0,-1,20000,0,-1,0,-1,-1,-1,0.0,8389,5000,3450,13030,9507,19794,6530,8389,10090,3450,13030,9507,-1.0
7257,0,0,-1,150000,0,0,0,0,0,0,0.0,6000,7000,2200,48500,3600,3500,134492,138107,89238,49677,97028,99214,0.0
18686,0,0,-1,230000,0,0,0,0,0,0,0.0,1500,4767,3000,3092,17411,5000,33057,33698,36652,38421,37459,54778,0.0
12174,0,0,-1,150000,0,0,0,0,0,0,0.0,4000,4000,1482,1577,2000,1500,92766,94732,96940,46349,47360,48717,0.0
7649,0,0,-1,90000,0,0,0,0,0,0,0.0,1278,1086,581,273,227,162,14376,15374,11195,8948,9143,6003,0.0
27762,0,0,-1,50000,0,0,0,-1,0,0,0.0,1500,2008,10358,1000,1000,4438,20173,15509,7085,10358,8606,2740,0.0
8170,0,0,-1,240000,-1,-1,-1,-1,-1,-1,0.0,2688,2688,2688,2688,2688,2688,2688,2688,2688,2688,2688,2688,-1.0
22499,0,0,-1,150000,-1,-1,-2,-2,-2,-2,0.0,0,0,0,0,0,0,1242,0,0,0,0,0,-2.0
19587,0,0,-1,80000,0,0,0,-1,0,0,0.0,3340,2000,83731,2000,2000,1000,90562,85919,83023,79031,41149,30244,0.0
9447,0,0,-1,200000,0,0,0,0,0,-2,0.0,7186,3900,3900,0,0,0,204541,170572,80620,82300,0,0,0.0
13037,0,0,-1,230000,-1,0,-1,-1,-1,-1,0.0,10000,2688,2688,2688,6393,6504,17532,13033,2688,2688,2688,6393,-1.0
15667,0,0,-1,130000,1,2,0,0,0,0,1.0,6000,6000,5000,5000,5000,5200,133019,133178,132355,131797,131457,132202,0.0
21339,1,0,-1,20000,0,0,0,0,0,0,0.0,3000,3000,5000,6000,0,0,19165,16851,14431,9150,10100,0,0.0
7140,0,0,-1,10000,0,0,0,0,0,0,0.0,1172,1000,186,0,0,0,7863,8504,8162,6978,2278,0,0.0
13028,1,0,-1,80000,0,0,0,0,0,0,0.0,2438,3000,2100,2200,2400,2200,64120,63656,63023,60237,60263,59180,0.0
8677,0,0,-1,480000,-1,-1,-1,0,0,0,0.0,13736,96989,4,241,15819,28966,13406,7233,96977,67030,24334,28699,-1.0
1725,0,0,-1,360000,0,0,0,0,0,0,0.0,20046,5046,10000,10048,10043,5014,114527,119487,113438,112940,122122,121547,0.0
16491,1,1,2,30000,0,0,2,2,2,-1,3.0,5320,0,3316,0,700,0,19321,23985,23321,25809,24985,700,2.0
19673,0,0,-1,20000,0,0,0,0,0,-1,0.0,2000,3000,3000,7000,2090,0,5185,6547,8879,10926,17536,2090,0.0
28348,0,0,-1,310000,-2,-2,-2,-2,-2,-2,0.0,6514,0,0,0,17317,0,4052,6514,-3484,-3484,-3484,13833,-2.0
13860,0,0,-1,200000,-1,-1,-1,-1,-1,-1,0.0,2239,316,2681,3486,2296,3413,1875,2239,316,2681,3486,2296,-1.0
9627,0,0,-1,220000,-1,-1,-1,-1,-1,-1,0.0,923,945,1471,25150,6882,7715,1838,921,943,1467,25075,6862,-1.0
22957,0,0,-1,140000,0,0,0,0,0,0,0.0,2000,5000,1000,1260,3000,439,52196,16982,20199,20746,2260,4180,0.0
9217,1,0,-1,150000,-1,-1,-1,0,0,0,0.0,7705,9047,8,33,0,0,1180,7667,9044,8397,6763,0,-1.0
350,1,0,-1,30000,0,0,0,0,0,0,0.0,1411,1522,621,795,715,1000,17893,19012,20123,20222,20796,19844,0.0
2307,0,0,-1,30000,0,0,0,-1,2,-1,1.0,1081,0,6712,0,2780,0,10540,9766,-2643,2596,1123,2390,0.0
20205,0,1,5,20000,0,0,0,0,0,2,1.0,1555,1500,2300,2000,0,1000,18603,15208,16153,18175,19876,19419,0.0
1666,0,0,-1,30000,0,0,0,-1,-1,-2,0.0,1632,780,2320,0,0,0,13265,7206,0,2320,0,0,0.0
20986,0,0,-1,500000,0,0,0,0,0,0,0.0,2800,3500,2818,2743,3000,10000,74797,75753,78031,78946,76689,77968,0.0
21586,0,0,-1,130000,0,0,0,-1,-1,-2,0.0,1150,0,1207,0,0,0,14518,15000,0,1207,0,0,0.0
17851,0,0,-1,120000,0,0,0,0,0,0,0.0,3000,2830,1600,3600,300,1000,70124,71355,72962,58163,33358,16829,0.0
22981,0,0,-1,500000,-2,-2,-2,-2,-2,-2,0.0,12320,12209,16727,17744,14117,11691,10330,12320,12209,16727,17738,14117,-2.0
25486,0,0,-1,250000,0,0,0,0,0,0,0.0,3500,2658,3000,4000,3000,2500,67492,67875,67448,68165,68787,70111,0.0
22786,1,0,-1,190000,0,0,0,0,-1,0,0.0,7000,7000,3100,92101,3200,4300,180201,181443,155045,95145,86025,87836,0.0
2101,0,0,-1,260000,0,0,0,0,0,0,0.0,5007,5003,5004,4052,4010,3835,135489,138509,138076,110044,111906,104073,0.0
25378,1,0,-1,230000,-1,2,-1,-1,-1,-1,1.0,0,2154,1966,1966,1966,177,2374,2165,2154,1966,1966,1966,-1.0
4695,0,0,-1,80000,0,0,0,0,0,0,0.0,3000,3500,3500,2500,2351,2441,78038,79183,81356,63039,64371,65650,0.0
27936,0,0,-1,50000,0,0,0,0,2,0,1.0,1398,1431,3000,0,1155,1025,23318,24327,25360,27929,27184,27752,0.0
16019,0,0,-1,500000,0,0,0,0,0,0,0.0,10042,8048,20141,10000,12000,15000,229258,134264,134908,141358,121262,131147,0.0
5808,1,0,-1,90000,0,0,0,0,0,0,0.0,2255,2200,2100,2014,1876,1901,65237,62521,60363,58142,55896,53525,0.0
28409,0,0,-1,250000,0,0,0,0,0,0,0.0,5000,5000,3000,3000,11500,10000,116861,109714,101494,92258,71472,77800,0.0
22487,0,0,-1,480000,0,0,0,0,0,0,0.0,35176,45000,12022,14000,14000,10000,44018,74152,107675,110289,100520,37080,0.0
4266,0,0,-1,500000,-1,0,0,0,0,0,0.0,18978,18778,36377,10650,15233,0,218570,218978,218778,236377,225650,15233,0.0
12329,0,0,-1,490000,0,0,0,0,0,0,0.0,17035,20059,12943,15049,50017,20021,354782,348786,349958,340602,303047,331606,0.0
15765,0,0,-1,70000,0,0,0,0,0,0,0.0,1114,1133,1304,1000,351,2523,5633,6646,7665,8836,9532,9730,0.0
16591,0,1,1,70000,1,3,2,0,0,0,2.0,0,1000,2000,2000,2000,2000,12088,11601,12114,13597,15060,16653,0.0
18212,0,0,-1,140000,0,0,0,0,0,0,0.0,2000,3000,3000,3000,2000,3000,44635,45891,48149,50341,51897,53058,0.0
14993,0,0,-1,260000,-1,-1,2,-1,-1,-1,1.0,674,0,2880,814,605,1776,229,674,476,2856,814,605,-1.0
28294,0,0,-1,170000,0,0,0,2,0,0,1.0,11021,15000,0,6059,5068,5123,106146,115333,128440,124909,127393,130243,0.0
25359,0,0,-1,400000,0,0,0,0,0,0,0.0,1300,1229,1120,292,2784,270,18256,18245,18447,13574,8805,10501,0.0
26847,1,0,-1,10000,2,-1,-1,-2,-2,-2,1.0,5000,0,0,0,0,0,3567,1000,0,0,0,0,-2.0
15568,0,0,-1,500000,0,0,0,0,0,0,0.0,10322,13500,10000,30000,12000,10000,297309,290425,286959,278420,291642,286666,0.0
15699,0,0,-1,260000,0,0,0,0,0,0,0.0,1503,2260,3030,170039,6227,6052,32324,24103,20158,12619,176498,172274,0.0
9382,0,1,4,240000,1,2,0,0,2,2,3.0,0,6000,4059,14,10022,0,47320,46392,51652,54969,42373,48952,2.0
18642,0,0,-1,160000,0,0,0,0,-2,-2,0.0,1083,1038,0,0,0,97502,2454,3488,4443,0,0,0,0.0
26974,0,0,-1,250000,0,0,0,0,0,0,0.0,7009,5023,5069,10037,5184,15011,73215,70284,70375,65085,54986,50848,0.0
6722,0,0,-1,140000,0,0,0,0,0,0,0.0,5000,140000,4000,4000,4000,4000,162452,164055,141301,99115,101597,101290,0.0
25102,0,0,-1,150000,0,0,0,0,0,0,0.0,6000,3857,12000,20000,0,14500,149640,146178,133811,122606,107726,1200,0.0
15565,0,0,-1,180000,0,0,0,2,0,0,1.0,1000,2500,0,1000,500,930,3060,1854,3238,2106,1510,1746,0.0
8526,0,1,1,150000,1,2,2,4,3,2,5.0,9734,14500,0,2000,5300,5000,125938,132110,142876,139097,138592,141447,2.0
13961,0,1,1,120000,1,2,2,2,2,2,5.0,0,6781,0,5550,0,0,116344,111960,115804,92542,83581,61650,2.0
27352,0,0,-1,210000,-1,-1,-1,-1,-1,-1,0.0,1443,1443,1443,1443,1443,1443,1443,1443,1443,1443,1443,1443,-1.0
20957,0,0,-1,290000,0,0,0,0,0,0,0.0,3360,3000,3000,4000,2500,8000,65369,67270,65357,66893,69740,56411,0.0
12631,0,0,-1,80000,0,0,0,0,0,0,0.0,2176,1299,1000,3000,981,2000,64561,47041,25439,26140,28833,28459,0.0
1671,0,0,-1,50000,0,0,0,0,0,0,0.0,3036,6000,1000,2000,2500,3000,49613,49326,47010,20661,14528,15544,0.0
23581,0,0,-1,450000,-2,-2,-2,-2,-2,-2,0.0,16080,7299,8364,8266,10505,7268,8521,15934,7266,8331,8188,10455,-2.0
9519,0,0,-1,260000,0,0,0,0,0,0,0.0,2980,2338,1911,5014,5004,2007,97908,84773,70259,58341,58730,52789,0.0
9416,0,0,-1,310000,1,2,0,0,2,0,2.0,0,7000,15001,1,8001,8001,192910,188501,190938,202835,199417,203830,0.0
13096,0,0,-1,50000,0,0,0,0,0,0,0.0,2003,2003,1500,1000,2000,2000,19438,20696,19533,17328,14614,15573,0.0
7287,0,0,-1,80000,0,0,0,0,0,0,0.0,3328,2811,1192,1516,2316,1500,77397,77839,69534,60747,52280,43461,0.0
16925,0,0,-1,320000,0,0,0,0,0,0,0.0,10100,11422,11006,10011,9091,7026,277884,281848,288726,293969,247873,250870,0.0
21420,0,0,-1,90000,0,0,0,0,0,0,0.0,2670,2690,3041,3790,2000,2000,59524,57898,57739,55499,48246,47850,0.0
18723,0,0,-1,260000,0,0,0,0,0,0,0.0,7013,10051,10026,7039,8057,10213,181121,167875,171913,169495,167944,166881,0.0
16673,0,1,1,100000,-1,2,2,-1,-1,-2,2.0,0,8,2570,0,0,0,772,772,-8,2562,0,0,-1.0
11970,0,0,-1,260000,0,0,0,0,0,0,0.0,10000,5000,10000,5000,5000,10000,51133,60247,63615,71839,75506,78647,0.0
14874,1,0,-1,20000,1,2,0,0,0,-2,1.0,0,1000,200,0,0,0,9352,9059,9823,10023,0,0,0.0
18239,0,1,2,80000,0,0,2,2,0,0,2.0,3000,3000,0,1700,0,0,27308,29536,31756,30946,31830,0,0.0
14161,1,0,-1,120000,-1,-1,-1,-1,-1,-1,0.0,4000,1000,0,19100,0,0,980,4000,1000,0,19100,0,-1.0
11400,0,0,-1,110000,0,0,0,0,0,0,0.0,3007,3000,3000,3000,4000,3000,49464,40359,34533,36819,32467,35806,0.0
21498,0,1,1,50000,1,3,2,2,0,0,3.0,0,2536,13,1199,1058,1073,52207,51067,51278,49425,30113,29644,2.0
3534,1,0,-1,130000,-1,0,0,-1,-1,-1,0.0,1003,0,501,0,936,1002,296,1299,-1,500,0,936,-1.0
8464,0,0,-1,260000,0,0,0,0,0,0,0.0,9139,13805,7100,6952,12812,6362,251560,379318,226538,202887,195364,181206,0.0
26077,0,1,1,90000,1,2,2,-1,-1,-1,2.0,77,0,9281,0,340,0,8021,7780,0,9281,0,340,-1.0
21075,0,0,-1,180000,-1,-1,-1,-1,-1,0,0.0,1260,325,1000,1100,0,0,325,1260,325,1000,1100,1100,-1.0
21614,0,0,-1,20000,0,0,0,0,-1,0,0.0,1920,1000,0,40,1000,844,17599,18920,19000,0,80,540,0.0
25356,0,0,-1,20000,0,0,0,0,0,0,0.0,1300,1409,1795,623,512,185,19583,16810,17941,19327,19155,19422,0.0
24654,0,0,-1,500000,-2,-2,-2,-2,-2,-2,0.0,1110,79243,0,4580,0,1380,22520,1110,79243,0,4580,0,-2.0
29706,0,0,-1,150000,-1,2,-1,-1,-1,-1,1.0,0,390,780,1746,0,0,1280,390,390,780,1746,0,-1.0
17516,0,0,-1,130000,0,0,0,0,0,0,0.0,28000,3500,3000,3000,10000,3500,80713,93349,68158,69208,54677,59601,0.0
25498,0,0,-1,190000,-1,-1,-1,-2,-2,-2,0.0,87,0,0,0,0,35520,1568,87,0,0,0,0,-1.0
6959,0,0,-1,280000,-1,-1,-1,-1,-1,-1,0.0,2000,400,0,1398,4626,0,36382,2000,400,0,1398,4626,-1.0
2961,0,0,-1,50000,0,0,0,0,0,-1,0.0,3000,1200,9,500,462,1500,46532,46624,45438,39527,7997,462,0.0
20730,0,0,-1,280000,-1,-1,-1,0,0,0,0.0,2836,41721,2090,356,67,8162,14186,2752,41673,33715,16955,13500,-1.0
20681,1,1,5,20000,1,2,0,0,0,2,2.0,0,1325,1258,1373,0,602,17629,17053,17796,18729,19049,17300,0.0
9375,0,0,-1,50000,0,0,0,0,0,0,0.0,2000,2313,813,875,1008,695,48566,47893,48760,22967,39687,23755,0.0
20178,0,0,-1,60000,0,0,0,0,0,0,0.0,2500,3001,3003,2000,2001,2000,60788,61005,60164,31211,30374,30432,0.0
10223,0,0,-1,80000,0,0,0,0,0,0,0.0,3000,5000,3500,8000,3000,3200,78513,76475,80131,75920,75421,73991,0.0
4253,0,0,-1,180000,0,0,2,0,0,0,1.0,3353,0,2000,1222,1231,2704,29478,32342,31523,32989,33679,34350,0.0
11964,1,0,-1,360000,-2,-2,-2,-2,-2,-2,0.0,241,0,0,0,2628,163,437,241,0,0,0,2628,-2.0
27375,1,0,-1,20000,0,0,0,-2,-2,-2,0.0,1000,0,0,0,0,0,19569,2700,0,0,0,0,0.0
29063,0,0,-1,450000,-2,-2,-2,-2,-2,-2,0.0,0,0,0,0,0,0,2500,0,0,0,0,0,-2.0
19393,0,0,-1,410000,0,0,0,0,0,0,0.0,14158,13000,13000,12000,12000,15000,400967,365398,367247,304903,310333,317330,0.0
329,0,0,-1,340000,-2,-1,-1,-2,-2,-2,0.0,44665,8321,2190,24599,7416,77195,50396,44665,8300,2190,24599,7416,-2.0
10686,0,0,-1,160000,0,0,0,0,0,0,0.0,3400,3800,3500,3500,3500,3600,75636,77220,79129,80710,82749,84871,0.0
25874,1,0,-1,60000,-2,-2,-2,-2,-2,-2,0.0,0,0,0,2000,2000,0,58574,-1540,-1930,-2320,-1220,0,-2.0
11256,0,0,-1,240000,0,0,0,0,0,0,0.0,1400,1300,1000,1000,1000,1000,21643,19743,20298,15475,15852,16208,0.0
7584,0,0,-1,140000,0,0,0,0,0,0,0.0,7000,6010,6000,5400,5000,5200,133641,136663,137110,139761,137215,133572,0.0
23947,0,0,-1,100000,0,0,0,0,0,0,0.0,2895,2088,1511,1124,1053,1009,76068,69334,54883,55383,36095,31322,0.0
4945,0,0,-1,110000,-1,-1,0,0,0,0,0.0,101780,1501,1100,1000,2000,41644,2308,101780,50815,46147,39769,9353,0.0
28475,0,0,-1,80000,0,0,0,0,0,-2,0.0,1300,1210,1000,0,0,56990,25211,14863,15816,12710,0,0,0.0
15175,0,0,-1,30000,0,0,0,0,0,0,0.0,1521,1573,1500,1300,1300,1329,34084,33476,32006,31672,31247,30673,0.0
10718,0,0,-1,200000,-1,-1,-1,-1,-1,-1,0.0,3174,0,3239,0,500,0,3099,3174,0,3239,0,500,-1.0
25050,0,0,-1,50000,0,0,0,0,0,0,0.0,2785,3068,2309,694,716,808,75804,76799,78692,79543,19738,19759,0.0
7538,0,1,5,140000,0,0,0,0,0,2,1.0,8000,3100,3000,5417,0,500,141453,132415,130305,79775,74462,74954,0.0
17330,0,0,-1,200000,0,0,0,0,0,0,0.0,5048,6726,5451,5774,4739,5500,138636,140982,145038,146190,148989,130481,0.0
19722,0,0,-1,150000,0,0,0,0,0,0,0.0,2029,3030,3118,3003,3040,2050,24523,22224,20880,17305,16094,18516,0.0
8850,0,0,-1,100000,0,0,0,0,0,0,0.0,2200,1505,1300,1210,3000,2000,70048,67942,45591,39764,33091,34265,0.0
16089,1,0,-1,290000,-2,-2,-2,-2,-2,-2,0.0,1298,2369,1298,1298,1623,1275,2369,1298,2369,1298,1298,1623,-2.0
22782,0,0,-1,120000,0,0,0,0,0,0,0.0,2650,2884,2018,1411,1504,1500,68168,69187,68466,42941,40718,41613,0.0
13162,0,0,-1,280000,0,0,0,0,0,0,0.0,6000,4000,4000,4000,3000,1000,139719,136052,118076,101457,81124,42347,0.0
19447,0,0,-1,160000,-1,-1,-1,-1,-1,-1,0.0,162,168,165,165,165,165,819,162,165,165,165,165,-1.0
10899,0,0,-1,200000,-1,-1,-1,-1,-1,-1,0.0,0,316,8386,8896,10104,955,855,0,316,8386,316,10104,-1.0
17905,1,0,-1,20000,1,2,0,0,0,0,1.0,0,2000,13500,2500,2000,1500,5957,4909,5865,17935,19353,20094,0.0
25247,0,0,-1,270000,0,0,0,0,0,0,0.0,2000,2000,2000,2408,1500,2013,38525,39492,33898,35272,37201,31447,0.0
14776,0,0,-1,60000,1,2,0,-1,-1,0,1.0,0,1680,2752,59358,1231,1200,62522,60932,113580,673,28976,29719,0.0
18904,0,0,-1,140000,-1,-1,-1,-1,-1,-1,0.0,17015,19030,10000,10000,6100,22000,7588,15557,18886,9476,5040,6070,-1.0
17645,1,0,-1,230000,-1,-1,-2,-1,0,0,0.0,0,0,11660,238,3000,1252,756,0,0,11660,11898,14898,-1.0
13468,0,0,-1,230000,0,0,0,2,-1,-1,1.0,5112,7283,0,3000,2455,1285,6289,10112,8637,7277,2818,2455,0.0
4800,0,0,-1,20000,0,0,-1,-1,-2,-2,0.0,0,187,0,0,0,0,16199,0,187,-18,-18,-18,0.0
10163,0,0,-1,180000,2,-1,-1,-1,-1,-1,1.0,2241,2583,326,1005,625,605,326,2241,2579,326,1005,625,-1.0
19110,0,0,-1,260000,0,0,0,0,0,0,0.0,5000,40000,100000,5720,5922,5958,25661,30196,69429,167640,169446,172989,0.0
22722,0,0,-1,100000,0,0,0,0,0,0,0.0,3500,4000,5700,2507,2500,3000,98118,99577,95736,98679,67007,67485,0.0
15274,0,0,-1,150000,-1,-1,-1,-1,0,-1,0.0,4493,11848,7435,0,3545,5718,8404,4493,11848,7435,3685,3545,-1.0
27015,0,0,-1,220000,0,0,0,0,0,0,0.0,7705,9656,7189,7404,7490,7517,209044,211453,217237,198681,202479,206221,0.0
29938,0,0,-1,320000,-2,-2,-2,-2,-2,-2,0.0,6818,13482,2975,2029,888,1332,14075,6813,13482,2975,2029,888,-2.0
20735,0,0,-1,120000,0,0,0,0,0,0,0.0,106000,5800,5700,4400,8421,0,10105,114804,117262,117427,116637,115794,0.0
4182,0,0,-1,150000,0,-1,-1,-1,-1,-1,0.0,237,1426,1141,1067,1200,1150,74033,237,1420,1141,1067,1128,-1.0
20970,0,0,-1,360000,-2,-2,-2,-2,-2,-2,0.0,1230,505,843,4,2241,56,2433,1218,505,843,-4,2237,-2.0
24981,0,0,-1,80000,-1,-1,0,0,0,0,0.0,37200,2000,3000,2000,3000,2000,1068,37102,38112,40079,41040,42994,0.0
3574,1,0,-1,10000,0,0,2,0,0,0,1.0,2616,0,400,499,500,900,7680,10160,9844,9554,9515,9700,0.0
10227,0,0,-1,140000,0,0,0,0,0,0,0.0,3500,2000,1447,2000,2184,2000,58213,60764,59949,40979,42339,43529,0.0
27686,0,1,4,30000,0,0,0,0,2,2,2.0,2000,1696,3200,1500,0,4306,20367,21882,22929,25433,26228,25679,0.0
6947,1,0,-1,220000,2,0,-1,-1,0,0,1.0,1007,16,1578,0,400,1,2345,2572,15,947,631,715,0.0
26009,0,0,-1,100000,-2,-2,-2,-2,-2,-2,0.0,0,0,0,0,0,0,1884,0,0,0,0,0,-2.0
28228,0,0,-1,200000,0,0,0,0,0,-1,0.0,1068,1046,1006,34,1386,1386,4942,3554,3152,2732,1380,1380,0.0
14931,0,0,-1,220000,0,0,0,0,0,0,0.0,6000,7536,6231,6271,13500,0,159351,162791,167631,169593,172967,183598,0.0
7230,0,0,-1,30000,0,0,0,0,0,0,0.0,2000,1500,1000,1000,1000,1000,27181,26849,27594,28157,28723,28059,0.0
23552,0,0,-1,160000,-1,-1,0,-1,-1,-1,0.0,2845,1000,171,1770,837,299,1714,2845,3342,171,1770,837,-1.0
11298,0,0,-1,360000,-1,-1,-1,-1,-1,-1,0.0,11763,0,2855,1730,0,11150,11530,11753,0,2855,1730,0,-1.0
26678,0,0,-1,150000,-2,-2,-2,-2,0,0,0.0,16408,96373,28005,5021,50000,4004,13707,12119,121170,27949,23158,67745,-2.0
3251,0,0,-1,130000,0,0,0,0,0,0,0.0,40000,3400,3000,3052,3190,3300,86883,99516,77188,78304,79941,81648,0.0
4600,0,0,-1,290000,0,0,0,0,0,0,0.0,3000,3000,3000,3000,3000,3000,21981,24610,27009,26671,24826,22287,0.0
23739,0,0,-1,80000,0,0,0,0,0,0,0.0,3900,3000,3500,3200,3800,3300,83888,83503,82265,81974,81253,78343,0.0
29061,0,0,-1,300000,0,0,0,0,0,0,0.0,15000,25000,8000,22000,10060,9000,293174,268652,285524,235773,221123,221269,0.0
2686,0,0,-1,100000,0,0,0,0,0,0,0.0,5000,5000,1554,1595,1686,1200,39649,43608,46899,47447,48035,40484,0.0
13334,0,0,-1,50000,0,0,0,0,2,0,1.0,1500,1433,1465,0,500,1000,11324,11811,13008,12540,10746,8482,0.0
3643,0,0,-1,80000,0,0,0,0,0,0,0.0,3085,2969,1007,1042,1200,1501,78507,80327,80125,28345,28938,29665,0.0
16531,0,0,-1,50000,0,0,0,0,0,0,0.0,1600,2000,6416,4406,1014,3006,39487,37777,36496,33512,29854,28144,0.0
11148,1,0,-1,500000,-1,-1,-1,-1,-1,-1,0.0,3595,1537,363,0,785,0,2345,3595,1537,360,0,785,-1.0
8570,0,0,-1,360000,-1,-1,-1,0,0,0,0.0,0,20470,207,0,0,3185,8140,0,20470,10357,8540,0,-1.0
9867,0,1,1,130000,-1,2,2,-1,0,-1,2.0,0,0,948,0,316,316,632,316,0,632,316,316,-1.0
2486,0,0,-1,210000,-1,-1,-1,-1,-2,-2,0.0,0,2880,0,0,0,0,6000,0,2880,0,0,0,-1.0
28429,0,0,-1,300000,0,0,0,0,0,0,0.0,3000,3000,2300,2203,1858,1815,58719,60142,61577,62169,63374,59865,0.0
14399,0,0,-1,400000,0,0,0,0,0,-1,0.0,10006,3072,72,62,11681,31071,44765,35776,67887,20356,12780,11625,0.0
27610,0,0,-1,200000,0,0,-2,-2,-1,0,0.0,0,0,0,3533,1000,1500,153900,0,0,0,3533,4053,0.0
9913,0,0,-1,200000,0,0,0,0,0,0,0.0,4000,3000,4000,4000,3000,3000,34760,37871,39879,42946,46141,46305,0.0
27156,0,0,-1,160000,-1,-1,-1,-1,0,-1,0.0,907,3707,6991,77,4613,4099,386,907,3707,6987,3853,4613,-1.0
5470,0,0,-1,200000,-1,-1,2,-1,-1,-1,1.0,1100,0,740,890,740,740,1120,1100,740,740,890,740,-1.0
12232,0,0,-1,120000,-1,-1,-1,0,-1,-1,0.0,0,978,0,326,476,326,326,0,652,326,326,476,-1.0
14323,0,0,-1,440000,0,0,0,-1,2,0,1.0,4909,499,959,0,925,1392,14721,5049,649,1108,150,1075,0.0
12028,0,0,-1,460000,-1,-1,-1,2,0,-1,1.0,13101,10000,0,10000,80132,4882,15950,13101,22551,21851,22214,80132,-1.0
778,0,0,-1,20000,-1,-1,-1,-1,-2,-1,0.0,1261,451,0,780,2130,0,1438,1261,451,-810,-420,1320,-1.0
9511,0,0,-1,350000,-2,-2,-1,0,0,-1,0.0,4221,23916,25528,2965,5753,8095,7914,4221,23907,28528,24965,5727,-2.0
14754,0,0,-1,20000,-1,-1,-1,-1,0,0,0.0,169,1261,1170,0,0,0,2522,169,1261,1170,780,390,-1.0
24741,1,1,2,160000,0,0,2,2,0,0,2.0,4000,4000,0,4000,4000,4000,82535,84300,86091,83839,85552,88028,0.0
16624,0,0,-1,80000,0,0,0,0,0,0,0.0,9000,5000,3000,3000,2501,3000,72840,74631,77329,78147,79785,76766,0.0
2966,0,0,-1,50000,-1,0,0,0,0,0,0.0,1700,2080,3000,1000,1000,1000,25658,26539,27507,28299,12012,8923,0.0
8434,0,0,-1,260000,-1,-1,-2,-1,-1,-1,0.0,4,0,2181,158,0,0,1145,-4,-4,2177,158,0,-1.0
27954,0,0,-1,50000,0,0,0,0,0,0,0.0,1870,2500,3017,1060,1300,2000,44641,45769,47397,40345,31003,29693,0.0
8447,1,0,-1,80000,1,-2,-2,-2,-2,-2,0.0,1980,19800,0,0,0,0,49373,49812,0,0,0,0,-2.0
4357,0,0,-1,170000,0,0,0,0,0,0,0.0,5000,5000,3000,3000,0,1219,166851,107434,99487,49017,48812,0,0.0
5976,0,0,-1,50000,0,-1,-1,0,0,-2,0.0,10755,36671,583,0,0,0,14814,9631,36631,29150,0,0,0.0
18339,0,0,-1,20000,0,0,0,0,0,0,0.0,3000,3001,3000,2000,1002,783,16990,17960,18923,19706,19818,20006,0.0
27889,0,1,1,160000,1,2,2,2,-1,-1,3.0,398,0,0,398,0,0,5654,796,398,0,398,0,2.0
15289,0,0,-1,300000,0,0,0,-1,-1,-2,0.0,1818,7217,7023,9383,3714,6546,9582,6803,7198,6975,9356,3697,0.0
27953,0,0,-1,340000,0,0,-1,-1,-1,0,0.0,1005,600,0,51283,1193,5000,20816,11706,600,-470,50813,50271,0.0
25890,0,0,-1,360000,0,-1,-1,-1,-1,0,0.0,5655,1480,2330,2550,3000,3000,13102,5628,1480,2330,2286,4385,-1.0
5141,0,0,-1,200000,0,0,-1,0,0,0,0.0,1029,200000,10000,5000,4000,4000,202225,-4359,190829,96686,100131,102467,0.0
6395,0,0,-1,450000,0,0,0,0,0,0,0.0,6000,4000,6000,5000,2000,2092,16259,15026,17363,11708,11329,4749,0.0
29937,0,0,-1,130000,0,0,0,0,0,0,0.0,6000,6000,5161,2239,3000,2291,129548,129438,129388,127628,64345,62373,0.0
6671,0,0,-1,320000,-1,0,0,0,0,-2,0.0,1267,1700,243,0,0,220000,111710,12484,13917,12125,0,0,0.0
9335,1,0,-1,30000,0,0,0,0,0,0,0.0,1800,1800,1300,1560,1000,1100,29108,29806,30477,30651,30107,26304,0.0
20611,0,0,-1,500000,0,0,0,0,0,-1,0.0,5000,8000,3000,1000,3028,8878,29378,20154,11963,8839,2678,3028,0.0
822,1,0,-1,50000,1,2,0,0,0,0,1.0,2000,2233,1083,1100,1400,3000,48861,48082,48614,26667,26036,26850,0.0
23721,0,0,-1,270000,-2,-2,-2,-2,-2,-2,0.0,1188,2078,795,828,1251,2267,936,1188,2078,795,828,1251,-2.0
16131,0,0,-1,50000,0,0,-1,0,-1,-1,0.0,1000,658,1000,1473,1473,540,10723,9872,658,1473,1473,1473,0.0
17124,0,0,-1,80000,0,0,0,0,0,0,0.0,3500,3300,3100,2900,3200,3100,78025,80224,81619,80030,79434,81348,0.0
27797,0,0,-1,260000,0,0,0,0,0,0,0.0,10368,15186,14614,7211,7850,6912,238110,244368,245186,254614,176211,180845,0.0
26740,1,0,-1,160000,-1,-1,2,-1,0,0,1.0,3442,18,4217,0,1000,888,701,3442,2551,4217,1255,1554,-1.0
2790,1,0,-1,50000,-1,-1,2,-1,0,-1,1.0,9195,0,1831,37,3300,289,6300,3395,3180,1831,1868,3300,-1.0
6728,0,0,-1,220000,0,0,0,0,0,0,0.0,10110,12000,5852,10000,6610,5836,216096,189566,183838,157898,164860,168294,0.0
3110,0,0,-1,500000,0,0,0,0,2,-1,1.0,1192,32382,2011,0,72198,10000,36875,26031,32389,32830,17191,72198,0.0
22892,0,0,-1,500000,0,0,0,0,0,0,0.0,10000,10146,10103,7108,7396,5000,238847,242326,248425,242854,226764,210947,0.0
29253,0,0,-1,60000,0,0,0,0,0,0,0.0,2023,1491,2000,1092,3000,1353,38815,40171,37274,30203,30809,33323,0.0
14772,0,0,-1,20000,0,0,0,0,-1,-1,0.0,1100,1000,500,2110,2054,2505,6372,2818,3734,3826,2110,2054,0.0
29412,0,0,-1,50000,-2,-2,-2,-2,-2,-2,0.0,6000,0,0,0,0,0,43200,0,0,0,0,0,-2.0
8810,0,0,-1,30000,0,0,0,0,0,0,0.0,1531,1400,443,452,0,0,20044,21246,22115,22158,22610,0,0.0
1184,0,0,-1,200000,0,0,0,0,0,0,0.0,12000,8500,7000,10000,10000,10000,194241,193425,196537,195268,192829,192499,0.0
7062,1,1,5,30000,1,2,0,0,0,2,2.0,0,1275,575,1539,700,0,16493,15545,16557,16857,18121,18375,0.0
7846,0,0,-1,130000,0,-1,-1,-1,-1,-1,0.0,390,390,390,390,390,390,10896,390,390,390,390,390,-1.0
1364,0,0,-1,150000,-2,-2,-1,-1,-1,-1,0.0,1964,4729,1568,4295,0,1895,191,1963,4729,1568,4295,0,-1.0
18568,0,0,-1,50000,-2,-2,-2,-2,-2,-2,0.0,0,0,0,0,350,351,3655,-1,-1,-1,-1,349,-2.0
28828,0,0,-1,320000,-2,-2,-2,-2,-2,-2,0.0,1895,2927,0,0,5426,3700,1031,1886,2913,-27,-27,5399,-2.0
19458,0,0,-1,200000,0,0,0,0,0,0,0.0,4305,4408,4489,5660,6000,0,191876,121296,121473,123943,127552,130380,0.0
7319,0,0,-1,360000,0,0,0,0,0,0,0.0,5708,6059,5009,5021,5027,100017,152072,151168,153306,144485,145601,140336,0.0
14572,0,0,-1,30000,0,0,0,0,-1,0,0.0,1700,1288,982,32000,2000,1436,30587,29462,28068,23362,29837,30357,0.0
11965,1,0,-1,160000,0,0,0,0,0,0,0.0,8450,5289,4022,4195,3986,3958,165686,169969,170142,119529,122059,111378,0.0
11919,0,0,-1,90000,0,0,0,0,0,0,0.0,3820,3785,1721,1651,1661,2147,94393,93361,91820,48220,45766,43343,0.0
29809,1,0,-1,250000,0,0,0,0,0,0,0.0,1131,4000,3000,99,1000,6000,6035,11782,7241,7277,4972,2609,0.0
17189,1,1,1,20000,-1,5,4,3,2,0,4.0,0,86,0,0,435,480,14320,13815,13403,12888,12019,11500,2.0
15644,0,0,-1,310000,0,0,0,0,0,0,0.0,2800,3021,1600,1000,1000,2000,86769,87842,42594,26198,26766,27341,0.0
11191,0,0,-1,50000,0,0,0,2,0,0,1.0,1500,2000,0,3000,4000,0,9110,10454,12274,11780,14578,18309,0.0
3757,0,0,-1,40000,0,0,0,0,0,0,0.0,2000,2000,1000,1000,1000,1500,18338,20033,21687,22327,22816,23436,0.0
3883,0,0,-1,200000,-1,-1,-1,-1,0,0,0.0,1938,4819,13074,0,0,790,5392,1938,4819,13074,2070,0,-1.0
18942,0,0,-1,200000,0,0,0,0,0,0,0.0,3040,1306,3400,3000,2000,0,38616,40612,32801,14664,17092,18820,0.0
27707,1,0,-1,50000,0,0,0,0,0,0,0.0,2000,1542,1475,1000,350,386,47431,48306,35150,25104,20560,8614,0.0
14261,0,0,-1,300000,0,0,0,0,0,0,0.0,1379,1008,270,206,329,19769,21507,18505,17036,12863,9597,2304,0.0
18368,0,0,-1,80000,0,0,0,0,-1,-1,0.0,5000,5000,10006,14614,11766,18000,38587,27558,23470,21539,14578,11766,0.0
28688,0,0,-1,200000,-1,2,-1,-1,-1,-1,1.0,6,1931,3267,7,17894,2508,3850,2025,1926,3263,1580,16874,-1.0
28227,0,0,-1,290000,-1,-1,-1,-1,-1,-1,0.0,32575,36982,37063,11566,32057,1501,30365,32571,36918,37063,11566,32057,-1.0
18478,0,0,-1,60000,-1,-1,0,0,0,0,0.0,7353,2007,2011,2005,3003,3005,995,7348,7242,6682,6223,7007,0.0
26733,0,0,-1,310000,0,0,0,0,0,0,0.0,240101,9012,8549,8324,8524,9052,22936,255040,241092,242850,237818,237762,0.0
22992,0,0,-1,70000,0,0,0,0,0,0,0.0,3018,3400,2200,2500,2500,2510,69099,69684,64801,64863,123234,60733,0.0
8213,0,0,-1,110000,0,0,2,0,0,0,1.0,3536,3,521,1000,520,325,14519,16982,16002,15262,15626,14465,0.0
23999,0,0,-1,20000,0,0,0,0,0,-2,0.0,3055,1467,1096,1000,0,0,20564,20284,19394,39950,0,0,0.0
22675,0,0,-1,150000,0,0,0,0,0,0,0.0,6000,2000,2000,1300,1500,1500,138363,138979,37713,35592,35808,36730,0.0
24670,0,0,-1,480000,-1,-1,-1,-1,0,0,0.0,8023,8351,25753,14012,10021,12462,6071,7994,8313,25714,25710,20110,-1.0
28744,0,0,-1,440000,-1,-1,-1,-1,0,0,0.0,70554,45213,400972,5456,100267,7530,23147,88848,42045,400321,229680,265404,-1.0
437,0,0,-1,60000,-1,-1,-2,-1,2,-1,1.0,0,0,300,0,150,200,14072,0,0,300,150,150,-1.0
23964,1,0,-1,20000,0,0,0,0,0,0,0.0,1500,1300,1300,574,1500,0,12546,13830,14599,15650,15964,17204,0.0
2207,0,0,-1,20000,0,0,0,0,0,-1,0.0,1400,3500,1567,162,2055,0,17471,14129,13937,9429,1393,2055,0.0
24262,1,0,-1,200000,0,0,0,0,0,0,0.0,6000,6000,5000,6000,3000,1611,143266,113676,116355,117802,116296,60792,0.0
12049,0,0,-1,50000,1,2,0,0,0,0,1.0,0,2100,1800,1900,2100,1800,51203,50110,51066,50737,50827,50856,0.0
27360,0,0,-1,140000,-1,-1,0,0,0,0,0.0,10000,10000,8000,5000,22000,42000,119279,6771,13380,18415,20135,27390,0.0
4757,0,0,-1,170000,0,0,0,0,0,0,0.0,4000,5300,3800,3880,3500,3400,118801,108980,112125,109579,107030,101130,0.0
29735,1,0,-1,500000,-1,-1,2,-1,-1,-1,1.0,5334,25,1920,1783,5377,237,1460,5594,5334,1911,1774,5351,-1.0
950,0,0,-1,160000,-1,2,-1,-1,-1,-1,1.0,0,2125,2125,1000,2125,23250,2000,1000,2125,2125,1000,2125,-1.0
26216,0,0,-1,240000,-1,2,-1,-1,0,-1,1.0,0,17601,2115,0,705,4000,2108,1386,17601,1410,705,705,-1.0
15391,0,0,-1,150000,-1,-1,0,-1,-1,-1,0.0,5119,1002,1336,2119,1098,757,4016,5115,3425,1334,2117,1098,-1.0
28540,0,0,-1,230000,0,-1,-1,-1,0,0,0.0,1079,3000,25916,2219,4000,6000,8685,1079,2923,25916,4219,7903,0.0
11456,0,0,-1,60000,0,0,0,0,0,0,0.0,2000,1900,1500,1300,1300,1300,59063,53377,37418,37543,35447,35641,0.0
29,0,0,-1,50000,-1,-1,-1,-1,-1,-1,0.0,3415,3421,2044,30430,257,0,650,3415,3416,2040,30430,257,-1.0
15532,1,1,0,240000,2,2,-1,-1,0,0,2.0,836,836,2508,0,0,563,7123,6848,836,2508,1672,836,2.0
4717,0,0,-1,80000,0,0,0,0,0,0,0.0,1400,1306,1019,685,2500,0,19277,20060,20977,20695,18587,20767,0.0
4989,1,1,5,130000,1,2,0,0,0,2,2.0,0,2500,2000,4200,2200,0,51559,50465,51531,52076,55432,56571,0.0
2493,0,0,-1,360000,-1,-1,-1,-1,-2,-2,0.0,1224,394,6,0,2205,401,7001,1224,394,-6,-6,2199,-1.0
6525,0,0,-1,30000,0,0,0,0,0,0,0.0,1409,1500,942,959,1500,946,23467,24195,25286,25807,26350,27409,0.0
13120,0,0,-1,120000,0,0,0,0,0,0,0.0,5000,5000,5000,5000,10000,6000,23331,12125,13903,13858,14777,46061,0.0
23560,0,0,-1,210000,0,0,0,0,0,0,0.0,4002,4000,4323,3501,3000,2700,73415,76188,78276,81246,78971,80359,0.0
8679,0,0,-1,380000,-1,-1,-1,-1,-1,-1,0.0,24899,2816,11773,23397,10551,43302,326,24899,2816,11773,23397,10551,-1.0
23164,0,0,-1,170000,-1,-1,0,0,0,0,0.0,9807,5000,3749,6711,4432,0,12847,9807,8101,6208,10460,11143,0.0
12579,0,0,-1,500000,-1,-1,-1,-1,-1,-1,0.0,97345,32189,56436,36918,35017,23547,22981,97007,32109,56370,36918,35017,-1.0
29502,0,0,-1,300000,-1,-1,-1,2,0,0,1.0,412,5459,0,1000,16,2418,1920,410,5015,2334,3334,3350,-1.0
14016,0,0,-1,50000,0,0,0,-1,0,0,0.0,6016,9021,6000,4000,2500,5000,29632,9856,9541,5411,4782,3192,0.0
23987,0,1,2,50000,0,0,4,3,2,2,4.0,25000,0,0,1800,108,2400,29206,53086,51981,50805,51518,50713,2.0
28388,0,0,-1,50000,0,0,0,0,0,0,0.0,2100,2329,2943,990,1168,975,51037,47669,48940,50545,29523,28960,0.0
21805,1,0,-1,120000,0,0,0,0,0,0,0.0,4000,5013,4000,3199,3130,4000,106621,105893,107838,103273,101353,87934,0.0
20861,0,1,5,250000,0,-1,-1,-1,-1,2,1.0,4730,5607,8634,2500,0,0,307321,4696,5579,8537,2500,2500,-1.0
5718,0,1,5,260000,2,-1,-1,-1,-1,2,2.0,493,493,1134,1072,2,3103,1381,491,491,1132,1711,1070,-1.0
27347,0,0,-1,20000,0,0,-1,0,0,0,0.0,2000,15300,2000,0,4200,0,7534,4704,15226,16528,16128,19800,0.0
3678,0,0,-1,360000,-1,-1,-1,-1,-1,-1,0.0,390,390,390,390,390,780,390,390,390,390,390,390,-1.0
523,1,0,-1,360000,-1,-1,-1,0,0,-1,0.0,390,75720,62520,17000,132200,167000,1210,820,64644,125984,106584,125557,-1.0
25064,1,0,-1,20000,0,0,0,0,0,0,0.0,1594,1476,1400,380,342,672,19978,18910,18962,19886,18978,17124,0.0
9331,0,0,-1,250000,0,0,0,0,0,0,0.0,9510,8160,8364,8493,8625,8737,215928,221963,224949,229577,234221,238960,0.0
19724,0,0,-1,500000,0,-1,-1,0,0,0,0.0,72001,368199,6486,234,90,167116,329570,71921,367979,294969,189612,128459,0.0
22566,0,0,-1,500000,-2,-2,-2,-2,-2,-2,0.0,750,2676,1,0,0,0,26760,747,2652,-11,-213,-213,-2.0
28839,0,0,-1,180000,-1,-1,-1,-1,-1,-1,0.0,1071,6557,0,21398,298,0,1210,1071,6554,0,21398,298,-1.0
1440,0,0,-1,130000,0,0,0,0,0,0,0.0,4752,5010,2505,2700,2623,2800,133622,129784,126021,70186,71762,73192,0.0
19290,0,0,-1,410000,-1,-1,-1,2,-1,-1,1.0,2324,4204,0,3160,49828,1647,12327,2306,4054,3830,3160,49828,-1.0
25237,0,0,-1,80000,-2,-2,-1,-1,-2,-2,0.0,3377,3476,3377,3377,5062,3387,3377,3377,3476,3377,3377,5062,-2.0
4164,0,0,-1,160000,-1,-1,-1,-1,-1,-2,0.0,0,4905,5525,10,0,5685,2248,-2,4903,5525,-10,-10,-1.0
26792,0,0,-1,230000,0,0,0,0,0,0,0.0,1804,2713,106028,3827,5060,30000,42314,37735,32358,114443,111520,105779,0.0
13950,0,1,2,10000,0,0,3,2,0,0,2.0,3258,0,0,357,400,300,8315,11267,10626,10160,10052,9635,0.0
2539,0,0,-1,250000,0,0,-2,-2,-2,-2,0.0,0,0,0,0,0,0,25298,0,0,0,0,0,-2.0
17970,0,0,-1,50000,0,0,0,0,0,0,0.0,2000,3000,2200,1200,1000,1000,45459,45695,45866,46165,10142,10825,0.0
13017,0,0,-1,240000,-1,-1,-1,-1,-1,-1,0.0,0,20519,0,11423,0,0,498,-2,20517,0,11423,0,-1.0
25346,0,0,-1,50000,0,0,0,0,0,0,0.0,1774,2100,1609,1000,1000,1000,48408,47563,41319,25110,20478,20258,0.0
16836,0,0,-1,360000,-2,-2,-2,-2,-2,-2,0.0,17328,388,779,814,0,0,1246,17234,387,776,810,0,-2.0
2576,0,0,-1,180000,0,0,0,0,0,0,0.0,8000,6000,7000,7000,7000,7000,167140,160707,162477,166861,171083,169365,0.0
6379,1,1,1,120000,1,2,2,-1,-1,-1,2.0,300,0,500,300,500,300,650,625,300,475,300,325,-1.0
10932,0,0,-1,130000,0,0,0,0,0,0,0.0,3000,3000,3000,2500,3000,3000,69120,66171,65225,65588,66662,68176,0.0
2498,0,0,-1,210000,-2,-2,-1,-1,-2,-2,0.0,312,2376,316,316,316,8611,316,312,2368,316,316,316,-2.0
22739,0,0,-1,260000,0,0,0,0,0,0,0.0,7988,7979,6807,5247,5240,5000,235961,222409,215056,212791,177159,143920,0.0
10074,0,0,-1,230000,0,0,0,0,0,0,0.0,6000,3020,3000,2500,80000,5000,157107,119402,78875,76117,75428,150130,0.0
27130,1,1,4,110000,0,0,0,0,2,2,2.0,5000,5000,8000,0,7000,0,70265,74102,77901,84592,82350,87186,0.0
19976,0,0,-1,220000,0,0,2,0,0,0,1.0,22000,0,8000,7000,6500,5000,138657,156689,150748,154481,156487,154870,0.0
9233,0,0,-1,180000,0,0,0,0,0,0,0.0,5000,3340,500,1000,1000,416,171041,111580,71902,10045,10484,10816,0.0
19093,0,0,-1,150000,0,0,0,0,0,0,0.0,6800,6600,6800,5600,4900,5100,146661,142118,139750,142730,144083,130791,0.0
6546,0,0,-1,200000,-1,-1,-1,-1,-1,-1,0.0,396,461,396,546,396,396,396,396,461,396,546,396,-1.0
13019,0,0,-1,200000,0,0,0,0,0,0,0.0,4013,2684,5625,1020,3044,39777,65489,41413,40400,25570,10060,8619,0.0
17979,0,0,-1,50000,0,0,0,0,0,0,0.0,2000,2000,2000,1000,3000,2200,30359,28717,16177,15949,14319,17319,0.0
20702,0,1,1,30000,1,2,2,2,2,2,5.0,3000,0,3000,1000,1300,0,25826,27274,25744,27504,26987,26927,2.0
4866,0,0,-1,200000,0,0,0,0,0,0,0.0,59201,35000,54461,46666,18871,0,99729,139201,155871,193666,216666,18871,0.0
12921,0,0,-1,360000,0,0,0,0,0,0,0.0,1328,2000,150,0,0,0,27370,20750,14898,7524,7524,0,0.0
27504,0,0,-1,20000,0,0,0,0,0,0,0.0,1286,1315,1303,663,686,744,16303,17314,18343,19331,18541,18929,0.0
29560,0,0,-1,20000,0,0,0,0,0,-1,0.0,1477,1500,1000,1500,800,800,9269,10585,11608,12313,12848,800,0.0
4192,1,0,-1,50000,0,0,0,0,0,0,0.0,2283,2225,1008,757,2601,700,50557,49214,50156,20186,17966,19659,0.0
20538,0,0,-1,360000,-1,-1,-1,-1,-1,-1,0.0,9849,6712,11244,9747,8806,11872,7156,9780,6672,11201,9718,8781,-1.0
18972,0,0,-1,210000,0,-1,0,0,-1,0,0.0,6942,24000,22000,20000,5000,3000,9918,6942,24680,41291,10623,10765,0.0
23534,0,0,-1,430000,-2,-2,-2,-2,-2,-2,0.0,43717,4153,4196,447,0,3566,9270,43717,4153,4196,447,0,-2.0
25542,0,0,-1,70000,0,0,0,0,0,0,0.0,1041,1084,1043,1000,2000,2000,9195,2301,3344,4303,4243,5248,0.0
17562,1,1,2,50000,0,0,2,2,2,0,3.0,4000,0,3700,0,2000,6000,44487,47438,46400,49276,48286,47915,0.0
8131,0,0,-1,160000,0,0,0,0,0,0,0.0,7812,6700,5000,5049,3825,3570,153002,157427,158160,156314,145663,113486,0.0
909,0,0,-1,50000,0,0,0,0,0,0,0.0,3000,1500,2000,2000,0,0,7010,9876,11115,12915,14415,0,0.0
29420,0,0,-1,230000,0,0,0,0,0,0,0.0,5028,5000,4000,2029,2000,2500,115141,101832,92396,84297,49681,46224,0.0
23425,0,0,-1,300000,-1,-1,-1,-1,-1,0,0.0,19099,17865,9243,154975,0,29390,16612,19099,17865,9215,154926,126482,-1.0
15314,0,0,-1,80000,0,0,0,0,0,0,0.0,1400,1352,1366,1000,1000,1000,18787,19869,20897,21911,22545,23181,0.0
16699,0,0,-1,20000,0,0,0,0,0,0,0.0,2820,4000,1200,5000,10000,0,11572,27270,14375,15200,20000,16560,0.0
2786,0,0,-1,50000,0,0,0,0,-1,-1,0.0,1472,1000,107,3990,2088,1470,49467,41877,20082,5329,3990,2088,0.0
841,0,0,-1,80000,1,2,0,0,0,0,1.0,2000,2201,2000,1000,1000,2000,79318,79459,79788,29069,26551,27109,0.0
26779,0,0,-1,240000,0,-1,-1,-1,-1,-1,0.0,9969,1276,0,8621,0,1300,13980,9969,1276,0,8621,0,-1.0
24450,0,0,-1,190000,-1,-1,-2,-2,-2,-2,0.0,3190,0,0,0,0,0,231,3421,3190,0,0,0,-2.0
8974,0,1,1,20000,1,3,2,0,0,-2,2.0,1000,0,1000,0,0,0,20386,20757,19200,20000,0,0,2.0
24238,0,0,-1,80000,-1,-1,-1,-1,-1,-1,0.0,171,1125,1613,0,4811,0,6887,171,1125,1613,0,4811,-1.0
15173,1,0,-1,30000,0,0,0,2,0,0,1.0,1451,3564,0,1174,1207,4302,27186,27585,30398,29305,29408,28699,0.0
9516,0,0,-1,140000,0,0,0,0,0,0,0.0,2517,1559,2000,1003,1000,1002,49235,45173,39585,36189,21772,21417,0.0
1805,1,0,-1,450000,-1,-1,-1,-1,-1,-1,0.0,3629,3271,6271,2135,2546,4877,10350,3629,3271,6271,2135,2546,-1.0
29658,1,0,-1,20000,0,0,0,0,0,0,0.0,1400,1630,1000,0,0,0,18015,18344,19672,19652,780,0,0.0
28134,0,0,-1,50000,0,0,0,0,0,0,0.0,1399,1480,1298,677,700,1000,37503,33505,25626,26444,19422,19438,0.0
3312,0,0,-1,210000,0,0,0,0,0,0,0.0,5600,4000,3220,3400,3252,3400,135066,121769,97575,93763,95790,92855,0.0
24493,0,0,-1,180000,0,0,0,0,0,0,0.0,1838,2000,2468,1850,1909,1902,51496,51588,51869,52999,52096,52704,0.0
180,0,0,-1,80000,0,0,2,0,0,0,1.0,5800,1000,600,400,1000,0,77883,81811,80250,61467,10662,11486,0.0
13138,0,0,-1,310000,0,0,0,0,0,0,0.0,2015,2000,5034,1045,776,389,44834,35597,34161,38689,32710,24343,0.0
13598,1,0,-1,30000,0,0,0,2,0,0,1.0,1147,1651,0,1000,1000,1000,7298,8322,9826,9519,10362,11187,0.0
17250,1,0,-1,180000,0,0,0,0,0,0,0.0,3000,3100,3100,3100,3500,8400,79216,80905,82708,84433,86134,88251,0.0
16536,1,1,1,50000,1,2,2,2,2,2,5.0,3000,1900,1700,1700,0,2500,38160,40213,41167,41890,42605,41792,2.0
26091,0,0,-1,300000,-1,0,0,0,0,0,0.0,1222,1249,1247,610,611,616,15230,16212,17239,18237,18600,17939,0.0
2849,0,0,-1,150000,0,0,0,0,0,0,0.0,3000,3005,5000,3000,5000,1000,66296,61916,39614,39863,26379,22081,0.0
21046,0,0,-1,80000,-1,-1,0,0,-1,0,0.0,10826,3683,5034,5981,2895,3789,5173,10809,8673,11590,5973,5878,-1.0
8126,0,0,-1,300000,0,0,0,0,0,0,0.0,1350,2008,301,3000,5000,5000,23436,22055,18497,8426,11291,14449,0.0
9396,1,0,-1,20000,0,0,0,-2,-2,-2,0.0,1000,0,20500,0,0,0,19724,19581,0,0,0,0,0.0
13514,1,0,-1,240000,0,0,0,0,0,0,0.0,9000,7500,7000,6622,17150,20000,236267,239009,193335,194976,197168,196918,0.0
29593,0,0,-1,30000,0,0,0,2,0,0,1.0,1500,4500,0,900,1000,2000,25144,25831,29122,28277,20390,20555,0.0
14045,1,0,-1,80000,1,2,0,0,2,0,2.0,0,3300,5600,0,4000,4000,74081,72329,74409,78180,76831,79570,0.0
6914,0,0,-1,60000,0,0,0,0,0,0,0.0,2110,2000,200,467,500,4100,59929,35338,22856,22122,19531,16594,0.0
3965,0,0,-1,50000,0,0,0,0,0,0,0.0,1556,1247,1770,700,1000,1129,31276,29179,26482,16770,15529,16266,0.0
8787,0,0,-1,290000,0,0,0,-2,-2,-2,0.0,2400,0,0,0,0,0,49885,51400,0,0,0,0,0.0
21491,0,0,-1,200000,-1,0,0,0,0,0,0.0,1500,3000,3000,1000,2000,2000,3334,4772,7675,10519,6980,8702,0.0
22047,0,0,-1,210000,0,0,0,0,0,0,0.0,3000,2500,6259,5000,3000,5000,66517,63828,60713,61949,61908,59914,0.0
18479,0,1,2,20000,0,0,2,2,2,2,4.0,6742,1100,4100,6,2000,0,7712,14042,14371,17963,17185,16638,2.0
13924,0,0,-1,500000,-2,-1,0,0,-2,-2,0.0,31305,43864,6453,49470,3723,103686,5121,29478,43892,6420,49240,6772,-2.0
4849,0,0,-1,100000,0,0,0,0,0,0,0.0,4000,3000,2500,3000,2500,2500,65917,67673,66292,67793,67182,66132,0.0
3396,0,0,-1,310000,0,0,0,0,0,0,0.0,6100,4252,5000,2780,4881,3000,162530,155831,96835,89223,80462,73899,0.0
27798,0,0,-1,280000,0,-1,-1,-1,-1,-1,0.0,1200,4720,1728,2076,1709,7508,6056,804,4712,1728,2076,1709,-1.0
8015,0,0,-1,330000,-1,-1,-1,-1,-1,-1,0.0,26,707,452,457,0,0,399,26,519,452,457,0,-1.0
18957,0,0,-1,130000,-1,-1,-1,-1,-1,-1,0.0,264,264,264,0,942,0,264,264,264,264,0,678,-1.0
20729,0,0,-1,50000,0,0,0,0,0,0,0.0,2000,3000,1729,1597,2000,1709,39369,40710,42736,43751,44619,45900,0.0
4404,0,0,-1,50000,0,0,0,0,0,0,0.0,2000,1296,692,709,698,1000,51212,50165,19814,20210,20125,19010,0.0
11295,0,0,-1,20000,0,0,0,0,0,0,0.0,1400,1290,694,869,2102,1214,20001,20041,20205,19998,20367,20399,0.0
11987,0,0,-1,250000,0,0,0,0,0,0,0.0,3000,2000,1500,2000,2000,3000,20461,22813,24063,24886,26446,20301,0.0
28516,0,0,-1,150000,-2,-2,-2,-2,-2,-2,0.0,27007,32715,33475,27808,2261,169465,24393,26847,32702,33459,27800,2261,-2.0
653,0,0,-1,20000,0,0,0,0,0,0,0.0,1300,1301,900,900,900,1600,20137,20179,18067,18666,19115,19547,0.0
3633,0,0,-1,50000,0,0,0,0,0,-1,0.0,2384,5461,2872,1093,19055,2239,48369,44762,17403,17907,19000,18055,0.0
19885,0,0,-1,500000,-1,-1,-1,-1,-1,0,0.0,5763,15691,9393,69526,5000,20000,29091,5763,15673,9393,69526,37940,-1.0
15929,0,0,-1,210000,0,0,0,0,-1,-1,0.0,8438,10000,10000,84890,2948,3497,189307,194602,199963,205137,84877,83899,0.0
4169,1,0,-1,90000,0,0,0,0,0,0,0.0,3000,3000,2300,2300,2300,2379,56291,58385,60412,61710,63020,64274,0.0
12012,0,0,-1,170000,-1,-1,-1,-1,-1,-1,0.0,641,0,638,0,362,1079,263,641,0,638,0,362,-1.0
15754,0,0,-1,80000,0,-1,0,0,0,0,0.0,65145,2386,2000,2000,3000,1000,6518,65145,53655,50279,41166,28657,0.0
15115,0,0,-1,50000,0,0,0,0,0,0,0.0,1756,1982,2162,633,1007,627,46794,46836,48062,49242,18713,19456,0.0
14240,0,0,-1,80000,0,0,0,0,0,0,0.0,1576,1424,576,1000,102,300,19891,20650,21002,19478,17882,5120,0.0
7467,0,0,-1,490000,0,0,0,0,0,0,0.0,7133,11365,1700,1740,4026,2060,191937,194347,202400,46634,47622,50844,0.0
923,0,0,-1,110000,0,0,0,0,0,0,0.0,4980,5124,5256,5416,5552,5742,8481,13066,17638,22204,26784,31352,0.0
28548,0,0,-1,140000,-1,-1,-1,0,0,-1,0.0,8651,19404,10000,2000,1106,3675,10174,8651,19404,19498,9771,1106,-1.0
15933,0,0,-1,60000,0,0,0,0,0,0,0.0,2400,2050,2011,1200,1400,1200,58117,53986,47413,36527,28170,28963,0.0
11123,0,1,1,50000,1,2,2,0,0,0,2.0,1400,1000,1000,1000,1000,1000,7690,8805,9502,10189,10869,11533,0.0
24454,0,0,-1,110000,0,0,0,0,0,0,0.0,3000,3000,3000,2500,3000,2500,58949,60131,61329,62402,63112,64325,0.0
3092,0,0,-1,320000,0,0,0,0,0,0,0.0,5000,2000,2000,3000,3000,1500,49846,53811,38717,35409,35036,35939,0.0
13319,0,0,-1,110000,0,0,0,0,0,0,0.0,1887,1601,1500,1696,1658,1179,51499,50405,49156,46426,43765,41295,0.0
4149,0,0,-1,70000,0,0,0,0,0,0,0.0,2545,2918,6329,1996,1977,1975,68687,69531,71271,70712,50793,50605,0.0
4184,1,0,-1,480000,-1,-1,-1,-1,-1,-1,0.0,22313,6083,5924,547,1308,1480,1223,22308,6070,5924,547,1308,-1.0
3660,0,0,-1,230000,0,0,0,0,0,0,0.0,36000,1222,7510,491,6600,0,53542,79186,49984,35526,24540,16038,0.0
25243,0,0,-1,40000,-1,-1,-1,0,0,-1,0.0,776,4385,10000,5000,807,657,1216,776,4059,13522,16416,807,-1.0
10109,0,0,-1,30000,0,0,0,0,0,0,0.0,1540,1447,1027,1066,1288,1104,29416,30476,30386,29769,30395,30348,0.0
23727,0,0,-1,330000,-1,-1,-2,-2,-2,-1,0.0,0,0,0,0,324,0,2064,0,0,0,0,324,-1.0
29193,1,0,-1,50000,0,-1,-1,2,0,0,1.0,3000,4000,0,4000,6000,0,50085,2127,6093,5850,9558,15371,0.0
15979,1,1,5,80000,0,0,0,0,0,2,1.0,3452,4066,3469,4630,0,2500,79958,81662,78899,78245,62234,60737,0.0
25631,0,0,-1,230000,0,0,0,0,0,0,0.0,5000,3000,3616,3000,2000,0,64062,56716,30038,22872,22567,21973,0.0
23997,0,0,-1,20000,0,0,0,0,0,0,0.0,1552,2659,1419,606,500,1000,14447,15455,17562,17322,17119,17350,0.0
301,0,0,-1,100000,0,0,0,0,0,0,0.0,3490,2332,2314,2365,2497,2305,99209,98222,67185,66926,66796,64513,0.0
29843,0,0,-1,490000,-1,-1,-1,-1,-1,-1,0.0,10238,10191,77163,8921,16786,27662,19107,10190,10149,76760,8879,16705,-1.0
14565,0,0,-1,500000,0,0,0,0,0,0,0.0,20120,120063,40000,12389,12000,10000,449733,425268,489942,437809,409337,406573,0.0
2713,0,0,-1,60000,0,0,2,0,0,0,1.0,5000,2000,1000,3000,8000,0,56045,59524,58563,56831,53628,34490,0.0
399,0,0,-1,210000,0,0,0,0,0,0,0.0,4002,5000,3500,3000,2700,5000,104701,106134,108423,91143,82733,74125,0.0
1930,0,0,-1,470000,0,0,0,0,0,0,0.0,6600,6170,5100,4726,4555,4375,169260,161760,154424,147137,138240,125866,0.0
6074,1,0,-1,250000,0,-1,-1,-1,0,-1,0.0,10021,5033,19619,4874,7050,12073,205323,5317,4898,19351,4858,6973,-1.0
22009,0,0,-1,230000,0,0,0,0,0,0,0.0,4473,5000,2624,2360,3100,1600,111295,112425,95155,72983,70329,69340,0.0
1756,0,0,-1,130000,0,0,0,0,0,0,0.0,1321,1500,0,1000,1000,598,5444,5927,7106,7106,8106,9106,0.0
2910,0,1,5,220000,0,0,-1,0,-1,2,1.0,1018,8424,20,878,1,3046,29664,5995,8419,6523,508,370,0.0
6548,0,0,-1,150000,0,0,0,0,-1,-1,0.0,2500,1200,2618,2013,4724,0,70001,45813,44309,27428,2013,4724,0.0
23108,0,0,-1,240000,0,0,0,0,0,0,0.0,10762,10429,10423,6843,7183,6398,157668,165762,173429,176943,176843,177183,0.0
21667,0,0,-1,50000,0,0,0,0,0,0,0.0,1700,3000,1200,2000,0,0,34983,34922,37248,30640,16158,0,0.0
17216,0,0,-1,30000,0,0,0,0,0,0,0.0,1200,1250,1537,600,550,600,11042,12051,13101,14413,14476,14792,0.0
11277,1,0,-1,100000,0,0,0,0,0,0,0.0,3368,3995,2800,3267,2919,334,100699,94528,89010,81545,75592,68715,0.0
7772,0,0,-1,220000,-2,-2,-2,-2,-2,-2,0.0,2026,10040,1000,1253,1350,4416,18301,20161,24621,17125,18378,1344,-2.0
7915,0,0,-1,450000,-1,0,0,0,0,0,0.0,15000,1879,20000,20000,5000,50893,71985,85047,74354,57628,57381,14870,0.0
1553,0,0,-1,20000,0,0,0,0,0,0,0.0,1179,1193,1000,625,1000,405,9417,10436,11450,12257,12685,13306,0.0
15377,0,0,-1,230000,0,0,0,0,0,0,0.0,2429,2579,2100,2000,2000,2100,72288,69680,66081,64495,60511,57450,0.0
16362,0,0,-1,260000,-2,-2,-2,-2,-2,-2,0.0,4884,329,2465,2673,12354,9583,2378,4884,329,2464,2673,12354,-2.0
24315,0,0,-1,400000,0,0,0,0,0,0,0.0,100000,10007,3601,22000,35802,2013,271974,337765,138235,136102,33340,63684,0.0
564,0,0,-1,360000,-1,0,0,0,0,0,0.0,8005,8004,5000,5000,5000,105700,108351,111201,63146,63723,65108,66078,0.0
1920,0,0,-1,20000,0,0,0,-2,-2,-2,0.0,1000,202,0,1152,0,1000,2508,3448,-202,-202,950,0,0.0
2877,0,1,1,60000,1,2,2,0,0,0,2.0,1774,0,12858,4166,2350,3300,45014,45698,39068,51205,54520,55964,0.0
21707,0,0,-1,100000,0,0,0,0,0,0,0.0,4301,4615,2729,1275,47052,1680,98530,95849,97235,93531,43975,45512,0.0
26283,0,0,-1,460000,0,0,0,0,0,0,0.0,5015,5032,4407,4040,3001,3109,133102,126956,126758,121857,122830,90219,0.0
25431,0,1,3,160000,0,0,0,2,2,0,2.0,20000,10000,3017,0,3000,2000,97375,112373,119017,104417,62975,53299,0.0
3111,0,0,-1,100000,0,0,0,0,0,0,0.0,4000,3000,3004,2278,15000,3000,81415,80759,79755,81209,60720,74375,0.0
8016,1,1,2,80000,0,0,2,2,2,2,4.0,3000,2000,1000,2500,1000,2000,38174,40550,41577,41595,43264,43402,2.0
18041,0,0,-1,50000,-1,0,-1,-1,0,0,0.0,1000,5500,21709,916,1161,1884,2840,2522,5500,21709,21056,20061,-1.0
13611,0,0,-1,280000,0,0,0,0,0,0,0.0,4000,3000,2315,2103,2500,2000,58308,61024,62665,63730,57916,59122,0.0
1117,1,0,-1,150000,0,0,0,0,0,0,0.0,3348,3490,1402,1233,1240,1284,80463,82513,84271,43832,33963,34638,0.0
18218,0,0,-1,50000,0,0,0,0,0,0,0.0,2500,1500,1300,800,1000,1500,49854,51215,50144,10683,9953,9567,0.0
4815,0,0,-1,80000,-1,-1,-2,-2,-2,-2,0.0,0,0,0,0,0,0,604,0,0,0,0,0,-2.0
9771,1,0,-1,100000,1,2,-1,-1,-2,-2,1.0,10,650,324,0,1367,4166,3492,3293,326,324,174,1367,-1.0
10242,0,1,5,100000,0,0,2,0,0,2,2.0,5000,0,1500,3300,0,1571,39056,43420,42417,40287,42938,42095,0.0
435,0,0,-1,360000,0,0,-1,-1,-1,-2,0.0,6015,17454,1775,0,0,0,9210,8485,17231,1770,0,0,-1.0
22384,0,0,-1,80000,0,0,0,0,0,0,0.0,13000,6000,5122,5012,13000,18000,127580,91812,96599,93389,29716,27283,0.0
7927,0,1,5,200000,-1,-1,-1,-2,-1,2,1.0,2715,6632,0,734,0,22489,15176,2693,6632,0,734,584,-1.0
15776,0,0,-1,50000,0,0,0,-2,-2,-2,0.0,1000,0,0,0,0,0,25207,25435,0,0,0,0,0.0
4229,0,0,-1,300000,0,0,0,0,0,0,0.0,3000,5000,5000,4000,5000,5000,10545,10421,15196,19406,23260,15423,0.0
25971,0,0,-1,20000,-1,-1,-1,-1,-1,-1,0.0,1550,1826,6497,8185,3755,3220,1550,1550,1826,6497,8185,3755,-1.0
12290,0,0,-1,80000,0,0,0,0,0,0,0.0,3481,3000,3000,3000,3000,1656,79565,78617,79229,77858,79566,74746,0.0
24134,0,0,-1,130000,0,0,0,0,0,0,0.0,4000,4200,2912,2500,2300,2500,78337,81029,83032,83362,84592,86027,0.0
525,0,0,-1,210000,0,0,0,0,0,0,0.0,3200,3200,2600,2900,2700,3000,67374,69489,70937,71761,73505,74827,0.0
29903,0,0,-1,170000,0,-1,0,0,0,0,0.0,168096,6409,7335,4448,4519,5003,10392,168088,168955,161351,126198,124746,0.0
19039,0,0,-1,90000,0,0,0,0,0,0,0.0,2000,2500,3000,3000,2000,3000,45069,43310,40275,37800,37323,34396,0.0
23985,0,0,-1,110000,0,-1,0,0,-1,-1,0.0,88490,30000,40000,30328,24564,42000,54165,88490,99595,99055,30328,24564,0.0
24413,1,1,5,30000,1,2,0,0,0,2,2.0,0,1410,1423,2051,0,2000,24305,23621,24346,25359,26987,26416,0.0
5090,0,0,-1,80000,0,0,0,0,0,0,0.0,2000,2000,2000,2000,1408,1300,37242,37634,38281,38993,39268,39620,0.0
16148,0,0,-1,140000,0,0,0,0,0,0,0.0,6300,7000,5421,4000,4000,4200,131138,133452,136194,137490,106322,104583,0.0
4576,0,0,-1,50000,0,0,0,0,0,0,0.0,1500,3000,1000,600,1000,404,6514,7513,9981,10442,10496,10933,0.0
17760,0,0,-1,180000,0,0,0,0,0,0,0.0,5902,7693,5464,4893,5095,4862,173065,171015,162516,163447,134939,135815,0.0
13751,0,0,-1,210000,-1,-1,-1,0,0,-1,0.0,8406,14307,6000,0,23960,1000,5491,8398,14307,17891,8517,23960,-1.0
14517,0,0,-1,80000,0,0,0,0,0,0,0.0,3356,3204,2017,3515,2506,2015,43749,46330,43134,38010,38510,38427,0.0
12510,0,0,-1,20000,0,0,0,0,0,-2,0.0,1500,1000,200,0,0,0,8624,9972,9799,9999,0,0,0.0
11759,0,0,-1,60000,0,0,0,0,0,0,0.0,2000,2000,2300,2000,3000,1500,53584,41935,30077,30246,30257,29768,0.0
508,0,1,5,180000,0,0,0,0,0,2,1.0,2500,2000,1128,2500,0,2000,42238,38741,36696,35813,37893,34661,0.0
896,0,0,-1,200000,-2,-2,-2,-2,-2,-2,0.0,100,100,100,100,100,100,100,100,100,100,100,100,-2.0
14979,1,0,-1,480000,-1,-1,-1,-1,-1,-1,0.0,1759,1759,1759,1759,1759,1759,1759,1759,1759,1759,1759,1759,-1.0
26392,0,0,-1,450000,0,-1,0,-1,-1,-1,0.0,28114,1424,12518,18328,14879,34744,104624,28114,19758,12518,18328,14879,-1.0
12367,0,0,-1,200000,-1,0,0,0,0,0,0.0,7000,5000,4500,5000,5000,4300,173867,139769,132534,116331,111178,105907,0.0
7611,0,1,0,70000,2,2,-1,2,2,2,5.0,6,62343,0,4500,3000,2500,71339,69515,59878,58318,61865,63695,2.0
19836,0,0,-1,280000,0,0,0,0,0,0,0.0,4300,4000,4033,3000,3300,3500,92579,94451,96041,98301,74624,75173,0.0
10192,0,0,-1,240000,-1,0,0,0,0,0,0.0,1537,1418,939,1193,690,0,30973,32008,32889,33410,34327,34500,0.0
17700,0,0,-1,340000,0,0,0,0,0,0,0.0,3000,2000,5000,1000,723,5000,15928,18338,20035,24238,20315,16378,0.0
23574,0,0,-1,300000,-2,-2,-2,-2,-2,-2,0.0,537,142,656,620,502,142,2022,537,142,656,620,502,-2.0
11117,0,1,2,100000,0,0,2,2,0,0,2.0,5500,2000,2,2007,2225,1947,58392,61562,61392,59619,59814,58571,0.0
3943,0,0,-1,60000,2,-1,-1,2,0,0,2.0,59068,4898,0,2300,2200,2110,2469,59068,61284,58698,58033,57539,2.0
6124,0,0,-1,100000,-2,-2,-2,-1,-1,-2,0.0,780,0,944,0,0,0,390,390,0,944,0,0,-2.0
12951,0,0,-1,50000,-1,-1,-1,-1,-1,-1,0.0,2859,1452,1190,543,920,534,4166,2859,1452,1190,543,920,-1.0
29495,0,0,-1,320000,0,0,0,0,0,0,0.0,19246,11550,11688,12122,12156,2437,71944,88243,96574,104795,113156,121465,0.0
17938,0,0,-1,80000,0,0,-1,0,0,0,0.0,20000,79239,2516,1023,2000,1000,75734,93507,78716,53109,28973,24705,0.0
5508,0,0,-1,100000,0,0,0,0,0,0,0.0,5000,4300,3500,3500,4200,4500,87656,90341,92244,93316,95158,97776,0.0
27101,0,0,-1,300000,-1,-1,-1,-1,-1,-1,0.0,25576,1561,2106,2656,4274,4310,530,25576,1561,2106,2656,4274,-1.0
12509,1,1,1,150000,-1,3,2,0,0,-1,2.0,20,802,1705,1806,6427,16,3391,3227,1129,2034,2140,6731,-1.0
2600,0,0,-1,500000,-1,-1,-1,-1,-1,-1,0.0,600,1490,1822,1740,0,1486,640,600,1490,1822,1740,0,-1.0
29537,0,0,-1,210000,0,0,-2,-2,-2,-2,0.0,0,0,0,0,0,0,103632,-36,-18,-18,-18,-18,-2.0
17493,0,0,-1,100000,0,0,0,0,0,0,0.0,1372,1829,1554,1000,1000,586,22173,22776,23837,24166,24216,24901,0.0
24716,0,0,-1,100000,0,0,0,0,-1,0,0.0,4090,4385,1850,103300,3370,3670,100600,94367,96504,22850,91081,92986,0.0
11848,0,0,-1,470000,0,0,0,0,0,0,0.0,8717,8000,6671,6882,6960,8751,218675,225519,230011,234639,239502,244328,0.0
1229,1,0,-1,90000,0,0,0,0,0,0,0.0,2500,1200,10500,7000,1000,0,12770,14241,14895,25195,23769,2269,0.0
21456,0,1,5,180000,1,2,0,0,0,2,2.0,0,3100,5000,11000,1000,1000,77494,75658,76942,80419,90715,37376,0.0
28325,0,0,-1,30000,0,0,0,0,0,0,0.0,1315,1522,1200,0,6000,10655,29009,28432,18191,9745,9545,13964,0.0
9313,0,0,-1,200000,0,0,0,0,0,0,0.0,3207,3042,2100,2008,2508,2000,83858,66979,65728,64490,53186,52136,0.0
26459,0,0,-1,100000,0,0,0,0,0,0,0.0,4600,4600,3500,3372,3793,4000,94745,96838,95732,91556,93403,95661,0.0
14494,0,0,-1,120000,0,0,0,0,0,0,0.0,4000,2960,3833,2855,3000,3000,104801,100502,86478,81902,78616,80307,0.0
24653,0,0,-1,260000,0,0,0,0,0,0,0.0,12004,15000,15000,12000,10000,10000,252107,222195,209496,215317,220727,218750,0.0
12152,1,0,-1,30000,0,0,0,0,0,-2,0.0,11592,1500,959,0,0,0,28916,29451,27779,28340,0,0,0.0
5274,1,1,3,60000,0,0,0,2,2,2,3.0,2760,4941,0,4675,2361,0,56166,58022,61331,55566,59331,60569,0.0
4914,0,0,-1,170000,1,2,-1,0,0,0,1.0,0,7788,100000,41077,5200,5600,9020,326,7788,104556,141077,138790,0.0
21693,0,0,-1,100000,0,0,0,0,0,0,0.0,3000,2231,1617,1000,2000,590,152330,66107,60734,48816,28679,30231,0.0
15837,0,0,-1,50000,0,0,0,0,0,0,0.0,1779,3001,1558,1045,1074,1634,50686,49525,49603,49222,30421,30352,0.0
17532,0,0,-1,180000,-1,-1,-1,-1,-2,-2,0.0,176,1247,0,0,0,1768,1264,176,1247,0,0,0,-1.0
12294,0,0,-1,230000,-1,-1,0,0,0,0,0.0,29525,50014,8242,7032,5030,8007,2873,29488,65868,58171,56033,47192,0.0
24525,1,0,-1,140000,0,0,0,0,0,0,0.0,10000,10000,5000,6000,76000,3000,144904,143827,141805,26141,7373,81185,0.0
5995,0,0,-1,170000,-1,-1,-1,-1,-1,-1,0.0,15927,5641,2194,18601,2557,3871,29940,15903,5641,2194,18601,2557,-1.0
2925,0,0,-1,50000,0,0,0,0,-1,-1,0.0,2215,1462,248,20787,21402,522,50221,49664,49611,2190,19769,19335,0.0
6196,0,0,-1,50000,0,0,0,0,0,0,0.0,1942,1725,1000,400,0,0,41993,43163,36546,6421,5263,-12,0.0
27682,0,1,4,60000,0,0,0,0,2,2,2.0,2230,2000,4300,1000,0,2000,59408,58844,43427,30408,30632,30021,0.0
207,0,0,-1,100000,-1,-1,-1,-1,-1,-1,0.0,1473,390,390,390,0,2380,390,1473,390,390,390,0,-1.0
11934,0,0,-1,50000,0,0,0,0,2,0,1.0,2449,1778,2382,0,1251,1051,49390,50612,29975,30559,29433,30045,0.0
28930,1,0,-1,200000,0,0,0,0,0,0,0.0,4501,4916,4505,4205,4145,3100,203045,140347,139282,138462,134497,126617,0.0
16721,1,0,-1,80000,0,0,0,0,0,0,0.0,3000,2000,29000,2004,2000,2000,47464,49665,50538,53314,27962,27873,0.0
2521,0,0,-1,150000,0,0,0,0,0,0,0.0,6900,7200,5450,5265,5443,5350,153404,144960,148146,142279,139905,142833,0.0
21353,0,0,-1,290000,0,0,0,0,0,0,0.0,5000,5000,5000,5000,5000,5000,21372,25278,29127,32901,36634,40460,0.0
19619,0,0,-1,180000,-2,-1,-1,-1,-1,0,0.0,7239,30418,31370,13496,12000,22593,10790,7239,30418,31370,13496,23943,-1.0
11366,0,0,-1,200000,-1,-1,-1,-1,0,-1,0.0,32543,13587,7850,0,9205,0,7261,32333,12610,7850,977,9205,-1.0
23981,0,0,-1,50000,0,0,0,-1,0,0,0.0,4175,41000,51705,700,718,700,51274,50474,49724,48437,18712,19129,0.0
5514,0,0,-1,80000,-1,-1,-1,-1,-2,-2,0.0,0,3885,0,0,0,860,5060,0,3885,0,0,0,-1.0
16914,0,0,-1,50000,0,0,0,0,0,0,0.0,2013,2505,2100,500,500,500,51078,50649,36384,32913,9397,9755,0.0
2039,0,0,-1,10000,-1,-1,-1,-1,0,-1,0.0,654,9954,9919,0,654,264,5208,654,9954,9719,6547,654,-1.0
729,0,0,-1,330000,0,0,0,0,-1,-1,0.0,90000,3000,5000,8875,49880,519,49549,133957,128212,79407,8875,49880,0.0
20942,0,0,-1,240000,0,-1,-1,-1,-1,0,0.0,1658,3010,2840,4114,3923,3673,8936,1649,2999,2840,4114,5923,-1.0
8716,0,0,-1,200000,0,0,0,0,0,-1,0.0,2100,2000,3435,3000,3277,29928,34606,34800,33275,33435,32778,3277,0.0
28751,0,0,-1,260000,0,0,0,0,0,0,0.0,7012,6310,5871,3130,2966,3230,246509,251197,243167,231463,105518,93193,0.0
16581,0,0,-1,290000,-1,-1,-1,-1,0,0,0.0,2838,1359,14968,2022,110142,205,783,2830,1357,14959,13459,115990,-1.0
7616,0,0,-1,30000,0,0,0,0,-1,-1,0.0,1078,1000,1000,150,178,300,2277,3158,4080,5080,150,178,0.0
21181,0,0,-1,180000,0,0,0,0,0,0,0.0,5000,7000,5200,2000,2060,2000,178517,130975,135592,107315,56274,57608,0.0
14475,0,0,-1,110000,0,0,0,0,0,0,0.0,5426,4244,1837,1713,2100,2020,210804,107572,100475,48409,47693,49018,0.0
7938,0,0,-1,150000,-1,0,-1,-1,-1,-2,0.0,2000,740,1410,0,0,0,18836,5312,740,10,0,0,-1.0
19683,0,0,-1,200000,0,0,0,0,0,0,0.0,3692,5000,3300,2500,2930,1500,106651,103173,104137,103422,95206,65108,0.0
3966,0,0,-1,210000,0,0,0,0,0,0,0.0,20000,15011,10000,10000,5000,10001,137009,121126,101951,96329,84224,81570,0.0
18047,0,0,-1,50000,0,0,0,-1,-1,-1,0.0,2000,1092,880,990,780,0,9527,9907,9660,880,990,780,0.0
10208,0,0,-1,80000,0,0,0,0,0,0,0.0,8000,5000,4000,5000,3000,5000,76158,81858,80337,61002,58148,52515,0.0
3789,0,0,-1,30000,-2,-1,-1,-1,0,0,0.0,899,0,30000,1055,2376,0,2700,899,-1581,28419,29016,30908,-1.0
19078,0,1,1,90000,1,2,2,2,2,2,5.0,2000,2000,1800,0,3434,1708,40467,41495,42520,42997,41698,43976,2.0
6846,1,0,-1,130000,0,0,0,0,2,0,1.0,4050,5600,7800,0,3900,3100,99593,100415,103618,107525,104042,100190,0.0
9260,0,0,-1,360000,-1,-1,-1,-1,-1,-1,0.0,10145,4723,19158,3569,31171,3283,1999,10145,4005,19158,3569,31171,-1.0
12766,1,0,-1,360000,0,0,0,-1,-1,-1,0.0,1108,1024,1353,2188,5602,776,6449,3885,3113,1347,2179,5575,0.0
3047,0,1,1,330000,1,2,2,2,2,2,5.0,0,22200,12000,12000,978,23500,289884,283863,301265,306752,313710,309446,2.0
14276,0,0,-1,500000,0,0,0,0,0,0,0.0,17624,14783,3000,3000,2853,2385,431195,440304,341673,76519,77223,76684,0.0
29167,0,0,-1,30000,0,0,0,0,0,0,0.0,1500,1700,1500,500,1000,0,8615,9960,11492,12391,12891,9069,0.0
12024,0,0,-1,50000,0,0,0,0,0,0,0.0,1227,1073,230,241,138,1191,13868,13060,11151,7921,6949,4716,0.0
193,0,0,-1,180000,-1,-1,-1,-2,-1,0,0.0,199,0,0,17227,341,5114,11386,199,0,0,17227,17042,-1.0
25642,0,0,-1,360000,-1,-1,-1,-1,0,0,0.0,9398,26510,51109,2080,0,10080,4279,9398,26510,50810,20800,0,-1.0
2537,1,0,-1,260000,0,0,0,0,0,0,0.0,8500,7000,7508,7500,7595,7000,200593,206178,208601,213025,214931,219001,0.0
23000,0,0,-1,110000,0,0,0,0,0,0,0.0,3951,4276,2666,2811,2500,465,106478,107517,103609,79421,78286,65875,0.0
14088,0,0,-1,20000,0,0,-1,-1,-1,-1,0.0,1000,4150,988,390,1935,1316,14765,6371,4150,988,390,1935,-1.0
7006,0,0,-1,100000,0,0,0,0,0,0,0.0,5000,4000,2700,2500,2800,2600,101557,101518,97664,70995,70183,71068,0.0
13669,0,0,-1,100000,0,0,0,0,0,0,0.0,4600,3500,3400,3500,5000,3500,99660,99908,98052,94423,96056,97320,0.0
23063,0,0,-1,150000,0,0,0,0,0,0,0.0,1450,5779,1300,700,1000,1000,23364,22846,25779,22303,16981,16837,0.0
14418,0,0,-1,400000,-1,-1,-1,-1,-1,-1,0.0,7389,2691,1781,7123,1470,37546,1919,7381,2691,1781,7123,1470,-1.0
27345,0,0,-1,180000,0,0,0,0,0,0,0.0,10000,5000,5000,5000,3787,4391,65226,71031,74866,78534,82246,84014,0.0
24996,0,0,-1,160000,0,0,0,0,0,0,0.0,5500,7054,6511,4500,4500,4500,151394,153702,156778,148292,115841,116972,0.0
980,0,0,-1,150000,-1,0,0,0,2,0,1.0,5500,5500,11000,0,6000,5215,148747,145231,145341,153833,151194,145738,0.0
845,0,0,-1,500000,0,0,0,0,0,0,0.0,25000,50000,20000,19586,14122,12022,315201,332071,375070,354839,369532,367399,0.0
8971,0,0,-1,260000,0,0,0,0,0,0,0.0,6540,7691,12831,6015,6410,9606,194654,184008,174268,181592,174184,153907,0.0
20689,0,0,-1,440000,0,0,-1,-1,0,0,0.0,20016,29748,25448,10015,14501,11501,37547,29349,23713,25427,21187,26486,0.0
6760,0,1,3,180000,0,0,0,2,2,0,2.0,5364,8633,3600,0,3700,9603,100534,102971,108232,108628,94416,178120,0.0
3834,0,0,-1,130000,-1,0,0,0,0,0,0.0,10000,5000,2000,2000,2000,1000,5719,15578,19887,11659,11735,8541,0.0
1672,0,0,-1,50000,0,-1,0,0,0,-2,0.0,2477,2904,0,0,0,0,10571,2477,3234,2904,0,0,0.0
3605,0,0,-1,150000,-1,0,0,0,0,0,0.0,1763,2500,2000,2000,2000,2100,50523,46054,46191,45564,45840,47077,0.0
14735,0,0,-1,200000,-1,-1,-1,-1,-1,-1,0.0,400,390,830,400,550,310,390,394,388,822,386,540,-1.0
4280,0,0,-1,80000,0,0,0,0,0,0,0.0,3100,3100,1669,1759,1700,3001,76594,78254,78401,49496,50562,45682,0.0
25645,0,0,-1,170000,-2,-2,-2,-2,-2,-2,0.0,0,0,0,1903,0,0,754,0,0,0,1903,0,-2.0
3192,1,1,4,70000,1,2,0,0,2,2,3.0,0,1400,1600,1000,0,1000,17461,16892,18013,19315,19859,19390,2.0
22408,0,0,-1,360000,0,0,0,0,0,0,0.0,20000,5000,5000,5000,5000,3000,20992,40125,44454,48382,51951,55957,0.0
9664,0,0,-1,230000,-1,-1,-1,0,-1,-1,0.0,5619,5838,7,23312,15147,16518,3686,5557,5816,1288,23196,15072,-1.0
27043,0,0,-1,80000,0,0,0,0,0,0,0.0,12660,4573,3500,2000,5000,2000,72185,76854,72408,72832,46473,50329,0.0
24612,0,0,-1,80000,-1,-1,-1,-1,-1,-1,0.0,13424,2267,1835,2655,11116,4020,2976,13384,2255,1830,2647,11083,-1.0
25180,0,0,-1,50000,0,0,0,0,0,-1,0.0,1500,2000,6700,5000,28103,1032,32789,7006,8880,15088,-574,27529,0.0
23147,0,0,-1,290000,-1,-1,-1,-1,0,0,0.0,6650,0,28974,0,0,0,1163,6619,0,28974,7524,0,-1.0
3124,0,0,-1,210000,-1,-1,-1,0,-1,-1,0.0,1032,2234,0,932,1014,1000,462,562,1864,932,932,1014,-1.0
7045,0,0,-1,200000,-1,-1,-1,-1,-1,-1,0.0,645,586,600,485,0,0,326,645,586,600,485,0,-1.0
23538,0,0,-1,60000,0,0,0,0,0,0,0.0,50000,3000,2700,3000,3000,3000,9253,56120,57614,58699,57302,51812,0.0
3850,0,0,-1,130000,-1,-1,-1,-1,-1,-1,0.0,7412,390,4134,540,390,2596,390,7412,390,4134,540,390,-1.0
25479,0,0,-1,180000,0,0,0,0,0,0,0.0,7000,7000,7000,7000,5000,326,6396,12595,18704,24410,29184,7325,0.0
10666,0,0,-1,220000,0,0,0,0,0,0,0.0,11024,5198,6006,10362,5000,4000,157980,163974,140964,105353,100750,85261,0.0
1665,0,0,-1,280000,-1,-1,-1,-1,-1,-1,0.0,2196,2928,9564,22017,5220,1964,5310,2196,2928,9564,22017,5220,-1.0
17544,0,0,-1,20000,0,0,0,0,-1,-1,0.0,1145,1546,1400,390,73,19371,10470,10186,9936,10790,230,-160,0.0
12013,0,0,-1,80000,0,0,0,0,0,0,0.0,2500,2000,2000,2000,1826,2000,79949,65416,45991,47229,48468,49490,0.0
223,0,0,-1,300000,0,0,0,0,0,0,0.0,12019,9006,17000,12000,9557,15000,291619,297268,205629,215827,208464,212508,0.0
194,0,0,-1,180000,-1,-1,2,0,0,-2,1.0,37867,0,200,0,0,0,14670,22087,21282,10200,0,0,-1.0
17451,1,0,-1,100000,0,0,0,0,0,0,0.0,4326,7400,2914,1500,1500,1500,88231,91090,95935,78939,28667,29549,0.0
29656,0,0,-1,480000,-2,-2,-2,-2,-2,-2,0.0,43111,17223,10135,8416,14658,27350,29112,43015,17223,10127,8416,14658,-2.0
24853,0,1,5,50000,0,0,2,0,0,2,2.0,3800,0,2000,3000,0,3200,32669,35917,35063,36176,38269,37521,0.0
7205,0,0,-1,370000,-1,-1,-1,-1,-1,-1,0.0,63895,0,8694,5562,0,3500,577,27895,-4247,4347,5562,0,-1.0
16261,0,1,1,40000,1,2,2,2,0,0,3.0,0,5000,0,2000,1400,2000,35771,34896,39322,38319,39531,40224,2.0
13405,1,0,-1,40000,0,0,0,0,0,0,0.0,2000,2000,1071,1500,0,0,34521,35662,36918,37478,20650,0,0.0
25607,0,0,-1,420000,1,2,0,0,0,0,1.0,6,3016,1846,5005,2005,1462,35545,34332,35097,33025,36945,37276,0.0
29357,1,1,4,20000,1,2,0,0,2,2,3.0,0,1200,2000,0,1000,0,8469,8187,9097,10935,10463,11295,2.0
24744,0,0,-1,30000,0,0,0,0,0,0,0.0,2000,2000,2000,1000,0,0,25328,22520,21554,22280,18330,780,0.0
10626,0,0,-1,30000,0,0,0,0,0,0,0.0,1714,1400,599,0,0,0,27526,28794,29480,29679,16451,0,0.0
24463,0,0,-1,340000,0,0,0,0,0,0,0.0,1500,2000,2000,2000,2000,2000,38214,39229,40747,41930,43397,44710,0.0
17745,0,0,-1,260000,0,0,-2,-2,-1,0,0.0,0,0,0,58,1000,1000,2338,0,0,0,58,1058,0.0
25816,1,0,-1,350000,0,0,0,0,0,0,0.0,3010,2970,2886,2824,2925,2987,97500,84202,82933,80501,79038,80694,0.0
8315,0,0,-1,200000,0,0,0,0,0,0,0.0,4000,3000,3000,3338,5000,4000,98761,85583,84398,88612,86159,89751,0.0
13721,1,1,5,100000,0,0,0,0,0,2,1.0,3504,3500,3800,7500,0,3600,96191,96908,97565,98561,103039,95803,0.0
24937,0,0,-1,310000,-1,-1,-1,-1,-1,-1,0.0,1361,3146,824,757,842,13436,16577,1361,2716,824,757,842,-1.0
15796,1,1,4,70000,0,0,0,0,2,2,2.0,3000,2000,4500,1200,0,1200,73939,70488,51152,35122,28633,28039,0.0
17099,0,0,-1,50000,0,0,0,0,0,0,0.0,5003,5016,4000,2000,2000,2000,44894,43924,36549,32665,20246,19968,0.0
1560,1,0,-1,240000,0,0,2,0,0,0,1.0,9500,0,4019,4317,4204,4314,107148,113396,110084,112272,114779,116920,0.0
18248,0,0,-1,350000,0,0,0,0,0,0,0.0,11000,8500,15022,7000,20000,20000,348938,326648,228830,198817,193859,154477,0.0
24221,0,0,-1,230000,0,-1,0,0,0,0,0.0,36348,3010,20000,1200,2000,1000,33400,36348,36163,32653,30821,29827,0.0
23099,0,0,-1,220000,0,0,0,0,0,0,0.0,10000,6500,5000,5000,5000,5000,103078,111729,115173,116513,119370,121516,0.0
3807,0,0,-1,20000,0,0,0,0,0,0,0.0,1500,1500,1500,1500,1500,1500,4491,5906,7298,8515,9869,11196,0.0
7051,1,0,-1,210000,0,0,0,0,0,0,0.0,8049,9000,6000,5500,5816,5500,217016,204418,204377,146575,144521,147938,0.0
1541,1,0,-1,20000,1,2,0,0,0,0,1.0,0,1300,800,1000,900,2130,8222,7948,8958,9456,10150,10727,0.0
13649,0,0,-1,280000,0,0,0,0,0,0,0.0,8354,5501,4293,2079,1892,20012,256455,245712,231025,182159,80747,51689,0.0
29883,0,0,-1,20000,0,0,0,-2,-2,-2,0.0,2074,0,0,0,0,0,16787,18464,0,0,0,0,0.0
16177,0,0,-1,50000,0,0,0,0,0,0,0.0,2000,1812,2000,664,700,709,49571,37680,31932,25300,18902,18920,0.0
28286,1,0,-1,10000,0,-1,0,0,0,-2,0.0,1223,1066,1032,0,0,0,5250,1223,2264,3230,0,0,0.0
21268,1,0,-1,240000,0,0,0,0,0,0,0.0,3592,3719,3798,3821,3949,3976,98588,100545,102651,104749,106832,109062,0.0
20362,1,0,-1,250000,-1,-1,-1,-1,0,0,0.0,0,1400,79181,10000,0,4176,5992,0,1400,79181,29172,14816,-1.0
22135,0,0,-1,120000,0,0,0,0,0,0,0.0,3000,2500,3100,2700,2800,2800,64049,65984,66825,68820,69776,71297,0.0
798,0,0,-1,50000,0,0,0,-1,-1,-2,0.0,1372,1275,7900,0,0,0,13801,9549,5385,7781,0,0,0.0
12609,1,0,-1,10000,-1,-1,-1,-1,-2,-2,0.0,0,780,0,0,0,0,390,0,780,0,0,0,-1.0
10697,1,1,5,20000,0,0,0,0,0,2,1.0,1206,1500,634,1151,0,514,11065,11788,13082,13498,14278,13899,0.0
26061,0,1,5,280000,-1,2,-1,-1,-1,2,2.0,0,1688,1226,7000,0,3146,5432,2146,1688,1226,6394,1626,-1.0
22340,0,0,-1,270000,0,0,0,0,0,0,0.0,5085,4795,4470,3847,3943,5000,162905,156151,127423,126824,115961,112929,0.0
18712,0,0,-1,70000,0,0,0,0,0,0,0.0,2500,2300,2300,2000,1900,3000,46222,47650,48867,47808,43022,44077,0.0
24241,0,0,-1,360000,0,0,0,0,0,0,0.0,5059,1383,2000,3030,2009,2018,34831,29791,19013,17929,20759,3436,0.0
1072,1,0,-1,150000,-1,-1,-1,-1,-1,-1,0.0,5104,10318,10355,14441,780,66950,390,5104,10318,5775,14441,780,-1.0
28323,0,0,-1,150000,-2,-2,-2,-2,-2,-2,0.0,806,1801,0,0,0,0,1666,802,1793,0,0,0,-2.0
22219,0,0,-1,250000,0,0,0,0,0,0,0.0,2027,2020,1510,1000,1000,7000,50122,44742,43194,41381,33246,32948,0.0
2977,1,0,-1,110000,0,-1,-1,-2,-2,-2,0.0,223,0,0,0,0,0,34000,223,0,0,0,0,-2.0
25019,0,0,-1,100000,0,0,-2,-2,-2,-2,0.0,0,0,0,0,0,0,33333,0,0,0,0,0,-2.0
26450,0,0,-1,200000,-1,-1,-1,-1,0,0,0.0,1662,2482,19272,10004,10000,3471,2119,1662,2482,19272,22388,21105,-1.0
29585,1,0,-1,500000,0,-1,-1,-1,-1,-1,0.0,1832,1920,21734,1837,0,19637,32647,1832,1920,21734,1837,96,-1.0
24184,0,0,-1,200000,0,0,0,0,0,0,0.0,4000,3000,6500,3013,5000,3000,162439,92626,73816,79033,79539,80584,0.0
11887,0,0,-1,50000,0,0,0,-2,-2,-2,0.0,2500,0,0,0,0,0,43140,43496,0,0,0,0,0.0
8486,0,0,-1,30000,0,0,0,0,0,0,0.0,1762,2200,790,922,663,1310,25159,25931,27369,25111,22235,19000,0.0
1395,0,0,-1,140000,-2,-2,-2,-2,-2,-2,0.0,2000,2400,2132,1617,515,2031,67505,36772,38399,39131,39508,3441,-2.0
22861,1,1,1,140000,-1,2,2,-1,-1,0,2.0,0,0,8900,1367,0,0,739,739,-200,8700,1367,1367,-1.0
22148,0,0,-1,100000,1,2,0,-1,0,0,1.0,0,2000,3000,31000,2000,5000,3788,1263,2394,2839,32934,31056,0.0
22590,0,0,-1,350000,-1,0,-1,-1,-1,-1,0.0,5343,1359,14615,0,180,1340,61937,65343,1355,7069,0,180,-1.0
14403,1,0,-1,70000,0,0,0,0,0,0,0.0,1200,1200,500,500,500,500,6121,7064,8143,8507,8869,9220,0.0
7262,0,1,2,10000,0,0,2,3,2,0,3.0,3000,800,0,0,500,500,6005,8891,9389,9111,8837,8135,0.0
5310,0,0,-1,130000,0,0,-2,-2,-2,-2,0.0,0,0,0,0,0,0,133400,0,0,0,0,0,-2.0
8632,0,0,-1,180000,-2,-2,-2,-2,-2,-2,0.0,2062,0,0,6017,0,0,1091,2062,0,0,6017,0,-2.0
4259,0,0,-1,310000,-1,-1,-1,-1,0,-1,0.0,4373,26863,7443,0,8172,31362,325,4373,26863,7443,4221,8172,-1.0
26248,0,0,-1,150000,0,0,0,0,0,0,0.0,3000,2636,3000,1528,1600,2000,37050,39471,41515,43879,44446,45394,0.0
8249,1,0,-1,140000,1,2,0,0,0,0,1.0,0,5000,3300,3500,3500,3550,86761,84546,87251,88227,90170,92044,0.0
1527,1,0,-1,90000,0,0,0,0,0,0,0.0,4200,3000,3000,3000,2600,3000,87525,89052,85807,68186,69011,70341,0.0
29850,0,0,-1,80000,0,0,0,0,0,0,0.0,1600,2000,2000,2000,2000,5000,33457,34197,35641,36742,38127,39509,0.0
29554,0,0,-1,450000,-1,-1,-1,-2,-2,-1,0.0,1580,0,0,0,144,236,1270,1570,0,0,0,144,-1.0
23599,0,0,-1,80000,-1,-1,-1,-1,-1,-1,0.0,2035,32194,1729,590,9628,16059,2667,2035,32194,1729,590,9628,-1.0
4726,0,0,-1,100000,-1,0,0,0,0,0,0.0,5000,5000,5000,9000,10000,5000,88550,91724,94799,97861,104634,92537,0.0
4888,0,0,-1,90000,0,0,0,0,0,0,0.0,2098,1680,20000,5000,4833,2000,51864,53135,53759,56397,87349,55700,0.0
27226,0,0,-1,90000,0,0,2,0,0,0,1.0,20000,0,3752,1726,2003,2000,77107,93894,91508,86167,49479,50704,0.0
362,0,0,-1,320000,0,0,0,0,0,0,0.0,2589,2568,2570,2661,2781,2500,71305,71151,72029,72849,74374,74610,0.0
3572,0,0,-1,190000,0,0,0,0,0,0,0.0,8019,8008,6700,6800,6324,6120,181295,178857,181463,178984,175131,170136,0.0
5952,0,0,-1,240000,-2,-2,-2,-2,-2,-2,0.0,0,0,0,0,0,0,5731,0,0,0,0,0,-2.0
7548,0,0,-1,330000,-2,-2,-2,-2,-2,-2,0.0,0,3080,3119,0,7255,9060,2148,0,3080,3119,0,7255,-2.0
20714,0,0,-1,220000,0,0,0,0,0,0,0.0,6500,6000,4500,3000,3000,3000,165583,168400,171249,173455,88063,90240,0.0
22210,0,0,-1,200000,-1,-1,-1,-1,-1,-1,0.0,591,8981,8525,29713,7305,20914,2718,590,8971,8509,29645,7300,-1.0
26604,0,0,-1,20000,0,0,0,0,0,0,0.0,2500,1100,1500,200,200,942,19247,18055,2059,2576,1834,1092,0.0
17884,0,0,-1,10000,0,0,0,0,0,0,0.0,1270,1134,1298,478,847,0,5807,6974,7838,9002,9182,9729,0.0
26136,0,0,-1,50000,0,0,0,0,0,0,0.0,1947,1829,1644,4405,1104,2504,43828,40684,37338,31278,31811,28656,0.0
27321,1,1,1,180000,1,2,2,2,2,0,4.0,6000,5100,5000,0,5000,5000,114952,117567,119314,120882,117450,120398,2.0
12044,0,0,-1,20000,0,0,2,0,0,0,1.0,2600,0,0,0,0,0,9410,11840,11260,11260,11260,0,0.0
15133,0,0,-1,200000,-2,-2,-2,-2,-1,-1,0.0,17380,20341,16223,17466,16613,17935,17306,17380,20341,16223,17466,16613,-2.0
1718,1,0,-1,170000,-1,-1,-1,-1,-1,-1,0.0,1343,1078,1392,1606,9955,4382,4334,1343,1078,1392,1606,9955,-1.0
3668,0,0,-1,180000,0,0,0,0,0,-2,0.0,2000,1400,639,0,0,0,29197,30719,31500,31939,0,0,0.0
5060,0,0,-1,140000,-1,-1,-1,-1,-1,-1,0.0,696,696,696,696,696,696,696,696,696,696,696,696,-1.0
20747,0,0,-1,50000,0,0,0,0,0,0,0.0,4590,3000,3005,3014,3632,4006,31197,24486,24777,24521,16773,16524,0.0
8173,1,0,-1,500000,0,0,0,-1,-1,-1,0.0,22650,0,3887,0,7413,0,504644,512650,0,3887,0,7413,0.0
17945,1,1,2,120000,0,0,2,2,2,0,3.0,2000,1400,1700,0,1000,700,7722,9591,10687,11905,11420,12081,0.0
13585,0,1,1,50000,1,2,2,0,0,2,3.0,2200,0,1600,3300,0,1600,42586,43813,42779,38180,40685,37662,2.0
345,0,0,-1,180000,0,0,0,0,0,0,0.0,5440,5051,3835,4106,4250,4028,145403,138232,130553,105894,108248,106517,0.0
9794,0,0,-1,300000,0,0,0,0,0,0,0.0,8401,4266,3087,49195,70000,7016,103792,108297,75385,76864,124477,192001,0.0
29272,0,0,-1,170000,-1,-1,-1,-1,0,-1,0.0,0,1409,1337,0,53885,2000,2697,0,1409,1337,1337,53885,-1.0
6864,0,1,2,60000,0,0,2,2,-1,0,2.0,3689,0,0,20907,400,0,53116,55950,54439,-561,20115,20000,0.0
13683,0,0,-1,500000,0,0,0,0,0,0,0.0,6371,5000,10051,7549,2102,50000,174246,149600,83320,79359,57549,44994,0.0
16600,0,0,-1,10000,0,0,0,0,0,0,0.0,1120,1117,1127,279,289,369,9073,9036,7385,7665,7817,7981,0.0
19308,0,0,-1,210000,-1,0,-1,-1,-1,-1,0.0,5255,7067,2696,5560,2866,8680,7544,5525,6876,2692,5560,2866,-1.0
28416,0,0,-1,100000,0,0,0,0,0,0,0.0,3400,3350,3000,2400,2500,2382,87133,79469,75452,69257,62005,60882,0.0
8478,0,0,-1,480000,0,0,-1,0,0,-1,0.0,105,37754,32970,8000,3167,10981,75834,-105,37649,45469,20020,3167,0.0
22424,1,0,-1,110000,0,0,0,0,0,0,0.0,3200,4521,20000,2710,2800,2700,83762,84677,87748,99201,78281,77772,0.0
22552,1,0,-1,120000,-2,-2,-2,-2,-2,-2,0.0,0,0,0,0,0,0,3755,0,0,0,0,0,-2.0
22810,0,0,-1,200000,0,0,0,0,0,0,0.0,10100,6700,5500,4500,127600,7500,201598,198373,152601,105588,73886,198487,0.0
2689,1,0,-1,290000,0,0,0,0,0,0,0.0,11000,10000,8000,10000,8000,7500,284239,284692,230891,232778,235004,226959,0.0
20656,0,0,-1,320000,0,0,-1,-1,-1,-1,0.0,1285,4995,7834,2589,3773,0,8748,5517,4980,7774,2582,3762,-1.0
20416,0,1,2,20000,0,0,2,3,2,2,4.0,3100,2900,0,0,1325,670,9248,11859,14264,13746,13228,14333,2.0
11354,0,0,-1,310000,0,0,0,0,0,0,0.0,10000,20000,10000,6000,5000,5000,180225,85799,103459,80237,74627,52057,0.0
12133,0,0,-1,280000,0,0,0,0,0,0,0.0,9000,6000,6000,6000,6000,6000,160889,165400,166712,170059,154387,157832,0.0
29790,0,0,-1,310000,0,0,0,0,0,0,0.0,10000,9775,12000,11000,22000,9905,259636,263812,269351,276873,281764,299161,0.0
7377,0,1,1,130000,1,2,2,0,0,0,2.0,5200,47,3000,2800,2713,2000,120890,122275,109903,80909,71679,66169,0.0
4129,0,0,-1,270000,-2,-2,-2,-2,-2,-2,0.0,0,6743,338,0,432,3042,12091,0,6743,338,0,432,-2.0
14102,0,0,-1,110000,0,0,0,0,2,0,1.0,5500,5224,7641,0,3785,3668,106302,108590,107414,108887,107145,102075,0.0
24572,0,0,-1,60000,0,0,0,0,0,0,0.0,1131,2000,1200,1000,1000,1000,6471,7487,9356,10392,11214,12028,0.0
26672,0,0,-1,150000,0,0,0,0,0,0,0.0,5002,6009,3259,149,1866,0,145728,145240,148755,133414,101284,73255,0.0
23260,0,0,-1,10000,-1,-1,-1,-1,-1,0,0.0,5011,6222,984,8834,0,6481,5050,3704,6222,974,8834,6010,-1.0
7848,0,0,-1,100000,-1,0,0,0,-2,-2,0.0,1809,2301,0,0,0,0,91842,40308,41800,0,0,0,0.0
11080,0,1,5,100000,0,0,0,0,0,2,1.0,4000,10200,2100,2850,0,72375,76828,77371,85154,84914,83097,1308,0.0
25087,0,0,-1,160000,0,0,0,0,0,0,0.0,1800,1800,1900,2000,1900,2000,205134,46181,47242,48355,49552,50655,0.0
28385,1,0,-1,180000,-1,2,-1,0,0,0,1.0,357,8510,5244,2174,0,3371,10456,7326,8469,6591,5244,2174,0.0
4121,0,0,-1,140000,0,0,0,0,0,0,0.0,5400,5211,4000,4000,4000,3600,109259,108015,107209,106353,100653,99546,0.0
12105,0,0,-1,70000,0,0,2,0,0,0,1.0,2800,0,650,650,570,450,16103,17185,16581,14106,14427,11689,0.0
7438,0,0,-1,160000,-2,-2,-2,-2,-2,-2,0.0,0,0,0,1446,426,0,239,0,0,0,1446,426,-2.0
20277,0,1,5,60000,0,0,0,0,0,2,1.0,3028,2006,1862,6729,0,2911,57918,59878,51466,50506,56373,55341,0.0
17045,0,0,-1,30000,0,0,2,0,0,0,1.0,2173,1613,1453,946,997,1118,30467,30403,30546,30255,30096,30353,0.0
20587,0,0,-1,380000,0,-1,-1,-1,-1,-1,0.0,30690,10007,24012,3906,24018,13024,24469,30689,19947,22529,3885,23616,-1.0
20941,0,0,-1,160000,0,0,0,0,0,0,0.0,3710,4000,4000,3500,7200,0,101782,102308,103620,98888,94288,97504,0.0
8828,0,0,-1,140000,0,0,0,0,0,0,0.0,6000,3600,2500,5000,5000,5000,131978,135760,127508,92126,69050,73537,0.0
10884,0,1,1,160000,-1,2,2,-1,-1,-1,2.0,7,0,4775,456,0,0,6548,3200,0,4775,456,0,-1.0
12404,1,0,-1,60000,0,0,0,0,0,-1,0.0,20000,5000,3000,16000,3000,980,13138,22389,16586,5516,16378,2670,0.0
24193,1,1,1,20000,1,2,2,2,2,2,5.0,0,2874,0,2712,1566,818,17005,15451,18067,17469,19905,19763,2.0
24330,1,1,1,30000,1,2,2,0,0,2,3.0,2500,0,2000,2000,1000,0,20829,22689,22043,23367,24983,25437,2.0
21400,0,0,-1,110000,0,0,0,0,0,0,0.0,3371,2636,1883,1584,1604,2008,93983,88777,82501,54458,45943,44724,0.0
18038,0,0,-1,20000,0,0,0,0,0,0,0.0,1249,1600,2500,1000,696,862,14124,15132,16483,18391,18783,19176,0.0
26212,0,0,-1,180000,1,2,0,0,0,0,1.0,0,3000,2000,3500,3500,5900,36537,35655,37767,39065,41967,43189,0.0
3411,1,0,-1,10000,0,0,0,0,0,0,0.0,2000,2000,1000,0,0,0,7606,7030,8454,9454,5784,0,0.0
9043,0,0,-1,340000,-2,-2,-2,-2,-2,-2,0.0,3283,0,500,11523,414,15055,3375,3267,-2,498,11466,412,-2.0
1320,0,0,-1,250000,-1,-1,-1,0,0,-1,0.0,24890,48394,0,5461,15000,6000,17454,-50,45297,17371,11481,5922,-1.0
6566,0,0,-1,180000,0,0,0,0,0,0,0.0,5000,4000,8000,5000,4000,5500,78128,81976,83338,90031,93692,96100,0.0
9828,0,0,-1,200000,-2,-2,-2,-2,-2,-2,0.0,1948,3635,1362,0,0,0,880,1948,3635,1186,0,0,-2.0
27532,0,0,-1,420000,0,0,0,0,0,0,0.0,1733,10026,1606,2006,707,1037,24389,21232,24524,21318,21496,19704,0.0
15121,0,0,-1,300000,0,0,0,0,0,0,0.0,10001,11001,12001,10001,5001,5001,269781,275773,282818,289012,123239,123812,0.0
14835,0,0,-1,200000,0,0,0,0,0,0,0.0,15034,20038,20019,5014,10047,10238,118134,126591,134110,139209,135902,138997,0.0
702,0,0,-1,200000,-1,-1,-1,-1,-1,-1,0.0,105,105,0,7384,8588,1304,5780,105,105,0,7384,8588,-1.0
11844,0,0,-1,200000,-1,0,0,0,0,0,0.0,2000,5000,10000,5000,602,10000,10760,11945,14562,22457,15569,9819,0.0
14179,1,0,-1,90000,-2,-2,-2,-2,-2,-2,0.0,0,0,0,0,0,0,28636,-2364,-2364,-2364,-2364,-2364,-2.0
18682,1,0,-1,20000,-1,-1,-2,-2,-2,-2,0.0,0,0,0,0,0,3187,4734,0,0,0,0,0,-2.0
17765,0,0,-1,50000,0,0,0,0,0,-1,0.0,2000,2000,1004,10,390,390,5976,6405,6828,6229,390,390,0.0
2665,1,1,5,50000,0,0,0,0,0,2,1.0,2000,1500,1000,1800,0,1000,94228,47635,42361,19574,20295,19439,0.0
15224,1,0,-1,460000,0,0,0,0,0,0,0.0,16000,17610,17500,13810,14100,14520,442291,449790,450047,453770,396600,392879,0.0
14721,1,0,-1,360000,-1,2,-1,0,0,-1,1.0,17,10859,380,187,12966,1038,6167,3506,10845,8336,5878,12903,-1.0
16679,0,0,-1,30000,1,2,0,0,0,0,1.0,0,1244,1255,709,578,741,14110,13591,14309,15320,15774,15950,0.0
1276,1,0,-1,20000,-1,-1,-1,-1,-1,-1,0.0,416,416,416,416,982,0,416,416,416,416,416,982,-1.0
17741,0,0,-1,360000,-1,-1,-2,-2,-2,-2,0.0,800,3,0,0,0,0,1960,732,735,-10,-10,-10,-2.0
13854,0,0,-1,210000,0,0,0,0,0,0,0.0,4268,5000,3000,3500,3500,3000,104558,105661,108462,69037,71416,73425,0.0
11196,0,0,-1,20000,0,0,0,-2,-2,-2,0.0,10000,0,1000,0,0,0,11136,20649,-1001,-1,-1,-1,0.0
2753,1,0,-1,30000,0,0,0,0,0,0,0.0,1321,1451,349,362,343,356,7963,9152,10282,10180,10394,9614,0.0
14950,0,0,-1,200000,-1,-1,-1,-1,-2,-2,0.0,0,780,0,0,0,0,390,0,780,0,0,0,-1.0
25489,0,0,-1,180000,0,0,0,0,0,0,0.0,3085,4000,5000,3514,3478,3517,180754,85936,88542,92055,94038,95849,0.0
9939,0,0,-1,120000,0,0,0,0,0,0,0.0,4622,3384,2589,3000,2460,1300,120633,118741,104754,79227,77751,69889,0.0
22102,1,0,-1,50000,0,0,0,0,0,0,0.0,2500,2000,2000,5000,4000,3000,52775,54397,55328,42511,31032,34510,0.0
16011,0,0,-1,100000,0,0,0,0,0,0,0.0,2007,2049,1045,23610,4000,1000,29987,29219,27865,11166,32261,7961,0.0
28727,1,0,-1,130000,0,0,0,2,0,0,1.0,2600,3500,498,3000,3300,3000,54137,28019,29927,24555,24873,26583,0.0
18553,1,0,-1,160000,-2,-2,-2,-2,-2,-2,0.0,3269,5109,3328,5494,2864,2367,717,3265,5105,3326,5482,2698,-2.0
6953,0,0,-1,180000,0,0,0,0,0,0,0.0,6814,7756,4788,5100,5500,5100,176731,177490,178659,138243,138023,137923,0.0
15390,0,0,-1,350000,0,0,0,0,0,0,0.0,5100,5400,6100,6000,3200,3100,187649,141353,142923,145149,132948,85677,0.0
28591,1,1,2,80000,0,0,2,2,2,0,3.0,5000,2000,2000,0,2000,2000,43321,47586,48525,49423,46132,47233,0.0
9702,0,0,-1,50000,-1,-1,-1,-1,0,0,0.0,390,390,780,0,0,0,390,390,390,780,780,0,-1.0
13137,0,0,-1,300000,0,0,0,0,0,0,0.0,5600,1500,0,300,0,6600,1257,6467,7655,7507,7659,-574,0.0
17372,0,0,-1,50000,0,0,-1,0,0,0,0.0,4000,15387,1500,2000,1000,2000,1804,5195,15371,14163,15517,14685,0.0
3204,0,0,-1,60000,0,0,0,0,0,-1,0.0,1764,1400,5000,5000,885,1721,48399,48241,36162,36560,40855,885,0.0
14680,0,0,-1,200000,-1,-1,-1,-1,-1,-1,0.0,6877,5129,17653,2996,6143,3538,5221,6875,5129,14997,2996,5525,-1.0
6285,0,0,-1,150000,0,0,0,0,0,0,0.0,10000,10000,10000,10000,20000,1718,30697,40139,49410,58549,67560,86315,0.0
14292,0,0,-1,20000,-1,-1,-1,0,0,0,0.0,6394,6849,82,78,51,16522,1706,6354,6849,4113,3910,2547,-1.0
2370,0,0,-1,230000,-1,-1,-1,-1,-1,-1,0.0,4203,200,3351,1644,1733,4737,2915,4203,167,3351,1644,1733,-1.0
18178,0,0,-1,100000,0,0,0,2,0,0,1.0,1270,3000,0,0,0,3230,11509,11119,12376,4419,2946,1473,0.0
18658,0,1,1,80000,1,2,2,2,2,0,4.0,4500,4500,3000,0,2000,4350,74250,76895,79548,80280,53034,54027,2.0
1002,0,0,-1,200000,0,0,0,0,0,0,0.0,5000,2000,89000,6500,91,1504,81865,86790,8441,97041,103541,3632,0.0
29579,0,0,-1,60000,-1,2,-1,-1,-1,-1,1.0,60054,19061,20089,23019,22181,16711,50210,2846,18862,18145,20934,22146,-1.0
14809,1,0,-1,170000,-1,-1,-1,-1,-1,-1,0.0,326,526,526,635,760,526,481,326,526,526,635,760,-1.0
24163,0,0,-1,60000,0,0,0,0,0,0,0.0,2000,2000,2000,1500,1500,1500,11976,13462,15231,16966,17878,19085,0.0
1685,0,0,-1,120000,0,0,0,0,0,0,0.0,1358,1126,636,650,4000,1800,16812,17571,18013,18197,9032,11951,0.0
29435,0,0,-1,180000,0,-1,-1,0,-1,-1,0.0,500,3866,3300,7602,7622,0,9796,500,3866,6019,7602,7622,-1.0
15826,0,0,-1,20000,0,0,0,0,0,0,0.0,1596,1456,1005,160,98,0,16932,17938,18798,19347,8007,4890,0.0
20292,0,0,-1,360000,-2,-2,-2,-2,-2,-2,0.0,2610,1240,6763,3613,2930,47183,6658,2598,1138,6730,3595,2915,-2.0
16159,0,0,-1,180000,0,0,0,0,0,0,0.0,8328,7000,4900,15000,10000,6000,174869,173094,131039,132269,144990,152632,0.0
25552,0,0,-1,410000,0,0,0,0,0,0,0.0,18026,18026,14095,12037,15026,13026,407873,412650,415917,389659,342329,344974,0.0
24164,0,0,-1,330000,0,0,0,0,0,0,0.0,1200,1157,1331,4005,299,701,25131,16610,17586,12580,16254,8213,0.0
7698,0,0,-1,360000,0,0,0,0,0,0,0.0,7294,6135,4504,4669,4060,3475,166848,149903,138091,138123,140324,108772,0.0
5423,1,0,-1,80000,0,0,0,0,0,0,0.0,2000,2000,2000,3000,1800,2000,31780,33261,34703,36125,38374,39382,0.0
28218,0,0,-1,160000,0,0,0,0,0,0,0.0,5100,7100,7500,4500,5000,4800,151963,141884,143428,146289,128133,124606,0.0
5693,1,0,-1,50000,-1,2,0,0,0,-1,1.0,0,1760,0,0,1910,0,2823,1760,2640,1760,880,1910,0.0
1414,0,0,-1,240000,-1,-1,-1,-1,-1,-1,0.0,7608,26834,3518,1280,5900,1319,2816,7608,26832,3518,1280,5900,-1.0
15855,0,0,-1,130000,0,0,0,0,0,0,0.0,3500,4000,3000,3146,3260,3200,76885,79106,81231,81983,83773,85532,0.0
23520,0,0,-1,350000,-1,-1,-1,2,-1,-1,1.0,326,652,0,3817,2802,0,326,326,652,326,3817,2802,-1.0
11214,0,0,-1,120000,-2,-2,-2,-1,-1,-1,0.0,0,0,222,836,1259,2797,67,0,0,222,836,1259,-2.0
11230,1,0,-1,20000,0,0,-2,-2,-2,-2,0.0,0,50000,0,1300,0,0,9164,0,0,0,0,0,-2.0
24734,0,0,-1,90000,0,0,0,-2,-2,-2,0.0,20585,0,0,0,0,0,106339,90500,0,0,0,0,0.0
23266,0,0,-1,320000,0,0,0,0,0,0,0.0,9000,9000,6000,3000,3000,3000,212883,197352,201913,103278,62891,64948,0.0
18028,0,0,-1,360000,-2,-2,-2,-2,-2,-2,0.0,396,396,396,396,396,396,396,396,396,396,396,396,-2.0
12991,1,1,1,60000,1,2,2,2,0,0,3.0,5336,2550,16,0,0,0,57285,61118,61947,60353,4980,2160,2.0
23734,0,0,-1,60000,0,0,0,0,0,0,0.0,2810,2648,2050,2084,2437,1968,57974,57637,56594,57097,56854,58325,0.0
23927,0,1,1,110000,1,2,2,3,2,2,5.0,5200,9000,0,0,7062,3424,83796,86713,93436,91075,88714,94316,2.0
28505,0,0,-1,50000,-1,-1,-1,-1,-1,-1,0.0,390,390,390,1200,1869,3610,390,390,390,390,1200,1869,-1.0
23752,1,1,1,50000,1,2,2,2,0,0,3.0,0,4000,0,2000,3000,0,24135,23454,26755,26026,27310,29729,2.0
1697,1,1,1,20000,1,2,2,0,0,0,2.0,1000,1000,1000,1500,900,1000,19755,19661,20018,20427,19377,19386,0.0
18838,0,0,-1,500000,0,0,0,0,0,0,0.0,15943,27878,22572,17200,19843,96632,32637,35863,37860,42572,47200,59843,0.0
16783,1,1,4,20000,0,0,0,0,2,2,2.0,1230,1265,2192,694,0,3134,13192,14202,15237,17164,17294,16110,0.0
24269,0,0,-1,430000,0,0,0,0,0,0,0.0,18000,18000,16570,11803,10563,10000,438795,438691,437284,435832,345499,228818,0.0
15839,0,0,-1,360000,0,0,0,0,0,0,0.0,5886,4054,8412,15096,1208,3000,58653,56329,55957,52392,61700,42975,0.0
20140,0,0,-1,230000,-1,-1,-1,-1,-2,-2,0.0,533,267,0,0,0,0,1890,533,267,0,0,0,-1.0
15980,0,0,-1,100000,0,0,0,0,0,0,0.0,2038,1994,1457,1205,1162,1131,49328,44045,42373,37088,75672,31645,0.0
28223,0,0,-1,180000,-1,-1,-1,-1,-2,-1,0.0,196,2500,0,0,3650,3859,1650,196,2500,0,0,3650,-1.0
17675,0,0,-1,140000,0,0,-1,-1,-1,-1,0.0,6400,1876,1876,1876,3372,104005,143118,140955,1876,1876,1876,3372,-1.0
827,0,1,5,50000,1,2,0,0,0,2,2.0,0,1400,1100,2100,0,1000,27087,26372,26992,27693,29237,28607,0.0
8285,0,0,-1,50000,0,0,0,0,0,0,0.0,2174,1785,296,306,444,10686,44625,46078,46689,8261,8434,8738,0.0
17639,0,0,-1,260000,1,2,0,0,0,0,1.0,0,5000,6000,5000,4000,8000,96549,94114,96689,101023,93738,96218,0.0
5935,0,1,5,120000,0,0,0,0,0,2,1.0,4445,4020,3000,5700,0,2500,82683,83075,75735,62511,62179,60981,0.0
28790,0,0,-1,340000,-1,-1,-1,-1,-1,0,0.0,4834,17716,12636,14111,0,5666,4490,4834,17716,12010,14111,6995,-1.0
100,1,0,-1,20000,0,0,0,0,0,-1,0.0,1699,1460,626,1750,150,0,17973,19367,19559,18240,17928,150,0.0
8423,0,0,-1,220000,-2,-2,-2,-2,-2,-2,0.0,2725,98875,3893,5252,15047,3980,7695,2701,98376,3874,5226,14973,-2.0
15164,0,0,-1,30000,-1,0,0,0,0,0,0.0,1157,25885,1500,2170,1000,1000,2006,3116,28844,25317,25885,25165,0.0
154,0,0,-1,280000,0,0,0,0,0,0,0.0,8042,6700,5137,100000,7000,6321,208775,182350,132257,101783,177145,169311,0.0
18312,1,0,-1,180000,-1,-1,-1,-1,-1,-1,0.0,316,316,316,316,316,316,316,316,316,316,316,316,-1.0
29556,0,0,-1,100000,0,0,0,0,0,0,0.0,2284,1961,2037,1434,1469,1483,49415,50851,49528,50604,40966,40308,0.0
22399,0,0,-1,380000,-1,0,0,0,0,0,0.0,3250,6200,5000,1543,1776,1483,119628,36965,32932,37368,35543,36756,0.0
14394,1,0,-1,30000,1,2,0,0,0,0,1.0,0,1227,502,522,521,521,13347,12843,13850,14125,14423,14516,0.0
12060,0,0,-1,360000,0,0,0,0,-1,-1,0.0,1587,1028,0,730,500,0,243114,46734,12558,0,730,500,0.0
29202,1,1,1,20000,1,2,2,0,0,2,3.0,300,1305,1305,1518,0,1861,17081,16809,17541,18250,19463,19010,2.0
12996,0,0,-1,50000,0,0,0,0,0,0,0.0,1513,1500,1000,978,839,1800,22458,22571,22309,22315,22934,23243,0.0
986,1,0,-1,130000,-1,-1,-1,-2,-1,-1,0.0,6433,2,937,4990,1215,9546,1018,6377,-2,935,4985,1212,-1.0
578,0,0,-1,80000,-1,-1,-1,-1,2,-1,1.0,13647,8314,4082,0,4085,0,5994,32223,8308,4082,538,4085,-1.0
22885,1,0,-1,240000,-1,2,0,-1,0,0,1.0,0,41000,10657,0,5041,9190,2077,1588,41513,10657,7893,5347,0.0
7626,0,0,-1,20000,0,0,0,0,0,0,0.0,1308,1593,800,700,741,531,19590,19120,18932,18749,18620,18668,0.0
13634,0,0,-1,100000,0,0,2,0,0,0,1.0,8800,0,2951,2300,7174,2700,90825,97242,94407,95124,96354,64168,0.0
2499,1,0,-1,50000,0,0,0,0,0,0,0.0,2846,2671,2396,2177,2146,2055,74969,76012,77330,70579,63751,56977,0.0
390,1,0,-1,260000,-1,-1,-1,0,0,-1,0.0,291,582,0,0,130291,651,1131,291,582,291,0,291,-1.0
25856,0,0,-1,50000,0,0,0,0,0,0,0.0,1754,1500,1500,1000,1100,1208,38516,28604,28089,27864,27173,27457,0.0
6286,0,1,1,140000,1,3,2,2,2,0,4.0,3300,0,6500,0,3000,3000,84014,85107,82532,81236,78306,72173,2.0
27159,1,0,-1,20000,0,0,0,0,0,0,0.0,1600,1300,1500,588,610,611,12721,14102,14870,16116,16436,16781,0.0
20143,0,0,-1,200000,0,0,0,-1,-1,-1,0.0,1024,492,2038,0,1226,1582,5853,5512,492,2038,316,1226,0.0
1854,0,0,-1,200000,-1,-1,-1,-1,-1,-1,0.0,11197,11657,9423,9726,11070,7976,16093,11163,11657,9423,9726,11070,-1.0
29737,0,0,-1,500000,-2,-2,-2,-2,-2,-2,0.0,5441,0,1535,1100,800,1297,1900,5441,0,1535,1100,800,-2.0
1619,0,0,-1,190000,0,0,0,0,-1,0,0.0,8614,5000,93,159212,5800,5500,110031,105500,104430,93,158481,161866,0.0
22046,0,0,-1,200000,0,0,0,0,0,0,0.0,8058,6900,7022,5300,5368,5520,198890,200299,181617,181994,150013,150283,0.0
17997,0,0,-1,360000,0,0,0,0,0,0,0.0,3000,3000,5000,5000,19138,1000,52460,40764,31185,25603,20394,29138,0.0
11065,0,0,-1,220000,1,2,0,0,0,0,1.0,0,7109,6050,6000,9111,6171,222737,216397,207870,172612,166705,166192,0.0
22556,0,0,-1,180000,0,0,0,0,0,0,0.0,6400,6400,7000,5000,5000,5000,136055,136095,136201,136857,130839,131059,0.0
12788,0,1,5,150000,0,0,0,0,0,2,1.0,13571,7500,10600,11200,5400,0,136518,146249,147624,138636,146609,149438,0.0
17142,0,0,-1,130000,0,0,0,0,0,0,0.0,6074,6037,4646,4230,1941,2151,187600,185945,183828,164667,132746,57989,0.0
27074,0,0,-1,350000,-1,-1,-1,-1,-1,-1,0.0,38933,24692,22388,13115,5167,11325,17999,38899,24620,22381,13115,5167,-1.0
24862,1,0,-1,330000,0,0,0,0,0,0,0.0,8000,6000,5600,6000,6000,6000,179935,177959,175259,153562,157072,158516,0.0
15994,0,0,-1,320000,-1,-1,-1,-1,-1,0,0.0,3336,7210,6091,24641,30000,5645,42442,3336,7210,6091,24641,30005,-1.0
9352,0,0,-1,260000,-1,-1,-1,-2,-2,-2,0.0,1340,0,0,0,0,3250,449,1340,0,0,0,0,-1.0
16967,0,0,-1,260000,0,0,0,0,0,0,0.0,2001,2048,2129,1660,1568,1997,73223,66672,64075,63922,60089,53326,0.0
12745,0,0,-1,50000,0,0,0,0,0,0,0.0,36027,1807,1000,500,400,500,16090,50912,34027,9568,9913,10132,0.0
1155,0,1,5,20000,1,2,0,0,0,2,2.0,0,1200,0,9537,0,0,19739,19137,19857,15422,19279,9537,0.0
28922,0,0,-1,220000,-1,0,0,0,0,0,0.0,7041,6921,6858,6219,6409,6659,179430,177387,175378,178367,177657,180346,0.0
5512,0,1,4,30000,0,0,0,0,2,2,2.0,1500,1500,4200,0,2252,0,27748,24640,51026,27400,26823,28621,0.0
16644,0,1,5,120000,-1,-1,-1,-1,-1,2,1.0,326,176,0,1428,0,476,326,326,176,-150,952,476,-1.0
12334,1,0,-1,60000,0,0,0,0,0,0,0.0,2296,2510,838,862,1015,400,60380,55367,111334,19358,19760,20223,0.0
18477,0,0,-1,240000,0,0,0,0,0,0,0.0,6537,6349,5834,3870,4000,3825,150886,141315,128940,124226,113133,113966,0.0
28117,0,0,-1,350000,0,0,0,0,0,0,0.0,3000,6000,6000,8027,8000,8000,15407,17826,23489,29037,36213,38163,0.0
2396,0,0,-1,110000,0,0,0,0,0,0,0.0,2326,3000,1807,1698,1911,1808,61152,60833,61245,47316,47175,47141,0.0
10281,0,0,-1,310000,-2,-1,0,0,0,-1,0.0,201153,20146,3000,512,839,165305,3473,35890,29935,20339,12924,839,0.0
20293,0,0,-1,80000,0,0,0,0,0,0,0.0,3000,5086,1750,2012,1630,2165,77086,77411,78686,66217,56167,53190,0.0
26706,0,0,-1,130000,-1,-1,0,-1,-1,-1,0.0,3555,1010,1466,2581,2509,3013,1439,3548,1958,1462,2573,2402,-1.0
8903,0,0,-1,270000,-1,0,0,-1,-1,-1,0.0,2222,2040,5599,3715,19626,2777,5908,8003,8156,5572,3697,19529,-1.0
25111,0,0,-1,30000,0,0,0,-2,-2,-2,0.0,3000,0,0,0,0,0,24181,16829,0,0,0,0,0.0
2868,0,0,-1,50000,0,0,0,0,0,0,0.0,1858,1685,659,658,656,651,45487,45548,46076,19092,18227,18285,0.0
15777,0,0,-1,70000,0,0,0,0,-2,-1,0.0,2177,5000,0,0,2254,24738,64927,58840,42859,0,0,2254,0.0
13989,0,0,-1,50000,0,0,0,0,0,0,0.0,1772,1301,835,856,854,672,47350,44948,40326,19576,19565,19531,0.0
10405,0,1,3,210000,0,0,0,2,2,2,3.0,2150,5000,2020,0,4500,2000,45998,47107,50999,51884,50926,54404,0.0
23050,1,0,-1,200000,-1,-1,0,-1,2,0,1.0,61634,2877,160944,0,5900,13000,2217,61328,2877,160944,156864,160066,-1.0
23598,0,0,-1,400000,-2,-2,-2,-2,-2,-2,0.0,18400,15000,492,15000,7725,3000,15000,18400,15000,492,14926,7626,-2.0
24893,0,0,-1,130000,0,0,0,0,2,0,1.0,1500,1500,2400,0,1500,1500,16657,17874,18776,20858,20225,21396,0.0
18728,0,0,-1,200000,0,0,0,0,0,-1,0.0,30000,1300,2000,1000,16332,15833,46139,59923,44974,30844,15833,15833,0.0
26632,0,0,-1,100000,1,2,0,0,0,0,1.0,107,2893,2104,312,207,2004,100364,97551,66365,62913,9389,6076,0.0
17467,0,0,-1,300000,-1,-1,-1,-1,-1,0,0.0,3558,2778,2778,5367,0,3661,2884,3558,2778,2778,5367,2589,-1.0
29582,0,0,-1,380000,-1,-1,-1,-1,-1,0,0.0,7500,2700,2300,6000,6000,3000,2302,7281,2686,2281,5760,9239,-1.0
29919,0,0,-1,190000,0,0,0,0,0,0,0.0,6388,6112,4202,4200,4200,5000,144706,137502,127014,120826,112211,110396,0.0
8339,1,0,-1,480000,-2,-2,-2,-2,-2,-2,0.0,4,149654,18885,5940,69337,200655,24610,-310,148544,18791,5909,68988,-2.0
6617,0,0,-1,70000,0,0,0,0,0,0,0.0,2777,1751,969,1004,938,1122,105991,67243,67533,28653,29253,26185,0.0
13745,1,1,1,100000,1,2,2,2,2,2,5.0,0,5000,0,5000,0,5000,27044,26325,30882,30090,34419,33714,2.0
12068,1,0,-1,20000,0,0,2,0,0,0,1.0,2000,1000,1000,1000,1000,800,17614,19323,19694,20004,20159,20059,0.0
21251,0,0,-1,340000,0,-1,-1,0,0,0,0.0,43418,388126,12500,11000,11000,11180,9983,43418,388126,358617,333690,302528,0.0
9742,0,0,-1,60000,0,0,0,0,0,0,0.0,2000,2000,1000,1501,3000,1500,49244,48310,41746,25488,26199,28200,0.0
15002,0,0,-1,80000,-1,0,0,0,0,0,0.0,5000,4176,4000,3000,2141,3000,75356,78236,77700,58025,59527,60778,0.0
27870,0,0,-1,70000,0,0,0,0,0,0,0.0,2791,2939,2364,4876,2557,3599,69754,71377,71225,64644,68427,69893,0.0
22608,0,0,-1,390000,0,0,0,0,0,0,0.0,17843,8315,6839,3000,2348,2401,200927,200612,202794,191419,81360,66864,0.0
10846,0,0,-1,500000,-1,-1,-1,-2,-1,-1,0.0,1558,0,0,10087,79,471,719,1550,-50,-50,10037,79,-1.0
22804,0,0,-1,180000,0,0,0,0,0,0,0.0,3603,5705,3003,10607,7976,5412,68488,47603,48705,50140,60607,67976,0.0
19173,0,0,-1,100000,0,0,0,0,0,0,0.0,3252,3215,2792,1881,1945,2184,92189,88832,89762,77986,71031,66983,0.0
19416,1,0,-1,230000,-2,-2,-2,-2,-2,-2,0.0,3186,1786,363,437,843,500,312,2984,1786,363,437,843,-2.0
29082,1,1,1,200000,1,2,2,0,0,0,2.0,7500,0,6014,5000,6000,5000,203108,206084,187747,159746,140632,143092,0.0
15355,0,0,-1,160000,-1,-1,-1,-1,-1,-1,0.0,20415,2141,2144,5816,2144,1456,5459,20415,2141,2144,5816,2144,-1.0
10336,0,0,-1,50000,0,0,0,0,0,0,0.0,2022,2000,0,1000,1904,1664,49073,12630,9215,9215,8011,5615,0.0
19877,0,0,-1,50000,0,0,-1,0,0,0,0.0,3000,15000,2000,2000,2000,0,37606,17971,10812,12237,13057,15057,0.0
27452,0,0,-1,110000,0,0,0,0,0,0,0.0,5000,10000,3000,6000,3300,5000,80338,83483,74258,66409,69895,72234,0.0
8755,0,0,-1,210000,0,0,-2,-2,-2,-2,0.0,0,0,0,0,0,0,15991,0,0,0,0,0,-2.0
21570,0,0,-1,140000,-1,-1,-1,-1,-1,-1,0.0,2809,7541,10661,2214,6020,0,30077,2809,7541,10661,2214,6020,-1.0
3115,0,0,-1,160000,-1,-1,-1,-1,-1,-1,0.0,3248,3421,2750,2750,5224,2313,3189,3203,3421,2750,2750,5224,-1.0
28826,0,0,-1,280000,-1,-1,-1,-1,-1,-2,0.0,509,0,121,0,0,0,268,509,0,121,0,0,-1.0
10436,0,1,5,100000,0,0,0,0,0,2,1.0,3300,3200,2650,9000,0,3100,70096,71667,73043,73928,80682,77485,0.0
20593,0,0,-1,50000,0,0,0,0,0,0,0.0,1295,1323,1598,674,690,855,17831,18139,18777,19662,19348,19355,0.0
13548,0,0,-1,130000,0,0,-2,-2,-2,-2,0.0,0,0,0,0,0,0,102650,0,0,0,0,0,-2.0
8515,0,1,2,20000,0,0,2,2,2,2,4.0,4593,0,3000,0,1304,1000,10511,14913,14382,16820,16411,17287,2.0
22397,0,0,-1,130000,0,0,0,0,0,-1,0.0,4000,4000,6500,5400,124582,10000,106796,108673,104535,105349,105254,120756,0.0
1057,0,0,-1,190000,1,2,0,0,0,0,1.0,0,4413,2942,2000,1583,1500,115056,108137,89722,69861,49894,49727,0.0
29299,0,1,5,50000,0,0,0,0,0,2,1.0,2000,2000,2000,5100,0,4000,29425,30932,32128,33588,38106,37364,0.0
28877,0,0,-1,140000,-2,-2,-1,-1,-1,-1,0.0,1015,310,2361,854,565,673,954,1015,310,2361,854,565,-1.0
9917,0,0,-1,220000,-2,-2,-1,0,0,0,0.0,1031,3077,7500,10048,15010,9000,4289,4637,1252,8069,18117,23176,0.0
15992,0,1,2,100000,0,0,2,2,2,2,4.0,5884,0,2270,1300,3000,1700,32200,37211,36338,37698,38074,40295,2.0
13848,0,0,-1,360000,-2,-2,-2,-2,-2,-2,0.0,0,0,0,0,0,0,2500,0,0,0,0,0,-2.0
20816,0,0,-1,110000,-1,-1,-1,-1,0,0,0.0,390,5050,63032,1100,1100,1000,390,390,5050,63032,33228,31073,-1.0
16698,0,1,1,80000,1,2,2,2,2,2,5.0,300,6200,2139,0,4000,0,81053,79337,82698,81467,49150,51303,2.0
29048,0,0,-1,120000,0,0,0,0,0,0,0.0,2740,2407,1421,0,0,840,58436,60202,61042,61253,57695,2530,0.0
19141,0,0,-1,160000,0,0,0,0,0,-1,0.0,5000,5017,5000,0,6774,0,27720,14413,13484,6714,-319,3583,0.0
19564,1,0,-1,230000,-1,-1,-1,-1,-1,-1,0.0,4347,2557,4443,4832,6314,7897,3251,4342,2557,4440,4832,6059,-1.0
1196,0,0,-1,160000,-2,-2,-2,-2,-2,-2,0.0,666,403,1650,336,790,1141,710,666,403,1650,336,790,-2.0
3203,0,0,-1,70000,0,0,0,0,0,0,0.0,3292,3290,1706,1759,1729,1717,71106,67954,68976,49145,49688,47780,0.0
26140,0,0,-1,210000,-2,-2,-2,-2,-2,-2,0.0,0,4160,2540,1055,0,408,4065,0,4160,2540,1055,0,-2.0
10156,1,1,3,10000,0,0,0,2,2,2,3.0,1300,1602,0,948,0,484,6579,7611,8926,8634,9442,9144,0.0
13544,0,0,-1,150000,-2,-2,-2,-2,-2,-2,0.0,13016,0,0,1761,18306,4275,1622,12946,0,0,1761,18304,-2.0
26461,0,0,-1,80000,0,0,0,0,0,0,0.0,2384,5000,2000,1732,2000,3003,77347,61998,47941,47851,48804,50033,0.0
761,1,1,5,50000,1,2,0,0,0,2,2.0,1300,1400,920,1700,0,900,43343,43360,23417,21969,21179,18711,0.0
17930,0,0,-1,230000,0,0,0,0,0,0,0.0,9800,6418,8000,7000,6618,11000,170041,174811,177733,182106,183965,186979,0.0
24820,0,0,-1,150000,-1,-1,-1,-1,-1,-2,0.0,834,5487,2020,51,0,6000,3056,834,5487,2003,-222,-222,-1.0
8099,0,0,-1,50000,-2,-2,-2,-2,-2,-2,0.0,0,0,0,0,0,0,900,0,0,0,0,0,-2.0
20119,0,0,-1,240000,0,0,0,0,0,0,0.0,5295,5500,5500,4000,4500,4000,103100,106908,109419,111838,112727,115479,0.0
11645,0,0,-1,80000,0,0,0,0,0,0,0.0,1618,1533,1038,852,765,627,45747,40851,35933,30605,25189,19766,0.0
23152,0,0,-1,180000,-1,-1,-1,-1,0,0,0.0,3446,6186,6695,4000,955,2401,3316,3385,6186,6695,7173,5094,-1.0
29540,0,0,-1,70000,0,0,0,0,0,0,0.0,3067,3000,3000,2000,2000,2000,65824,51634,52567,42743,43894,45051,0.0
249,0,0,-1,330000,0,0,0,0,2,0,1.0,2504,4007,5056,74,1023,2566,46140,45781,48139,51137,39450,25358,0.0
28872,0,0,-1,30000,0,0,0,0,0,0,0.0,1542,2002,2000,900,1500,1500,20061,17435,14452,13050,11083,9249,0.0
13332,1,0,-1,80000,0,0,0,0,0,0,0.0,1751,1500,1000,779,545,500,28190,27045,22843,20578,19049,16221,0.0
10356,0,0,-1,180000,0,0,0,0,0,0,0.0,2006,6995,282,0,200,0,18896,20166,16995,15324,6758,5730,0.0
10876,1,0,-1,400000,-1,-1,-2,-1,-1,-2,0.0,0,0,2827,0,0,3347,4750,0,0,2827,0,0,-1.0
19729,0,0,-1,170000,-1,-1,-1,-1,-1,-1,0.0,2999,4904,68,2761,2673,1861,6699,2999,4896,68,2761,2673,-1.0
21732,0,0,-1,180000,-1,-1,-1,-1,-1,-1,0.0,5865,6091,5537,17366,16971,2785,4745,5865,6059,5537,17366,16971,-1.0
13215,0,0,-1,130000,0,0,0,-1,-1,-1,0.0,2606,3174,386,1778,384,1446,65743,63724,63163,386,1770,384,0.0
15931,0,0,-1,310000,-2,-2,-2,-2,-2,-2,0.0,1062,8805,3087,0,0,3240,13158,1062,8805,3024,0,0,-2.0
28651,0,0,-1,50000,0,0,-2,-2,-2,-2,0.0,0,0,0,0,0,0,36325,0,0,0,0,0,-2.0
25650,0,0,-1,90000,0,0,0,0,0,0,0.0,3338,3096,4000,3000,2829,2500,91643,90717,89053,82623,70740,69237,0.0
20489,0,0,-1,160000,0,0,0,0,0,0,0.0,5398,5676,8874,161,0,0,11152,11354,11486,12176,8044,0,0.0
6615,0,0,-1,260000,0,0,0,0,0,0,0.0,7000,3000,7152,8000,4000,4000,166071,137702,77683,163040,86008,88575,0.0
10559,0,0,-1,190000,0,0,0,0,0,0,0.0,7200,8000,4100,4000,5000,7000,197494,194913,192896,116537,112086,108660,0.0
1240,0,0,-1,80000,-1,-1,-1,-1,-1,0,0.0,9796,13443,396,396,0,396,2890,9796,13443,396,396,396,-1.0
20515,0,0,-1,130000,-1,0,0,-2,-2,-2,0.0,2000,0,0,0,0,0,2219,4141,0,0,0,0,-2.0
22274,0,0,-1,270000,0,0,0,0,0,0,0.0,1520,1719,1200,1000,2000,3022,39004,28963,23021,17934,13650,12864,0.0
4667,0,0,-1,80000,0,0,0,0,0,0,0.0,1244,1000,500,0,0,0,18100,6826,7582,8082,8082,8082,0.0
5701,1,0,-1,180000,-1,-1,-2,-2,-2,-2,0.0,0,0,0,0,0,0,2743,0,0,0,0,0,-2.0
24003,0,0,-1,400000,0,0,0,0,0,0,0.0,2501,10009,1437,1105,510,959,15330,8626,11470,10745,20737,9545,0.0
3302,0,0,-1,20000,0,0,0,0,0,0,0.0,1319,1291,656,679,784,376,20073,19940,19441,18680,19071,19217,0.0
20928,0,0,-1,50000,0,0,2,0,0,0,1.0,6930,0,1200,155,3000,0,40505,46745,45727,45515,45470,4220,0.0
27690,0,0,-1,30000,0,0,0,0,0,0,0.0,1165,1188,1199,436,452,458,8935,9948,10971,11982,12219,12475,0.0
29680,0,0,-1,200000,0,0,0,0,0,0,0.0,7313,7157,11609,5609,5059,5014,208835,202673,193898,180759,160482,132870,0.0
25858,0,0,-1,500000,0,0,0,0,0,0,0.0,4000,4009,17446,100000,10000,20000,111937,104203,96617,97437,185322,179697,0.0
13674,1,0,-1,30000,0,0,0,0,0,0,0.0,1600,2000,2000,614,924,0,30123,30299,27758,22720,19136,14452,0.0
2181,0,0,-1,310000,0,0,0,0,0,0,0.0,1193,1187,433,428,431,445,10513,11228,12222,12468,11809,12044,0.0
10347,0,0,-1,260000,-2,-2,-2,-2,-2,-2,0.0,7378,3696,4726,2966,5946,6020,3304,7378,3641,4726,2966,5946,-2.0
12627,0,0,-1,80000,0,0,0,0,0,0,0.0,3121,8443,1582,548,531,479,82567,84221,80041,19000,15178,14717,0.0
12233,0,0,-1,80000,0,0,0,0,0,0,0.0,2657,1800,1799,1616,1697,1737,66426,55334,53738,49021,45494,44218,0.0
28566,0,0,-1,250000,-1,2,-1,-1,-1,-2,1.0,60,32812,43932,2323,47356,5480,22423,16296,32631,43399,2323,46895,-1.0
13435,0,0,-1,70000,0,0,0,0,0,0,0.0,1586,1000,0,0,0,0,36201,25510,11402,8464,6464,-1000,0.0
22822,0,0,-1,200000,0,0,0,0,0,0,0.0,7700,9300,6500,3000,856,1152,215090,208556,214321,134517,54711,23611,0.0
28501,0,0,-1,290000,-2,-2,-1,-1,0,0,0.0,10421,566,12008,8012,343,2630,2348,10421,566,12008,19820,17135,-2.0
12765,0,1,5,110000,1,2,0,0,0,2,2.0,0,3000,2000,53700,0,3000,109636,96380,56414,56677,109583,107981,0.0
25781,0,0,-1,200000,0,0,-2,-2,-2,-2,0.0,0,0,0,0,0,0,10701,0,0,0,0,0,-2.0
19657,0,1,1,100000,-1,2,2,-1,0,0,2.0,0,0,3198,0,2000,3348,5640,1570,0,3198,3198,5198,-1.0
27042,0,0,-1,250000,-1,-1,0,0,0,0,0.0,4907,2000,2000,1000,319,247,207,4907,6833,8766,9539,9779,0.0
25564,0,0,-1,480000,0,0,0,0,0,0,0.0,9960,30902,7410,6368,7323,5837,241989,217460,242500,185344,164256,168433,0.0
26555,0,1,1,20000,1,2,2,2,0,0,3.0,0,2400,0,2458,2228,780,8992,8313,10179,9394,11462,11410,2.0
9223,1,1,1,50000,1,2,2,2,2,2,5.0,1000,2363,1200,0,2700,1157,29003,29244,30827,31224,30587,32763,2.0
7195,0,0,-1,500000,-1,-1,-1,-1,-1,-1,0.0,600,0,51697,37511,1685,414,4560,600,0,51697,37511,1685,-1.0
6431,0,0,-1,50000,-1,-1,-1,-1,-1,0,0.0,0,390,390,28094,1011,965,780,0,390,390,28094,28263,-1.0
17092,0,1,1,30000,1,2,3,2,2,0,4.0,4000,0,1000,0,2000,2000,17835,21220,20563,18676,18281,17261,2.0
8326,0,0,-1,200000,0,0,0,0,0,0,0.0,1219,1000,1000,1340,0,0,47517,8219,9000,10000,11340,0,0.0
20096,0,0,-1,140000,0,0,0,0,0,0,0.0,5750,5530,6600,5100,5460,5460,156062,158495,160681,144194,144802,147311,0.0
16447,1,1,3,20000,0,0,0,4,3,2,3.0,1500,5000,0,0,0,3000,14034,15296,20035,19435,18835,18395,0.0
9117,0,0,-1,200000,-1,-1,-1,-1,-1,-1,0.0,46722,22985,8346,971,4296,21767,15456,46620,22935,8335,971,4278,-1.0
7330,1,0,-1,140000,0,0,-2,-2,-2,-2,0.0,2198,5,0,0,0,0,6265,7300,1934,0,0,0,-2.0
19178,0,0,-1,200000,-2,-2,-2,-2,-2,-2,0.0,1336,8457,48757,4200,7312,21740,7096,1323,8457,48757,4200,7312,-2.0
16420,0,0,-1,270000,-2,-2,-2,-2,-2,-2,0.0,0,0,0,0,0,0,1526,0,0,0,0,0,-2.0
12006,1,0,-1,20000,1,2,0,0,0,-2,1.0,0,1200,9,1000,0,0,19866,19257,18901,18210,0,0,0.0
22616,0,0,-1,250000,-2,-2,-2,-2,-2,-2,0.0,4843,2942,1057,1708,3014,3037,1385,4843,2942,1054,1708,3014,-2.0
23468,0,0,-1,230000,0,0,0,0,0,0,0.0,10699,5080,10000,3560,45000,86000,168708,161074,151884,146113,147650,43703,0.0
17898,0,0,-1,110000,0,0,0,0,0,0,0.0,5000,5000,5000,5000,5000,4000,87487,90120,93661,96185,99667,102978,0.0
5756,0,1,1,30000,1,2,2,2,2,2,5.0,0,2905,0,1386,0,600,13164,12668,15038,14502,15501,15105,2.0
26787,0,0,-1,180000,-1,-1,-1,-1,-1,-1,0.0,6406,629,11545,2348,122,0,3810,6406,629,11542,2348,122,-1.0
12806,0,0,-1,110000,-1,-1,-1,-1,-1,-1,0.0,9483,1338,2176,16070,1760,927,734,9455,1277,2170,16070,1760,-1.0
6515,1,0,-1,290000,1,2,0,0,0,0,1.0,0,14000,9000,5000,5000,5000,292907,285272,288543,209443,132211,133946,0.0
22075,0,0,-1,360000,0,0,0,0,0,0,0.0,1498,1799,1008,120,2289,5302,44179,37697,29686,23724,5576,2273,0.0
6936,0,0,-1,200000,0,0,0,0,0,0,0.0,5032,2263,1901,1779,0,0,90930,94502,93559,95060,88930,-23670,0.0
17610,0,0,-1,50000,0,0,0,0,0,0,0.0,2682,5000,5000,1000,500,302,81793,84360,89215,93908,14308,14808,0.0
19736,0,0,-1,200000,0,0,0,0,0,0,0.0,2278,2473,2161,2075,1973,2000,62574,63814,65265,66234,62356,55080,0.0
29687,0,0,-1,360000,-1,-1,-1,-1,-1,-1,0.0,23718,11850,13898,7477,7718,168350,57709,23707,11850,12533,7477,7718,-1.0
16606,0,0,-1,50000,-1,0,0,0,0,0,0.0,2955,2500,2500,2526,2000,1500,228,3183,5455,7629,6354,4655,0.0
26950,0,0,-1,400000,-1,-1,-1,0,0,0,0.0,0,258900,20170,17000,10000,10000,3919,-8477,247784,258900,225614,228219,-1.0
4814,0,0,-1,130000,0,0,0,0,0,0,0.0,5000,2000,5000,3000,6000,2280,24565,22446,23245,27410,12085,9535,0.0
14972,1,0,-1,120000,1,2,0,0,0,0,1.0,1000,2000,177,2000,1000,0,6305,7052,8786,8863,10763,7140,0.0
20954,0,1,5,140000,0,0,0,0,0,2,1.0,6088,5677,4797,15414,0,2330,185948,170133,155737,140586,136641,117308,0.0
965,0,0,-1,50000,0,0,-1,-1,0,0,0.0,3027,3858,11139,3009,3016,3008,14937,12171,3847,11117,6479,6187,0.0
5577,1,0,-1,150000,-2,-2,-2,-2,-2,-2,0.0,0,0,0,0,0,0,3627,0,0,0,0,0,-2.0
5051,0,0,-1,20000,0,0,0,0,0,0,0.0,2500,2400,2000,900,800,600,45629,46661,47594,49281,18714,19162,0.0
5107,0,0,-1,20000,0,0,0,0,0,0,0.0,1336,1211,1500,1300,1500,1000,17962,17858,17972,16592,15369,16247,0.0
7483,0,0,-1,70000,0,0,0,0,0,0,0.0,1600,2000,7000,5000,1500,1500,28995,30131,31610,37209,40749,40541,0.0
15482,1,0,-1,150000,-2,-2,-2,-2,-2,-2,0.0,10943,10273,5978,3068,2181,3242,22109,10876,10268,5872,3068,2181,-2.0
3231,1,0,-1,220000,0,0,0,0,0,0,0.0,2700,1534,1700,3000,3000,3000,28132,30362,31387,32559,35019,37422,0.0
19403,0,0,-1,230000,-2,-2,-2,-2,-2,-2,0.0,273,3588,1428,4398,5748,3768,273,273,2418,1428,4398,5748,-2.0
27112,1,1,1,70000,1,2,2,2,2,2,5.0,0,3000,0,1200,0,1500,11300,10822,13633,13117,14096,13727,2.0
18097,1,1,1,250000,-1,3,2,-2,-2,-2,2.0,0,1400,0,0,0,0,173,173,1573,1400,0,0,-2.0
8577,0,1,2,170000,0,0,2,2,2,2,4.0,11936,13314,5801,5800,11000,1000,133149,138769,145050,146641,149603,157601,2.0
281,0,0,-1,30000,0,0,-1,0,0,-2,0.0,1000,664,1500,0,0,0,1512,2458,664,1814,0,0,0.0
3327,0,0,-1,80000,0,0,-2,-2,-2,-2,0.0,0,8000,0,0,0,0,83150,-8000,0,0,0,0,-2.0
6166,0,0,-1,360000,0,0,0,0,0,0,0.0,16629,9519,9367,10001,9513,9973,429169,278515,259097,259999,265746,259299,0.0
18640,1,1,2,70000,0,0,2,2,2,4,4.0,2000,1500,3500,5300,0,0,33390,34832,35472,38369,42729,41496,2.0
20929,0,0,-1,360000,-2,-2,-2,-2,-2,-2,0.0,286,0,0,390,0,0,780,286,0,0,390,-200,-2.0
9394,0,0,-1,170000,0,0,0,0,0,0,0.0,7040,6165,5004,5003,5001,5009,142118,144803,133868,119956,121277,122926,0.0
3143,0,0,-1,170000,0,0,0,0,0,0,0.0,80000,4742,2022,2076,1776,10433,165602,138507,136176,61000,59477,44218,0.0
814,0,0,-1,300000,-1,0,0,0,0,-1,0.0,2000,3000,0,5000,6202,0,24921,21333,16212,11304,11396,6138,0.0
17152,0,0,-1,180000,0,0,0,0,0,-1,0.0,3800,6000,3000,100,1100,800,112106,105872,107685,106060,2958,1079,0.0
20414,0,0,-1,30000,0,0,0,0,0,0,0.0,2015,1800,1200,551,0,28983,29160,30640,23583,24195,24546,-354,0.0
27738,0,0,-1,10000,0,0,0,0,0,0,0.0,1282,1299,1156,342,354,793,6488,7502,8519,9376,9562,9762,0.0
20633,0,0,-1,260000,0,0,0,2,0,0,1.0,1500,4000,0,2000,1500,1000,4640,5891,8840,8464,10068,10977,0.0
15577,0,0,-1,350000,-2,-2,-2,-2,-2,-2,0.0,4213,1529,4713,363,858,566,27506,4213,1518,4625,363,858,-2.0
14733,0,0,-1,340000,0,0,2,0,0,0,1.0,12002,0,4387,4634,4519,2402,106867,117152,113312,114379,113627,112193,0.0
27502,1,0,-1,80000,0,0,0,0,0,0,0.0,2545,2208,1336,2232,542,348,61454,61808,62290,29296,26210,17643,0.0
10727,0,0,-1,140000,0,0,0,0,0,0,0.0,6000,6982,3500,3800,3700,4000,142119,142362,142292,99399,101677,100867,0.0
926,1,1,2,180000,-2,-1,2,2,-2,-2,2.0,3500,0,0,0,0,0,11392,14688,14040,13440,13440,13080,-2.0
20815,0,0,-1,180000,-1,-1,-1,-1,0,0,0.0,45612,0,245863,5009,5040,0,49531,45612,0,245863,250472,251024,-1.0
19952,0,0,-1,30000,-2,-2,-2,-2,-2,-2,0.0,835,8939,5480,0,1996,0,1535,835,8927,5371,0,1996,-2.0
26886,0,0,-1,260000,0,0,0,0,0,0,0.0,7000,7000,6000,6001,6000,6000,138834,143518,146714,148787,152306,155690,0.0
27343,0,0,-1,500000,0,0,0,0,0,0,0.0,1862,1593,1538,835,451,553,50140,45984,44584,25402,21140,16072,0.0
26770,0,0,-1,160000,-1,-1,-1,-1,0,0,0.0,498,493,16936,8030,7000,500,498,498,493,16931,18913,19272,-1.0
19199,0,0,-1,300000,-1,-1,-2,-2,-2,-2,0.0,0,0,0,0,0,0,2470,0,0,0,0,0,-2.0
26696,0,0,-1,80000,0,0,0,0,0,0,0.0,10000,5000,10000,6500,5000,5000,81099,81449,79887,76067,73077,76894,0.0
5357,0,0,-1,500000,-1,-1,-1,-1,-1,-1,0.0,1086,740,0,1868,1883,621,1895,1086,740,0,1868,1883,-1.0
24222,0,0,-1,130000,0,0,0,0,0,0,0.0,5000,5000,5000,5000,5000,5000,132242,117873,120889,118293,121312,121162,0.0
25652,0,0,-1,210000,0,0,0,0,0,0,0.0,5000,3397,3000,2000,2300,5230,13744,14565,13173,13258,8155,2838,0.0
29988,0,0,-1,130000,0,0,0,0,0,0,0.0,3000,2000,93000,4000,5027,4005,23292,14077,15546,108047,93708,97353,0.0
12089,0,0,-1,250000,0,0,0,0,-1,0,0.0,21343,1238,1235,79788,2148,18253,55891,59152,20615,13896,79740,70097,0.0
15442,1,0,-1,20000,0,0,-1,-1,0,0,0.0,2000,631,4481,2000,300,3332,7320,7761,631,4481,6481,3465,0.0
24779,0,0,-1,300000,-2,-2,-2,-2,-2,-2,0.0,114402,127180,0,0,0,0,161772,111664,123854,0,0,0,-2.0
24548,0,0,-1,490000,0,0,0,0,0,0,0.0,3000,5000,4000,3000,4000,5000,79712,81707,85703,87725,88727,91483,0.0
12724,0,1,1,70000,1,2,2,2,2,2,5.0,2900,2500,2500,2500,2600,1000,61401,62712,63586,64440,65761,67128,2.0
4862,0,0,-1,60000,0,0,0,0,0,0,0.0,2000,2000,1500,1500,1500,1100,43757,29772,30710,28914,29823,28916,0.0
10289,0,0,-1,150000,0,0,0,0,0,-1,0.0,5000,4500,3300,300,2029,16368,21112,13155,14534,3334,318,1963,0.0
9796,1,0,-1,250000,0,0,0,0,0,0,0.0,7000,3000,2000,3500,5000,3000,142477,85965,71453,54063,52723,56752,0.0
5309,0,0,-1,80000,0,0,0,0,0,0,0.0,5000,2606,2200,2100,6679,1700,52065,55205,55900,55622,56295,61598,0.0
17293,0,0,-1,280000,0,0,0,0,0,0,0.0,6000,6500,6000,1000,2000,2012,157424,161596,166680,170691,14988,16776,0.0
12972,1,0,-1,240000,-1,-1,-1,-1,-1,-1,0.0,548,208,0,44,0,643,59,548,208,0,44,19,-1.0
18172,0,0,-1,400000,-1,-1,-1,-1,0,-1,0.0,5877,5300,6534,0,500,360,11461,5864,5300,6534,5222,500,-1.0
14711,0,0,-1,150000,-2,-2,-2,-2,-2,-2,0.0,2779,0,500,399,0,0,6806,2774,0,500,399,0,-2.0
2645,1,0,-1,170000,1,2,0,0,0,0,1.0,0,6320,5045,1000,0,0,153322,149027,150920,145689,33588,0,0.0
20966,0,0,-1,250000,0,0,0,0,0,0,0.0,5000,5000,5000,5000,4000,5000,76412,80024,83952,87147,91191,94220,0.0
14078,0,0,-1,140000,0,0,0,0,0,0,0.0,4922,3910,4604,4000,3000,4000,126546,124926,111220,75706,69278,58589,0.0
17322,0,0,-1,260000,0,0,-1,-1,0,0,0.0,1000,2740,107139,4000,4000,4696,2229,3140,2740,107139,105188,104418,0.0
19717,0,0,-1,430000,1,2,0,0,2,0,2.0,0,3000,3500,0,2000,2000,14965,11576,14099,15128,14647,16317,0.0
10704,0,0,-1,20000,0,0,0,2,0,0,1.0,2000,3000,0,1000,1000,1000,15573,17013,19413,14871,15478,16068,0.0
11687,0,0,-1,240000,0,0,0,0,0,0,0.0,9700,5000,5500,5500,5000,5000,232943,236437,133385,136654,136639,123951,0.0
18362,0,0,-1,130000,0,-1,-1,0,-1,0,0.0,527,11249,1200,16578,0,33232,8570,527,11249,7816,16578,16129,0.0
27908,0,0,-1,150000,0,0,0,-1,-1,0,0.0,8002,7601,701,64758,29008,30000,80625,37645,43747,700,64758,92966,0.0
5104,0,0,-1,240000,-2,-2,-1,0,-1,-1,0.0,5005,5240,4101,3771,1891,46438,9187,4740,5240,7795,3771,1891,-1.0
25011,0,1,5,50000,0,0,2,0,0,2,2.0,3800,0,1500,300,0,150,33499,36742,35875,36501,21764,1723,0.0
20877,0,0,-1,280000,-1,-1,-1,-1,-1,-1,0.0,5410,2380,3709,5849,5606,5299,4608,5393,2369,3700,5024,5188,-1.0
26435,0,0,-1,300000,0,0,0,0,0,0,0.0,2000,2000,2552,2000,3000,8000,30153,28384,26700,22554,11858,13838,0.0
742,0,0,-1,110000,-1,-1,-1,-1,-2,-2,0.0,2007,3796,0,0,0,0,1064,2001,3796,0,0,0,-1.0
22994,0,1,1,50000,1,2,2,3,3,2,5.0,2000,4000,2000,0,2000,3000,45313,46262,49188,50084,48980,50050,2.0
6231,0,0,-1,30000,0,0,0,0,0,-2,0.0,18808,1200,263,0,0,0,10198,28773,18031,13127,0,0,0.0
28936,0,0,-1,460000,-1,-1,-1,-1,-1,-1,0.0,8869,23664,12659,5752,10192,7419,14460,8869,21494,12657,5739,10184,-1.0
16044,1,0,-1,50000,-1,-1,-1,-1,-1,-1,0.0,0,1271,949,110,0,558,65,0,1271,940,110,0,-1.0
19432,0,0,-1,240000,1,2,0,0,0,-1,1.0,0,1057,1000,0,5300,1800,7029,3932,2105,2487,777,5300,0.0
23713,0,0,-1,100000,0,0,0,2,0,0,1.0,3004,7500,0,5001,3390,4000,82397,84027,88734,86369,89994,89681,0.0
15721,0,0,-1,210000,-1,-1,-2,-2,-1,-1,0.0,0,0,0,1243,0,0,5811,0,0,0,1243,0,-1.0
2568,0,0,-1,210000,-1,-1,-1,0,-1,-1,0.0,8666,17307,173,8666,17303,173,8666,8666,17307,8666,8666,17303,-1.0
26075,0,0,-1,160000,-2,-1,-1,-1,-1,-1,0.0,920,852,1759,5707,0,0,7596,898,850,1729,5696,0,-1.0
6642,0,0,-1,160000,0,0,0,-1,-1,-1,0.0,5600,3715,6666,6666,6666,6666,135233,130038,79027,6666,6666,6666,0.0
825,1,0,-1,40000,0,0,0,0,0,0,0.0,2000,1500,2330,2300,1000,2078,11058,11471,11776,12660,12660,12413,0.0
26901,0,0,-1,180000,0,0,0,0,0,0,0.0,3000,3000,4000,5000,3000,5000,62087,63444,65420,67722,70970,72670,0.0
23385,1,1,1,50000,1,2,2,2,2,2,5.0,3100,1800,0,2200,0,2700,24622,26999,28071,27326,28769,28170,2.0
7576,0,0,-1,180000,0,0,0,0,0,0,0.0,6000,7030,8000,5396,5390,5006,166915,117351,115402,105844,98396,101390,0.0
4545,0,0,-1,150000,0,0,0,0,0,0,0.0,3952,2614,2631,2735,2740,2720,146277,127679,73323,74783,76360,77868,0.0
17772,0,0,-1,70000,0,0,0,0,0,0,0.0,1184,1210,1218,500,500,543,10083,11091,12117,13125,13407,13692,0.0
18915,1,0,-1,120000,1,2,0,0,0,0,1.0,0,3000,3000,3000,5000,0,60188,58467,59760,60990,61960,65233,0.0
27469,0,0,-1,390000,-1,-1,-2,-1,-1,-1,0.0,0,0,2582,128,6273,0,898,0,0,2582,128,6273,-1.0
1084,1,1,1,50000,1,2,2,2,2,2,5.0,2000,2000,2000,1900,1900,1600,47054,48008,48913,49847,50840,49502,2.0
23281,0,0,-1,250000,0,0,0,0,0,0,0.0,5143,10025,10074,10049,10076,10012,107476,87000,48162,48803,41207,34792,0.0
5847,1,1,4,90000,0,0,0,0,2,2,2.0,5003,5000,20000,10,10104,87,58043,61485,62540,81123,80073,82472,0.0
17196,0,0,-1,160000,0,0,0,-1,-1,0,0.0,5004,8004,400,16903,345,352,21898,23075,24010,400,16903,17248,0.0
4957,1,0,-1,280000,-1,-1,0,0,0,0,0.0,151650,5546,6007,5507,6007,4184,8814,151643,153190,147589,149291,151357,0.0
1274,0,0,-1,20000,-1,0,-1,-1,-1,-1,0.0,1072,390,390,390,0,780,10658,9288,390,390,390,0,-1.0
29231,0,0,-1,30000,0,0,-2,-2,-2,-1,0.0,0,0,0,0,7844,235,11080,-202,-202,-202,-202,7571,-2.0
26157,0,0,-1,290000,0,0,0,0,0,0,0.0,7118,5800,3792,4010,4276,3655,169108,170419,142264,101952,103174,105464,0.0
4548,0,0,-1,200000,0,0,0,0,0,0,0.0,11000,3000,3000,2000,3000,10000,54663,46147,44095,25454,17651,18994,0.0
25159,1,1,1,30000,1,2,2,-1,2,2,4.0,10,0,1470,341,0,12324,22623,3019,-341,1129,1470,339,2.0
10630,0,0,-1,210000,-1,-1,-1,-1,-1,0,0.0,264,264,264,42515,1559,1472,1024,264,264,264,42515,43104,-1.0
7778,1,0,-1,280000,0,0,0,0,0,0,0.0,4728,4700,4210,4455,4109,4000,126305,128888,123909,124078,124489,114110,0.0
10044,0,0,-1,50000,0,0,0,0,0,0,0.0,1129,1289,303,313,321,472,6449,7314,8474,8488,8665,8843,0.0
8138,0,0,-1,140000,-2,-1,0,0,0,0,0.0,141472,8000,5075,4000,4000,5000,25001,138430,135573,98172,93677,95276,0.0
3842,0,0,-1,380000,0,0,0,0,0,0,0.0,6000,6010,5209,5000,5000,4000,167061,158903,275057,156348,153778,139177,0.0
9405,0,0,-1,110000,0,0,0,0,0,0,0.0,6000,4016,3000,3000,4000,4000,111271,111532,107998,79211,77881,80628,0.0
17328,0,0,-1,150000,0,0,0,0,0,0,0.0,5000,30000,3000,5000,15000,6000,16878,7632,33019,31366,31709,42632,0.0
21587,1,0,-1,30000,0,0,0,0,0,0,0.0,1462,1589,1351,2500,4000,1500,28709,28649,29619,30224,27326,30297,0.0
284,0,0,-1,100000,0,0,0,0,0,0,0.0,4173,3000,2025,5000,3000,3000,53494,52656,52600,52336,55831,56265,0.0
25680,0,0,-1,180000,0,0,0,0,0,0,0.0,5000,5024,4300,3500,4000,4000,110856,99925,102359,96462,96846,95549,0.0
15549,1,0,-1,450000,-2,-2,-2,-2,-2,-2,0.0,4021,5241,4729,3284,6441,4285,8012,4009,5226,4715,3275,6422,-2.0
22109,0,0,-1,150000,-1,-1,0,0,-1,-1,0.0,115041,66066,2031,35940,38460,41154,35213,115041,135090,80085,35940,38460,-1.0
1914,0,0,-1,450000,0,0,-1,-1,0,0,0.0,1000,4549,16885,129,1000,0,457627,38692,4549,16885,6440,7440,0.0
15015,0,0,-1,410000,0,0,0,0,0,0,0.0,14000,13014,30000,12000,10000,9040,335938,328323,321091,274957,268891,262570,0.0
6478,0,0,-1,380000,-1,0,0,0,0,0,0.0,10000,10000,10000,10001,6000,38000,91806,100291,108245,109006,117195,121246,0.0
5109,0,0,-1,80000,0,0,0,0,0,0,0.0,2500,2500,1900,2500,2500,2000,63771,62642,60005,53384,55060,54583,0.0
15808,0,0,-1,280000,0,0,0,0,0,0,0.0,6285,5897,5895,7747,6509,11234,196909,176261,174573,174488,172747,126494,0.0
13460,0,0,-1,380000,0,0,0,0,0,0,0.0,10000,60218,10076,15012,20667,15000,55241,49773,81365,87341,87358,103740,0.0
12125,0,0,-1,420000,0,0,0,0,0,0,0.0,5397,5678,3577,3023,3026,3012,155814,155282,116385,106961,92331,89566,0.0
9764,0,0,-1,200000,0,0,0,0,0,0,0.0,60000,20000,20248,45000,40000,54600,18564,77518,82794,80248,64174,51204,0.0
27775,0,0,-1,240000,0,0,0,0,0,0,0.0,1480,1601,1400,3000,3180,37102,75830,50787,51524,31783,33993,36783,0.0
25580,1,0,-1,120000,0,0,0,0,0,0,0.0,1181,1219,1196,452,460,463,9826,10838,11876,12853,13109,13015,0.0
26607,0,0,-1,50000,0,0,0,0,0,0,0.0,2000,2230,1600,600,500,19742,40698,42018,43344,16951,16989,17230,0.0
8429,0,1,1,150000,1,2,2,2,2,2,5.0,6000,4500,5100,5322,20,5033,143376,145607,146509,148507,152044,136643,2.0
22083,0,1,3,90000,0,0,0,2,2,2,3.0,1700,2404,1500,3000,2500,600,38355,39413,41181,41701,44000,45651,0.0
28812,0,0,-1,60000,0,0,0,0,0,0,0.0,22000,3000,3000,1000,3000,0,16017,30073,18385,20732,21196,23175,0.0
12256,1,0,-1,120000,-1,2,-1,-1,-1,-1,1.0,0,590,3617,2001,0,204,2049,1579,590,3617,2001,0,-1.0
9086,0,0,-1,30000,0,-1,-1,-1,-1,-2,0.0,390,0,780,0,0,0,4180,390,0,780,0,0,-1.0
19812,0,0,-1,210000,-2,-2,-2,-2,-2,-2,0.0,1459,1835,2396,0,0,0,7065,1459,1835,2396,0,0,-2.0
15989,1,0,-1,70000,0,0,0,0,0,0,0.0,1145,1188,1500,36000,2000,1668,7531,8545,9588,10900,46462,47599,0.0
21079,0,0,-1,50000,0,0,2,0,0,0,1.0,4729,86,2198,1198,600,1000,46413,50056,49072,49724,19801,14301,0.0
6719,0,0,-1,200000,0,0,2,0,0,0,1.0,4012,2008,3008,9056,36100,22500,69412,69878,64222,50518,44892,76088,0.0
16596,1,0,-1,430000,-1,-1,2,0,0,0,1.0,5011,0,2000,20000,15000,5000,28966,29957,29199,30267,49268,48241,0.0
18165,1,0,-1,190000,0,0,0,0,0,0,0.0,6176,5000,3815,3614,5000,5000,154456,142409,119290,99767,101761,105150,0.0
19870,0,0,-1,450000,-2,-2,-2,-2,-2,-2,0.0,538,3218,0,429,168,168,1494,538,3218,0,429,168,-2.0
18541,0,0,-1,60000,0,0,0,0,0,0,0.0,1538,1308,1000,118,1329,41378,29832,18628,15069,15761,5879,-2879,0.0
16066,0,0,-1,120000,0,0,0,0,0,0,0.0,3458,2519,2158,2151,2368,2197,80324,79071,76279,60939,61036,61359,0.0
7487,0,0,-1,100000,0,0,0,-2,-2,-2,0.0,1000,0,0,0,0,0,51713,25272,0,0,0,0,0.0
18497,0,0,-1,170000,0,0,0,0,0,0,0.0,2019,2006,2002,788,989,1000,65531,64149,46188,42793,30466,25583,0.0
23340,1,0,-1,160000,-2,-2,-2,-2,-2,-2,0.0,0,0,0,0,0,0,1500,0,0,0,0,0,-2.0
7272,0,0,-1,340000,-2,-2,-1,-1,0,0,0.0,10034,50024,100108,4933,10114,2014,56412,45990,84050,172925,140040,95230,-2.0
19091,0,0,-1,70000,0,0,-1,0,0,0,0.0,3092,19948,3000,3002,1002,2102,5219,6747,19948,20231,20757,18357,0.0
26888,0,0,-1,360000,0,0,0,0,0,0,0.0,15348,20013,20018,15000,20000,20000,338992,339254,348485,346028,338981,348032,0.0
15453,0,0,-1,120000,0,0,2,0,0,0,1.0,3900,3300,3900,3200,3500,3500,75896,77931,79384,81367,82321,84336,0.0
1011,0,1,5,280000,0,0,0,0,0,2,1.0,8833,12005,5000,8000,3000,5000,164736,170564,150666,133465,133536,132964,0.0
4419,0,0,-1,200000,-2,-2,-2,-2,-2,-2,0.0,8576,4850,1047,2183,210,0,3938,8556,4846,807,2183,210,-2.0
24261,0,0,-1,230000,0,0,0,0,0,0,0.0,10000,10000,8000,10000,7000,7000,171861,157389,161622,162501,163329,161560,0.0
9999,1,0,-1,80000,-1,-2,-2,-2,-2,-2,0.0,0,0,0,0,0,0,780,780,0,0,0,0,-2.0
17059,1,0,-1,30000,0,0,0,0,0,0,0.0,1432,1472,1447,1001,1030,1059,25490,26494,27534,28177,28399,28655,0.0
6593,0,0,-1,500000,-2,-2,-2,-2,-2,-2,0.0,261524,43919,38787,46834,28408,63001,186610,130751,43890,38759,46834,28408,-2.0
20629,1,0,-1,200000,-1,-1,-1,-1,-1,-1,0.0,390,20718,390,390,390,540,18044,390,20718,390,390,390,-1.0
19190,1,0,-1,200000,1,2,0,0,0,0,1.0,0,5000,5000,7000,5000,5000,119432,116014,119576,123551,129486,133262,0.0
16418,0,0,-1,280000,0,0,0,0,0,0,0.0,12000,7300,5000,6000,7000,6000,273535,280598,141996,131471,134963,139471,0.0
4153,0,0,-1,170000,0,0,0,-1,0,0,0.0,3848,4000,124208,5000,5000,5000,61785,17848,14000,124208,122955,116191,0.0
17917,1,0,-1,90000,0,0,0,0,0,0,0.0,3073,3700,3374,1543,1405,1500,86371,85679,87036,88742,49148,48396,0.0
9564,0,0,-1,300000,-1,-1,-1,-1,0,-1,0.0,1500,1500,2494,1006,1498,2003,1496,1496,1496,2490,1996,1494,-1.0
5974,0,0,-1,300000,1,2,0,0,0,0,1.0,10236,7063,1005,1045,1004,1005,250121,221336,159556,32897,20992,12621,0.0
12366,0,0,-1,280000,-1,-1,-1,-1,0,0,0.0,11525,2149,11030,4008,7106,1193,4468,11517,1973,11028,14261,17097,-1.0
28052,0,0,-1,30000,0,0,0,0,0,0,0.0,4000,5000,5000,5000,5000,5006,16207,16735,18253,19646,21238,23843,0.0
21651,0,0,-1,30000,-1,-1,-1,-1,-1,-1,0.0,7231,2732,1770,0,11242,2000,3761,7215,2730,1770,0,11242,-1.0
13980,1,0,-1,50000,0,0,0,0,0,0,0.0,6506,2607,3312,13107,2648,0,50427,48115,46991,47276,47870,47865,0.0
11205,0,1,1,50000,1,2,2,2,2,0,4.0,2010,0,2000,0,2000,2000,37458,38514,30266,30897,30050,24651,2.0
16915,1,1,1,20000,1,2,3,2,2,3,5.0,3000,0,0,1800,0,0,10056,12571,12086,11595,13197,12700,2.0
20811,1,0,-1,240000,-2,-2,-2,-2,-2,-2,0.0,0,0,0,0,0,0,2500,0,0,0,0,0,-2.0
15768,0,1,5,10000,0,0,0,0,0,2,1.0,1300,1272,1282,800,500,0,5403,6462,7479,8489,9007,9227,0.0
108,0,0,-1,350000,-1,-1,-1,-1,-1,-1,0.0,2272,722,867,1150,5263,5011,713,2272,722,867,1150,5263,-1.0
22751,1,0,-1,350000,-1,-1,-2,-2,-2,-2,0.0,60396,7147,9950,22117,4874,0,30625,60003,7147,9950,22117,4874,-2.0
5145,1,0,-1,50000,-1,-1,-1,-2,-2,-2,0.0,3625,0,0,0,0,0,3063,3625,0,0,0,0,-1.0
974,0,0,-1,150000,-2,-2,-2,-2,-2,-2,0.0,8589,2500,0,1380,0,2050,50,6527,2168,-7,1373,-1,-2.0
22602,0,0,-1,260000,-1,-1,-1,-1,-1,-1,0.0,13184,1700,5190,8455,1462,3641,17631,13184,1700,5190,8455,1462,-1.0
7407,1,0,-1,70000,0,0,0,-2,-2,-2,0.0,1850,0,0,0,0,0,27868,28850,0,0,0,0,0.0
18912,0,0,-1,50000,0,0,0,0,0,0,0.0,1971,2011,1700,1585,1641,4000,48211,41670,42710,43399,44261,45188,0.0
303,0,0,-1,50000,0,0,0,0,0,0,0.0,2400,1206,1000,1000,1000,1000,49941,51213,12104,12898,13687,14458,0.0
14663,0,0,-1,400000,-1,-1,-1,-1,-1,-1,0.0,31330,8853,11816,41432,20974,44135,7768,31313,8744,11640,41432,20075,-1.0
4864,1,0,-1,290000,-1,-1,-1,-1,-1,-1,0.0,550,1922,550,550,3810,2927,3486,550,1922,550,550,3810,-1.0
22273,0,0,-1,180000,0,0,0,0,0,0,0.0,2000,2002,2000,2000,2000,2000,54972,42329,42071,39649,39221,40731,0.0
19581,0,0,-1,200000,-1,-1,-1,-1,-1,-1,0.0,15571,21488,9312,23958,10825,10773,13145,15549,21375,9312,23958,10825,-1.0
25621,0,0,-1,70000,0,0,0,0,0,0,0.0,3049,2621,3032,2074,2000,1800,66330,68278,69181,69494,63275,57430,0.0
16171,0,0,-1,90000,-1,-1,-1,-1,-2,-2,0.0,319,800,0,0,0,0,932,319,800,0,0,0,-1.0
14504,1,0,-1,50000,0,0,0,2,0,0,1.0,1524,2588,0,284,1000,1000,16370,15373,12065,10199,9261,6816,0.0
7106,0,0,-1,50000,0,0,0,0,0,0,0.0,1278,1469,463,381,383,398,48593,48653,15433,15037,10527,10736,0.0
14912,0,0,-1,240000,0,0,-1,-1,-1,-1,0.0,1273,7117,2905,5530,46275,17446,66394,63650,7117,2898,5530,67010,-1.0
28731,0,1,5,70000,0,0,0,0,0,2,1.0,4800,5900,6000,9200,0,4859,124493,125680,129498,131216,136744,133413,0.0
12769,0,0,-1,180000,-1,-1,-1,-1,-1,-1,0.0,5396,1485,4778,23350,583,5883,581,5394,1485,4778,23350,583,-1.0
28334,0,0,-1,230000,0,0,0,-1,-1,-1,0.0,1000,159,1778,28704,19474,650,2223,2233,159,1772,28704,19474,0.0
17767,0,0,-1,130000,0,0,0,0,0,0,0.0,10063,20000,10009,10000,5000,5000,116336,121544,128243,115204,101158,95895,0.0
8229,0,0,-1,280000,-1,-1,-1,-1,-1,-1,0.0,3807,1160,985,0,65862,66240,2597,3807,1160,985,0,65862,-1.0
10611,0,1,5,50000,0,0,0,0,0,2,1.0,1672,1686,1000,7764,0,1000,20907,22236,23250,23564,30882,30242,0.0
21201,0,0,-1,160000,-2,-2,-1,0,0,0,0.0,466,4171,22137,20000,12198,0,2930,459,2613,22315,26911,35239,0.0
1492,0,0,-1,160000,0,0,0,0,0,0,0.0,6525,6649,2724,2503,2310,2200,155684,157364,156581,72814,66825,63419,0.0
6046,1,1,1,200000,1,3,2,2,2,2,5.0,5200,7000,0,13300,0,6200,183994,182427,182657,174547,181454,177141,2.0
9957,0,0,-1,320000,-2,-2,-2,-1,-1,-2,0.0,12253,3290,11465,7537,1966,2987,3266,12186,1403,24305,7463,1957,-2.0
7657,0,0,-1,180000,-1,-1,-1,-1,-1,-1,0.0,390,390,0,390,930,135,390,390,390,0,390,930,-1.0
16345,0,1,5,20000,0,0,0,0,0,2,1.0,1295,1309,1602,1300,600,400,19295,19639,18541,19059,19757,19913,0.0
12324,0,0,-1,140000,0,0,0,0,0,0,0.0,1309,1139,420,418,816,0,18648,19561,13902,14183,13207,12996,0.0
24480,0,0,-1,60000,0,0,0,0,0,0,0.0,2110,2131,2010,1000,1000,1000,56869,57976,54398,46937,19085,19506,0.0
13954,0,0,-1,370000,0,0,0,0,0,0,0.0,100000,6000,6000,8000,4500,3000,63412,159542,160885,162368,165591,121614,0.0
29821,0,0,-1,400000,-1,-1,0,0,0,0,0.0,423903,15100,14600,13000,9500,9500,396343,394858,395716,385947,305542,271385,0.0
27586,1,1,1,80000,1,2,2,2,0,0,3.0,5000,3100,0,2000,713,1500,77185,80311,81558,78761,71352,19674,2.0
9566,0,0,-1,150000,0,0,-1,0,0,0,0.0,4213,92457,5023,4311,7030,3054,69358,42457,92213,70406,70037,14461,0.0
10808,0,0,-1,80000,0,0,0,-1,0,0,0.0,2800,2700,61400,2312,2800,2800,80855,78074,38360,60060,59322,59973,0.0
294,1,0,-1,10000,0,0,2,0,0,0,1.0,3507,0,500,370,393,700,7015,10227,9560,9901,9963,10182,0.0
24246,0,0,-1,100000,0,0,0,0,-2,-2,0.0,5055,1049,0,0,0,0,96846,98364,21255,0,0,0,0.0
16567,1,1,1,20000,1,2,2,2,2,2,5.0,0,3000,0,5000,0,3000,11586,11103,13913,13393,18152,17725,2.0
14420,1,1,3,440000,-1,-1,-1,3,2,2,3.0,0,1937,1800,0,8480,0,600,-420,417,2217,1321,8879,-1.0
16111,1,0,-1,200000,0,0,0,0,0,0,0.0,2034,3000,2083,10000,0,1286,103876,66894,12475,14208,15270,14880,0.0
9271,0,0,-1,180000,0,0,0,0,0,0,0.0,3907,3600,3415,3542,3616,2000,145574,108617,102711,95652,97661,99656,0.0
23442,0,0,-1,270000,-1,-1,-1,0,0,0,0.0,8781,6425,6000,8000,6000,6000,9658,8714,6425,10116,15953,19556,-1.0
19887,0,0,-1,340000,0,0,0,0,0,0,0.0,14600,3035,1958,2819,100000,3000,332916,340159,73004,72338,58935,123936,0.0
26690,1,1,1,20000,1,4,3,2,0,0,3.0,620,0,4,0,0,0,21425,21410,20786,19994,10700,0,2.0
2800,0,0,-1,100000,0,0,0,0,0,0,0.0,1808,1728,1641,1673,1689,1754,47730,47525,47184,46836,46529,47070,0.0
26117,0,0,-1,80000,0,0,0,0,0,0,0.0,3700,3500,4000,3200,4000,2700,77998,77452,74773,76908,77068,78434,0.0
2929,0,0,-1,50000,0,0,0,0,2,0,1.0,1800,1729,3600,0,2055,2100,43341,44442,45408,48279,47406,48553,0.0
29345,0,0,-1,70000,0,0,0,0,0,0,0.0,2000,2000,2000,2000,2000,2000,43214,44196,45181,46426,47380,46923,0.0
2991,1,1,4,50000,1,2,0,0,2,2,3.0,0,1831,3000,1182,0,1228,30505,29731,31062,33231,33736,33042,2.0
29470,0,1,5,210000,0,0,0,0,0,2,1.0,3024,3134,3228,7000,0,3000,82940,84583,86357,88149,93654,82166,0.0
13592,0,0,-1,120000,0,0,0,0,0,0,0.0,5026,4541,4100,4100,4000,4000,117059,117000,116955,109973,108693,104890,0.0
1263,0,0,-1,50000,0,0,0,0,0,0,0.0,1524,1427,941,972,992,1000,45335,46027,30286,26275,26823,27371,0.0
1557,0,0,-1,50000,0,0,0,0,0,0,0.0,1976,1564,1170,1055,1052,1022,37774,38492,36453,29700,30167,29613,0.0
1900,0,0,-1,50000,-2,-2,-2,-2,-2,-2,0.0,390,390,390,390,0,780,1473,390,390,390,390,0,-2.0
16665,0,0,-1,480000,-1,-1,-1,-1,0,0,0.0,0,456,150244,2915,24550,100,10668,-2,454,150198,143388,157758,-1.0
259,0,0,-1,100000,0,0,-2,-2,-2,-2,0.0,0,0,0,0,0,0,62170,0,0,0,0,0,-2.0
11306,1,0,-1,50000,0,0,0,0,0,0,0.0,5000,2300,1100,1000,1000,1500,51319,52214,50260,32502,27697,25940,0.0
10813,0,0,-1,100000,0,0,0,0,0,0,0.0,2579,2905,1320,1522,1400,1419,32430,34169,36495,36910,37838,38457,0.0
2022,0,0,-1,190000,0,0,0,0,0,0,0.0,10000,7891,5743,6102,6000,6307,147586,155228,160588,162241,165794,168951,0.0
2943,1,0,-1,290000,0,0,0,-1,0,0,0.0,12549,7003,234456,9500,7592,7626,288994,296230,158127,234456,236813,211237,0.0
8430,0,0,-1,240000,0,0,0,0,0,0,0.0,8500,8300,7000,7000,7000,6500,191453,193548,190288,186770,180458,178722,0.0
3985,0,0,-1,450000,0,0,0,0,0,0,0.0,8000,5000,7000,3000,2000,1626,10716,12254,12815,17782,9074,8490,0.0
9542,0,0,-1,160000,-1,-1,-1,0,-1,-1,0.0,861,354,1,48,906,0,227,0,354,355,47,605,-1.0
19017,0,0,-1,190000,0,0,0,0,0,0,0.0,7483,5902,7061,4902,6057,5381,185788,185959,179458,162482,158137,157956,0.0
24904,0,0,-1,280000,0,0,0,0,0,0,0.0,5000,4000,8000,5000,5000,18000,100740,104055,106380,112596,114235,117232,0.0
27088,0,1,1,20000,-1,2,2,2,-1,-1,3.0,390,0,0,780,0,0,780,780,390,0,780,0,-1.0
15239,0,0,-1,260000,0,0,0,0,0,0,0.0,2000,3030,5039,7000,3000,10000,40066,38115,38730,37947,40122,34751,0.0
16916,0,0,-1,390000,0,0,0,0,0,0,0.0,1608,1647,1657,1440,1496,1518,38383,38134,38679,39689,40472,41320,0.0
17276,0,0,-1,90000,-1,-1,-1,-1,-1,-1,0.0,23153,17395,5225,736,736,886,1560,23153,835,5225,736,736,-1.0
13973,1,0,-1,50000,-1,-1,-2,-2,-2,-2,0.0,0,0,0,0,0,0,2675,0,0,0,0,0,-2.0
27014,1,0,-1,50000,-1,2,-1,-1,2,-1,2.0,0,390,650,0,800,800,780,390,390,650,260,520,-1.0
17658,0,0,-1,80000,0,0,0,0,0,0,0.0,2072,1651,1359,790,817,821,37123,38317,20896,21604,22035,22496,0.0
15819,0,0,-1,400000,0,0,0,0,0,0,0.0,3600,2200,1700,1500,1315,800,74465,68544,60763,53184,45776,38432,0.0
1180,0,0,-1,50000,0,0,0,0,0,0,0.0,1500,1300,700,1000,1000,1000,49144,20818,17890,18310,17931,18633,0.0
18121,0,0,-1,380000,0,0,0,0,0,0,0.0,13014,5068,2100,1947,2000,1600,83852,88996,77202,70542,65765,58355,0.0
26965,0,0,-1,170000,-1,-1,-1,-1,0,0,0.0,390,390,780,0,0,0,390,390,390,780,780,0,-1.0
7826,0,0,-1,100000,1,2,0,0,-1,0,1.0,0,1500,565,36252,1500,2500,7130,6873,8101,8235,34087,34749,0.0
29157,0,0,-1,80000,0,0,0,0,-1,-1,0.0,2500,2671,3308,390,390,390,68519,69493,70656,72290,390,390,0.0
7703,0,0,-1,410000,-1,-1,-1,-1,-1,-1,0.0,233,2266,2558,2663,6303,12,4822,232,2255,2546,2650,6286,-1.0
13770,0,0,-1,240000,0,0,0,0,0,0,0.0,17389,80167,15167,16000,13133,196084,508581,471796,468202,442401,419209,425061,0.0
21060,1,1,2,220000,0,0,2,2,0,0,2.0,15206,6000,0,5193,546,1485,170352,182711,183825,142216,118269,14960,0.0
23689,1,0,-1,360000,-1,-1,-1,-1,-1,-1,0.0,1831,2776,0,44110,0,2103,846,1831,2776,0,44110,0,-1.0
11945,0,0,-1,170000,0,0,0,0,0,0,0.0,2105,2447,1200,3000,2000,1500,47742,45529,42805,38017,39239,39411,0.0
12834,0,0,-1,290000,0,0,0,0,0,0,0.0,12324,10508,8530,8777,7421,8002,264929,261675,263204,263612,259786,208000,0.0
8088,0,0,-1,210000,0,0,0,0,0,0,0.0,2500,3000,3000,2500,2500,2000,85327,85263,48645,50826,52346,53819,0.0
13335,0,0,-1,200000,-1,-1,-1,0,-1,-1,0.0,541,1082,0,541,541,541,541,541,1082,541,541,541,-1.0
4422,0,0,-1,260000,-2,-2,-2,-2,-1,-1,0.0,1476,1476,1476,20976,1476,1476,1476,1476,1476,1476,20976,1476,-2.0
3081,0,0,-1,50000,0,0,0,0,0,0,0.0,3000,4000,1000,1000,2000,1000,42740,44744,47539,17360,17928,19619,0.0
1128,0,0,-1,360000,-1,-1,-2,-2,-2,-2,0.0,2406,2282,500,3586,7399,600,2995,2401,2277,500,3586,7399,-2.0
20898,0,0,-1,80000,0,0,0,0,0,0,0.0,10000,2000,2000,0,0,3000,18229,27416,25253,5549,4549,4549,0.0
29618,0,0,-1,50000,0,0,0,0,0,0,0.0,1992,2170,1282,618,643,1000,44385,45637,46815,16927,17263,17628,0.0
15924,0,0,-1,410000,0,0,0,0,0,-1,0.0,5000,15014,5034,10006,1433,371,54326,23223,25865,21619,19336,1433,0.0
8382,0,0,-1,60000,-1,0,-1,0,0,0,0.0,285,6466,3,5,10,15219,3046,286,6466,6469,5364,3664,0.0
23938,0,0,-1,150000,-1,-1,0,0,-2,-2,0.0,1147,6000,0,0,0,0,3462,1147,7002,0,0,0,-1.0
29119,1,1,2,200000,2,-1,2,2,2,0,4.0,52439,0,6000,0,5000,2286,570,52439,51040,56205,54723,58657,2.0
6518,0,0,-1,80000,2,-1,-1,0,0,0,1.0,700,1074,35000,1300,1400,1300,1195,553,1074,35783,35488,36020,0.0
17314,0,0,-1,80000,0,0,0,0,0,0,0.0,1620,1600,1419,1000,1000,1000,19578,18231,17950,14699,12466,11445,0.0
22027,0,0,-1,250000,0,0,0,0,0,0,0.0,2500,10000,3000,3000,8000,0,46948,46351,33227,33732,32245,37589,0.0
23005,0,0,-1,450000,-2,-2,-2,-2,-2,-2,0.0,1861,0,3362,873,1110,4688,2656,1861,-30,3332,873,1110,-2.0
12403,1,0,-1,270000,0,0,0,0,0,0,0.0,1826,1469,514,581,612,312,26183,24181,19543,17160,14818,12702,0.0
7441,0,0,-1,50000,0,0,-1,0,0,-1,0.0,0,4494,61,47,5892,164,2410,0,4494,3034,2327,5892,0.0
10184,1,1,1,30000,1,2,2,0,0,2,3.0,3000,0,3000,2327,0,1200,22595,24928,24230,26811,28702,28092,2.0
9840,0,0,-1,50000,0,0,0,0,0,0,0.0,2000,1300,1000,1000,2000,0,15377,17121,17832,18532,19233,20650,0.0
11408,0,0,-1,260000,0,0,0,0,0,0,0.0,8535,6430,6495,6849,6799,32430,207627,212821,214885,219204,223899,228279,0.0
28551,0,0,-1,50000,0,0,0,0,0,0,0.0,1314,2000,1300,1000,1500,1000,50854,17429,17728,17886,18043,19134,0.0
13747,0,0,-1,80000,0,0,0,0,-2,-2,0.0,1500,1049,0,0,0,0,17087,15576,16361,0,0,0,0.0
20772,0,0,-1,20000,0,0,0,0,0,0,0.0,1115,1202,1000,117,246,0,8843,9262,7102,5035,5152,2150,0.0
24600,0,0,-1,280000,-1,0,0,0,0,0,0.0,5000,3000,10000,10000,16934,10234,33687,21575,23926,23102,22734,29434,0.0
10709,0,0,-1,230000,0,0,0,0,0,0,0.0,6000,6000,4000,4000,3500,4000,112402,116273,118467,108826,100862,92481,0.0
21439,0,0,-1,150000,0,0,0,0,0,0,0.0,4000,4500,5000,2000,1700,2300,106911,105889,96548,87085,52323,51260,0.0
16846,1,0,-1,50000,1,2,0,0,0,0,1.0,0,2058,1400,762,1000,650,49039,47949,49235,49577,17063,17634,0.0
21493,0,0,-1,160000,-2,-2,-1,2,-1,-1,1.0,710,1913,0,3456,3054,1224,968,708,1841,441,3438,3046,-1.0
26404,0,0,-1,250000,-1,-1,-1,-1,-1,-1,0.0,990,8150,15410,1276,0,0,14766,990,8150,15410,1276,0,-1.0
26537,0,0,-1,80000,0,0,0,0,0,0,0.0,3200,3002,2202,2000,2000,2000,78929,78177,63914,54382,48834,49756,0.0
24327,0,0,-1,20000,0,0,0,0,0,0,0.0,1291,1324,1302,672,701,788,18330,17797,18731,19610,18980,38766,0.0
14932,0,0,-1,90000,-1,-1,-1,-1,-1,-1,0.0,1918,1194,930,2250,930,930,1166,1918,930,930,2250,930,-1.0
5869,0,0,-1,260000,-1,-1,-1,-1,-1,-1,0.0,652,326,326,326,326,144,326,326,326,326,326,326,-1.0
27016,0,0,-1,180000,0,0,0,0,0,0,0.0,8000,10000,10000,10000,10000,3000,178440,176624,76565,82825,81763,66120,0.0
6473,0,0,-1,50000,0,0,0,0,0,0,0.0,1485,1472,1217,1347,558,550,28287,28924,29521,29876,30201,15611,0.0
6351,0,0,-1,260000,-1,-1,-1,-1,-1,-1,0.0,826,0,1703,329,248,702,76,773,0,1703,329,248,-1.0
25954,0,0,-1,150000,-2,-2,-2,-2,-2,-2,0.0,4133,14296,5990,8342,8241,17817,5423,4133,14279,5985,8333,8241,-2.0
9814,0,0,-1,100000,0,0,0,0,0,0,0.0,1607,1385,971,1018,984,810,36838,37785,32905,29866,30503,28518,0.0
26300,0,0,-1,140000,0,0,0,2,0,0,1.0,3000,8600,6,2500,2500,2500,62023,61729,67891,65861,64848,64936,0.0
5694,0,0,-1,50000,0,0,0,0,0,0,0.0,1064,1073,312,166,168,174,2389,3405,4414,4653,4596,4688,0.0
29401,0,0,-1,200000,-1,-1,2,-1,-1,-1,1.0,12453,12,6053,8337,171074,5036,5765,12386,2662,6023,8303,171059,-1.0
4828,0,0,-1,60000,0,0,0,0,0,0,0.0,3400,2300,1200,1200,1500,1500,58173,59626,55775,28187,28978,27119,0.0
20398,0,0,-1,480000,-1,-1,-1,-1,0,0,0.0,45205,55328,77000,30048,30015,15056,2849,30999,53425,76538,106032,66535,-1.0
6685,0,0,-1,180000,-1,-1,-1,-1,-1,-1,0.0,11850,17552,8333,20406,9772,9315,5480,11834,17380,8329,20406,9772,-1.0
13083,1,0,-1,210000,-1,-1,-1,0,-1,-1,0.0,2768,5536,0,1075,2006,1344,3095,2768,5536,2768,1075,2006,-1.0
19739,0,0,-1,50000,0,0,0,0,0,0,0.0,1500,2500,1518,1000,2000,1000,13562,14821,16657,17863,16811,16802,0.0
6883,0,0,-1,230000,0,0,0,0,0,0,0.0,5400,5500,5700,6000,6000,6000,144407,146277,149338,152555,155934,159332,0.0
15097,0,0,-1,50000,0,0,0,0,0,0,0.0,1500,2000,1091,2000,500,500,13921,14800,16394,6198,7717,7722,0.0
24092,0,0,-1,40000,0,0,0,0,0,0,0.0,2002,1607,1580,2500,1500,33000,38941,39039,24501,15143,15731,9728,0.0
116,1,1,4,30000,-1,2,0,0,3,2,3.0,0,1312,3000,0,1000,1000,18199,17618,18631,21319,20692,21201,2.0
4258,0,0,-1,380000,0,0,0,0,0,-1,0.0,5034,2071,29,72,190710,30052,141102,84229,28749,14258,7594,190628,0.0
6140,0,0,-1,280000,0,0,0,0,0,0,0.0,8879,4743,1640,0,0,0,275487,207378,107293,6283,5783,5283,0.0
23679,0,0,-1,150000,-1,-1,-1,-1,-1,-1,0.0,2843,1445,2288,938,2470,1073,2934,2843,1445,2130,796,2470,-1.0
22006,1,0,-1,110000,0,0,0,0,0,0,0.0,4000,4800,4300,4300,4400,3874,110553,108387,111427,111697,111956,111325,0.0
8614,0,0,-1,170000,-1,-1,-1,-1,-1,-1,0.0,0,400,1000,0,1243,6912,1870,0,400,1000,0,1243,-1.0
12472,0,1,5,130000,0,0,2,0,0,2,2.0,12207,0,5000,10100,4500,0,127253,135822,127930,127762,134010,133548,0.0
5307,0,0,-1,500000,0,0,0,0,0,0,0.0,15057,11035,11035,7029,8035,10388,378886,382234,274586,273718,168418,167635,0.0
26736,0,0,-1,140000,0,0,0,0,0,0,0.0,6067,6723,4069,5000,3200,3000,130905,122390,122024,112367,67820,66595,0.0
2578,0,0,-1,80000,0,0,0,0,0,0,0.0,5000,2000,1500,1500,2000,2000,73000,71338,47202,38133,39096,40510,0.0
6769,0,0,-1,480000,-1,-1,-2,-1,-1,-1,0.0,6378,5096,25173,25896,25108,25000,7066,2328,4279,24973,76738,25108,-1.0
7585,0,1,1,90000,1,2,2,2,0,0,3.0,8000,3000,0,3000,5000,5000,83480,89264,89896,86706,87385,88351,2.0
16717,0,0,-1,430000,-2,-2,-2,-2,-2,-2,0.0,3058,0,980,0,0,1030,1442,3058,0,980,0,0,-2.0
25083,0,0,-1,260000,0,0,0,0,0,0,0.0,8000,6000,7100,5300,5000,5000,154927,158848,160654,155059,141570,134143,0.0
2562,0,0,-1,210000,0,0,0,0,2,0,1.0,7000,9000,11550,0,5389,5338,140619,144410,148555,156733,153230,155159,0.0
929,0,0,-1,180000,-2,-2,-2,-2,-2,-2,0.0,21197,11936,40420,9210,17795,6915,10737,21197,11936,40420,9210,17795,-2.0
23355,0,0,-1,470000,0,0,0,0,0,0,0.0,6100,6000,7100,5100,5200,4900,178262,177644,171997,165014,158839,148035,0.0
26674,0,1,4,20000,0,0,0,0,2,2,2.0,1596,2000,3000,0,1600,0,13621,14984,16431,18835,18235,19535,0.0
12945,0,0,-1,180000,-1,0,0,0,0,-1,0.0,5950,7133,7369,600,20650,21650,170126,171247,156803,159342,10400,20650,0.0
8291,0,0,-1,180000,0,0,0,0,0,-1,0.0,1811,5008,5000,30000,62010,50077,66218,15155,11052,8541,37951,57757,0.0
9189,0,0,-1,60000,-1,-1,2,-1,0,-1,1.0,880,0,880,0,1681,811,440,880,440,880,440,1681,-1.0
17362,0,0,-1,100000,1,-2,-2,-2,-2,-2,0.0,0,0,0,0,0,0,3256,3020,0,0,0,0,-2.0
20075,0,0,-1,240000,0,0,0,0,0,0,0.0,5000,5000,5000,6000,6000,5098,129776,126395,129371,132218,136003,139798,0.0
20507,0,0,-1,400000,-1,0,-1,0,0,0,0.0,5056,241366,278006,425,34,2966,21012,10107,240244,287499,86684,6796,0.0
22492,1,0,-1,50000,0,0,0,0,0,0,0.0,1121,1168,1075,218,1100,0,7378,7543,7754,7825,7132,7319,0.0
5463,0,0,-1,260000,0,0,0,0,0,0,0.0,5940,6000,4500,4500,4546,4510,122423,123006,122956,123709,120603,122674,0.0
5849,0,0,-1,110000,0,0,0,0,0,0,0.0,4404,2826,1880,1805,2182,2000,110800,112008,96347,49506,49142,49251,0.0
23856,0,0,-1,200000,0,0,0,0,0,0,0.0,7197,7035,7032,6008,7002,6523,183464,184391,169311,165686,162639,165627,0.0
22501,0,0,-1,180000,-1,-1,-1,-1,-1,-1,0.0,0,1112,10383,1980,2672,2197,3490,0,1112,10383,1980,2672,-1.0
4966,0,0,-1,10000,0,0,-1,0,0,-2,0.0,1000,780,0,600,0,0,7418,8080,780,780,0,0,0.0
2405,0,0,-1,20000,-1,-1,-1,0,0,-1,0.0,10287,19305,355,0,1074,0,10462,3327,19305,17748,8269,1074,-1.0
25951,0,0,-1,410000,-2,-2,-2,-2,-1,0,0.0,388,388,388,110345,8000,4200,388,388,388,388,110345,116128,-2.0
14895,0,0,-1,60000,0,0,0,0,0,0,0.0,3205,2850,1578,1580,1416,2512,60922,59205,60850,40548,40580,40416,0.0
26776,0,0,-1,30000,-1,0,0,0,0,0,0.0,1046,1044,1072,1750,182,2000,1581,2282,2964,3360,5038,4833,0.0
18965,0,0,-1,170000,0,0,0,0,0,0,0.0,2100,2105,2447,1200,3000,2000,51401,47742,45529,42805,38017,39239,0.0
28592,1,0,-1,360000,-2,-2,-2,-2,-2,-2,0.0,0,0,0,0,0,0,2500,0,0,0,0,0,-2.0
10920,0,0,-1,500000,-2,-2,-2,-2,-2,-2,0.0,11375,5066,5145,5145,5117,5086,274261,209672,179618,152069,110763,69267,-2.0
28935,0,0,-1,50000,0,0,0,-1,0,0,0.0,3000,0,5369,0,9000,10000,4793,3594,0,5369,3746,9408,0.0
19004,0,0,-1,180000,0,0,0,0,0,0,0.0,8000,5000,3000,2000,2000,6000,44109,20896,18193,18652,14545,18545,0.0
16023,0,0,-1,280000,0,0,0,0,0,0,0.0,9604,53459,4000,4000,5000,4000,281424,232826,195621,96843,99232,102620,0.0
17704,0,0,-1,360000,-1,-1,-1,-1,-1,-2,0.0,368,1734,398,200000,0,150000,5625,367,1726,396,-66,-66,-1.0
17868,0,0,-1,60000,-1,0,0,0,0,0,0.0,2001,2001,1690,1501,1617,1502,40784,41723,42665,43254,43757,44378,0.0
2968,1,0,-1,120000,-1,-1,-1,0,0,-1,0.0,260,5753,1153,3,1759,4084,2486,151,2853,2896,1149,1758,-1.0
29973,0,0,-1,190000,0,0,0,0,0,-1,0.0,2000,3869,25128,10115,148482,4800,21628,20893,5869,29223,19616,148482,0.0
21504,0,0,-1,100000,0,0,0,0,0,0,0.0,2398,2485,2532,2549,2643,3000,65744,67050,68456,69849,71240,72736,0.0
6779,0,0,-1,180000,0,0,0,0,0,0,0.0,19000,5000,10009,22000,20000,15000,29735,24414,18300,16908,37319,34978,0.0
10252,1,0,-1,180000,-1,-1,-1,-1,-1,-1,0.0,440,440,440,440,440,440,440,440,440,440,440,440,-1.0
28181,0,0,-1,200000,-1,-1,-1,-2,-1,-1,0.0,4366,0,0,171,1386,6,13467,4345,0,0,171,1557,-1.0
29610,1,0,-1,220000,-1,-1,0,-1,-1,-1,0.0,1093,2518,7409,0,3995,2028,875,1093,3572,7330,0,3995,-1.0
19981,0,0,-1,300000,0,0,0,0,0,0,0.0,5000,8000,5000,1342,150000,6800,123306,126251,131968,113866,10811,158664,0.0
19236,0,0,-1,180000,-2,-2,-2,-2,-2,-2,0.0,6653,330,36550,16481,21264,16253,11732,6653,-6674,18084,16481,19359,-2.0
8336,0,0,-1,80000,1,2,0,0,0,0,1.0,0,1900,1418,1800,1300,1000,57004,55220,43506,39025,40017,29797,0.0
23735,0,0,-1,200000,0,0,0,0,0,0,0.0,5000,8000,10000,10000,10000,4686,8413,8611,15818,21813,20890,29890,0.0
20863,0,0,-1,240000,0,0,0,0,0,0,0.0,10000,9000,10000,8301,9000,13000,228278,232449,223853,225623,221130,225446,0.0
2288,0,0,-1,230000,0,0,0,0,0,0,0.0,9000,9500,6000,6150,6000,10500,232796,233564,235149,166637,165699,163858,0.0
26643,0,0,-1,90000,0,0,0,0,0,0,0.0,7016,3800,2406,595,570,67,86724,91394,78767,74007,29480,27941,0.0
10570,0,1,4,50000,0,0,0,0,3,3,2.0,2900,2000,14455,16560,17000,0,46741,48883,50074,60158,75277,90464,0.0
14766,0,0,-1,500000,0,0,0,0,0,-1,0.0,15021,1408,392,7000,4528,22021,48415,50588,32091,19615,23084,4528,0.0
14223,0,1,5,30000,0,0,2,0,0,2,2.0,3500,0,3000,6000,0,781,29230,30786,27167,27440,30117,29523,0.0
2755,0,0,-1,20000,0,0,0,0,0,0,0.0,1100,1100,500,1000,1000,1000,3281,4325,5341,5751,6500,7386,0.0
25428,0,0,-1,140000,0,0,0,-1,-1,-1,0.0,1119,1000,3776,3776,4173,1000,22844,8178,3776,3776,3776,4173,0.0
23213,0,0,-1,500000,-1,-1,-1,-1,-1,-1,0.0,26963,33169,48858,66050,43769,37509,29178,26963,33166,48858,66050,43769,-1.0
623,0,0,-1,90000,0,0,-2,-2,-2,-2,0.0,0,0,0,0,0,0,7624,0,0,0,0,0,-2.0
29709,0,1,1,30000,1,2,2,0,0,0,2.0,1216,0,1528,497,1192,0,12351,13068,12568,13880,13849,14816,0.0
18923,0,0,-1,390000,0,0,0,-2,-2,-2,0.0,10000,0,0,0,0,0,202248,205150,0,0,0,0,0.0
22334,0,0,-1,300000,0,0,0,0,0,0,0.0,1281,1093,1000,5014,2000,1000,45117,43460,14291,7331,10018,6213,0.0
20899,0,0,-1,200000,-1,0,0,0,0,0,0.0,15000,43982,5150,6000,15027,463,88569,101979,143982,146700,149339,162121,0.0
8977,0,0,-1,250000,-1,-1,2,-1,-1,-1,1.0,6854,0,4508,2916,4969,0,1041,6854,3774,4508,2916,4969,-1.0
16754,1,1,1,80000,1,2,3,2,-1,-1,3.0,2181,0,0,1261,1261,1261,8415,10305,9979,1261,1261,1261,2.0
19984,0,0,-1,70000,-2,-2,-2,-2,-2,-2,0.0,3921,6405,0,0,0,0,1533,3921,6389,0,0,0,-2.0
21458,1,0,-1,180000,0,0,0,0,-1,0,0.0,2009,2626,3000,23320,1000,1000,8031,9269,9029,11186,23320,6666,0.0
6565,0,1,5,60000,0,0,0,0,0,2,1.0,2580,2557,2500,4500,0,2000,53234,54361,55395,56416,58792,56130,0.0
17805,0,0,-1,170000,0,0,0,0,0,0,0.0,5000,5508,5915,3000,4000,4000,169106,141998,134212,133450,127020,123490,0.0
13643,0,0,-1,230000,0,0,0,0,0,0,0.0,5000,4023,5000,5000,5267,3000,72742,73256,66321,66271,62401,61510,0.0
25524,0,0,-1,60000,0,0,0,0,0,0,0.0,2700,2100,2100,2200,2100,3000,59738,59389,57656,58290,58213,57076,0.0
27189,0,0,-1,120000,0,0,0,0,0,0,0.0,4585,5923,4533,4200,4433,4241,120942,118576,118240,116142,115087,117647,0.0
23018,0,1,5,300000,0,0,0,0,0,2,1.0,1897,2196,2476,3439,0,1248,36062,37055,38354,39634,21597,481,0.0
4354,1,1,1,20000,1,2,2,2,2,0,4.0,2500,1000,600,0,5000,1300,16332,18111,18325,18391,14235,18955,2.0
38,0,0,-1,60000,0,0,0,0,0,-1,0.0,1500,1518,2043,0,47671,617,15054,9806,11068,6026,-28335,18660,0.0
18488,0,0,-1,140000,-1,-1,-2,-2,-2,-2,0.0,0,0,0,0,0,0,515,0,0,0,0,0,-2.0
13763,0,0,-1,310000,0,0,0,0,0,0,0.0,5000,5000,3000,25000,3000,2000,71855,72440,63399,59912,45740,44325,0.0
9868,0,0,-1,360000,-2,-2,-2,-2,-2,-1,0.0,3455,3168,1469,1833,1449,0,1126,3449,3168,1469,1833,1449,-2.0
12570,0,0,-1,130000,0,0,0,0,0,0,0.0,5311,2502,1512,1612,2000,1000,130558,131939,100513,35288,34359,33488,0.0
26047,0,0,-1,340000,-2,-2,-2,-2,-2,-2,0.0,1618,27,20072,903,2313,156590,732,1604,-1294,12797,890,2313,-2.0
245,0,1,2,30000,-1,-1,2,2,2,2,4.0,355,120,0,0,60,60,142,215,139,19,19,79,2.0
11470,0,0,-1,160000,0,0,0,-2,-2,-2,0.0,1153,1202,694,1800,186,3573,5331,6020,1194,694,1800,186,0.0
8818,1,0,-1,60000,-1,-1,-1,-1,-2,-1,0.0,390,317,0,0,10000,1000,836,390,317,-73,-463,7942,-1.0
27521,1,0,-1,80000,0,0,0,0,0,0,0.0,3400,2983,1501,5000,5000,5000,89088,83558,84848,63373,20324,23749,0.0
20423,0,0,-1,50000,0,0,0,0,0,0,0.0,2200,1500,1933,600,461,350,49458,50135,49889,20459,19727,19354,0.0
3245,0,0,-1,50000,0,0,0,0,0,0,0.0,2126,2104,990,1200,1654,897,44335,44626,40928,29367,29156,27337,0.0
13406,1,1,1,50000,1,2,2,0,0,0,2.0,2021,0,1596,1655,3684,0,44344,45363,44326,44901,45844,48385,0.0
13029,0,1,5,100000,0,0,2,0,0,2,2.0,7000,0,2500,5500,0,3000,66539,71766,69111,64287,67838,66135,0.0
26386,0,0,-1,240000,-1,-1,-1,-1,0,-1,0.0,700,696,18334,10000,696,696,1530,696,696,18334,27638,696,-1.0
323,0,0,-1,50000,-1,0,0,0,0,0,0.0,1070,1500,3666,2477,1306,1000,1399,2441,3865,7476,8384,8085,0.0
20643,0,0,-1,200000,0,0,0,0,0,0,0.0,2374,2355,1550,1000,500,461,48950,47766,42798,42142,37580,4831,0.0
25277,0,0,-1,50000,0,0,0,0,0,0,0.0,1200,1800,1000,1211,20000,3754,13385,11493,10236,7896,6211,23315,0.0
15134,0,0,-1,240000,0,0,0,2,0,0,1.0,2000,234000,30,7046,7023,10005,14332,16135,249258,243589,204754,201426,0.0
5041,1,0,-1,130000,-1,-1,-1,-1,0,0,0.0,2038,311,1000,0,0,326,280,1954,304,978,652,326,-1.0
15535,0,0,-1,200000,0,0,0,0,0,0,0.0,10000,10000,2000,5000,5000,1000,27784,33877,35420,26609,25392,23367,0.0
472,0,0,-1,400000,0,0,0,0,0,0,0.0,14020,13595,6243,6007,6061,6012,366193,372700,375948,195991,152127,155182,0.0
4110,0,0,-1,230000,-2,-2,-2,-2,-2,-2,0.0,0,1257,0,1169,641,0,489,0,1257,0,1169,641,-2.0
27363,0,0,-1,130000,0,0,0,-2,-2,-2,0.0,1400,0,0,0,0,0,21920,12390,0,0,0,0,0.0
18462,0,0,-1,120000,0,0,0,0,0,0,0.0,8000,3500,3500,3000,3000,3000,89240,87970,82837,73297,73084,68697,0.0
16906,0,0,-1,320000,-2,-2,-2,-2,-2,-2,0.0,16021,0,0,0,0,0,2860,16021,0,0,0,0,-2.0
28712,1,1,2,80000,0,0,2,2,3,2,4.0,8000,0,10000,0,3000,2500,41630,48893,47831,57000,55489,57450,2.0
25775,0,0,-1,70000,0,0,0,0,0,0,0.0,2794,2888,26850,1047,1088,996,79346,75146,76717,70281,30343,29782,0.0
16194,0,0,-1,200000,-1,-1,-1,-1,-1,-1,0.0,14499,8983,12908,7834,12919,13583,9798,14457,8916,12868,7818,12910,-1.0
5105,0,0,-1,70000,0,0,0,0,0,0,0.0,14011,14494,6019,7010,8007,5008,60525,60932,60190,25126,24718,27726,0.0
2978,0,0,-1,300000,0,0,0,0,0,0,0.0,4103,1427,600,1200,2500,18000,76918,41773,31180,19507,18169,18533,0.0
4060,0,0,-1,500000,0,0,0,0,0,0,0.0,10481,12042,160042,46043,53181,15071,380502,295489,206296,354521,358009,394932,0.0
21656,0,0,-1,260000,-2,-2,-2,-2,-2,-2,0.0,0,0,0,0,0,0,895,0,0,0,0,0,-2.0
1705,0,0,-1,60000,0,0,0,0,0,0,0.0,1639,1590,1500,1354,1377,1514,60381,39798,38344,37311,37428,38187,0.0
3069,0,0,-1,160000,0,0,0,0,0,0,0.0,10008,20014,1894,6425,2204,62529,96814,69870,68984,55559,44705,28223,0.0
17611,0,0,-1,350000,-1,-1,-1,-1,-1,-1,0.0,360,360,360,510,510,360,360,360,360,360,510,510,-1.0
10830,0,0,-1,220000,0,0,0,0,0,0,0.0,9000,7500,4500,5000,5000,3000,220588,218136,177720,131874,118918,110338,0.0
22816,1,0,-1,210000,0,0,0,0,2,-1,1.0,1075,3923,1723,5,257,10843,14682,1220,4048,1871,1320,257,0.0
28509,0,0,-1,150000,0,0,0,0,0,0,0.0,2000,2500,3300,2150,1500,6200,78044,43437,45132,39180,31422,32410,0.0
28085,0,0,-1,290000,0,0,0,0,2,0,1.0,3260,5000,4706,0,2007,2482,110695,108583,70642,71008,65455,63421,0.0
25558,0,1,2,100000,0,0,2,2,0,0,2.0,8000,1100,3000,3000,3100,3100,80402,86137,84998,85627,78245,79929,0.0
28293,0,0,-1,180000,-1,-1,-1,-1,-1,-1,0.0,1473,26876,53390,35292,61910,23913,15991,1473,26876,53390,35292,61910,-1.0
12789,0,0,-1,180000,0,0,0,-2,-2,-2,0.0,3000,0,0,0,0,0,142826,61650,0,0,0,0,0.0
17029,0,0,-1,30000,0,0,0,0,0,0,0.0,1741,2000,1439,959,1500,1411,26953,27412,27835,28215,28345,29055,0.0
10722,0,0,-1,30000,0,0,0,0,0,0,0.0,1230,1241,1000,2000,2000,0,6359,7461,5172,5931,7665,9535,0.0
7139,0,0,-1,50000,0,0,0,0,0,0,0.0,2372,2149,1203,2000,1716,628,55100,52440,47080,15718,13674,15145,0.0
15324,0,0,-1,150000,0,0,0,0,-1,-1,0.0,1237,1354,5153,924,0,0,30643,31209,25977,30776,920,0,0.0
17752,0,0,-1,50000,-1,-1,-2,-2,-2,-2,0.0,0,0,0,0,0,202,2020,0,0,0,0,0,-2.0
4145,1,0,-1,200000,-1,-1,2,-1,-1,-1,1.0,1320,0,1320,1320,1710,27077,660,1320,660,1320,1320,1710,-1.0
9816,0,1,1,50000,1,2,2,2,0,0,3.0,0,3700,0,2000,6000,0,47438,46400,49276,48286,47915,48386,2.0
15956,0,0,-1,210000,0,0,0,0,0,0,0.0,2000,2500,2000,1000,4000,4000,7264,8816,10749,5125,5732,9297,0.0
26213,0,0,-1,140000,-1,-1,-1,-1,-1,-1,0.0,1680,1771,5500,3615,700,1404,7695,1680,1771,5500,3615,700,-1.0
27154,0,0,-1,360000,-2,-2,-2,-2,-2,-2,0.0,9182,0,378,2912,377,3208,346,9138,-1,377,2899,376,-2.0
19410,0,0,-1,200000,-2,-2,-2,-2,-2,-2,0.0,1723,282,1110,390,0,0,261,1715,281,1105,354,-2,-2.0
5424,0,0,-1,100000,-1,-1,-1,-1,-1,-1,0.0,400,931,5983,2010,1413,3655,3904,398,931,5983,2010,1413,-1.0
5353,0,1,1,100000,1,2,2,2,-1,-1,3.0,430,0,0,860,430,1166,7828,7260,430,0,860,430,2.0
14216,0,0,-1,450000,-1,-1,-2,-2,-2,-2,0.0,0,0,0,0,0,2274,560,0,0,0,0,0,-2.0
8359,0,0,-1,200000,0,0,0,0,0,0,0.0,8218,7912,6284,6313,6200,6419,181532,179645,180615,180127,166755,167416,0.0
10715,0,0,-1,30000,0,0,0,0,2,0,1.0,1200,1423,754,0,1000,3000,7979,9046,10279,10610,10339,8710,0.0
8842,0,0,-1,80000,-2,-2,-2,-2,-2,-2,0.0,3381,3384,3958,0,0,0,871,3179,3344,3552,0,0,-2.0
12321,0,1,5,210000,0,0,2,0,0,2,2.0,11760,0,4546,9524,2,4756,130868,138909,135322,136339,143681,140425,0.0
17691,0,0,-1,360000,0,0,0,0,0,0,0.0,10000,10005,20117,15018,10027,20057,174857,179851,186961,201703,189455,194373,0.0
2195,0,0,-1,130000,-1,-1,-1,-1,-1,-2,0.0,21038,729,4399,0,0,5239,5837,21038,722,4399,0,0,-1.0
2349,0,1,1,30000,1,2,2,0,0,0,2.0,2000,0,144,128,39,1944,10056,9815,7576,5746,3900,1944,0.0
22597,0,0,-1,330000,0,0,0,0,0,0,0.0,3100,3026,3000,3000,3078,3238,81084,82838,84470,80923,82580,84330,0.0
29875,1,0,-1,100000,0,0,0,0,0,0,0.0,4035,4098,4213,3106,4000,4000,98803,101103,93566,90339,66222,66871,0.0
22713,0,0,-1,380000,0,0,0,0,0,-1,0.0,13291,15287,8532,4334,317077,11892,384846,359926,349753,296465,193342,311009,0.0
21209,0,0,-1,500000,-1,-1,-1,-1,0,0,0.0,15873,16205,21976,50000,7000,21769,271115,15074,16205,21770,60827,18524,-1.0
6524,0,0,-1,100000,0,0,0,0,0,0,0.0,1784,1803,1763,1843,4654,2297,46202,47239,48258,49218,99677,51738,0.0
6645,0,0,-1,50000,0,0,0,0,0,0,0.0,2180,2204,656,2159,678,851,47060,48481,49505,17612,19461,18660,0.0
10577,0,0,-1,60000,0,0,0,0,0,-1,0.0,3033,2093,560,600,1760,17933,60103,52193,44934,17769,10400,1760,0.0
10110,0,0,-1,360000,0,0,0,0,0,0,0.0,20000,20009,30000,10000,10000,10000,347696,329864,322159,289377,146946,130085,0.0
21196,1,1,5,20000,0,0,0,0,0,2,1.0,1266,1287,1296,945,0,481,5705,6715,7736,8745,9394,9101,0.0
2670,1,0,-1,10000,-1,0,0,0,-2,-2,0.0,2537,1000,0,0,0,0,17560,9829,3604,0,0,0,0.0
8791,0,1,5,290000,0,0,0,0,-1,2,1.0,1619,4000,0,2242,0,4450,63421,40201,13802,0,2242,1850,0.0
12096,0,0,-1,120000,0,0,0,0,0,0,0.0,5000,4000,3500,3000,2000,5036,25602,30156,33632,36574,38985,40339,0.0
29036,1,0,-1,60000,-1,-1,-1,-1,-1,-1,0.0,297,737,399,670,0,9398,2811,297,734,399,670,0,-1.0
26126,0,0,-1,10000,0,0,-1,0,0,0,0.0,0,1912,1200,1000,1000,1000,9135,0,1912,3071,4012,9882,0.0
25267,0,0,-1,140000,-1,-1,-1,-2,-1,0,0.0,6624,0,0,3731,0,0,22732,6624,-514,-1334,2125,1606,-1.0
12103,0,0,-1,30000,0,0,0,0,0,0,0.0,29000,1200,637,2000,0,0,29956,30536,30162,29819,14071,0,0.0
8738,0,0,-1,90000,0,0,0,0,0,0,0.0,2000,1800,1150,1200,1150,1100,40028,38704,37135,35141,33502,34173,0.0
5168,0,0,-1,200000,0,0,0,0,0,0,0.0,8124,8339,5004,2961,2579,2761,187431,192558,196537,76167,76810,72039,0.0
27087,0,0,-1,150000,0,0,0,0,0,0,0.0,2000,2000,2000,2000,0,0,92000,94000,96000,98000,100000,0,0.0
22373,0,0,-1,180000,0,0,0,0,0,0,0.0,10006,8000,1610,10000,1333,8818,101489,78738,78639,44295,44113,37805,0.0
9530,0,0,-1,370000,0,0,0,0,0,0,0.0,10073,6367,5100,2000,3000,3000,181221,180616,114073,57660,23093,18436,0.0
28557,0,0,-1,30000,1,2,0,0,0,0,1.0,13,2003,2008,5000,1005,3016,28041,23367,22843,23044,25082,25648,0.0
20281,0,0,-1,100000,0,0,0,0,0,0,0.0,1736,1810,3000,1734,1944,2420,49032,48477,46605,48795,48968,49752,0.0
3542,0,0,-1,80000,0,0,0,0,0,0,0.0,3012,2100,2001,2001,2000,1782,55084,51265,47950,48869,49445,49979,0.0
279,0,0,-1,50000,0,0,0,0,0,0,0.0,2007,2199,691,707,703,697,50859,50462,50654,20046,20067,19703,0.0
13898,0,1,1,80000,1,3,2,2,2,0,4.0,967,0,3012,0,1569,1396,47339,47270,46037,48457,47722,48678,2.0
14526,0,0,-1,180000,0,0,0,0,0,0,0.0,7500,5900,6000,7000,7000,5000,164222,169073,171820,160018,164717,151235,0.0
7199,0,0,-1,20000,0,0,0,0,0,0,0.0,1249,1260,570,436,1150,1000,13605,14629,15640,15950,16130,17011,0.0
24146,0,0,-1,280000,-2,-2,-2,-2,-2,-2,0.0,3543,1195,5970,8628,2306,768,10296,1820,0,5970,8628,2036,-2.0
2980,0,0,-1,220000,-2,-2,-2,-2,-1,0,0.0,2108,1332,1064,707,9325,1500,3233,2106,666,1064,707,9213,-2.0
6536,0,0,-1,180000,0,0,0,0,0,0,0.0,1105,1000,2011,503,0,0,3679,4711,3996,6007,3260,0,0.0
19032,0,0,-1,50000,0,0,0,0,0,0,0.0,2807,3008,2812,2000,2000,2000,47303,48427,48069,49081,48485,49484,0.0
5579,0,0,-1,120000,0,0,0,0,0,0,0.0,1500,2000,1000,1500,1500,1500,27666,28036,29555,28458,29129,29700,0.0
27855,0,0,-1,60000,0,0,0,0,0,0,0.0,2000,2000,2500,1700,2000,1700,39325,40668,42009,43804,44473,45752,0.0
28019,1,0,-1,20000,0,0,2,0,0,0,1.0,3353,3,5101,6,6530,8103,2937,5696,4144,8168,6894,11424,0.0
20202,0,0,-1,230000,0,0,0,0,0,0,0.0,10000,130223,9953,4014,3307,4100,149775,107052,231164,120523,117102,116718,0.0
9138,0,0,-1,200000,-1,-1,-1,-1,-1,-1,0.0,15089,32130,4476,6619,1262,1974,82831,15081,32105,4476,6491,1262,-1.0
26483,0,0,-1,50000,0,0,0,0,0,0,0.0,2102,2013,1747,2012,2000,5900,50566,49717,49661,49581,49550,48871,0.0
8871,0,0,-1,190000,0,0,0,0,0,0,0.0,4664,4222,2705,5000,4000,5000,143701,126337,121378,75252,79028,81548,0.0
7852,0,0,-1,260000,-1,-1,-1,-1,-1,-2,0.0,1596,437,529,0,4090,98,771,1593,419,529,0,4090,-1.0
3012,0,0,-1,250000,0,0,2,0,0,0,1.0,11500,0,3543,3700,3547,3165,116256,122392,118668,95735,96509,97089,0.0
12276,0,0,-1,50000,0,0,0,0,0,-1,0.0,5000,5120,10292,5577,7533,1000,41724,92054,50120,19587,10577,7533,0.0
7402,0,0,-1,20000,0,0,0,0,0,0,0.0,1315,1297,672,675,781,734,17030,18064,19046,19221,18603,19075,0.0
28472,0,0,-1,200000,0,0,0,2,0,0,1.0,5058,11518,0,4600,4800,4300,127132,126380,124413,118419,121047,123719,0.0
13513,1,0,-1,50000,0,0,0,0,0,0,0.0,2079,2001,500,4423,4000,2000,41768,42561,42871,7606,11267,14453,0.0
19572,0,0,-1,50000,-1,-1,-1,-1,-1,-1,0.0,588,588,926,643,643,643,588,588,588,926,643,643,-1.0
28658,0,0,-1,50000,0,0,0,0,2,-1,1.0,2200,3000,1218,0,1000,2934,58141,58544,56850,4359,816,766,0.0
10931,0,0,-1,320000,0,0,0,0,0,0,0.0,50390,20000,20000,15000,40000,40000,34702,76361,58124,70717,78149,70379,0.0
10174,0,0,-1,360000,-1,-1,-1,-1,-1,-1,0.0,4070,3307,0,380,2566,166,2505,4070,3307,0,380,2566,-1.0
9427,0,1,4,180000,0,0,0,0,2,2,2.0,7320,6100,9710,4800,0,4300,149525,152460,154206,135881,130728,123155,0.0
4089,0,0,-1,80000,0,0,0,0,-2,-1,0.0,1500,2000,0,0,150,419,11040,5830,4136,0,0,150,0.0
11167,0,1,4,140000,1,2,0,0,2,2,3.0,0,10000,10000,0,8500,4100,91296,88979,97448,105795,103988,110769,2.0
21699,0,0,-1,80000,-1,-2,-2,-2,-2,-2,0.0,0,0,0,0,0,0,259,259,0,0,0,0,-2.0
27696,0,0,-1,120000,0,0,0,0,0,0,0.0,2000,3000,3000,4000,4000,2000,58106,53974,51786,43180,41469,42004,0.0
27038,0,0,-1,50000,0,0,0,0,0,0,0.0,1263,1494,25105,728,651,624,15019,16026,17257,41868,23201,18623,0.0
28993,0,0,-1,80000,0,0,0,0,0,0,0.0,2071,2063,1779,2087,1743,1800,66047,59910,55122,54006,50779,50257,0.0
10464,0,0,-1,300000,0,0,0,0,0,0,0.0,3121,3175,2736,2829,2843,2941,67943,69969,71387,72340,73853,75316,0.0
25048,1,0,-1,360000,-1,-1,-1,-1,-2,-1,0.0,10541,7600,3049,1138,3414,24952,30155,10508,7575,3026,1133,3408,-1.0
20365,1,1,1,20000,1,2,2,2,2,0,4.0,1000,4211,1000,0,1000,1000,9422,10106,14127,14598,14069,14690,2.0
25218,0,0,-1,50000,0,0,0,0,0,0,0.0,2000,2097,2224,1000,3000,633,53159,50465,50744,41232,14459,17225,0.0
11881,0,1,5,200000,0,0,0,0,0,2,1.0,10000,95000,4552,15002,8000,0,21326,30928,124497,126854,139660,145455,0.0
22534,0,0,-1,180000,0,0,0,0,0,0,0.0,2000,2000,2000,500,1100,0,4911,6688,8432,9977,10030,10836,0.0
24332,0,0,-1,290000,0,0,0,0,0,0,0.0,4126,4304,4000,5000,4100,4500,193650,127336,125088,123694,123518,124246,0.0
14731,0,0,-1,70000,0,0,0,0,0,0,0.0,1726,3028,1026,1195,1060,1031,52899,45758,37858,29660,29519,29457,0.0
9618,0,0,-1,140000,-1,-1,-1,-1,-1,-1,0.0,291,291,291,291,441,291,291,291,291,291,291,441,-1.0
1231,1,0,-1,50000,0,0,0,0,0,0,0.0,2200,1517,1000,1500,2005,1305,50834,50770,50215,29386,29527,30125,0.0
2282,0,0,-1,500000,0,0,0,0,0,0,0.0,4500,5000,5000,5000,5000,5000,139117,130301,119701,121296,122477,125279,0.0
17871,0,0,-1,10000,0,0,0,0,0,0,0.0,1196,1300,1000,1000,700,1208,1474,2641,3745,4642,5642,6342,0.0
10592,0,0,-1,210000,-1,-1,-1,-1,-1,-1,0.0,1053,2992,2046,17239,3680,0,591,1053,2989,2046,17239,3680,-1.0
2478,0,0,-1,160000,-1,-1,0,0,0,0,0.0,52165,5000,7000,8000,5000,1200,3090,52125,26325,29638,35474,38190,0.0
19491,0,0,-1,180000,-1,-1,-1,-1,0,0,0.0,7123,4569,36124,0,0,0,19369,7123,4569,29635,6489,0,-1.0
28264,0,0,-1,50000,0,0,0,0,0,0,0.0,5100,2600,2011,2000,3510,2000,46882,49737,50361,50152,28119,28238,0.0
18525,0,0,-1,190000,0,0,0,0,-1,0,0.0,2000,2700,1100,287,49696,2000,54186,55466,57358,10890,287,49983,0.0
5667,0,0,-1,400000,0,0,0,-2,-2,-1,0.0,9150,0,0,0,91057,100000,201800,205150,0,0,0,91057,0.0
20758,1,1,1,20000,1,2,2,0,0,3,3.0,1500,0,1700,2700,0,600,16456,17382,16814,18229,20314,19704,2.0
25022,0,0,-1,20000,0,0,-1,-1,-1,-1,0.0,1000,3851,6061,7058,2840,6380,17020,13161,3851,6061,7058,5680,-1.0
10261,0,0,-1,170000,0,0,0,0,0,0,0.0,18500,13998,3760,4000,12212,4200,171465,145196,110163,112157,106497,108832,0.0
1599,0,0,-1,240000,-1,-1,-1,0,0,0,0.0,7305,11263,10018,21,3637,7008,7744,7284,11234,15214,9107,5621,-1.0
26083,0,1,1,20000,1,2,2,2,2,2,5.0,2000,0,3300,700,0,1200,16161,17596,17031,19715,19806,18747,2.0
2436,1,0,-1,150000,-1,-1,-2,-1,-1,-1,0.0,0,0,31106,0,1505,997,850,0,0,31106,0,1505,-1.0
17565,0,0,-1,50000,-2,-2,-2,-2,-2,-2,0.0,330,4975,4838,330,330,330,330,330,4975,4810,330,330,-2.0
3347,1,0,-1,250000,-2,-2,-2,-2,-2,-2,0.0,0,0,0,0,0,0,2500,0,0,0,0,0,-2.0
24180,0,0,-1,360000,-1,-1,-1,-1,0,0,0.0,14226,46012,129567,685,425,4137,9939,14212,44803,118712,34244,21269,-1.0
14454,0,1,2,330000,-1,-1,2,2,2,2,4.0,504,0,0,0,0,0,963,11,11,11,11,11,2.0
6527,0,0,-1,20000,-1,2,-1,0,0,-1,1.0,0,948,0,0,1096,0,632,316,948,632,316,1096,-1.0
16468,1,1,3,100000,0,0,0,2,2,2,3.0,1473,3312,0,2578,1294,0,27666,28677,31516,30701,32392,32645,0.0
550,0,0,-1,120000,0,0,0,0,0,0,0.0,5024,5000,5000,4000,5000,3500,52437,50473,45087,35424,31760,31214,0.0
22181,0,0,-1,100000,0,0,0,-1,-1,-1,0.0,1268,2184,38500,938,796,0,14309,11226,13142,12280,938,796,0.0
2985,0,0,-1,180000,0,0,0,-2,-2,-1,0.0,1010,1003,496,1781,81032,3600,4819,5240,999,495,1776,79785,0.0
29476,0,0,-1,60000,0,0,0,0,0,0,0.0,1368,1396,1287,654,1000,644,43293,28305,22298,22161,18667,19381,0.0
27964,1,0,-1,50000,0,0,0,0,0,0,0.0,2100,2500,28400,1100,2000,1500,51422,50525,49691,49308,30284,30554,0.0
28485,0,0,-1,40000,0,0,0,0,0,0,0.0,1232,1256,1268,587,607,611,13033,14041,15065,16077,16396,16739,0.0
3627,0,0,-1,50000,0,0,0,0,0,0,0.0,2202,2083,697,711,717,674,50701,50462,50218,20141,20072,19493,0.0
14174,0,0,-1,260000,-1,-1,-1,-2,-1,-1,0.0,803,0,0,359,494,0,1025,799,-1,-1,358,492,-1.0
7105,0,0,-1,390000,-1,-1,-1,-1,-1,-1,0.0,20666,10000,20666,10000,10000,10500,20666,20666,10000,20666,10000,10000,-1.0
3364,1,0,-1,420000,0,0,0,0,0,0,0.0,16850,15522,14000,14500,18007,12733,415257,411624,388363,390003,398229,409615,0.0
21589,0,0,-1,500000,-2,-2,-2,-2,-2,-2,0.0,2579,3824,813,0,4443,330,315,2579,3824,813,0,4443,-2.0
13957,1,1,3,70000,0,0,0,2,2,2,3.0,1250,2000,0,1500,0,600,11332,12093,13891,13371,14654,14271,0.0
9395,0,0,-1,190000,0,0,0,0,0,0,0.0,3000,5000,5000,60000,5000,5000,47713,49242,52394,55521,113760,116299,0.0
10443,0,0,-1,260000,0,0,0,0,0,0,0.0,1690,19342,15000,53787,22790,3217,36664,22228,39330,39880,78787,52790,0.0
9121,0,0,-1,200000,-2,-2,-2,-2,-2,-2,0.0,1473,390,390,540,390,0,1473,1473,390,390,540,390,-2.0
12476,0,0,-1,240000,0,0,0,0,0,0,0.0,1905,3632,7100,0,3500,3600,12876,4420,4508,8064,4520,4476,0.0
1843,0,0,-1,80000,0,0,0,0,0,0,0.0,3300,3300,2000,2200,2100,1900,78717,75873,68602,54617,55987,53895,0.0
19090,0,0,-1,260000,0,0,0,0,0,0,0.0,8720,9000,8910,7570,7751,8200,229398,202429,206210,208752,209083,208463,0.0
27367,0,0,-1,390000,0,0,0,0,0,0,0.0,6000,10000,2000,15000,5000,2000,18891,19521,28868,29661,21907,8205,0.0
14166,0,0,-1,210000,0,0,0,0,0,0,0.0,10000,10000,5000,4000,4000,4000,204824,209873,214775,111893,107697,105578,0.0
11323,0,0,-1,50000,-1,-1,-1,-2,-2,-2,0.0,4377,0,0,0,0,0,15584,4377,0,0,0,0,-1.0
25086,1,0,-1,50000,0,0,0,0,0,0,0.0,1839,1640,1901,526,537,577,48321,48890,30272,31080,15315,15238,0.0
8045,0,0,-1,380000,0,0,0,0,0,0,0.0,15000,15000,20019,20000,9934,9330,331697,332339,322995,314161,327945,289814,0.0
15498,1,1,1,150000,1,2,2,2,2,2,5.0,3000,3000,2000,0,5000,3000,52692,54229,55768,56266,54764,58862,2.0
9965,1,0,-1,200000,0,0,0,-2,-1,0,0.0,1060,1000,66,65437,2422,2418,53493,3123,3221,3287,63687,65034,0.0
6844,1,0,-1,50000,0,0,0,0,-1,-1,0.0,1487,1200,399,390,540,390,48803,48808,20131,19940,390,540,0.0
8901,0,0,-1,150000,-1,-1,-1,-1,-1,-1,0.0,291,291,285,2091,8695,74646,291,291,291,285,2085,8669,-1.0
21495,1,0,-1,60000,0,0,0,0,0,0,0.0,2200,5000,2000,1500,2000,1600,57697,48934,44653,44056,42210,41796,0.0
7192,0,0,-1,20000,0,0,0,0,0,0,0.0,1500,1400,1009,307,1200,0,18317,18455,19399,19962,14938,3039,0.0
15207,0,0,-1,70000,0,-1,-1,2,0,0,1.0,24336,3010,0,875,600,1000,20064,24336,25510,24726,25377,24818,0.0
4159,0,0,-1,150000,-1,-1,-1,-2,-1,-1,0.0,2400,0,0,1000,0,0,800,2400,0,0,1000,0,-1.0
10610,0,0,-1,230000,0,0,0,0,0,0,0.0,2310,2000,49000,1500,1000,2000,69853,61844,24802,61631,46396,28311,0.0
23323,1,0,-1,80000,0,0,0,2,0,0,1.0,1900,5400,0,1500,1500,1600,45412,32091,36633,35749,36353,37115,0.0
16730,1,1,1,50000,1,2,2,2,2,2,5.0,1900,0,3200,1500,0,3000,33776,34824,33988,36311,36918,36191,2.0
426,0,0,-1,80000,-1,-1,-2,-2,-2,-2,0.0,0,0,0,0,0,0,11262,0,0,0,0,0,-2.0
11951,0,0,-1,110000,0,0,-1,-1,-1,-2,0.0,1002,450,3100,0,0,0,2309,3238,250,3100,0,0,-1.0
18051,0,0,-1,240000,0,0,0,0,0,0,0.0,3000,3000,3000,3000,3000,3000,47379,49274,51171,52716,54229,56191,0.0
22991,0,0,-1,170000,-2,-2,-2,-2,-2,-2,0.0,736,1156,316,316,316,316,736,736,1156,316,316,316,-2.0
25617,0,0,-1,150000,-1,0,0,0,0,0,0.0,5301,6112,6023,4626,1035,1046,146432,149044,148839,147746,116537,36404,0.0
19355,1,0,-1,30000,0,0,0,2,0,0,1.0,2000,2000,1000,1000,2000,2000,21173,22513,23826,20613,21269,22761,0.0
13152,1,1,1,180000,1,2,2,2,2,2,5.0,6500,5600,0,12000,0,11800,142024,144790,146552,142714,152219,149618,2.0
11111,0,0,-1,40000,-1,-1,-1,-1,-2,-2,0.0,0,780,0,0,0,0,780,0,780,0,0,0,-1.0
16292,0,0,-1,130000,0,0,0,0,-1,-1,0.0,1317,1268,1010,4003,3086,2406,9383,9380,7350,3488,3991,3077,0.0
21139,0,0,-1,20000,0,0,0,0,0,0,0.0,1208,3234,1245,600,600,600,9632,10676,13702,14713,15068,15425,0.0
18273,0,0,-1,330000,-1,-1,2,-1,-1,0,1.0,1499,0,360,7143,3000,2383,360,1499,360,360,7143,5725,-1.0
10305,0,1,5,100000,0,0,0,0,0,2,1.0,3143,3052,3264,10398,0,3390,85435,85957,86295,86945,94526,91630,0.0
14404,0,0,-1,290000,-2,-2,-1,0,0,0,0.0,8050,123514,4274,4426,4859,5407,170823,174650,123514,125973,128608,127976,0.0
26835,0,0,-1,180000,-2,-2,-2,-2,-2,-2,0.0,13606,14396,11936,12965,10220,10100,9531,13558,14270,11878,12920,10190,-2.0
28661,0,0,-1,60000,0,0,0,0,0,0,0.0,2300,2600,1600,1200,2000,1300,56403,57765,59198,31437,32113,33591,0.0
5652,0,0,-1,20000,-1,2,-1,2,0,0,2.0,0,4294,0,0,150,0,226,226,4294,2863,1583,1320,-1.0
15285,0,0,-1,490000,0,0,0,0,0,0,0.0,10000,11547,4600,2000,2000,2000,250970,255009,248203,101770,63192,64720,0.0
17244,0,0,-1,110000,0,0,0,0,0,0,0.0,4008,3920,4031,4000,3000,2810,105433,107065,103690,105447,97096,77197,0.0
2429,0,0,-1,80000,0,-1,-1,0,-1,-1,0.0,25144,8000,0,20616,7727,6191,49735,25144,7905,7905,20616,7727,-1.0
15602,0,0,-1,90000,0,0,0,0,0,0,0.0,3160,3688,4559,1665,1707,1807,87727,89402,88118,87852,49042,49251,0.0
9210,0,0,-1,230000,-1,-1,-1,-1,-1,-1,0.0,32254,4819,1600,4712,3466,3199,1856,32254,4805,1600,4712,3466,-1.0
13150,0,0,-1,130000,0,0,0,0,0,0,0.0,2009,2000,2000,3000,900,0,37112,34653,9522,3939,6939,950,0.0
1888,0,0,-1,170000,0,-1,-1,-1,-1,0,0.0,9734,7373,6380,11937,1000,6881,21170,9698,7360,6380,11937,6378,-1.0
6172,0,0,-1,50000,0,-1,-1,0,-1,-1,0.0,1478,4419,0,1473,1473,1473,5994,1478,2946,1473,1473,1473,-1.0
17983,0,0,-1,100000,0,0,0,0,-2,-2,0.0,1500,2000,0,0,0,1700,2069,3521,5399,0,0,0,0.0
4405,1,1,1,100000,1,2,3,4,4,3,5.0,4000,5600,3500,0,0,0,53111,55650,59730,61693,59186,57949,2.0
8066,0,0,-1,70000,0,0,0,0,0,0,0.0,2163,2000,2000,1000,5000,322,79867,79593,29340,28026,28605,28705,0.0
15340,1,0,-1,200000,-2,-2,-2,-2,-2,-2,0.0,0,0,0,0,0,0,2500,0,0,0,0,0,-2.0
7875,0,0,-1,140000,0,0,0,0,0,0,0.0,1434,1450,1138,1021,1026,1061,24984,26010,27026,27714,28139,28697,0.0
1156,0,0,-1,350000,-1,-1,-1,-1,-1,-1,0.0,5932,9908,4692,5787,6548,4863,8760,5882,9845,4677,5767,6532,-1.0
17448,0,0,-1,220000,0,0,0,0,0,0,0.0,5100,6540,5000,5000,5000,4600,137736,130527,127116,121336,121736,119164,0.0
29075,1,0,-1,20000,1,2,0,0,0,0,1.0,11,1392,1000,176,0,0,14930,14404,15558,16166,8824,0,0.0
20083,0,0,-1,150000,0,0,0,0,0,0,0.0,4000,2500,55000,1115,1000,0,21001,12406,14587,59974,51049,47079,0.0
23456,0,0,-1,60000,-2,-2,-1,0,0,0,0.0,0,4028,56626,2100,5000,2000,1242,0,4028,59334,54526,58575,0.0
19816,0,0,-1,230000,0,0,0,0,0,0,0.0,2000,2100,1500,1000,1000,1000,33907,35038,36574,36985,37701,30735,0.0
17591,0,0,-1,440000,0,0,0,0,0,0,0.0,14453,12611,13022,10572,10270,10722,386288,367400,347445,354373,307773,293357,0.0
5369,0,1,5,100000,0,0,0,0,0,2,1.0,1900,1900,1800,3200,0,2000,39000,40123,41217,42193,44722,44024,0.0
17605,0,0,-1,180000,-1,-1,-1,-1,-1,-2,0.0,0,780,780,0,0,0,780,0,390,780,0,0,-1.0
2078,1,1,1,150000,1,2,2,0,0,0,2.0,3800,0,2800,3000,3000,3200,76516,78505,76652,77688,79440,81126,0.0
21696,0,0,-1,270000,0,0,0,0,0,0,0.0,1380,1419,1423,910,942,951,22579,23579,24613,25617,25434,25966,0.0
8093,0,0,-1,270000,0,0,0,0,0,0,0.0,5000,3200,3000,5000,5234,3000,84188,82668,74901,72785,71836,55234,0.0
26861,0,0,-1,230000,-2,-2,-2,-2,-2,-2,0.0,864,0,0,0,0,0,7904,860,-3,-3,-3,-3,-2.0
16823,0,1,1,20000,1,2,2,2,2,2,5.0,0,2676,0,1000,0,582,9599,9296,11813,11327,12137,11799,2.0
25503,0,0,-1,250000,-1,-1,-1,-1,-1,-1,0.0,7404,3186,5161,0,13714,3224,2198,7404,3186,5161,0,13714,-1.0
18150,0,0,-1,310000,1,2,0,0,2,0,2.0,56,9950,17828,9,7951,8070,310392,301861,225003,234185,222139,224655,0.0
5827,1,0,-1,10000,0,0,0,0,0,0,0.0,1067,1500,1000,1751,1073,2041,2274,3297,4730,5649,7304,8252,0.0
24200,1,0,-1,220000,2,-1,-1,-1,-1,-1,1.0,390,0,780,0,780,390,780,390,0,780,0,780,-1.0
2739,0,0,-1,420000,-1,-1,-1,-1,-1,-1,0.0,2629,4360,2064,1486,2290,1290,666,2629,4352,1440,1486,2290,-1.0
22044,0,0,-1,150000,0,0,0,0,0,0,0.0,4000,2000,2000,2000,2000,3000,52824,15214,16452,17281,18576,18783,0.0
6907,0,0,-1,10000,-2,-2,-2,-2,-2,-2,0.0,1939,2040,1938,0,0,0,2778,1939,2038,1938,0,0,-2.0
2788,1,0,-1,80000,-2,-2,-2,-2,-2,-2,0.0,0,1672,836,0,2902,836,1672,0,1672,836,0,2902,-2.0
27514,0,0,-1,330000,-2,-2,-2,-2,-2,-2,0.0,300,250,800,300,300,200,3524,262,248,784,220,256,-2.0
27071,0,0,-1,230000,0,0,0,0,0,0,0.0,2000,2000,2000,2500,2500,3000,25949,27214,28472,29696,31393,33222,0.0
12860,0,0,-1,170000,0,0,0,0,0,0,0.0,3200,6000,5000,10000,10000,780,149941,68912,72741,76149,84474,92400,0.0
24464,0,0,-1,310000,-1,-1,-1,-1,-1,-1,0.0,12910,990,0,1715,11936,277,10878,12910,990,0,1715,11936,-1.0
7133,1,0,-1,150000,0,0,0,0,0,0,0.0,6100,5100,4200,1900,1600,1500,160292,153981,129725,103050,54447,46943,0.0
11515,0,0,-1,200000,0,0,0,0,0,0,0.0,66022,6101,5898,6053,6288,8000,135654,173946,176894,170754,172332,175960,0.0
22168,0,0,-1,210000,0,0,0,0,0,0,0.0,2000,1800,2000,1500,1031,1191,26311,24805,25810,27071,27817,28401,0.0
8446,0,0,-1,50000,0,0,0,-2,-2,-2,0.0,3000,0,0,0,0,0,48612,50525,0,0,0,0,0.0
17503,0,0,-1,180000,0,0,0,0,0,0,0.0,7500,7000,7189,6000,5100,10000,161694,166198,168711,172263,174127,176335,0.0
7286,0,0,-1,150000,-2,-2,-2,-2,-2,-2,0.0,1208,1006,50000,1104,0,0,1106,2199,2997,735,1104,0,-2.0
8983,0,0,-1,180000,0,0,0,0,0,0,0.0,5006,5000,5005,42500,3000,2000,102646,82849,78064,73437,108072,49206,0.0
282,0,0,-1,270000,0,0,0,0,-1,-1,0.0,10063,5162,10150,44299,43509,31031,127543,109189,92630,69669,44149,43414,0.0
14649,0,0,-1,30000,0,-1,0,0,0,0,0.0,2318,22000,1000,1000,1000,1000,7928,2318,22430,20457,13964,14872,0.0
2001,1,0,-1,10000,0,0,0,0,0,0,0.0,1158,1151,339,344,425,195,8602,8728,9721,9609,9503,9771,0.0
12537,1,0,-1,150000,-2,-2,-2,-2,-2,-2,0.0,1670,4330,8040,1505,974,0,6479,1670,4330,8036,1505,974,-2.0
7642,0,0,-1,210000,0,0,0,0,0,0,0.0,1606,2000,1200,1200,1000,1000,30365,29858,30713,27644,26236,26312,0.0
11957,0,0,-1,130000,0,0,0,0,0,0,0.0,5044,5067,5013,5002,4002,5009,119466,116833,106524,89412,86993,87433,0.0
13428,0,0,-1,50000,0,0,0,0,0,0,0.0,1806,1752,1168,1205,1207,1199,44193,44790,29397,29157,29765,29941,0.0
48,1,0,-1,150000,0,0,-1,0,0,-2,0.0,1013,1170,0,0,0,0,4463,3034,1170,1170,0,0,0.0
11474,1,0,-1,70000,0,0,0,0,0,0,0.0,2000,1396,3000,980,955,941,66866,27072,26744,28087,27393,26646,0.0
24641,0,0,-1,80000,0,0,0,0,0,0,0.0,2000,2000,2000,2000,3000,4000,40612,41934,43261,44537,45794,47893,0.0
16849,0,0,-1,20000,0,0,0,0,0,0,0.0,1291,1478,1200,400,0,0,16884,17891,19078,19800,20000,0,0.0
7388,0,0,-1,50000,0,0,0,0,0,0,0.0,6000,2044,3150,1000,3000,905,45698,49270,48186,20127,18988,19942,0.0
1025,0,0,-1,310000,-2,-2,-2,-2,-2,-2,0.0,4068,3964,205,3209,5109,1434,4040,4048,3959,205,3199,5104,-2.0
6197,0,1,1,20000,1,2,2,-1,0,-1,2.0,1712,0,3041,0,1326,0,11730,7221,0,3041,3041,1326,2.0
86,0,0,-1,160000,0,0,0,0,0,0,0.0,4400,3547,80000,4500,4800,4500,130028,107808,71934,118418,118407,120418,0.0
19340,0,0,-1,110000,0,0,0,0,0,0,0.0,2350,1392,1183,511,1151,482,48796,49371,19413,20204,16627,14980,0.0
14995,0,0,-1,50000,0,0,-1,0,-1,0,0.0,2400,780,0,850,18000,1000,49028,49740,780,390,850,18460,0.0
8477,0,0,-1,50000,0,0,0,0,-1,-1,0.0,2000,3000,0,400,20000,10000,48640,49483,40850,0,800,400,0.0
17738,1,1,2,40000,0,0,2,2,0,0,2.0,2150,1500,0,274,283,436,4621,6527,7776,7502,7651,7811,0.0
5573,0,0,-1,140000,0,0,0,0,0,0,0.0,5200,5100,5000,5200,5100,5200,142250,142172,141738,141524,141845,142150,0.0
6242,0,0,-1,270000,0,0,0,0,0,0,0.0,7000,7000,7000,7500,9000,10000,227479,181629,185614,189524,193971,199763,0.0
4017,0,0,-1,260000,0,0,0,0,0,0,0.0,6726,6637,7784,10000,3500,3434,256557,188370,186778,184132,189947,89016,0.0
24755,1,0,-1,50000,0,0,0,0,0,0,0.0,1700,1679,1640,1449,1454,1466,51449,52260,40893,81308,41463,40045,0.0
10799,0,0,-1,70000,0,0,0,0,0,0,0.0,1586,1739,1002,1033,1142,1014,59829,57240,29079,28562,29155,29448,0.0
13363,0,0,-1,50000,0,0,0,0,-1,0,0.0,2060,1014,170,17948,188,390,49642,48381,44113,8522,17948,9390,0.0
15032,0,0,-1,280000,-2,-2,-2,-2,-2,-2,0.0,963,1072,3422,1814,2162,1757,3596,959,1067,3405,1805,2153,-2.0
5603,0,0,-1,50000,0,0,0,0,0,0,0.0,4000,2000,3000,3000,3000,3000,41897,17304,16544,14787,15975,17098,0.0
9718,0,0,-1,360000,0,0,-2,-1,-1,-1,0.0,0,0,1672,0,986,780,3177,0,0,1672,0,986,-1.0
16025,0,0,-1,100000,0,0,0,0,0,0,0.0,23591,2116,1400,1165,588,639,79158,93667,58161,41414,28835,29423,0.0
22600,0,0,-1,240000,-2,-2,-2,-2,-2,-2,0.0,1868,7208,6450,2498,3466,2156,4522,1868,7182,6398,2498,3466,-2.0
15072,1,0,-1,110000,1,2,0,0,0,0,1.0,0,6307,5093,2008,2010,3000,112829,108073,110313,108986,48641,46982,0.0
18341,0,0,-1,10000,0,0,0,0,0,0,0.0,1262,1000,1115,9329,331,1000,7641,8557,9080,1410,9508,8997,0.0
29394,0,0,-1,10000,0,0,0,0,0,0,0.0,2000,1500,1500,1000,1000,1000,2944,4877,6287,7521,8389,9252,0.0
12046,0,0,-1,80000,0,0,0,0,0,0,0.0,3400,3000,3000,3000,3000,3000,76270,77376,38556,34345,36020,38420,0.0
4661,0,0,-1,80000,0,0,0,0,0,-2,0.0,2186,1491,1099,1243,6408,6825,60110,51784,50071,47099,41063,6408,0.0
14857,0,0,-1,210000,-1,-1,-1,-1,-1,-1,0.0,1508,1409,1549,2454,946,1525,1338,1508,1409,1549,2454,946,-1.0
15730,1,0,-1,60000,0,0,0,0,0,0,0.0,2500,2501,1506,1000,1500,2000,60330,60382,60264,46149,28990,30067,0.0
6916,0,0,-1,20000,-2,-2,-2,-2,-2,-2,0.0,6664,6600,6700,6700,6666,6982,7666,6664,6598,6632,6666,6666,-2.0
8627,0,1,5,10000,0,0,0,0,0,2,1.0,1400,1300,500,1000,500,0,8109,9219,10200,9694,9684,9872,0.0
22704,0,1,4,240000,0,0,0,0,2,2,2.0,8000,7000,50000,0,16302,0,173628,177556,179549,225556,219642,232652,0.0
16338,1,0,-1,500000,-1,-1,-2,-1,0,0,0.0,0,0,10370,15000,10000,4311,51,-8,-8,10362,21905,23717,-1.0
8805,0,0,-1,140000,-1,-1,-1,-1,-1,-1,0.0,900,2385,735,0,1526,981,743,896,2385,732,100,1526,-1.0
2432,0,0,-1,130000,1,2,-2,-2,-2,-1,1.0,4000,0,1580,1580,3202,0,60024,58104,54976,-3518,-1285,1601,-2.0
10383,0,0,-1,220000,-1,-1,-1,0,0,-1,0.0,680,14129,16000,5000,198,14952,15069,0,14129,28246,9995,198,-1.0
4163,1,0,-1,200000,-1,-1,-1,-1,-1,-1,0.0,326,326,326,326,326,326,326,326,326,326,326,326,-1.0
10257,0,1,4,100000,0,0,0,0,2,2,2.0,3500,3400,8000,4300,0,1650,100284,90952,92840,99296,101872,99555,0.0
24032,0,0,-1,80000,-1,-1,-1,-1,-1,-1,0.0,945,1096,163,6600,1780,0,7412,945,1096,162,6600,1780,-1.0
17995,0,0,-1,70000,0,0,0,-1,0,0,0.0,1000,0,21280,1000,1000,1200,16163,1050,0,21280,21625,22275,0.0
6815,0,0,-1,110000,0,0,0,0,0,0,0.0,2600,2100,2000,2000,1500,1000,61050,62663,62425,59118,49449,38047,0.0
14170,0,0,-1,300000,-1,-2,-2,-2,-2,-2,0.0,0,0,0,0,0,0,7111,7111,0,0,0,0,-2.0
20982,1,0,-1,230000,-2,-2,-2,-2,-2,-2,0.0,7882,162,0,0,0,0,6514,7882,162,-868,-868,-868,-2.0
12444,0,0,-1,320000,0,0,0,0,0,0,0.0,15031,8081,5072,6591,1223,0,14237,26123,28637,24385,8559,3207,0.0
7709,0,1,4,380000,0,0,0,0,2,2,2.0,30125,11600,20009,11000,0,40000,294100,313346,299786,307801,288820,266266,0.0
2501,1,0,-1,330000,0,0,0,0,0,0,0.0,7015,7000,10007,6500,6600,9000,138009,141253,130567,128257,116988,105961,0.0
22815,0,0,-1,50000,-1,-1,-1,-1,-1,-1,0.0,390,390,390,390,390,390,390,390,390,390,390,390,-1.0
13822,0,0,-1,220000,0,0,0,0,0,0,0.0,10000,9200,6300,6200,6600,9000,223150,226034,227153,174717,171145,174076,0.0
11741,1,0,-1,20000,0,0,-2,-2,-2,-2,0.0,0,0,0,0,0,0,18400,0,0,0,0,0,-2.0
21747,0,0,-1,20000,0,0,2,-1,-1,0,1.0,2778,0,6572,5016,0,0,5275,5487,2778,6572,5016,2508,0.0
20556,0,1,2,60000,0,0,2,2,0,0,2.0,3800,1900,0,1200,1000,3500,59059,50579,24193,23511,24019,24481,0.0
18955,0,0,-1,20000,0,0,0,0,0,0,0.0,1300,1300,1300,600,600,600,16178,12662,13367,14046,14425,14024,0.0
12468,0,0,-1,30000,0,0,2,0,0,0,1.0,5300,0,607,20000,3000,0,10094,14870,13329,7275,26804,29362,0.0
14425,0,1,3,210000,0,0,0,2,2,0,2.0,5650,10100,4400,0,4500,4500,110757,113139,119812,120763,118722,121249,0.0
20100,1,1,5,80000,0,0,0,0,0,2,1.0,2000,1500,6500,2200,0,1100,18172,19559,20437,26591,28350,27758,0.0
25926,0,0,-1,230000,-1,-1,-1,-1,-1,0,0.0,0,376,48042,3099,0,0,177,0,376,47992,3099,2389,-1.0
18203,0,0,-1,310000,0,0,0,0,0,0,0.0,9297,8311,6928,3539,2991,2672,286506,262830,210583,210982,126502,102999,0.0
22641,1,0,-1,320000,-1,-1,-1,-1,-1,-1,0.0,1661,1060,4070,2700,7544,3563,3077,1651,1060,4070,2695,7544,-1.0
10015,0,0,-1,140000,0,0,0,0,0,0,0.0,3000,2000,2000,3000,1661,3500,26187,28431,26141,24958,27574,27151,0.0
6406,0,0,-1,180000,-2,-2,-2,-2,-2,-2,0.0,2183,5828,0,2165,645,4390,3999,2183,5828,0,2165,645,-2.0
7134,0,0,-1,50000,0,0,0,0,0,0,0.0,20007,3014,1309,5009,2008,4622,36926,52845,52148,32718,32096,30563,0.0
25741,0,0,-1,430000,0,-1,-1,-1,-1,-1,0.0,28647,35000,30636,30241,0,179,30000,28490,33490,30636,30240,0,-1.0
3967,0,1,2,60000,0,0,2,6,5,4,4.0,5000,12000,0,0,0,0,44331,48590,59129,57663,56225,54759,2.0
3255,0,0,-1,10000,0,0,0,0,0,0,0.0,1123,1103,243,296,280,16,6160,6787,7377,7127,6931,6660,0.0
27206,0,1,2,240000,0,0,2,2,0,0,2.0,12400,6000,0,5806,2198,1207,125055,133825,136232,132569,135007,34036,0.0
1650,0,0,-1,50000,0,0,0,0,0,0,0.0,2200,2000,1000,500,1000,400,42549,36110,9715,8965,6652,7385,0.0
9875,0,0,-1,80000,0,0,0,0,0,0,0.0,3000,2454,2059,2100,2149,1956,78327,79322,76290,58987,57947,58077,0.0
2417,0,0,-1,280000,-1,-1,0,0,-1,-1,0.0,1855,1422,7,2719,1235,3831,1006,1853,2657,1416,2706,1229,-1.0
1014,0,0,-1,80000,0,0,0,0,0,0,0.0,2000,2000,1500,1500,2000,1500,79148,52174,44275,42029,33838,29757,0.0
29102,0,0,-1,80000,0,0,0,0,0,0,0.0,2000,2000,2000,2007,1600,1900,49350,49533,49339,50415,45859,43152,0.0
16265,1,1,1,70000,1,2,2,0,0,0,2.0,5500,0,2723,1062,936,943,56922,60047,56884,57717,26342,26342,0.0
18995,0,0,-1,100000,0,0,0,0,0,0,0.0,3200,3007,3200,3000,3500,2600,91844,90375,81572,71451,68530,66844,0.0
21511,0,0,-1,30000,0,0,0,-1,0,0,0.0,6000,250,25000,2000,1000,1100,10210,13754,-191,24149,25452,25104,0.0
23185,0,0,-1,140000,0,0,0,0,0,0,0.0,6206,6100,6330,4400,8700,0,137545,136820,128445,125049,119402,123055,0.0
7913,0,0,-1,180000,0,0,0,0,0,0,0.0,3880,5114,3238,3401,2980,3000,95757,98098,101255,101341,98419,85259,0.0
12851,0,0,-1,160000,-1,0,0,-1,0,0,0.0,1283,3008,6023,71,0,0,4449,5316,5711,6003,3527,127,0.0
15696,0,0,-1,170000,-1,-1,-1,-1,-1,-1,0.0,2754,2754,2754,2754,2754,2754,2754,2754,2754,2754,2754,2754,-1.0
10797,0,0,-1,170000,0,0,0,0,0,0,0.0,13298,9913,7900,10523,16289,3600,95780,109078,115606,121493,132016,145820,0.0
5140,0,0,-1,250000,-1,-1,-1,-1,-1,0,0.0,17381,4063,6018,15895,1000,5928,4673,16014,4063,5589,15895,9948,-1.0
11947,1,1,3,30000,0,0,0,2,2,2,3.0,2000,4273,0,2640,0,1500,29883,27523,31010,30207,31203,30554,0.0
27862,0,0,-1,210000,0,0,0,0,0,0,0.0,5000,4415,6000,3635,4000,5000,142848,94018,96926,100399,101472,103834,0.0
22772,0,0,-1,50000,0,0,0,0,0,0,0.0,1952,1703,1444,1027,1053,1077,49889,50326,50687,37200,29838,30062,0.0
14976,1,0,-1,50000,0,0,-2,-2,-2,-2,0.0,0,0,0,0,0,0,4545,0,0,0,0,0,-2.0
2060,0,0,-1,220000,-1,-1,-1,-1,-1,-1,0.0,45889,11134,4578,6593,6440,12249,61614,45669,11086,4564,6549,6413,-1.0
1939,0,0,-1,290000,0,0,0,0,0,0,0.0,4000,4250,5000,3241,3500,7000,98441,95169,93718,89712,82809,76334,0.0
1061,1,0,-1,60000,0,0,0,2,0,0,1.0,1500,2090,0,700,1000,1400,9928,11261,12853,12352,12703,13338,0.0
13990,0,0,-1,170000,0,0,0,-1,0,0,0.0,10000,10000,25015,10000,20000,20000,115194,111991,22499,25015,34343,53403,0.0
7765,0,0,-1,230000,0,0,0,0,0,0,0.0,3687,4539,2220,3214,2407,2061,81734,82238,80623,90997,62063,62003,0.0
28067,0,0,-1,230000,0,0,0,0,0,0,0.0,8005,10002,15037,6500,16002,8002,233314,222220,210778,211132,179564,176949,0.0
19398,0,0,-1,240000,0,0,0,0,0,0,0.0,4060,3181,3000,1500,3042,1377,95835,90385,85011,77329,50673,48723,0.0
27618,0,0,-1,30000,1,2,0,0,0,0,1.0,1500,1396,2000,178,2000,2000,16549,17085,17003,7150,6508,8459,0.0
2469,0,0,-1,220000,0,0,0,0,0,0,0.0,5725,5971,5846,5887,5802,5895,163148,158197,158956,157953,157098,157099,0.0
25887,1,1,1,40000,1,2,2,2,2,2,5.0,0,8000,0,4000,0,6000,7613,7343,15184,14643,18385,17950,2.0
6232,0,0,-1,500000,0,0,0,0,0,0,0.0,2001,6620,6015,10001,4137,5000,58076,59534,51006,44360,34229,37880,0.0
26114,0,0,-1,180000,0,0,0,0,0,0,0.0,1084,1084,1005,46,16,0,3063,4083,4634,3652,1973,689,0.0
27307,0,0,-1,20000,0,-1,-1,0,0,0,0.0,203,20710,1305,696,712,860,19696,203,19378,19961,19962,19981,0.0
16692,0,0,-1,50000,0,0,0,0,0,0,0.0,5494,3202,3502,3200,2500,3000,23142,28202,30610,30227,18413,17195,0.0
22326,1,0,-1,30000,0,0,0,0,0,0,0.0,2000,2500,2000,2000,2000,2000,27276,26937,26679,27779,28691,29726,0.0
11302,1,0,-1,20000,-1,-1,-1,-1,-1,-1,0.0,0,0,0,0,0,2966,54,54,54,54,54,54,-1.0
29248,1,0,-1,70000,1,2,0,0,0,0,1.0,0,4000,1500,3000,2500,5000,69447,67209,56580,24991,16036,16667,0.0
17853,0,0,-1,150000,0,0,0,0,0,0,0.0,2000,2000,2000,2000,2000,2000,26443,27996,28963,8355,10355,12355,0.0
14652,0,0,-1,330000,-1,-1,-1,-1,-1,-1,0.0,7448,0,3899,2707,8000,0,899,7445,0,3899,2707,8000,-1.0
462,0,0,-1,80000,-1,-1,-1,-1,-1,-1,0.0,8638,5723,2980,1260,7868,2198,1689,8638,5702,2980,1260,7868,-1.0
253,1,0,-1,140000,0,0,0,0,0,0,0.0,5366,5087,3605,3894,3785,3304,101551,105246,104781,105334,107699,106828,0.0
12071,1,0,-1,140000,0,0,0,0,0,0,0.0,15126,9064,4009,5014,5011,7006,142129,130705,99736,80445,81005,79387,0.0
17200,0,0,-1,140000,0,0,0,0,0,0,0.0,2000,5000,6500,3000,5000,5000,51822,52960,57088,62868,65284,69663,0.0
11160,0,0,-1,250000,-1,-1,-1,-1,-1,-1,0.0,8099,46224,6496,11108,3321,7154,8040,8099,45964,6496,11108,3321,-1.0
26535,1,0,-1,20000,0,0,0,0,0,0,0.0,1308,1231,1244,544,565,1500,16120,17160,18083,15096,15396,15720,0.0
17936,0,0,-1,70000,0,0,0,0,0,0,0.0,2721,2714,2632,2600,2800,2573,71742,70978,70949,68782,68100,68677,0.0
4639,0,0,-1,50000,0,0,0,0,-2,-2,0.0,2000,1871,0,0,0,0,35145,36275,37150,0,0,0,0.0
1684,0,0,-1,200000,-1,-1,-2,-2,-2,-2,0.0,0,0,0,0,0,0,667,0,0,0,0,0,-2.0
14939,0,0,-1,310000,0,0,0,0,0,0,0.0,6225,5808,4312,4427,4524,4263,184404,180576,175348,139525,139156,115785,0.0
27879,0,1,1,100000,1,2,2,2,0,-1,3.0,0,5000,0,0,390,1320,6266,2366,7042,780,390,390,2.0
13447,0,0,-1,170000,-1,-1,-1,-1,-1,-1,0.0,2015,2015,2015,2015,1925,2105,2015,2015,2015,2015,2015,1925,-1.0
22190,0,0,-1,200000,0,0,0,0,0,0,0.0,7464,7889,6600,4602,4900,4726,203621,203424,199728,195609,131981,131294,0.0
19395,0,0,-1,80000,-2,-2,-2,-2,-2,-2,0.0,51932,0,2165,39881,14691,10500,4965,51932,0,2165,39881,14691,-2.0
11730,0,0,-1,20000,0,0,0,0,0,0,0.0,1700,1500,1000,1000,1000,1000,18062,18374,19222,18014,18627,15811,0.0
13937,0,0,-1,350000,-1,-1,-1,0,-1,-1,0.0,4300,16229,45000,108501,4640,638,6337,4300,16229,56929,7082,4640,-1.0
26040,0,0,-1,230000,-2,-2,-2,-2,-2,-2,0.0,11556,156,2403,1546,7915,0,5869,11556,156,2403,1546,7915,-2.0
2848,0,0,-1,180000,0,0,0,0,0,0,0.0,5124,6000,5300,5500,5500,6000,141836,140792,144021,146539,149286,151900,0.0
14700,0,0,-1,360000,-1,-1,-1,-1,-1,-1,0.0,2755,1380,0,1999,0,500,220,2755,1380,0,1999,-1,-1.0
12621,0,0,-1,170000,-2,-2,-1,-1,-1,-1,0.0,0,16474,4650,2359,0,1977,743,0,16474,4650,2359,0,-1.0
460,1,0,-1,70000,0,0,0,0,0,-1,0.0,2100,1217,500,0,6400,4590,50927,39883,32017,17630,9730,6400,0.0
25130,0,0,-1,320000,0,0,0,0,0,0,0.0,11000,12000,7500,6200,4600,5000,234704,242324,241384,156047,153955,133407,0.0
14383,0,0,-1,20000,0,0,-1,-1,-1,-1,0.0,1481,798,798,798,408,1188,3556,3271,798,798,798,408,-1.0
895,1,0,-1,240000,-1,-1,-2,-2,-2,-2,0.0,0,0,0,0,0,0,238,0,0,0,0,0,-2.0
17133,1,0,-1,80000,0,0,2,0,0,0,1.0,9425,1,2012,1091,1006,2516,39813,46375,43576,28468,25971,23686,0.0
18402,0,0,-1,50000,0,0,0,0,0,0,0.0,1750,1150,1000,300,400,800,37259,32822,20669,4510,2893,2000,0.0
19810,0,1,1,30000,1,2,2,2,0,0,3.0,1000,900,1000,1200,1200,1200,13012,13502,13892,14369,15333,16289,2.0
1265,0,0,-1,220000,0,0,0,0,0,0,0.0,5008,5007,6007,5000,4700,5503,122286,122839,123035,114385,115903,118528,0.0
9011,0,0,-1,270000,-1,-1,-1,-1,-1,-1,0.0,316,316,571,7711,571,571,316,316,316,571,7711,571,-1.0
6320,0,0,-1,240000,-1,-1,-1,-1,-1,-1,0.0,2188,2701,2427,1104,2362,519,4221,2188,2701,2427,1104,2362,-1.0
3976,0,0,-1,290000,0,0,0,0,0,-1,0.0,1411,1200,593,200,5637,0,74864,36317,34491,29657,9134,2383,0.0
8763,0,0,-1,210000,0,0,0,0,0,0,0.0,6018,4900,4340,2880,2650,2000,127491,118800,105606,94344,82676,73154,0.0
10237,0,0,-1,220000,-2,-2,-2,-2,-2,-2,0.0,8300,1590,1341,8171,14253,3513,9649,8300,1590,1341,8171,14253,-2.0
6776,0,0,-1,130000,0,0,0,0,0,0,0.0,5000,1598,744,2000,744,3000,16757,21481,22389,22535,24236,20246,0.0
29978,0,0,-1,420000,0,0,0,0,0,0,0.0,7000,7000,5500,5500,5600,5000,131939,136721,140011,141695,144839,147954,0.0
479,0,0,-1,500000,-1,2,-1,-1,-1,0,1.0,0,501,300,600,300,600,600,300,501,300,600,450,-1.0
22423,0,0,-1,80000,0,0,0,0,0,0,0.0,3000,3000,3109,3000,3000,3000,65484,66798,68120,70088,71345,72314,0.0
20917,0,0,-1,30000,0,0,0,0,0,-1,0.0,2001,10019,1219,1032,28609,1269,29202,30695,29342,23572,21381,28609,0.0
20335,0,0,-1,440000,0,0,0,0,0,0,0.0,6319,5000,6625,10000,5443,5501,133996,136606,136771,141131,147251,150332,0.0
25214,0,0,-1,50000,0,0,0,0,0,0,0.0,2019,2564,1000,0,500,6859,49711,50820,41981,2888,2640,2140,0.0
7978,1,0,-1,70000,0,0,0,0,0,0,0.0,3005,3000,2500,2500,3000,1400,66738,68601,65615,66429,67858,69723,0.0
12524,0,0,-1,180000,0,0,0,0,-1,-1,0.0,6019,1074,2038,819,0,0,123705,126429,20650,7751,1630,0,0.0
1026,0,1,5,180000,0,0,0,0,0,2,1.0,7005,6500,5000,12042,32,1300,153099,150227,138313,137274,147314,129870,0.0
26999,0,0,-1,300000,-1,-1,-1,-1,-1,-1,0.0,360,360,360,1440,360,360,360,360,360,360,1440,360,-1.0
6817,0,0,-1,120000,-1,0,0,0,0,0,0.0,35000,100000,0,0,0,2750,22027,51757,113157,106767,30237,-1280,0.0
23043,0,0,-1,160000,0,0,0,0,0,0,0.0,3805,2993,2293,1838,1687,2735,111907,106109,89231,67134,55773,46485,0.0
3263,0,0,-1,180000,-1,-1,-1,0,-1,-1,0.0,991,1316,0,1657,325,325,991,991,1316,325,1657,325,-1.0
23182,0,0,-1,180000,0,0,0,0,0,0,0.0,3000,3000,2018,1200,1500,3000,4480,7354,6930,6090,2435,2074,0.0
20369,1,0,-1,50000,0,0,-2,-2,-2,-2,0.0,0,0,0,0,0,0,9156,0,0,0,0,0,-2.0
27408,0,0,-1,470000,-1,-1,2,-1,-1,-1,1.0,3500,11,6080,6688,1206,0,8748,2442,2272,6040,6655,1200,-1.0
11643,0,0,-1,130000,-1,-1,2,-1,-1,-1,1.0,1890,0,1575,316,5039,1156,1755,1890,735,1575,316,5039,-1.0
7675,0,0,-1,230000,-1,-1,-1,-1,-1,-1,0.0,5587,1186,8605,5201,2532,4759,3451,5560,1180,8563,5180,2524,-1.0
2508,1,0,-1,20000,0,0,0,2,0,0,1.0,2000,2000,0,680,1000,0,7186,9063,10909,10440,10803,11330,0.0
24618,1,1,1,190000,1,2,2,2,2,2,5.0,5500,5200,4500,4300,4300,4400,105418,107689,109678,110887,111871,114223,2.0
10160,0,0,-1,20000,0,0,0,0,0,-2,0.0,3000,2000,1000,0,0,0,14628,16391,18045,18055,0,0,0.0
10748,0,0,-1,310000,0,0,0,0,0,0,0.0,8295,6000,4000,3000,1000,2000,172772,152397,110375,84373,57779,14163,0.0
29510,0,1,3,200000,0,0,0,2,2,2,3.0,3864,14269,0,13808,0,4600,106576,107178,119691,116278,128087,125931,0.0
29487,0,0,-1,220000,0,0,0,0,0,0,0.0,8000,7000,3500,1500,2000,1000,193903,176755,147558,102365,63842,43252,0.0
18356,0,0,-1,200000,-2,-2,-2,-2,-2,-2,0.0,1053,0,500,2057,23322,4299,675,1053,0,500,2057,23322,-2.0
21113,0,0,-1,290000,1,2,0,0,0,0,1.0,25,10013,9526,6549,6373,6781,296437,192441,194158,197590,187134,180887,0.0
16422,0,0,-1,60000,0,0,0,0,0,0,0.0,2491,1669,1805,1263,1439,1408,57199,57417,35875,36695,36837,37307,0.0
22398,0,0,-1,250000,-1,-1,-1,-1,-1,-1,0.0,82,82,82,82,82,4099,1962,82,82,82,82,82,-1.0
17401,0,0,-1,200000,-1,-1,-1,-1,-1,-1,0.0,950,950,950,0,1900,950,950,950,950,950,0,1900,-1.0
21269,0,0,-1,110000,0,0,0,2,0,0,1.0,2700,3300,2044,2100,2000,2266,56327,57106,58489,57800,57312,57188,0.0
3625,0,0,-1,290000,-1,-1,-1,-1,-1,-1,0.0,31401,1369,15010,3280,0,3357,31386,31394,1369,15010,3280,0,-1.0
11541,0,0,-1,100000,0,0,-2,-2,-2,-2,0.0,0,0,0,0,0,0,48850,0,0,0,0,0,-2.0
28305,0,1,1,80000,1,2,2,2,2,2,5.0,0,7400,3000,0,5700,3000,85738,80445,82639,83357,78188,79492,2.0
11369,1,0,-1,180000,-1,-1,-2,-2,-2,-2,0.0,0,0,0,0,0,0,1344,0,0,0,0,0,-2.0
26186,0,0,-1,200000,-1,-1,-1,-1,0,-1,0.0,18116,13113,2522,0,500,500,4640,17950,13056,2500,500,500,-1.0
17326,0,0,-1,30000,0,0,0,0,0,0,0.0,1494,1445,1506,912,1097,1000,30096,30287,28823,26799,25457,26143,0.0
7873,0,0,-1,310000,0,0,0,0,0,0,0.0,5019,3872,3147,2912,5109,1604,184538,153625,142810,125869,107986,83461,0.0
20619,0,0,-1,200000,0,0,0,0,0,0,0.0,3000,3500,1500,500,1000,109586,69182,69862,44150,43874,41378,832,0.0
4512,0,0,-1,70000,0,0,0,0,0,0,0.0,3213,1659,2000,1107,1200,1100,68839,64027,61580,29435,26341,26949,0.0
20598,1,0,-1,70000,0,0,0,0,0,0,0.0,15000,3068,2410,0,0,0,70011,67411,65867,55969,41298,0,0.0
27691,0,0,-1,270000,-1,-1,-1,-1,-1,-1,0.0,5588,3366,0,2192,0,18192,4999,5588,3366,0,2192,0,-1.0
28445,0,0,-1,50000,0,0,0,0,0,0,0.0,1184,1206,1216,474,642,492,12106,10946,11968,12978,13236,13664,0.0
29518,0,0,-1,150000,0,0,0,0,0,0,0.0,4700,4099,4000,3000,3000,5187,100894,103001,104416,86597,88276,90398,0.0
5590,0,0,-1,50000,0,0,0,0,0,0,0.0,2039,1400,1612,0,0,0,47407,37716,30873,24659,15849,8540,0.0
14463,0,0,-1,50000,0,0,0,0,0,0,0.0,2021,1500,700,1700,700,623,46610,45005,43448,15075,16534,16809,0.0
24575,0,0,-1,140000,0,0,0,0,0,0,0.0,3992,4100,4000,3162,3500,3210,92861,87249,87188,86973,85854,85839,0.0
13891,0,0,-1,280000,-1,-1,-1,0,0,-1,0.0,0,12356,11079,1447,10310,290,1478,-3,12353,22633,7666,10260,-1.0
23228,0,0,-1,50000,0,0,0,0,0,-2,0.0,1652,1906,1000,0,0,0,44115,44619,38604,33570,0,0,0.0
6293,1,0,-1,470000,0,0,0,0,0,0,0.0,1243,1300,600,900,1000,1324,17243,14722,15270,15615,16261,16969,0.0
13792,0,1,1,20000,1,2,2,2,0,0,3.0,0,2040,0,526,532,1585,14380,13536,15040,14174,14472,14763,2.0
6317,0,0,-1,200000,-2,-2,-2,-2,-2,-2,0.0,0,3554,1855,1337,14542,2955,2580,-35,3519,1846,1330,14470,-2.0
18241,0,0,-1,10000,0,0,0,2,0,0,1.0,1311,2398,0,0,0,0,7282,8311,10398,10000,10000,0,0.0
8133,0,0,-1,310000,-2,-2,-2,-2,-2,-2,0.0,0,0,235,0,0,584,107,0,0,235,0,0,-2.0
10726,0,0,-1,290000,0,0,0,0,0,0,0.0,3700,4005,4000,3000,2928,2000,117275,110481,107735,100195,84268,76356,0.0
13615,0,0,-1,70000,0,0,-1,0,-1,0,0.0,3000,11000,5000,3150,2000,4000,34244,32193,10803,15133,3148,4699,0.0
22364,0,0,-1,290000,-1,-1,0,0,0,0,0.0,569,1000,1000,200,265,500,168,569,1401,1503,834,931,0.0
29259,0,1,5,70000,1,2,0,0,0,2,2.0,0,20000,1807,7042,0,1925,32536,26351,45870,46918,53153,52174,0.0
17480,0,0,-1,50000,-1,-1,0,0,0,0,0.0,37907,1599,1200,0,0,3570,10458,37907,33604,25303,17841,6980,0.0
27979,0,0,-1,240000,-1,-1,-1,-2,-1,-1,0.0,2535,464,1316,1104,3384,5200,3647,2530,464,1316,1102,3381,-1.0
3648,0,0,-1,320000,-1,-1,-1,-1,0,0,0.0,451,0,29811,20000,2386,462,6443,443,-1327,28484,47711,34755,-1.0
26355,0,0,-1,100000,0,0,2,-1,0,0,1.0,2177,0,1170,0,0,19760,2419,3123,177,1170,390,0,0.0
11709,0,1,2,20000,0,0,2,2,2,2,4.0,3200,800,900,0,1700,0,15859,18486,18686,18983,18540,19775,2.0
8499,0,0,-1,10000,0,0,0,0,0,0,0.0,1151,2167,369,391,436,200,8097,9109,10125,10327,10552,18836,0.0
28646,0,0,-1,230000,0,0,0,0,0,0,0.0,3000,3500,3000,3500,3000,3000,75459,76607,78868,80343,82564,74531,0.0
29011,0,0,-1,260000,0,0,0,2,0,0,1.0,7312,18934,23,3729,4226,514,157551,160759,351026,170671,169689,159066,0.0
3639,0,0,-1,140000,0,0,0,0,0,0,0.0,7000,7000,5300,5300,10100,5400,132541,136186,139418,140962,137819,137094,0.0
29971,0,0,-1,360000,-1,-1,-1,0,0,-1,0.0,52951,64535,8907,53,19584,16080,33654,52686,64069,49005,8676,19487,-1.0
27957,0,0,-1,160000,-1,-1,0,0,0,0,0.0,3250,6152,1000,1401,0,0,20193,3250,9244,8344,5607,1289,0.0
26337,0,0,-1,350000,0,0,0,0,0,0,0.0,10000,9205,6810,5706,6000,4511,303949,298421,247125,228229,202220,181860,0.0
12683,0,0,-1,30000,-1,-1,0,0,-1,0,0.0,16463,1314,10000,18438,733,11796,8247,16463,7090,10000,18438,17068,-1.0
7461,0,0,-1,500000,0,0,0,0,0,0,0.0,20241,20154,20019,20151,20037,21,171565,184782,152365,139757,153348,127391,0.0
18637,0,0,-1,20000,0,0,0,0,0,0,0.0,2000,2024,2000,1005,1188,2002,22515,24146,25374,19075,18907,18507,0.0
6699,0,0,-1,190000,-2,-2,-2,-2,-2,-2,0.0,1000,3524,929,869,7,1587,51632,9803,3427,924,-876,-969,-2.0
16722,0,0,-1,30000,0,0,0,0,0,0,0.0,2000,2000,2000,2014,2000,2000,28275,29772,27821,28075,29682,28001,0.0
6965,0,0,-1,320000,-2,-2,-2,-2,-2,-2,0.0,0,0,0,12974,0,5616,56093,0,0,0,12974,0,-2.0
22778,0,0,-1,140000,0,0,0,0,0,0,0.0,10000,18000,10000,10000,20000,15000,124288,123172,130095,122342,77536,80783,0.0
20002,0,1,0,100000,3,2,-1,-1,0,0,2.0,0,1151,35499,10000,6627,7000,2156,1151,1151,35499,33051,36627,2.0
6540,1,1,2,80000,0,0,2,2,2,2,4.0,6800,0,6000,3000,0,5100,75709,80033,78145,80584,81693,78470,2.0
9208,0,0,-1,240000,-1,-1,-1,-2,-2,-2,0.0,724,0,0,0,0,6516,8020,717,0,0,0,0,-1.0
531,0,0,-1,50000,0,0,0,0,0,0,0.0,2836,1200,13000,1500,9000,1000,34549,18552,19334,18165,19322,19575,0.0
17097,0,0,-1,70000,0,0,0,0,0,0,0.0,2900,3000,2190,2201,2181,2413,70888,63903,65248,62958,64209,59482,0.0
11984,0,0,-1,100000,1,2,0,0,2,0,2.0,1867,1867,5026,2800,2800,2800,104395,101736,106101,54707,54924,52141,0.0
26742,0,0,-1,130000,2,-1,-1,-1,-1,-2,1.0,1671,1306,2049,0,0,1497,1985,1666,1306,2049,0,0,-1.0
13143,0,0,-1,180000,0,0,-1,0,0,0,0.0,2000,839,718,50824,2242,1100,3783,2813,839,1557,51680,53115,0.0
4943,0,0,-1,270000,-2,-2,-2,-2,-2,-2,0.0,592,1593,913,1471,1302,7107,973,417,1593,913,1471,1302,-2.0
4877,0,1,5,110000,0,0,0,0,0,2,1.0,7400,6700,4700,7800,0,117880,184406,169795,154733,138071,126242,123449,0.0
21844,1,0,-1,70000,0,0,0,0,0,0,0.0,2450,2600,2700,2500,2800,2500,69762,68914,69252,70415,69212,70514,0.0
29217,0,0,-1,10000,0,0,0,0,0,0,0.0,1600,1351,1215,400,200,166,8604,8594,9259,9733,9528,9513,0.0
6667,1,1,5,50000,1,2,0,0,0,2,2.0,0,1600,871,30347,0,0,45608,44619,44856,32461,49916,29117,0.0
15255,0,0,-1,260000,0,0,0,0,0,0,0.0,9553,7893,9241,7106,6506,6240,217735,222109,220219,206666,185282,167161,0.0
20232,0,0,-1,20000,0,0,0,-1,0,0,0.0,1714,1000,780,0,0,0,18768,19684,11580,780,780,0,0.0
12348,0,0,-1,130000,0,0,0,-2,-2,-2,0.0,2498,0,0,0,0,0,125557,124900,0,0,0,0,0.0
21407,1,0,-1,110000,0,0,0,0,0,0,0.0,2000,2000,3000,2000,2000,2000,35208,36619,38026,40332,41772,43052,0.0
8275,0,0,-1,60000,1,2,0,0,0,0,1.0,0,1744,1100,1074,1200,1000,62063,60513,60398,31194,30343,30427,0.0
27575,0,0,-1,50000,0,0,0,0,0,0,0.0,2100,3000,2000,1200,1000,3000,47722,47080,48813,49107,18000,17538,0.0
15893,0,0,-1,80000,-2,-2,-1,-1,-1,-1,0.0,804,179,1755,0,1190,0,1138,800,179,1755,0,1190,-1.0
24029,0,1,3,130000,0,0,0,2,2,2,3.0,5650,12421,0,7000,0,2000,113290,112561,119435,105382,49643,46812,0.0
17013,0,0,-1,20000,-1,-1,0,0,0,0,0.0,14000,1145,950,0,150,6000,6916,13914,10130,6165,6165,6315,0.0
7886,1,0,-1,50000,0,0,0,-2,-2,-2,0.0,7522,0,0,0,0,0,12806,13490,0,0,0,0,0.0
12159,0,0,-1,130000,0,0,-1,0,-1,-1,0.0,0,1138,0,2500,0,0,1240,0,1138,1138,2478,-3040,0.0
5456,1,1,1,70000,1,2,2,2,0,0,3.0,3000,2200,0,3000,10000,10000,70736,72014,72215,70779,62525,71427,2.0
11722,0,0,-1,500000,-1,0,0,0,0,0,0.0,9704,10851,9005,9074,8501,8985,273430,268256,262467,254307,249106,242741,0.0
3897,0,0,-1,30000,0,0,0,0,0,0,0.0,1500,1500,1000,676,900,900,26305,27307,13294,14069,14518,15025,0.0
5894,0,0,-1,110000,0,0,0,0,0,0,0.0,3530,3066,2033,2021,1024,1003,100699,88694,74647,49021,34594,23116,0.0
19875,0,0,-1,180000,-1,-1,-1,-1,-1,-1,0.0,6207,398,629,0,978,2198,5360,6176,398,629,0,978,-1.0
19777,0,0,-1,180000,-1,-1,-1,0,0,0,0.0,960,20964,50988,110,971,1677,980,960,20924,65041,50983,48533,-1.0
10652,0,0,-1,500000,-2,-2,-2,-2,-2,-2,0.0,1119,1318,36032,0,11270,28051,2634,1108,1318,36032,0,11270,-2.0
14214,0,0,-1,20000,-1,-1,0,0,0,-1,0.0,12783,1000,6782,670,2021,0,1118,12776,11417,16449,6989,2021,-1.0
25376,0,0,-1,80000,0,0,0,0,0,0,0.0,3437,3300,3050,5000,2700,2300,78178,77637,73966,71447,66994,66813,0.0
7315,1,0,-1,90000,-1,0,0,0,0,0,0.0,5000,6000,4000,5000,3500,5000,12759,10941,10420,14420,9855,9097,0.0
1946,1,0,-1,10000,-1,-1,-2,-2,-2,-2,0.0,0,0,0,0,0,0,499,0,0,0,0,0,-2.0
11014,0,0,-1,170000,-1,-1,-1,-1,-1,-1,0.0,660,15360,891,13460,32136,0,79210,660,15360,891,13460,32136,-1.0
4222,1,1,5,150000,-1,0,0,0,0,2,1.0,20000,6100,4000,5500,3002,7000,123160,134948,130982,125296,122664,112055,0.0
21111,1,0,-1,320000,0,0,0,0,0,0,0.0,11500,12000,12873,13020,8800,5650,274599,280021,286011,292636,298492,200098,0.0
15159,0,0,-1,30000,0,0,0,0,-1,0,0.0,3000,3376,5076,8009,6017,3023,14617,17363,20430,25130,7746,10583,0.0
12250,1,0,-1,500000,-1,-1,-1,-1,-1,-1,0.0,1489,1989,1200,1451,548,1048,1900,1489,1989,1200,1451,548,-1.0
27388,0,0,-1,120000,-1,-1,-2,-1,-1,-1,0.0,2816,1021,2321,3868,2980,0,3972,2809,1021,2311,3868,2980,-1.0
21577,0,0,-1,20000,0,0,0,0,0,0,0.0,3000,2000,1200,5000,10000,8906,10109,11153,11841,4725,9135,18355,0.0
4047,0,0,-1,50000,0,0,0,2,0,0,1.0,1340,5000,0,729,793,642,19834,19387,22574,20483,20121,20191,0.0
13692,0,0,-1,260000,0,0,0,0,0,0,0.0,5000,5000,1137,5000,1085,5000,18457,22815,27086,27821,30767,29890,0.0
2908,1,0,-1,500000,0,0,0,-1,-1,-1,0.0,22600,501,6892,421,7695,8679,499231,511629,-311,6391,420,7619,0.0
7026,1,0,-1,90000,0,0,0,0,-1,-1,0.0,1965,5064,5007,3788,390,390,106947,71111,25286,8773,3786,390,0.0
16565,0,0,-1,320000,0,0,0,0,0,0,0.0,3524,2941,2013,270,42659,100002,79819,64851,37762,16425,12177,45648,0.0
21388,0,0,-1,60000,1,2,0,0,0,0,1.0,0,2500,2500,3000,4500,3000,60500,58926,58625,58822,56661,40700,0.0
20166,0,0,-1,150000,-2,-2,-2,-2,-2,-2,0.0,14539,8796,20375,17329,20087,0,5712,14539,8796,20359,17329,20087,-2.0
7154,0,0,-1,150000,0,0,0,0,0,-2,0.0,4610,2336,2290,0,0,0,144744,147891,116541,114511,0,0,0.0
3097,0,0,-1,50000,0,0,0,0,0,0,0.0,10000,10000,1500,3000,2803,5000,20613,28018,22744,18484,16378,13352,0.0
11033,0,0,-1,460000,-2,-2,-2,-2,-2,-2,0.0,23524,7409,12286,9634,9581,38354,7516,23485,7398,6143,9634,9581,-2.0
15,0,0,-1,250000,0,0,0,0,0,0,0.0,3000,3000,3000,3000,3000,3000,70887,67060,63561,59696,56875,55512,0.0
28924,0,0,-1,500000,0,0,0,0,0,-1,0.0,1284,1231,1154,0,14872,121,38322,38913,27489,27053,-9,14863,0.0
19216,0,0,-1,60000,0,0,0,0,0,0,0.0,1283,1584,1217,496,662,489,23690,22413,17399,16553,14259,14134,0.0
8730,0,0,-1,50000,0,0,0,0,0,0,0.0,1140,1150,331,341,356,330,8214,8034,9044,9225,9417,9617,0.0
14549,0,0,-1,130000,0,0,0,0,-2,-2,0.0,1500,1012,0,0,0,80000,8010,5932,4950,-2490,-37594,-21295,0.0
24406,1,1,1,20000,1,2,2,-1,0,0,2.0,0,0,21200,345,0,0,19481,18756,-3744,17105,17250,0,2.0
20665,1,0,-1,370000,1,2,0,0,0,0,1.0,5,14005,12004,12362,12006,9555,343248,334394,337272,340152,345904,322168,0.0
19694,1,0,-1,70000,0,0,0,0,0,0,0.0,3700,3100,2200,1600,1850,1800,64049,66079,67488,58246,48859,46688,0.0
2893,0,0,-1,450000,0,0,0,0,0,0,0.0,13492,13641,12168,9650,9650,9650,136655,146400,156049,164076,170885,177483,0.0
25608,0,0,-1,500000,-1,-1,0,0,0,0,0.0,1384,5000,1224,3003,3506,3552,250,1384,6324,7353,5536,8321,0.0
2992,1,0,-1,100000,-1,-1,-2,-2,-2,-2,0.0,0,0,0,0,0,402,3976,0,0,0,0,0,-2.0
23698,0,0,-1,150000,0,0,0,0,0,0,0.0,7000,7600,6000,4000,4100,4300,146018,147598,148393,149709,107862,108623,0.0
14705,0,0,-1,50000,0,0,0,-1,0,0,0.0,1411,0,777,16,26000,1000,20542,10858,0,777,793,26793,0.0
29411,0,0,-1,300000,-2,-1,-1,-1,-2,-1,0.0,195,1542,1748,3890,608,4059,900,195,1442,1740,3871,606,-1.0
17435,0,0,-1,50000,-1,-1,-1,-1,-1,-1,0.0,1444,1447,1261,1261,1261,91,1442,1444,1447,1261,1261,1261,-1.0
28743,0,0,-1,400000,-1,-1,0,0,0,0,0.0,62545,53704,4142,5010,66676,66660,16666,62545,98214,84142,70732,68674,0.0
11784,0,0,-1,20000,0,0,0,0,0,-2,0.0,2000,1200,369,0,0,0,16371,17801,18256,18425,0,0,0.0
3732,0,0,-1,410000,-2,-2,-2,-2,-2,-2,0.0,5071,3041,3096,3845,212,3,41116,38144,31177,27185,13818,8477,-2.0
22997,0,0,-1,500000,-2,-2,-2,-2,-2,-2,0.0,2584,4524,3518,2208,2550,5953,4419,2584,4524,3518,2208,2550,-2.0
27428,1,0,-1,170000,-2,-2,-2,-2,-2,-1,0.0,0,0,0,0,6271,0,2097,0,0,0,0,6271,-2.0
20748,0,0,-1,360000,-2,-2,-2,-2,-2,-2,0.0,929,5405,500,597,2340,2649,4671,928,5384,499,596,2338,-2.0
3905,0,0,-1,160000,1,2,0,0,0,0,1.0,31,2609,2037,2010,2017,3012,102867,82729,72583,60565,54651,48468,0.0
21153,0,0,-1,110000,0,0,0,0,0,0,0.0,5000,4087,64142,2038,1763,2500,92806,91217,89757,136859,60276,48652,0.0
21227,0,0,-1,500000,0,0,0,0,0,-1,0.0,3357,3010,2000,2044,131438,4504,26597,16573,19080,13860,15904,134584,0.0
15153,0,0,-1,30000,1,2,0,0,0,0,1.0,0,2006,2000,1100,1137,1300,27332,26600,27832,26897,27278,27851,0.0
16930,0,0,-1,60000,0,0,0,0,0,0,0.0,3762,3000,2000,1000,1000,1500,58682,56893,58170,56539,29425,28013,0.0
20472,0,1,5,50000,0,0,0,0,0,2,1.0,2000,1781,1727,3500,0,3600,42695,43679,44757,45703,48476,47603,0.0
9348,0,0,-1,50000,-2,-2,-2,-2,-2,-2,0.0,220,677,1200,666,1480,3710,220,220,677,1200,666,1480,-2.0
23619,1,1,2,20000,0,0,2,2,2,2,4.0,3000,0,2088,0,2200,0,11691,14179,13662,15518,14972,16925,2.0
17348,0,0,-1,180000,0,0,0,0,0,0,0.0,5812,6000,6100,4000,4000,4000,130374,129889,114559,113759,94665,97134,0.0
25292,0,0,-1,100000,0,0,0,0,0,0,0.0,4000,3000,2500,2500,2500,2600,81463,83098,63848,64692,66114,67396,0.0
2954,0,0,-1,20000,-1,-1,-1,-1,-1,-1,0.0,3016,3282,7055,1839,2985,4988,2638,3016,3274,7028,1839,2985,-1.0
20994,1,1,1,200000,1,2,2,0,0,0,2.0,8013,13,8684,5500,7437,4600,198663,201996,194396,166515,163673,145683,0.0
11684,1,0,-1,50000,-2,-2,-2,-2,-2,-2,0.0,0,1477,2524,1320,4572,2206,3526,-4,1473,2517,1217,4459,-2.0
19474,0,0,-1,100000,0,-1,0,0,0,0,0.0,6157,100000,2017,1822,1777,7748,41531,6120,104346,91025,91120,1777,0.0
26745,0,0,-1,160000,-1,-1,-1,-1,-1,-2,0.0,1941,2645,2339,0,0,0,3197,1936,2329,2332,-4,-4,-1.0
11120,0,0,-1,30000,1,2,0,0,0,0,1.0,0,1500,600,560,0,15225,26981,26264,27240,27440,28000,0,0.0
21294,0,0,-1,360000,-1,-1,-2,-1,-1,-2,0.0,0,0,3000,0,0,1033,1858,0,0,3000,0,0,-1.0
1462,0,1,5,120000,0,0,2,0,0,2,2.0,4500,0,1200,3800,0,1500,24466,28255,27507,27952,31136,30486,0.0
26006,1,0,-1,300000,-1,-1,-1,2,-1,-1,1.0,3,1466,70,2397,457,1003,452,-6,835,665,2386,456,-1.0
27685,0,0,-1,120000,0,0,0,0,0,0,0.0,2000,2600,4241,1700,2500,1500,55829,53799,53021,53216,49194,48487,0.0
7625,0,1,4,70000,0,0,0,0,2,2,2.0,1500,1500,1800,1700,0,1300,18312,19516,20685,22142,23340,22817,0.0
16838,0,0,-1,170000,-1,-1,-1,-1,-1,-1,0.0,644,7567,0,499,576,0,8433,644,7567,0,499,576,-1.0
29489,0,0,-1,100000,0,0,0,0,0,0,0.0,5000,5000,3203,2103,50000,0,94502,95697,98222,90500,82586,22620,0.0
6414,1,0,-1,70000,0,0,0,0,0,0,0.0,2423,4136,1024,1215,435,186,66874,132127,52335,27374,27133,10721,0.0
4228,0,0,-1,160000,-1,-1,-1,0,-1,0,0.0,1234,4890,1010,8998,2005,3669,1236,1234,4888,4187,8995,9731,-1.0
9926,0,0,-1,200000,0,0,0,0,0,0,0.0,3000,1000,1000,400,1000,752,30144,32649,32425,32625,9687,5526,0.0
15683,0,0,-1,250000,-2,-2,-2,-2,-2,-2,0.0,51762,186398,9467,6620,10040,8960,22303,51749,186394,9458,6620,10040,-2.0
18500,0,0,-1,70000,0,0,0,0,0,0,0.0,2851,3500,1500,1300,1100,1000,71993,71158,70557,37209,28905,28455,0.0
11129,0,0,-1,90000,-1,-1,-1,-1,-1,-1,0.0,337,3740,38,1950,22636,0,27571,337,3734,-45,1905,22636,-1.0
23696,0,0,-1,120000,0,0,0,-1,0,0,0.0,3652,1258,60584,1228,0,0,82865,82741,62914,60584,61412,55572,0.0
7578,0,0,-1,320000,0,0,0,0,0,0,0.0,8000,6000,5671,5700,5741,9900,144648,150320,151365,154025,157082,160217,0.0
15673,1,1,1,30000,1,2,2,2,2,2,5.0,1500,0,2300,0,1300,800,10916,11940,11462,13263,12758,13545,2.0
19380,0,0,-1,270000,0,0,0,0,0,0,0.0,3000,3000,3019,5000,5000,10000,62263,60654,59464,54715,51796,53256,0.0
5180,1,1,5,200000,0,0,0,0,0,2,1.0,7000,8100,6600,12000,0,6054,233637,175918,181089,183180,192223,189681,0.0
2276,0,0,-1,180000,-1,2,-1,-1,-1,-1,1.0,0,390,1726,390,2240,17488,3116,1058,390,1726,390,2240,-1.0
13031,0,0,-1,130000,0,0,0,0,0,0,0.0,4000,5300,3700,3600,3700,3500,97544,99208,102946,103750,105818,98401,0.0
22078,0,0,-1,50000,0,0,0,0,0,0,0.0,6540,37130,2858,3000,1000,5000,8838,7662,40125,37552,22960,14735,0.0
4603,0,0,-1,150000,0,-1,-1,-1,-1,-1,0.0,4054,2866,4082,4697,1735,0,4029,4048,2842,3910,4697,1719,-1.0
28735,0,0,-1,200000,-1,-1,-2,-2,-2,-1,0.0,0,0,0,0,1063,1089,161,0,0,0,0,1063,-1.0
22526,0,0,-1,500000,-1,-1,-1,-1,-1,-1,0.0,1468,3766,580,8120,1821,979,9511,1468,3766,580,8120,1821,-1.0
17350,1,1,4,100000,1,2,0,0,3,2,3.0,0,3000,9657,0,0,3200,76725,74901,76094,84457,82525,81086,2.0
5312,0,0,-1,80000,0,0,2,0,0,0,1.0,10036,15,5003,3003,2007,1007,30773,38879,26128,29137,30283,30523,0.0
13476,0,1,5,30000,0,0,2,0,0,2,2.0,3042,0,600,2942,600,0,11564,14099,13580,13657,16356,16540,0.0
20728,0,1,2,30000,0,0,4,3,2,2,4.0,6200,0,0,0,2038,1268,22261,28083,27371,26645,25919,27535,2.0
11074,0,0,-1,100000,0,0,0,0,0,-1,0.0,1283,2500,1500,1000,1700,300,4247,4097,6314,3410,1396,1640,0.0
19119,0,0,-1,80000,0,0,0,0,0,0,0.0,1784,1898,1985,1629,1655,1687,50320,49816,49457,49071,48242,47746,0.0
18882,0,0,-1,50000,0,0,0,0,0,0,0.0,1762,2314,1200,1000,1000,500,51036,50718,48853,48739,9372,9736,0.0
25769,0,1,3,240000,0,0,0,2,3,3,3.0,6500,6500,13500,2300,2002,0,102488,105785,109082,119221,118144,118029,0.0
11974,0,0,-1,20000,0,0,0,0,0,0,0.0,1327,1250,800,1000,1000,1000,16575,17629,18552,15562,16308,17034,0.0
28090,0,0,-1,80000,0,0,0,0,0,0,0.0,2900,3600,10002,1754,1765,3795,77402,78997,79821,79308,52172,50266,0.0
6990,0,1,1,120000,1,2,2,2,2,2,5.0,0,7200,0,5200,2300,0,52623,51208,57538,56019,60135,61298,2.0
24179,0,0,-1,100000,1,2,0,0,0,0,1.0,25,4902,4118,30018,5060,3663,108762,101941,99264,90972,100306,100536,0.0
4529,0,1,2,200000,0,0,2,2,2,2,4.0,11000,3000,7001,5000,6200,10007,167358,175635,174261,179026,181658,185523,2.0
27188,0,0,-1,240000,0,0,-1,-1,-2,-2,0.0,3851,1467,10594,1802,1516,1193,22334,13842,1425,10591,1793,1509,0.0
29747,1,0,-1,180000,-1,-1,2,-1,-1,-1,1.0,582,0,291,291,291,291,291,582,291,291,291,291,-1.0
26871,1,0,-1,90000,-2,-2,-2,-2,-2,-2,0.0,0,0,0,0,0,0,71900,0,0,0,0,0,-2.0
20545,0,0,-1,160000,-1,0,-1,-1,-1,-1,0.0,1007,11907,5437,6693,22296,23500,11170,6393,11845,5431,6683,22285,-1.0
25348,0,1,5,100000,0,0,0,0,0,2,1.0,1214,1080,1096,1623,0,394,2405,3420,4286,5302,6829,6574,0.0
17437,0,0,-1,50000,0,0,0,0,0,0,0.0,2116,2320,1300,1000,700,600,47381,48697,48322,45353,19426,19857,0.0
8117,0,0,-1,130000,0,0,0,-2,-2,-2,0.0,6000,0,0,0,0,0,130888,133400,0,0,0,0,0.0
10478,0,0,-1,130000,1,2,0,0,0,0,1.0,0,1960,1600,1650,1655,1725,39728,38815,39828,40468,41315,42133,0.0
24211,0,0,-1,70000,-2,-2,-2,-2,-2,-2,0.0,13737,7716,25740,46684,26516,56017,25856,13737,7716,25732,46671,26516,-2.0
16969,0,1,5,50000,0,0,0,0,0,2,1.0,1771,1973,1307,1699,0,705,37238,38387,39589,19533,20535,19690,0.0
9150,0,0,-1,120000,0,0,0,0,0,0,0.0,4400,8002,4200,4200,8000,4000,117446,117781,122030,114294,114144,116894,0.0
7903,1,0,-1,20000,0,0,0,0,0,0,0.0,1349,1080,562,500,456,218,14492,15304,16035,16517,16781,17142,0.0
16196,1,0,-1,400000,-2,-2,-2,-2,-2,-2,0.0,8132,7018,10542,13378,11045,6666,1432,8125,7017,10525,13295,11024,-2.0
243,0,0,-1,50000,0,0,0,0,0,0,0.0,1800,1750,900,1200,1200,1100,26655,27724,28676,27990,28790,29399,0.0
28506,0,0,-1,50000,-1,-1,-1,-1,-1,-1,0.0,2157,4204,390,390,540,540,7390,2157,4204,390,390,540,-1.0
24620,0,0,-1,150000,0,0,0,-1,-1,-2,0.0,5772,2424,3218,0,0,0,250475,123543,52598,3218,0,0,0.0
2816,0,0,-1,50000,0,0,0,0,0,0,0.0,2100,2000,1113,1143,1159,1381,43342,44441,45390,46310,47262,48219,0.0
19282,0,0,-1,200000,-2,-2,-2,-2,-2,-2,0.0,1064,4974,0,0,0,0,6421,846,4292,0,0,0,-2.0
7359,0,0,-1,150000,0,0,0,0,0,0,0.0,6554,10000,4749,3304,2285,700,146778,139111,134382,134593,91112,68482,0.0
6234,0,0,-1,200000,0,0,0,0,0,0,0.0,7000,4000,4000,4000,4000,4550,144933,148103,148137,151505,154728,157912,0.0
7673,1,0,-1,300000,1,2,0,0,0,-1,1.0,0,4004,2000,0,2920,2282,6451,4828,6858,8048,1701,2920,0.0
2346,0,0,-1,20000,0,0,-1,0,-1,-1,0.0,1425,20310,1020,219,1205,109,20393,19908,20310,15617,219,1205,0.0
7676,1,0,-1,130000,0,0,0,0,0,0,0.0,3516,4112,2007,2516,1119,1016,100443,95794,92765,48481,47779,42362,0.0
15897,1,0,-1,20000,0,0,0,0,0,0,0.0,1144,1189,1053,268,277,358,7561,8576,9621,10485,10700,10922,0.0
21012,0,0,-1,50000,0,0,0,0,0,0,0.0,2721,1750,1200,1000,1000,1000,50516,44187,20314,19707,19566,19916,0.0
15861,0,0,-1,360000,-1,0,0,0,0,-1,0.0,5001,6688,16251,394,5307,5389,8805,10768,16659,25302,15147,5281,0.0
17012,0,0,-1,70000,1,2,0,0,0,-1,1.0,4,2407,2041,2387,2905,72697,72306,70543,63061,61520,63080,2900,0.0
285,0,0,-1,230000,0,0,0,0,0,0,0.0,5000,5000,5000,5000,4000,5000,195126,88743,92195,94814,98182,98457,0.0
11995,0,1,3,30000,0,0,0,3,2,0,2.0,5000,5000,0,0,1115,2500,18796,23153,27439,26708,26141,26823,0.0
14756,1,0,-1,200000,-1,-1,-1,0,0,-1,0.0,1261,69054,2000,0,1176,11099,2035,1261,69048,3352,1992,1176,-1.0
25074,0,0,-1,20000,0,0,0,0,0,0,0.0,1435,1179,1000,114,98,1874,17820,18626,18980,7674,5708,4899,0.0
1706,1,1,2,20000,0,0,2,2,2,0,3.0,2400,0,7000,0,3000,4000,3677,6002,5758,12619,12274,15049,0.0
10284,0,0,-1,140000,0,0,0,0,0,0,0.0,1389,12000,915,788,791,821,27234,20191,26276,26847,21713,22143,0.0
2759,0,0,-1,200000,-2,-2,-2,-2,-2,-2,0.0,878,488,488,0,1915,100,488,878,488,488,0,1915,-2.0
24400,0,0,-1,200000,-2,-2,-2,-2,-1,-1,0.0,7149,2059,3978,5403,0,0,2810,7114,1981,3959,5382,0,-2.0
11696,0,0,-1,20000,-1,-1,-2,-2,-1,-1,0.0,0,0,0,1390,0,780,4400,-220,-220,-610,390,0,-1.0
28784,0,0,-1,20000,0,0,0,0,0,0,0.0,1230,1354,1200,302,82,83,18783,19660,14561,15017,15119,4077,0.0
3468,0,0,-1,150000,0,0,0,0,0,0,0.0,7027,6000,3220,3600,2670,2618,146736,149030,148258,106114,105951,78487,0.0
14571,0,0,-1,400000,-1,-1,-1,0,-1,-1,0.0,27703,43947,10183,42195,12246,13663,48938,27703,43775,10644,42195,12246,-1.0
15039,0,0,-1,50000,0,0,0,0,0,0,0.0,3000,3000,7508,1000,1000,1500,8406,8418,8347,12321,6294,3333,0.0
18175,0,0,-1,220000,0,0,0,0,0,0,0.0,5000,3000,4000,3000,3000,3000,103159,91253,81847,79489,77040,78892,0.0
23320,0,0,-1,130000,0,0,0,0,0,0,0.0,4600,4000,5300,3700,3600,3700,95292,97544,99208,102946,103750,105818,0.0
14197,0,0,-1,450000,0,0,0,0,0,0,0.0,5016,1139,2000,3938,1000,0,14237,17907,14127,15988,19747,13986,0.0
7187,0,0,-1,240000,-1,-1,0,-1,0,-1,0.0,10420,1150,5928,3619,13227,7764,5770,10412,4578,5928,5619,13227,-1.0
12957,0,0,-1,100000,0,0,0,0,-2,-1,0.0,3018,1400,3786,1774,12714,38665,180765,64653,10388,3762,1434,12609,0.0
12688,0,0,-1,160000,-1,-1,-1,-1,-1,-1,0.0,0,4477,2682,29011,4000,5459,11924,0,4477,2682,29011,4000,-1.0
26261,1,0,-1,210000,-1,-1,-1,-1,-2,-2,0.0,639,699,0,0,0,0,2501,639,699,0,0,0,-1.0
25261,0,1,1,90000,1,3,2,0,0,0,2.0,0,15,1831,1175,1338,1216,39772,38836,36654,32747,33091,33291,0.0
6310,0,0,-1,150000,0,0,0,0,0,0,0.0,15000,1200,0,0,0,0,61951,55504,22050,17360,17360,12000,0.0
2615,0,0,-1,200000,-1,-1,0,0,-2,-1,0.0,12928,79365,30000,37861,18929,15004,73032,12928,88930,30000,67861,18929,-1.0
9179,0,0,-1,20000,0,0,0,0,0,0,0.0,2019,2000,1003,1000,3000,2000,17850,15528,13597,14088,13723,16318,0.0
3415,0,0,-1,340000,-2,-2,-2,-2,-2,-2,0.0,249,27477,0,0,24272,11008,33245,249,27476,0,0,24272,-2.0
24574,1,0,-1,50000,1,2,0,0,0,-1,1.0,0,2052,1800,0,29935,1200,48047,46593,46945,21260,70,29575,0.0
2758,0,0,-1,70000,0,0,2,0,0,0,1.0,5600,0,1500,1057,2000,1035,27000,31809,29776,30148,29918,29399,0.0
27196,1,0,-1,310000,-2,-2,-2,-2,-2,-2,0.0,0,0,0,0,0,0,2500,0,0,0,0,0,-2.0
29827,0,0,-1,100000,0,0,0,0,0,0,0.0,3500,5000,3000,3000,1732,4700,99721,86232,83745,79107,63811,48863,0.0
13553,1,0,-1,120000,0,0,2,0,0,0,1.0,8000,3000,4100,4000,3600,2000,105169,109456,105810,98712,84856,70059,0.0
15142,0,0,-1,240000,-1,-1,-1,-1,0,0,0.0,1211,2455,64395,1917,4160,1710,1115,1211,2206,62507,63226,63517,-1.0
21856,0,0,-1,180000,0,0,0,0,0,0,0.0,8000,8100,8000,5600,5500,15000,173098,172494,172060,166204,145146,142961,0.0
5449,0,0,-1,50000,0,0,0,0,0,0,0.0,2280,1500,323,335,337,500,47754,48648,8868,9044,9234,9418,0.0
25000,1,0,-1,30000,0,0,0,0,-1,0,0.0,1500,1476,1000,31000,1000,995,31404,32302,27951,28475,29085,26810,0.0
7282,0,0,-1,500000,0,0,0,0,0,0,0.0,15633,19725,13091,5066,195829,20225,324503,324262,323101,296962,84615,267596,0.0
24236,0,1,3,190000,0,0,0,2,2,0,2.0,4000,9844,3283,24,3297,3325,104503,106773,114791,106414,96980,90700,0.0
14759,0,0,-1,350000,-1,-1,-1,-1,-1,-1,0.0,10237,14580,61024,86809,177816,82610,83393,10237,14580,61024,86809,177816,-1.0
12749,1,0,-1,30000,0,0,0,0,0,0,0.0,1482,1703,1001,1500,1845,1001,28420,27929,28920,27997,28378,29321,0.0
11093,0,0,-1,80000,0,0,0,0,0,0,0.0,2000,2051,1700,3000,10000,2200,42488,43805,45126,45775,48033,56981,0.0
2619,0,0,-1,80000,0,0,0,0,0,0,0.0,5034,10000,1000,1000,1000,1000,23107,24674,25351,25981,26464,23714,0.0
24750,0,0,-1,50000,0,0,0,2,0,0,1.0,1764,6739,29,700,704,705,47674,45472,51447,49895,20317,19460,0.0
8661,0,0,-1,110000,0,0,0,0,0,0,0.0,4022,3300,2000,3000,2500,2310,83914,85064,78997,71276,68385,62475,0.0
17601,0,1,5,80000,0,0,2,0,0,2,2.0,4500,0,2000,7100,2400,0,51160,54207,52775,53906,60099,61402,0.0
24417,0,0,-1,150000,0,0,0,0,0,0,0.0,5000,6000,3000,1700,2000,2000,49728,47784,47449,47987,48051,48410,0.0
1261,0,0,-1,150000,0,0,0,0,0,0,0.0,3000,2500,3000,3000,1546,2000,45000,44386,46505,49103,51698,52549,0.0
6340,0,0,-1,200000,-1,-1,-1,-1,0,-1,0.0,8290,9427,2240,16000,2076,833,1992,8287,9427,2040,16338,2076,-1.0
16317,0,1,4,160000,0,0,0,0,2,2,2.0,5000,10000,5018,127,10015,69,92816,87606,82218,79438,72451,39831,0.0
4916,0,0,-1,50000,0,0,0,0,2,0,1.0,1471,1178,943,0,553,600,8558,9886,10593,11358,11033,11402,0.0
27178,0,0,-1,340000,-2,-2,-2,-2,-2,-2,0.0,2913,340,2823,13062,14016,4513,6888,2913,340,2823,13045,14006,-2.0
24783,0,0,-1,360000,-2,-2,-2,-2,-2,-2,0.0,1740,0,0,1499,4001,203,1824,1740,0,0,1499,4001,-2.0
27115,0,0,-1,110000,0,0,0,0,0,0,0.0,4018,80004,1500,12013,7000,2000,9495,12633,88334,53978,23687,26567,0.0
14621,0,0,-1,160000,-1,-1,-1,0,-1,-1,0.0,0,31568,353,1285,2705,0,1790,0,31568,17638,1285,2705,-1.0
25250,0,0,-1,130000,0,0,0,0,0,0,0.0,1900,1950,2000,1580,3310,0,35871,36873,37927,38993,39628,42136,0.0
13902,0,1,2,40000,0,0,2,2,2,0,3.0,10000,92,15000,0,3000,4000,39723,12302,9369,22949,11188,13306,0.0
4850,0,0,-1,140000,-1,-1,-2,-2,-2,-2,0.0,0,0,0,0,0,2943,390,0,0,0,0,0,-2.0
27718,0,0,-1,100000,0,0,0,0,0,0,0.0,3513,3169,3002,2022,3907,7145,84895,71271,71053,70405,71109,73905,0.0
10557,0,0,-1,230000,0,0,0,0,0,0,0.0,1500,1500,1000,1100,1300,710,31206,28395,29127,25446,26141,26852,0.0
20854,0,0,-1,80000,0,0,0,0,-2,-2,0.0,2017,1033,0,0,0,1820,10677,9478,4603,0,0,0,0.0
15570,0,0,-1,300000,-1,-1,-1,-1,-1,-1,0.0,21169,26171,18249,18238,45301,120,20938,21064,26041,18158,18147,45199,-1.0
6364,1,0,-1,120000,0,0,0,2,0,0,1.0,1200,1500,0,1100,550,600,11379,9559,10861,10055,11040,10466,0.0
27573,0,0,-1,500000,0,0,0,0,0,0,0.0,18725,18000,17534,17649,18007,20000,493251,496315,480411,489978,493062,474301,0.0
9727,1,0,-1,140000,-1,-1,-1,-1,-1,-1,0.0,326,326,326,326,326,326,326,326,326,326,326,326,-1.0
16010,0,1,5,140000,0,0,0,0,0,2,1.0,4000,3000,4000,7000,0,4000,106526,85019,82784,81458,86227,84646,0.0
13267,1,1,5,110000,0,0,0,0,0,2,1.0,1415,12182,12201,12403,10350,3000,64351,64739,75697,86483,97054,105553,0.0
237,0,0,-1,150000,0,0,0,0,0,0,0.0,4500,1745,1566,1208,1077,2529,127402,110050,51547,44384,36900,29497,0.0
5433,0,0,-1,80000,-1,0,0,0,0,0,0.0,2000,2800,36000,2500,3000,5000,77701,19577,22033,57522,58939,60790,0.0
28622,1,0,-1,50000,0,0,0,0,0,0,0.0,2000,3000,3000,3000,2000,1000,31934,32711,34061,32672,32479,33431,0.0
22374,0,0,-1,420000,0,0,0,0,0,0,0.0,18546,8931,4940,1796,3100,133131,546485,228070,184810,131304,110930,84193,0.0
9964,0,0,-1,420000,0,0,0,0,0,0,0.0,23004,20002,7096,20261,3068,10009,105582,97913,75353,78322,77048,23007,0.0
19135,0,0,-1,350000,-1,0,0,0,0,0,0.0,75000,30000,4000,4000,5000,5000,37129,107295,108299,103487,90880,84387,0.0
28131,0,0,-1,100000,0,0,0,0,0,0,0.0,2004,1966,1884,1903,1940,2000,58543,54902,54590,53037,54100,53889,0.0
11718,1,0,-1,120000,-1,-1,-1,-1,-1,-1,0.0,3905,2411,1925,2943,6249,1780,4310,3905,2411,1925,2943,6249,-1.0
15500,0,0,-1,50000,1,2,0,0,0,0,1.0,0,3518,3000,2352,2000,2000,51210,47140,48478,48173,21134,20403,0.0
19506,0,0,-1,210000,0,0,0,-1,-1,0,0.0,4751,0,6000,143754,5000,5314,145499,107712,-564,4270,143607,144505,0.0
27825,0,0,-1,320000,0,0,0,0,0,0,0.0,100741,15993,57149,5136,40275,10013,228129,324028,295760,151783,125860,137856,0.0
25705,1,1,0,260000,2,2,-1,-1,-1,0,2.0,0,396,396,792,0,396,792,396,396,396,792,396,-1.0
12437,0,0,-1,50000,0,0,0,0,0,0,0.0,5000,2000,3000,4000,2000,0,11066,15539,17274,19975,23632,25242,0.0
13997,0,0,-1,340000,0,0,0,0,0,0,0.0,3600,2962,2500,1800,1000,1000,82922,81084,74530,66897,64699,35540,0.0
29298,0,0,-1,70000,0,-1,-1,-1,-2,-2,0.0,21597,3340,0,0,0,8535,34700,21597,3340,0,0,0,-1.0
2109,0,1,1,160000,1,2,2,2,2,2,5.0,2800,2120,0,4611,0,2213,58943,60210,60755,59180,62835,61670,2.0
8443,0,0,-1,100000,0,0,0,0,0,0,0.0,4500,3000,3000,3000,3000,3000,97763,93834,86360,77594,78030,78506,0.0
15398,0,0,-1,50000,0,0,0,0,0,0,0.0,1831,1189,3467,30000,4000,0,23593,24787,9145,12423,41956,45112,0.0
29979,0,0,-1,310000,0,0,0,0,0,0,0.0,10029,9218,10029,8049,8040,10059,238973,237196,233854,219409,216540,210675,0.0
22449,0,0,-1,50000,-1,-1,-1,-1,0,0,0.0,390,390,18015,400,342,3334,390,390,390,18015,17150,17102,-1.0
3227,0,0,-1,120000,0,0,0,0,0,0,0.0,5000,5007,5000,5000,5000,5000,116497,109247,98109,74387,75237,78967,0.0
8629,0,0,-1,310000,0,0,0,0,0,0,0.0,2063,76651,7129,3000,10000,10000,48815,39593,104341,76635,46219,55045,0.0
14642,0,1,5,50000,0,0,0,0,-1,2,1.0,1400,1000,500,1781,0,0,16139,17261,14354,8713,1781,1615,0.0
25164,0,0,-1,60000,0,0,0,0,0,0,0.0,3000,2400,1812,3200,2000,4000,56309,58369,59237,59851,32002,32388,0.0
21103,1,1,1,200000,1,2,2,0,0,0,2.0,7350,261,6206,5006,9406,6,193773,196323,181932,132127,132245,138104,0.0
29626,0,0,-1,360000,-2,-2,-2,-2,-2,-2,0.0,6545,0,0,0,0,259,1814,6545,0,0,0,0,-2.0
40,0,0,-1,280000,-1,-1,2,-1,0,-1,1.0,9075,0,9976,8000,9525,781,498,9075,4641,9976,17976,9477,-1.0
20523,0,0,-1,50000,0,0,0,0,0,0,0.0,2109,2388,1602,900,838,707,51112,51086,51365,50579,20413,20452,0.0
23322,0,0,-1,280000,-2,-2,-2,-2,-2,-2,0.0,8331,12805,3587,10361,11734,8800,6398,8321,12798,3581,10310,11717,-2.0
7416,0,1,5,20000,0,0,2,0,0,2,2.0,3300,0,900,1700,0,253,16070,19107,18506,18802,20199,19394,0.0
21571,0,0,-1,210000,-1,0,0,0,0,0,0.0,2345,1915,5028,3200,371,25140,119269,60133,56076,39135,25396,18553,0.0
23375,0,0,-1,70000,0,-1,0,0,-1,0,0.0,3652,2284,3000,5296,2000,2625,9319,3652,5284,5950,5296,5713,0.0
15205,0,0,-1,220000,0,0,-1,-1,-1,-1,0.0,2012,3791,8493,5850,11304,2067,4750,4909,3791,7982,5850,11304,-1.0
7652,0,0,-1,170000,0,0,0,0,0,0,0.0,7540,7540,6301,6517,6035,6435,171841,171014,168142,169821,173014,163570,0.0
2681,0,0,-1,170000,0,0,0,0,0,0,0.0,2906,3002,3000,3000,3500,3000,85780,80568,79823,79335,79506,80252,0.0
27996,0,0,-1,80000,-1,-1,0,-1,0,0,0.0,2000,6689,1817,8100,0,4000,4161,1819,6845,1813,8362,-783,-1.0
6520,0,0,-1,150000,-2,-2,-2,-2,-2,-2,0.0,0,0,0,0,0,0,120,0,0,0,0,0,-2.0
1586,0,0,-1,100000,0,0,0,0,0,-1,0.0,2781,2101,216,0,900,500,73904,73249,12327,10793,5309,900,0.0
27571,0,0,-1,20000,0,0,-1,-1,-1,0,0.0,1600,390,390,780,0,10400,21192,19965,390,390,780,780,0.0
3023,0,1,5,20000,0,0,0,0,0,3,1.0,1320,2181,900,2000,0,0,8011,9041,10903,11622,13280,12778,0.0
11171,1,1,0,130000,2,2,-1,0,0,-2,2.0,0,41,1021,0,0,0,1176,0,41,1062,-201,-201,2.0
3137,0,0,-1,20000,0,0,0,0,0,0,0.0,2700,4150,1500,577,8000,300,17359,16828,17723,18733,12249,19910,0.0
15905,0,0,-1,340000,0,0,0,0,-1,0,0.0,13000,2000,5000,3490,99000,5000,257884,254863,24810,27502,3490,99514,0.0
15939,0,0,-1,170000,0,0,0,0,0,0,0.0,8000,2000,1000,1000,2000,1000,80848,83678,28461,13263,3637,4814,0.0
5810,0,0,-1,360000,-1,-1,-1,-1,-1,-1,0.0,53751,2879,6918,10014,6478,42108,15285,52698,2875,6918,10014,6478,-1.0
20998,0,0,-1,80000,0,0,0,0,0,-1,0.0,1631,1432,1000,520,1097,2236,40356,25023,16392,7467,6727,994,0.0
4246,0,0,-1,210000,0,0,0,0,0,0,0.0,3000,3000,2600,2800,2800,2900,64740,66692,68579,70036,71706,73162,0.0
1069,0,0,-1,200000,-1,-1,-1,-1,-1,-1,0.0,1086,2775,22813,10526,326,573,2159,760,2775,22813,10526,326,-1.0
16395,0,0,-1,320000,-1,-1,-1,-1,0,-1,0.0,5590,8489,18443,0,9416,2328,545,5590,8477,18428,119,9416,-1.0
10585,0,0,-1,50000,0,0,0,0,0,0,0.0,2082,1672,500,500,355,264,48065,48968,47368,9515,9483,9292,0.0
8365,0,0,-1,140000,-1,-1,0,0,0,0,0.0,16570,1220,3000,3500,332,390,780,16570,17378,12568,15678,15620,0.0
26930,1,1,1,140000,1,2,2,2,2,2,5.0,6000,7000,0,10800,4800,0,129497,131877,135309,131671,138771,141146,2.0
2605,0,0,-1,60000,-1,0,0,0,0,0,0.0,2000,2000,10000,991,1010,989,15527,16882,18190,27465,27643,27816,0.0
8933,1,1,1,240000,1,2,2,0,0,0,2.0,6700,0,6900,6000,6000,6000,187558,187333,163332,166813,170739,174532,0.0
29520,0,0,-1,100000,0,0,0,0,0,0,0.0,2000,2000,2000,2000,2000,20000,58430,36846,35538,34958,34039,33650,0.0
3272,0,0,-1,160000,0,0,0,0,0,0,0.0,5002,5000,14400,10000,4000,0,27563,28350,25186,36100,21707,7928,0.0
25931,0,0,-1,210000,0,0,0,0,0,0,0.0,9500,9100,9900,6100,6100,6300,215842,220042,214545,215635,163741,162253,0.0
18008,0,0,-1,360000,-1,0,0,0,0,0,0.0,11028,15044,10115,14026,5104,20077,36560,34371,43052,43596,33762,33391,0.0
15748,0,0,-1,100000,1,2,0,0,0,0,1.0,0,5000,3000,2113,2995,139,96491,94043,97522,97696,90605,85293,0.0
16703,0,0,-1,30000,0,0,0,-1,0,0,0.0,6624,3000,31959,1052,1062,1114,118587,89271,91157,30420,30384,29774,0.0
26287,0,0,-1,350000,0,0,0,0,0,0,0.0,15000,15000,6000,1013,1445,5000,43548,39873,52449,53581,45320,43421,0.0
28478,0,0,-1,110000,0,0,0,0,0,0,0.0,3477,2972,2853,2739,2852,2873,109461,109473,81439,81425,81039,81162,0.0
24773,0,0,-1,20000,0,0,0,2,0,0,1.0,15000,3273,0,389,326,813,17369,28513,27836,23480,19469,16310,0.0
15677,0,0,-1,50000,0,0,0,0,0,0,0.0,2100,2000,2500,2000,1800,2000,49357,49983,50516,50987,48960,48691,0.0
19222,0,0,-1,330000,0,-1,-1,0,0,0,0.0,3744,119356,20062,10189,30032,4005,18768,3736,119340,134194,76865,78760,0.0
961,1,0,-1,380000,1,-2,-2,-2,-2,-2,0.0,39,0,0,0,0,0,8201,7882,-2,-2,-2,-2,-2.0
14559,0,0,-1,80000,0,0,0,0,0,0,0.0,2000,2150,1000,2500,1000,1000,25424,24499,25181,5187,5524,5529,0.0
29829,1,1,3,80000,0,0,0,2,2,2,3.0,3000,5000,0,4078,0,2500,47765,49651,53850,52388,55589,54570,0.0
11825,0,1,1,20000,1,2,2,2,0,0,3.0,1000,1500,0,1000,1000,1000,17819,18239,19094,12393,13037,13817,2.0
21959,1,0,-1,50000,0,0,0,0,0,0,0.0,1720,3100,1723,1100,1111,1200,47254,43583,35245,27520,25928,26470,0.0
18294,0,0,-1,350000,-2,-2,-2,-2,-2,-2,0.0,0,1638,0,0,0,0,1910,0,1638,0,0,0,-2.0
6929,0,0,-1,140000,0,0,0,0,0,0,0.0,6000,5000,3400,3617,3600,3700,112936,117021,107837,96546,95489,97347,0.0
9554,0,0,-1,30000,0,0,2,0,0,0,1.0,4110,94,1879,84,0,0,27101,30360,28002,23879,4178,0,0.0
21281,1,0,-1,80000,0,0,0,0,0,0,0.0,5500,10000,7003,4700,3600,3500,81647,65470,73855,41003,29690,27596,0.0
516,0,0,-1,100000,0,0,-1,0,0,0,0.0,2385,88678,2169,2634,3132,732,94265,53376,85787,78762,79529,80335,0.0
13749,0,0,-1,90000,-1,0,0,-2,-1,0,0.0,7639,11336,1501,13278,10022,14045,2618,8489,371,385,13273,20971,0.0
1055,0,0,-1,230000,-2,-2,-2,-2,-2,-1,0.0,0,0,0,0,470,0,1350,0,0,0,0,470,-2.0
18970,0,0,-1,180000,0,0,0,0,0,0,0.0,1500,1660,20000,2030,1951,3000,230740,30873,32033,51373,52553,53505,0.0
19480,0,0,-1,50000,0,0,-1,0,-1,0,0.0,1730,52014,1200,19959,1402,811,54731,51080,45536,38745,37395,19247,0.0
11966,0,0,-1,270000,-1,-1,-1,-2,-2,-2,0.0,10025,0,0,0,0,0,12263,10025,0,0,0,0,-1.0
21041,0,0,-1,260000,0,0,0,0,0,0,0.0,11000,7100,135546,4500,4590,4501,250416,257987,260104,253488,145630,148720,0.0
27902,0,0,-1,340000,-1,-1,-1,0,0,-1,0.0,3629,29052,30000,5034,11253,86069,6780,3629,29052,50832,30272,11253,-1.0
26692,0,0,-1,30000,1,2,0,0,0,0,1.0,0,1681,2000,2000,2000,2000,21871,21222,22555,23874,14500,16500,0.0
4314,0,0,-1,50000,0,0,-1,0,0,-1,0.0,1651,984,23001,5001,30001,8599,47132,22104,983,23594,7428,29039,0.0
15909,0,0,-1,50000,0,0,0,0,0,0,0.0,2150,2100,2097,1289,712,713,49330,49547,49740,50275,20089,19964,0.0
21832,0,0,-1,60000,-1,-1,2,0,0,0,1.0,7,0,11958,0,611,0,1130,7,7,11965,11958,12069,0.0
25601,0,0,-1,100000,0,0,-1,0,0,0,0.0,13514,69370,20001,3000,3000,3000,16618,-14115,51235,67368,68141,64167,0.0
6372,1,0,-1,20000,-1,-1,-1,-1,-2,-2,0.0,179,1669,0,0,0,0,2480,179,1669,0,0,0,-1.0
9777,0,0,-1,210000,-1,-1,-1,-1,-1,-1,0.0,5983,9331,11008,2550,3493,1308,6060,5934,9303,10976,2543,3483,-1.0
14964,0,0,-1,110000,0,0,0,0,0,0,0.0,6000,5000,3000,3100,3000,3000,111115,113515,111815,79375,78541,79731,0.0
20357,0,0,-1,50000,0,0,0,0,0,-1,0.0,1410,2000,1167,1017,18179,651,44168,44727,26135,26730,12180,18179,0.0
14824,0,0,-1,260000,-1,-1,-1,-1,-1,-1,0.0,5923,5601,5482,5911,5963,5757,7893,5923,5601,5480,5911,5963,-1.0
25098,1,0,-1,50000,0,0,-2,-2,-2,-2,0.0,0,0,0,0,0,0,30900,0,0,0,0,0,-2.0
18295,0,0,-1,150000,0,-1,-1,-1,0,0,0.0,780,0,580,200,0,0,1540,780,0,580,780,0,0.0
22092,0,0,-1,320000,0,0,0,0,0,0,0.0,1690,1500,1000,3628,1041,1006,34818,22718,9398,10222,13791,13498,0.0
2754,1,0,-1,30000,0,0,0,2,0,0,1.0,2000,1800,0,1000,1000,0,27444,29000,29886,28392,22612,22750,0.0
19373,0,0,-1,500000,0,0,0,0,0,0,0.0,20025,40000,85000,139,20000,29761,62112,60246,74832,126778,82611,71338,0.0
26415,0,0,-1,160000,0,0,0,0,0,0,0.0,10000,10000,5000,5000,5000,10000,39962,45640,38988,19825,22654,16158,0.0
13581,0,0,-1,30000,0,0,0,-2,-2,-2,0.0,1000,18000,0,0,0,0,34914,35000,0,0,0,0,0.0
607,0,0,-1,50000,0,0,0,0,0,-2,0.0,1351,1500,150,0,0,0,9214,10359,7350,7500,0,0,0.0
4289,0,0,-1,100000,0,0,0,0,0,0,0.0,2197,2500,2300,2350,2540,4920,59219,60464,61956,63228,64561,66025,0.0
25939,0,0,-1,340000,0,0,0,0,0,0,0.0,5000,10326,5000,10000,5000,5000,36006,12144,17164,15821,12317,14850,0.0
22251,1,0,-1,60000,0,0,0,0,0,0,0.0,1500,2000,1242,5000,1000,700,7885,9244,11082,12133,16891,17615,0.0
18671,1,0,-1,20000,0,0,0,0,0,0,0.0,1270,1320,2260,784,1000,2000,15499,16505,35110,19495,19019,18134,0.0
7883,1,0,-1,240000,-1,-1,-1,0,-1,-1,0.0,15172,8930,0,10526,10625,11982,1863,15172,8930,7324,10506,10625,-1.0
18714,0,0,-1,170000,0,0,0,0,0,0,0.0,3100,3626,2500,2450,2693,2602,70326,71919,68356,68724,68889,69712,0.0
17736,1,0,-1,350000,0,0,0,0,0,0,0.0,10532,9219,8797,8004,10012,10006,263390,267494,205636,203844,204114,207448,0.0
19725,0,0,-1,270000,0,0,0,0,0,0,0.0,6000,2000,1200,330,2000,8258,38875,38589,27846,21787,16429,5488,0.0
1284,0,0,-1,260000,-2,-2,-2,-2,-2,-2,0.0,2114,1027,103,0,1150,2503,12071,12497,1027,-103,-103,1047,-2.0
20307,1,0,-1,30000,0,0,0,2,0,0,1.0,1510,3042,0,600,2942,600,10232,11564,14099,13580,13657,16356,0.0
22890,0,0,-1,280000,-2,-2,-2,-2,-2,-2,0.0,396,396,396,10948,61123,54802,396,396,396,396,10948,61123,-2.0
127,0,0,-1,200000,0,0,0,0,0,0,0.0,3568,3585,3602,3848,3669,3784,110151,99530,98951,100914,103146,104993,0.0
3175,0,0,-1,100000,-2,-2,-2,-2,-2,-2,0.0,9187,5408,12920,9656,4737,4513,45756,9187,5408,12920,9656,4737,-2.0
9365,1,0,-1,270000,0,0,0,0,0,0,0.0,3500,3349,3400,3800,3300,2601,121065,96197,92217,94082,96367,97793,0.0
14135,0,0,-1,120000,0,0,0,0,0,0,0.0,2000,1500,1500,2000,1782,2000,20157,19295,13531,10129,11581,12782,0.0
28391,0,0,-1,160000,0,0,0,0,0,0,0.0,6001,6401,6384,4600,4800,4400,163058,161485,161076,156478,122441,120574,0.0
9437,0,0,-1,140000,0,0,0,0,0,0,0.0,5000,5000,3600,4000,4000,4000,115743,117357,112527,91802,94114,91201,0.0
29037,0,0,-1,230000,-2,-2,-2,-2,-2,-2,0.0,299,8997,1808,3970,7214,3684,1034,299,8994,1796,3970,7214,-2.0
25239,0,0,-1,150000,0,0,0,0,-1,-1,0.0,2000,3473,1000,390,390,390,38580,38168,37775,36390,390,390,0.0
11491,0,0,-1,500000,0,0,0,0,0,0,0.0,10004,10104,10000,40000,10000,10000,71455,79079,73583,79481,115741,168319,0.0
15078,0,0,-1,50000,0,0,0,0,-1,0,0.0,2000,1000,0,900,2,1749,33634,34770,34948,-52,848,850,0.0
28779,0,0,-1,230000,-1,0,0,0,0,0,0.0,1029,1056,1000,1000,389,215,1129,2117,2283,3227,4227,4616,0.0
7009,0,1,5,20000,0,0,0,0,0,2,1.0,1300,1600,813,1700,0,831,16208,16942,18255,18468,19715,19250,0.0
10445,0,0,-1,10000,-1,-1,-1,0,0,0,0.0,390,9159,700,279,1000,800,390,390,9159,9363,8160,7552,-1.0
25120,0,0,-1,170000,0,0,0,0,0,0,0.0,6000,7000,5000,4000,3500,3600,167535,166521,168824,164597,94094,92177,0.0
1047,1,0,-1,220000,0,0,0,0,2,0,1.0,10000,5013,10626,52,5255,4222,162105,170592,173969,183030,181385,174107,0.0
26796,0,0,-1,260000,0,0,0,0,0,0,0.0,8304,10044,6000,5576,6000,6200,226244,230647,211483,153072,156149,144646,0.0
4460,0,0,-1,120000,0,0,0,0,0,0,0.0,6500,4300,1175,1658,784,0,112448,115646,115767,38070,39306,39200,0.0
8196,0,1,5,160000,-1,2,-1,0,-1,2,2.0,0,1863,0,930,0,0,3139,1473,1863,390,930,390,-1.0
24455,0,0,-1,210000,0,0,0,0,0,0,0.0,5000,4200,3100,3000,3100,3000,189650,127111,93208,88223,84175,80305,0.0
22876,0,0,-1,70000,0,0,0,0,0,0,0.0,3000,3000,3000,2000,2000,1800,44397,44923,46189,39327,38618,38404,0.0
15962,0,0,-1,120000,-1,-1,-1,-1,-1,0,0.0,316,316,316,632,0,316,316,316,316,316,632,316,-1.0
13240,1,0,-1,20000,-1,-1,-2,-2,-2,-2,0.0,780,0,0,0,0,0,390,780,780,0,0,0,-2.0
821,0,0,-1,200000,-1,-1,-1,-1,0,-1,0.0,0,390,780,0,390,390,780,0,390,780,390,390,-1.0
19706,1,0,-1,100000,-1,-1,-1,-1,-1,-2,0.0,6666,0,6270,0,0,0,6666,6666,0,6270,-396,-396,-1.0
27503,0,0,-1,500000,1,2,0,0,-1,-1,1.0,0,2787,1312,264,264,4709,65005,63099,64610,64133,264,264,0.0
22930,0,0,-1,80000,-1,-1,-1,-1,-1,-1,0.0,6000,6011,5783,2257,6000,0,5566,5783,6011,5783,2257,8257,-1.0
5374,0,0,-1,190000,0,0,0,0,0,0,0.0,6112,4202,4200,4200,5000,4200,137502,127014,120826,112211,110396,113386,0.0
17723,0,0,-1,150000,-1,-1,-2,-2,-2,-2,0.0,0,0,0,0,0,0,6350,0,0,0,0,0,-2.0
5582,0,0,-1,250000,-1,-1,-1,-1,-1,-1,0.0,10957,4614,28796,4418,10676,0,9146,10906,4614,28790,4418,10676,-1.0
24111,0,0,-1,80000,-1,-1,-1,-1,-1,-1,0.0,600,600,100,900,2934,0,400,600,600,100,900,2934,-1.0
5099,0,0,-1,120000,0,0,0,0,0,0,0.0,5000,4200,2000,1300,6000,6000,19544,24230,28022,29249,29926,35357,0.0
3048,0,0,-1,250000,-1,-1,-2,-2,-1,-1,0.0,0,0,0,2546,0,0,7374,0,0,0,2546,0,-1.0
13237,0,0,-1,70000,0,0,0,0,0,0,0.0,1500,1600,600,500,600,2600,8878,10077,11203,11320,11487,11895,0.0
8063,0,0,-1,220000,-1,0,0,-2,-2,-2,0.0,1000,0,0,0,0,0,2501,2071,0,0,0,0,-2.0
21626,0,0,-1,80000,0,0,0,0,0,-1,0.0,1500,1511,1000,1000,2256,924,13118,11622,12011,3210,1651,2256,0.0
26734,1,1,5,40000,2,-1,-1,-1,-1,2,2.0,1889,1716,41710,2800,0,1500,1892,1889,1716,41710,42219,39774,-1.0
18311,0,0,-1,450000,-2,-2,-2,-2,-2,-2,0.0,2495,100,0,14663,0,14121,3961,2483,74,-73,14590,-70,-2.0
7697,1,0,-1,240000,-1,-1,-1,0,-1,-1,0.0,4789,6853,113,7588,2737,0,7058,4786,6853,5673,7588,2737,-1.0
11986,0,0,-1,80000,-1,-1,-1,-1,-1,-1,0.0,331,9970,4250,4574,0,0,3900,331,9970,4250,4574,0,-1.0
3679,0,0,-1,80000,0,0,0,0,0,-2,0.0,1235,1369,825,0,0,0,16959,17910,14919,15375,-150,-150,0.0
18432,0,0,-1,30000,0,0,0,0,0,0,0.0,2000,2000,2000,2000,1500,1500,26277,25896,27460,27735,27711,28643,0.0
29972,0,0,-1,80000,0,0,0,0,0,0,0.0,2395,2500,2530,2556,3700,3000,65554,66858,68279,69674,71070,73612,0.0
12601,0,1,5,50000,0,0,2,0,0,2,2.0,4055,0,1767,3683,0,1817,42067,45127,44106,44839,47634,46718,0.0
5035,1,0,-1,50000,0,0,0,0,0,0,0.0,2091,1310,1000,1000,277,296,48064,49362,48038,8760,9646,7747,0.0
1420,0,0,-1,230000,-2,-2,-2,-2,-2,-2,0.0,10000,20176,200,10000,10000,10000,19200,10000,20176,10000,10000,10000,-2.0
22472,0,0,-1,140000,-1,-1,-1,-1,-1,-1,0.0,381,2290,437,1320,300,0,1352,381,2281,437,1320,300,-1.0
24585,0,0,-1,220000,0,0,0,0,0,0,0.0,8300,8500,8000,7900,7800,8000,237976,232993,229896,226036,222487,210628,0.0
17315,0,0,-1,40000,1,2,0,0,0,0,1.0,9,2143,1606,1500,1410,1507,40672,39724,39475,39078,38339,38665,0.0
12738,0,0,-1,110000,0,0,0,0,0,0,0.0,2500,2100,2000,2000,2500,2000,58716,50943,46942,47935,49083,49603,0.0
26431,0,0,-1,400000,-2,-2,-2,-2,-2,-2,0.0,365,3224,2580,9660,24355,0,1698,365,3213,2578,9660,24355,-2.0
23272,0,0,-1,290000,-1,-1,-2,-2,-2,-1,0.0,0,0,1085,447,145,247,3950,0,0,1085,445,145,-1.0
8654,0,0,-1,130000,-1,-1,0,0,0,0,0.0,11054,5172,14593,727,5222,4200,6279,10862,5878,15306,8015,5965,0.0
14726,0,0,-1,30000,0,0,0,0,0,0,0.0,1588,1789,790,471,352,121,26828,25352,26553,26554,18869,12359,0.0
10606,0,1,5,70000,0,0,0,0,0,2,1.0,3500,1400,700,6000,0,1000,68659,68259,14690,9980,15607,15209,0.0
18143,1,1,2,300000,0,0,2,2,-1,0,2.0,2800,1200,1200,9427,55000,2000,8077,10566,11293,12000,3458,56338,0.0
24316,1,1,1,20000,1,3,2,2,0,0,3.0,0,2000,0,800,1000,1000,15598,15055,16511,15953,16190,16777,2.0
5265,0,0,-1,50000,0,0,0,0,0,0,0.0,3000,3000,1008,1000,1000,1000,46090,48343,50157,18675,18542,17129,0.0
9667,0,0,-1,60000,0,0,0,0,0,0,0.0,2664,2800,2400,2100,2181,2213,56119,57282,58533,59349,55302,56563,0.0
22494,0,0,-1,110000,0,0,0,0,0,0,0.0,4058,4913,3000,3000,3000,3100,105055,105886,108819,79027,80709,82406,0.0
795,0,0,-1,50000,0,0,0,0,0,0,0.0,2320,1282,3299,1323,1329,1114,46750,48317,48282,18299,19323,20329,0.0
25730,0,0,-1,290000,0,0,0,0,0,0,0.0,2000,2100,2100,3000,5000,2050,41879,42882,43992,45061,46998,51046,0.0
4982,1,1,2,240000,-1,-1,2,2,2,2,4.0,2500,0,0,0,0,0,2690,2500,2500,2500,2500,0,2.0
28383,0,0,-1,80000,0,0,2,0,0,0,1.0,4808,0,2169,2500,10400,0,56195,60067,58535,59730,61236,70617,0.0
4069,1,0,-1,50000,-2,-1,0,0,2,0,1.0,4254,2962,5191,0,3500,3000,1040,4254,6955,9486,9191,12524,0.0
28081,0,1,5,20000,0,0,0,0,0,2,1.0,1120,2000,2580,600,0,1000,7196,6780,7399,8574,7833,6342,0.0
11522,0,0,-1,20000,0,0,0,0,0,0,0.0,1323,1307,691,705,995,722,19185,18621,19605,19717,19203,19871,0.0
28147,0,0,-1,200000,-2,-2,-1,-1,0,0,0.0,6734,1374,74836,0,250,55892,2233,6731,1374,24836,23348,7058,-2.0
4291,0,0,-1,40000,0,0,0,0,0,0,0.0,3500,1750,1300,1409,0,0,69282,36108,37112,37695,38580,0,0.0
23289,0,0,-1,160000,-2,-2,-2,-2,-2,-2,0.0,597,1223,700,653,691,17,717,594,1217,697,650,691,-2.0
5704,0,0,-1,380000,-2,-2,-2,-2,-2,-2,0.0,745,1180,578,578,0,580,3745,738,1175,576,576,-2,-2.0
5596,0,0,-1,150000,-2,-2,-2,-2,-2,-2,0.0,0,0,0,0,0,0,929,0,0,0,0,0,-2.0
3022,0,0,-1,180000,0,0,-1,0,0,-2,0.0,1205,9402,0,0,0,0,15743,9814,9161,8252,0,0,0.0
26443,1,0,-1,150000,0,0,0,0,0,0,0.0,6005,4450,3243,2000,2000,1000,145268,111500,101996,56503,38650,28775,0.0
17613,0,1,1,180000,1,2,2,0,0,2,3.0,7641,3,6003,5826,0,2855,146549,150151,142421,110713,84928,83307,2.0
20850,0,0,-1,50000,-1,-1,0,-1,-1,-1,0.0,9377,1000,5140,5140,5140,2600,5140,9377,5140,5140,5140,5140,-1.0
23428,0,0,-1,200000,1,2,0,0,0,0,1.0,0,3027,6223,0,0,0,18021,17374,15463,17314,14245,0,0.0
12179,0,0,-1,260000,0,0,0,0,0,0,0.0,3578,2400,2000,2000,1464,1188,89420,86716,82868,80715,76377,44627,0.0
14092,0,1,2,50000,0,0,2,2,0,0,2.0,2233,1639,0,672,2602,2000,15416,17392,18446,17852,18236,20524,0.0
11665,0,0,-1,250000,-1,-1,-1,-1,-1,-1,0.0,10615,49825,19866,56074,45443,29916,43098,10606,49815,19857,56064,45427,-1.0
16868,0,1,1,400000,1,2,2,2,-1,0,3.0,65,3383,20,112679,3699,3567,36838,26214,16199,3320,111353,103569,2.0
27635,0,0,-1,80000,-1,-1,-1,-1,-1,0,0.0,133,5395,1182,266,233,0,1807,133,5395,1182,266,366,-1.0
3714,0,0,-1,100000,1,2,0,0,2,0,2.0,0,3000,2000,0,3000,2000,12893,12447,14967,16773,16427,19053,0.0
2858,0,0,-1,200000,0,0,0,0,0,0,0.0,3000,2000,5000,2000,3000,3000,42292,43764,44030,48466,49183,46919,0.0
15967,0,0,-1,80000,0,0,0,2,0,0,1.0,2925,12265,9,1737,1760,1882,82391,80977,88815,83153,50910,60012,0.0
13082,1,0,-1,500000,-2,-2,-2,-1,0,-1,0.0,2900,2000,2739,0,170,205,1950,2900,1950,2739,2739,170,-2.0
7152,1,0,-1,40000,0,0,0,0,0,0,0.0,5000,8017,7000,4000,5000,5000,28140,32343,39717,37263,35224,34111,0.0
17890,0,0,-1,500000,0,0,0,0,0,0,0.0,2014,4135,3256,53,0,36368,39345,40382,40740,16316,10705,-42,0.0
27881,0,1,2,130000,0,0,2,2,2,0,3.0,11000,2600,9000,0,6000,5000,121329,128791,127881,133130,127159,131069,0.0
15921,0,0,-1,210000,0,0,0,0,0,0,0.0,4000,5000,2000,2540,3000,3000,74235,74108,59594,51877,44293,38215,0.0
13140,1,0,-1,200000,-1,-1,-2,-1,-1,-2,0.0,0,200,12141,0,0,0,4608,-200,0,12141,0,0,-1.0
2416,0,0,-1,30000,0,0,0,0,0,0,0.0,2000,2000,900,1000,2000,0,28008,29549,30298,30046,29880,27039,0.0
18591,0,0,-1,400000,0,0,-1,-1,-1,-1,0.0,5000,3926,500,1236,11975,253,14925,12559,3926,500,1236,11975,-1.0
15974,1,0,-1,50000,1,2,0,0,0,0,1.0,0,2000,2537,1500,1500,1500,49487,48282,39490,27835,23391,24507,0.0
13977,0,0,-1,210000,-1,-1,-1,-1,-1,-1,0.0,6715,5800,6256,732,730,3050,1685,6644,3584,1756,732,730,-1.0
2401,0,0,-1,180000,-1,-1,-1,-1,-1,-1,0.0,4686,0,7500,4100,0,4500,220,4680,0,7500,4100,0,-1.0
29028,1,0,-1,210000,-1,-1,-1,-2,-1,-1,0.0,6479,0,0,23760,0,0,194,6479,-200,-200,23560,0,-1.0
25068,1,0,-1,450000,-1,0,0,0,0,0,0.0,11000,11000,11000,11000,11000,11000,156875,154853,152936,150996,149094,147297,0.0
1979,0,0,-1,20000,-1,-1,-1,-1,-1,0,0.0,1140,12656,1700,500,12000,0,2191,1140,12656,1693,303,12303,-1.0
9457,0,0,-1,310000,-1,-1,0,0,0,0,0.0,62635,100042,4017,9184,4081,6042,2948,62593,152141,125325,109142,103020,0.0
3944,0,0,-1,200000,-1,-1,-1,-1,-1,-1,0.0,6229,5815,854,2029,1997,10342,261,6229,5815,851,2029,1997,-1.0
16275,0,0,-1,200000,-1,2,-1,2,-1,-1,2.0,0,2253,0,390,390,390,2905,1258,1863,390,390,390,-1.0
8129,0,0,-1,30000,0,0,0,0,0,0,0.0,1703,1500,1000,1000,0,0,27020,27985,28782,24082,17060,0,0.0
24137,0,0,-1,240000,0,0,0,0,0,0,0.0,3500,3600,3500,3500,3500,3500,90440,92433,94548,96375,98453,100549,0.0
8834,0,0,-1,90000,2,-1,-1,0,0,0,1.0,6732,92113,1317,1598,1461,1354,117793,93777,87401,38144,39177,36687,0.0
25426,0,0,-1,50000,0,0,0,0,0,0,0.0,1781,2016,1450,1314,814,978,41891,33849,30220,30235,28979,23593,0.0
10414,0,0,-1,100000,0,0,0,0,0,0,0.0,3595,3218,1345,3000,1275,440,86208,173340,36562,37298,39687,40044,0.0
11968,0,0,-1,20000,-1,-1,-1,-1,-1,-1,0.0,8019,6779,7547,4589,12000,7556,4453,7997,6573,7422,4381,11718,-1.0
5436,0,0,-1,240000,0,0,0,0,0,0,0.0,7106,12014,6075,5900,5900,5500,188983,190556,189914,190434,179424,183299,0.0
19048,0,0,-1,190000,0,0,0,0,0,0,0.0,5000,5000,5600,3000,4000,4500,80903,83900,86897,90399,85698,88400,0.0
24015,0,0,-1,50000,0,0,0,0,0,0,0.0,1300,1300,1300,600,1000,602,12236,13324,14403,15460,15804,16549,0.0
9173,0,0,-1,270000,0,0,0,0,0,-1,0.0,15000,10000,10000,10000,8850,22123,32108,32784,29891,24531,19391,8850,0.0
6474,0,0,-1,170000,-1,0,0,0,0,0,0.0,1608,2301,2379,2202,2688,2110,32192,32555,32292,32372,31202,31688,0.0
1310,0,0,-1,270000,0,0,0,0,0,0,0.0,6200,6254,6290,6710,8250,0,165303,168837,172281,175705,179582,184650,0.0
11708,0,0,-1,150000,1,2,0,0,0,0,1.0,39,6000,3937,4077,4504,23066,170971,165806,146001,113907,115578,111863,0.0
6661,0,0,-1,320000,0,0,0,0,0,0,0.0,1155,1000,1000,1000,0,2500,4062,5143,5988,6988,7988,0,0.0
28697,0,0,-1,230000,2,-1,-1,-1,-1,-1,1.0,2329,1894,2532,1865,1496,1873,566,2329,1894,2528,1865,1496,-1.0
20054,1,0,-1,440000,0,0,0,0,0,0,0.0,14193,14740,9655,6453,5478,4919,388357,390101,387948,354871,238196,200777,0.0
22335,0,0,-1,400000,0,0,0,0,0,0,0.0,1097,3716,5000,5000,5668,7000,5074,4097,7716,12538,17305,22499,0.0
26703,0,1,1,40000,1,2,2,2,2,2,5.0,0,3800,0,1200,0,0,37681,36775,39982,38979,39479,39329,2.0
17069,0,0,-1,130000,0,0,0,0,0,0,0.0,4000,3000,3000,5000,5000,5000,127125,78165,79306,80974,83635,87287,0.0
5822,0,0,-1,110000,0,0,0,0,0,0,0.0,1921,2563,2300,2300,1704,700,51803,52888,54570,55368,56623,57196,0.0
20381,1,0,-1,50000,0,0,0,0,0,0,0.0,2100,3260,1200,1000,0,16628,43087,44468,46653,43143,19003,-317,0.0
20822,0,0,-1,360000,-1,-1,-1,-1,-1,-1,0.0,2413,2738,2969,2677,2060,2071,1800,2410,2722,2961,2669,2054,-1.0
25596,0,0,-1,120000,-1,-1,-2,-2,-2,-2,0.0,0,0,0,0,0,0,18486,0,0,0,0,0,-2.0
20303,0,0,-1,240000,-2,-2,-2,-2,-2,-2,0.0,236,0,2194,441,1085,858,890,236,0,2194,439,1085,-2.0
4613,0,0,-1,20000,0,0,0,0,0,0,0.0,2000,1300,1500,2500,1000,1000,18821,18714,18942,20179,20204,20239,0.0
14309,0,0,-1,500000,-2,-2,-2,-2,-1,0,0.0,1093,9429,3423,291227,9011,9030,240927,18676,9390,-3772,282777,288937,-2.0
13495,0,0,-1,100000,0,0,0,0,0,0,0.0,3228,3000,2743,3000,3000,3000,98200,74247,71635,72809,74100,75316,0.0
8532,0,0,-1,50000,0,0,0,0,0,0,0.0,1655,1323,734,1058,406,0,27148,27619,20997,21018,20556,20302,0.0
5390,0,0,-1,200000,0,0,0,0,0,0,0.0,4000,4000,5012,4000,3000,4000,75203,77949,74865,72766,70444,69003,0.0
23979,0,1,2,30000,0,0,2,2,0,0,2.0,3196,2000,0,0,0,0,14404,32852,17113,4818,4818,0,0.0
5677,0,0,-1,160000,0,0,-2,-2,-2,-2,0.0,0,0,0,0,0,0,8460,0,0,0,0,0,-2.0
12854,0,0,-1,500000,-1,2,-1,0,0,-1,1.0,0,18261,0,0,40270,0,7233,2321,18261,16456,11225,36770,-1.0
23267,0,0,-1,440000,0,0,0,0,0,0,0.0,30000,2000,24534,5000,20000,20839,58639,66698,43399,44534,25341,20000,0.0
16758,0,0,-1,80000,0,-1,-1,2,-1,0,1.0,780,390,0,1560,0,390,31290,780,390,780,780,390,-1.0
27340,0,0,-1,170000,1,2,0,0,0,0,1.0,0,5000,5000,5000,5000,5000,77959,76115,79274,82034,85664,89272,0.0
17964,1,0,-1,70000,0,0,0,0,0,0,0.0,3609,2523,2441,3038,2029,70004,71336,70393,131412,63823,52339,40836,0.0
8957,0,0,-1,500000,-1,-1,-1,-1,0,-1,0.0,4969,6802,11523,14,5914,7622,6197,4934,6783,11507,4883,5897,-1.0
14209,0,0,-1,120000,0,0,0,0,0,0,0.0,3700,1640,2000,2000,2000,1800,35220,38036,38746,40107,41464,42680,0.0
7120,0,0,-1,100000,-1,-1,-1,0,0,-1,0.0,0,4069,33000,20000,22227,20000,29048,0,4069,37069,20233,22227,-1.0
13578,1,0,-1,360000,-1,-1,-2,-2,-2,-2,0.0,2462,0,0,0,0,0,600,2462,2274,0,0,0,-2.0
20333,0,0,-1,80000,0,0,2,0,0,0,1.0,3500,0,2000,1000,1000,1000,16613,19828,19227,20593,20951,21460,0.0
1441,0,1,2,70000,0,0,2,2,2,2,4.0,5000,1900,0,4600,0,2300,48432,52650,53099,51648,55409,54366,2.0
13045,1,0,-1,230000,-1,-1,-1,-1,-1,-1,0.0,770,3465,0,486,634,0,1319,770,3465,0,486,634,-1.0
6798,0,0,-1,320000,0,0,0,0,0,0,0.0,8100,6000,7000,2,0,2003,173742,167837,100407,88717,179,-336,0.0
18857,1,0,-1,80000,0,0,0,0,0,0,0.0,2000,2000,2039,2500,2500,2500,52652,53774,54909,56035,57598,59164,0.0
19402,0,0,-1,230000,0,0,0,2,0,0,1.0,3000,2023,0,1004,10019,1141,3745,4632,4979,631,1635,10244,0.0
27344,0,0,-1,120000,-1,-1,-1,-1,-1,-2,0.0,2647,10363,3600,0,0,0,15665,2647,10293,3600,0,0,-1.0
16094,0,0,-1,290000,0,0,0,0,0,0,0.0,8100,7000,8400,7000,7500,7500,190453,194303,197076,197488,196976,196579,0.0
4878,0,0,-1,50000,0,0,0,0,0,0,0.0,3000,3014,684,1000,713,677,25277,27209,23740,19448,19594,19762,0.0
25235,0,0,-1,130000,0,0,0,0,0,0,0.0,7100,6000,4200,3500,10000,0,128976,131763,128300,89007,90126,98665,0.0
26633,0,0,-1,10000,0,0,0,0,0,0,0.0,1112,1143,1500,324,500,377,5642,6652,7683,9040,9222,9580,0.0
6624,1,0,-1,20000,1,2,0,0,2,0,2.0,0,5000,1550,0,4000,4026,6025,5786,10471,11542,11216,14834,0.0
10783,0,0,-1,30000,0,0,2,0,0,0,1.0,5300,0,1100,1000,2300,0,25724,29638,27000,27382,26876,28351,0.0
16022,0,0,-1,200000,-1,-1,2,-1,-1,-1,1.0,734,0,424,424,424,608,316,734,418,424,424,424,-1.0
23606,0,0,-1,210000,-1,-1,-1,-1,-1,-1,0.0,0,358,12816,0,102,210,1417,-3,355,12816,0,102,-1.0
3173,0,0,-1,230000,0,0,0,0,0,-1,0.0,10000,5000,0,5000,189600,10000,176853,180639,180117,179717,124117,182717,0.0
18602,0,0,-1,130000,0,0,0,0,-2,-2,0.0,6000,9000,0,0,0,0,123945,127883,133400,0,0,0,0.0
24212,0,0,-1,470000,-2,-2,-2,-2,-2,-2,0.0,3301,5127,9304,4326,10051,7661,9884,3285,5103,9258,4305,10001,-2.0
8244,0,0,-1,360000,-1,-1,-1,-1,2,-1,1.0,546,0,2538,0,846,696,696,546,-150,1692,846,846,-1.0
18905,0,0,-1,360000,-1,-1,-1,-1,0,0,0.0,15023,18500,57697,11000,15000,5000,9626,11684,18144,57687,49519,53478,-1.0
20991,0,1,1,180000,1,2,2,2,2,2,5.0,0,16000,6000,0,15000,7000,172505,166692,176869,347813,171041,181637,2.0
12316,0,0,-1,250000,-1,-1,2,-1,-1,-1,1.0,3629,3,1575,248,1247,621,1000,4070,3629,1570,248,1247,-1.0
18471,0,0,-1,70000,0,0,0,0,0,0,0.0,2502,2075,2000,1541,1600,2000,64822,61851,62007,38391,38996,39819,0.0
5793,0,0,-1,190000,-1,-1,-1,-1,-1,-1,0.0,10000,10000,10000,10000,10941,79027,11613,10000,10000,10000,10000,10941,-1.0
28136,0,0,-1,200000,-1,-1,-1,-1,-1,-1,0.0,5286,1863,9323,1612,2054,5808,2213,5283,1863,9323,1612,1619,-1.0
20435,0,0,-1,210000,0,0,0,0,0,0,0.0,7000,20000,8200,7100,6800,7000,196963,201741,219122,223267,227841,228377,0.0
17976,0,0,-1,80000,0,0,0,0,0,0,0.0,2115,5004,1834,1562,1621,2196,78216,62890,52973,52328,49214,50245,0.0
9559,0,0,-1,100000,0,0,0,0,0,0,0.0,3852,4135,2200,2521,2162,2697,89988,92388,94478,59387,60953,59786,0.0
1618,0,0,-1,360000,-2,-2,-2,-2,-2,-2,0.0,2535,0,0,0,0,0,10729,2523,-2,-2,-2,-2,-2.0
1927,0,0,-1,70000,0,0,0,0,0,0,0.0,2000,1400,291,1500,5000,2000,65793,26665,22630,14573,15127,12596,0.0
7077,0,0,-1,60000,0,0,0,0,0,0,0.0,2600,2000,2000,1614,1590,2000,61759,60399,38994,40338,40142,39904,0.0
14304,0,1,3,20000,0,0,0,3,2,0,2.0,3000,10000,0,0,900,2000,6599,9315,19067,18472,18037,18487,0.0
28462,0,0,-1,180000,1,2,0,0,0,0,1.0,3000,4000,4000,4000,4100,4100,101526,101957,104317,106583,108811,111160,0.0
26545,0,0,-1,180000,0,0,0,0,0,0,0.0,5876,4525,6123,4644,5688,5699,120070,123963,125022,129079,130109,133714,0.0
23627,0,0,-1,270000,0,0,0,0,0,0,0.0,5000,7000,4049,1000,5003,0,135068,102743,100360,97583,91849,94824,0.0
2402,0,0,-1,330000,-1,-1,-1,0,0,0,0.0,213,2368,1000,190,0,0,730,213,2368,3368,1377,0,-1.0
29474,0,1,5,150000,-1,-1,-1,0,-1,2,1.0,530,957,1000,800,0,9000,530,530,957,1817,714,424,-1.0
2254,0,0,-1,10000,0,0,0,0,0,0,0.0,1228,1000,195,161,0,0,8858,9548,9540,9735,8070,0,0.0
15410,0,0,-1,140000,0,0,0,0,0,0,0.0,10000,10200,9000,9000,10000,10000,248822,246595,249664,253418,258909,255232,0.0
5316,0,0,-1,330000,0,0,0,0,0,0,0.0,1500,2600,1500,1400,1400,1500,37637,38676,40786,41767,42501,43359,0.0
8305,0,0,-1,300000,0,0,0,0,0,0,0.0,12005,10155,6000,5000,6000,6000,277680,281719,284381,155562,158448,162626,0.0
13310,0,0,-1,90000,0,0,0,0,0,0,0.0,3100,1800,1700,2000,1746,1941,91263,70251,45385,46331,47494,48433,0.0
7764,0,0,-1,100000,0,0,0,0,0,0,0.0,2000,2000,2000,2000,2000,2000,46891,48134,49331,50508,51543,52685,0.0
6942,0,0,-1,230000,-1,-1,-1,-1,-1,-1,0.0,12540,3099,1884,30468,4473,5635,2781,12515,3090,1879,30467,4460,-1.0
5009,0,0,-1,170000,0,0,0,0,-2,-1,0.0,5000,4000,0,0,3300,0,63948,62090,63000,0,0,3300,0.0
29407,0,0,-1,60000,0,0,0,0,0,0,0.0,2097,2141,3000,2064,2672,2000,58982,59063,58440,59593,59642,60165,0.0
7582,0,0,-1,100000,0,0,0,0,0,0,0.0,4025,2511,1523,1292,1236,627,89842,82669,70018,57847,43618,38715,0.0
17215,0,0,-1,60000,0,0,0,0,0,0,0.0,1500,4022,1500,3500,1000,1000,27402,26455,28017,25011,28143,24712,0.0
580,0,0,-1,30000,-2,-1,-1,-1,-1,-2,0.0,2687,8765,3390,2040,0,0,7797,2687,8762,3377,2000,0,-1.0
8605,0,0,-1,60000,0,0,0,0,0,0,0.0,3000,2000,1500,2000,1500,1500,56598,47311,25227,26039,27493,26416,0.0
23764,0,0,-1,50000,-1,0,0,0,0,-1,0.0,5000,3000,1000,0,31331,0,28594,33080,29233,23340,-300,31031,0.0
5733,0,0,-1,200000,-1,-1,-1,-1,-1,-1,0.0,1582,21133,2941,8191,22842,5567,25929,1582,21133,2941,8191,22842,-1.0
13702,0,0,-1,200000,0,0,0,0,0,0,0.0,4762,3856,2753,2900,3000,2800,93863,93893,90837,85520,84945,81431,0.0
23300,0,0,-1,340000,0,-1,0,0,0,0,0.0,57301,3000,2600,1000,1817,11022,11049,57301,59375,60216,59842,46882,0.0
14253,0,0,-1,300000,-1,-1,-1,-1,-1,-1,0.0,688,6495,3681,2448,1910,360,5045,688,6431,3645,2041,1800,-1.0
29378,0,0,-1,120000,0,0,0,0,0,0,0.0,4516,5005,5006,5014,5008,4008,92677,92809,93392,93609,95055,96761,0.0
16505,0,0,-1,10000,0,0,0,0,0,-1,0.0,1500,5000,4000,2000,22400,0,8525,5141,5239,7911,17890,10000,0.0
28300,0,0,-1,80000,0,0,0,0,0,0,0.0,2815,2345,1763,1854,1737,1774,74745,76314,77344,49168,48243,47810,0.0
24983,0,1,5,240000,0,0,0,0,0,2,1.0,2200,2263,2930,5000,0,3000,67120,68473,69899,71946,75425,74377,0.0
10926,0,0,-1,360000,-2,-2,-2,-2,-2,-2,0.0,0,0,0,0,0,76873,5800,0,0,0,0,0,-2.0
6878,0,0,-1,260000,0,0,0,0,0,0,0.0,6000,5000,5000,4000,5000,5000,52079,52083,46703,47500,45030,48249,0.0
10052,0,0,-1,70000,0,0,0,0,-1,0,0.0,3136,2076,2243,1058,48000,2000,65429,67513,67767,69275,1058,48376,0.0
15626,0,0,-1,50000,0,0,0,0,-1,-1,0.0,4000,4013,5000,5000,5000,5000,86750,42968,43444,40616,2008,-1500,0.0
5949,0,0,-1,170000,0,0,0,0,0,0,0.0,3600,3111,3000,3100,3101,3306,108426,109889,84897,82608,84388,86096,0.0
3974,0,0,-1,360000,-1,-1,-1,-1,0,-1,0.0,8035,0,3658,10,1107,584,1360,7995,-7,3651,2085,1102,-1.0
14184,0,0,-1,500000,0,0,0,0,0,0,0.0,5053,6052,5038,7029,8018,4022,89574,91782,90989,83633,84491,85522,0.0
13423,1,1,5,230000,-1,-1,-1,-1,-1,3,1.0,1867,5816,1340,5342,4,0,3245,1855,5776,1332,5342,3162,-1.0
28010,0,0,-1,150000,-1,-1,-2,-2,-2,-2,0.0,0,0,0,0,0,0,3470,0,0,0,0,0,-2.0
27200,0,0,-1,330000,-1,-1,-1,-1,-1,-1,0.0,0,2023,0,2892,1059,1727,694,0,2023,-22,2870,860,-1.0
25128,0,0,-1,50000,-1,-1,-1,-1,-1,-1,0.0,2840,1413,2890,4715,1262,5483,7056,2840,1413,2890,4715,1262,-1.0
5819,0,0,-1,170000,0,0,2,0,0,0,1.0,19078,0,5000,5000,4500,4500,121009,136552,132655,134140,115892,116653,0.0
22573,0,0,-1,180000,-1,-1,-1,-1,-2,-2,0.0,0,762,0,0,245,884,4498,-2,760,0,0,245,-1.0
29179,0,0,-1,90000,-1,-1,-1,0,0,0,0.0,63201,5322,26400,545,556,1274,1933,63201,5322,27878,27243,27799,-1.0
28761,0,0,-1,140000,0,0,0,-2,-1,0,0.0,3133,0,0,68383,3000,3096,89226,90212,-1037,-1037,66441,68365,0.0
9041,1,0,-1,20000,1,2,0,0,0,-2,1.0,0,1200,397,0,0,0,20838,20212,20148,19845,0,0,0.0
29141,0,0,-1,120000,0,0,0,0,0,0,0.0,6500,6000,6000,4000,9000,0,117287,120290,116082,118405,99081,106300,0.0
24348,0,0,-1,240000,0,0,0,0,0,0,0.0,8576,8200,9009,5000,10500,0,177795,167091,161691,165177,132478,138979,0.0
5569,0,0,-1,50000,0,0,0,0,0,0,0.0,1700,1600,1200,1000,1000,1200,17961,18689,19284,19517,19193,18848,0.0
8416,0,0,-1,200000,-1,-1,-1,-1,-2,-2,0.0,390,11320,0,0,0,2000,3266,390,11314,-71,-467,-863,-1.0
11268,0,0,-1,360000,-1,-1,-1,-1,-1,-1,0.0,21006,14430,6820,10099,7806,7862,25078,20970,14407,6820,10099,7806,-1.0
23101,0,0,-1,80000,-1,-1,-1,-1,-1,0,0.0,5548,2154,583,11381,190,74,5919,5545,2154,583,11381,9508,-1.0
12932,0,0,-1,350000,0,0,0,0,0,0,0.0,9000,8700,7000,7600,7800,8500,228009,220450,190173,192649,197269,201360,0.0
15222,0,0,-1,150000,0,0,0,0,0,-1,0.0,1609,2000,1000,0,8049,1000,17594,14850,15919,10177,7954,8049,0.0
3881,0,0,-1,300000,-1,-1,-1,-1,-1,-1,0.0,19854,6279,3883,11883,5305,9998,18341,19847,6246,3872,11875,5290,-1.0
8145,0,1,2,50000,0,0,2,2,0,0,2.0,3600,1400,0,1200,2000,1000,15336,18681,19463,16894,17667,19211,0.0
21682,0,0,-1,20000,0,0,0,0,0,0,0.0,1300,1332,1301,700,1000,900,19403,18989,18914,19883,19293,19993,0.0
20717,0,0,-1,210000,0,0,0,0,0,0,0.0,4000,5000,5000,5000,5000,5000,173187,96550,82810,78255,77816,81392,0.0
23824,0,0,-1,210000,-1,-1,-2,-1,-1,-1,0.0,0,0,806,1945,0,1315,1561,0,0,806,1945,0,-1.0
6984,0,0,-1,300000,-1,-1,-1,-1,-2,-2,0.0,832,225,0,0,0,0,311,830,225,0,0,0,-1.0
9475,0,0,-1,190000,0,0,0,0,0,0,0.0,8007,8000,8000,5500,5339,5058,142272,143386,141711,142569,141733,142982,0.0
5197,0,0,-1,50000,0,0,0,0,-1,0,0.0,4029,4031,3000,6376,5000,0,16762,19126,13918,8239,6376,10077,0.0
23712,0,0,-1,290000,0,0,0,0,0,0,0.0,12880,13000,8000,8600,9000,4000,276377,282814,288983,203517,208435,212674,0.0
1482,0,0,-1,30000,0,0,0,0,0,-2,0.0,1099,1000,120,0,0,0,3924,4972,5873,5993,0,0,0.0
7341,0,0,-1,240000,0,0,0,0,0,0,0.0,6042,3558,1000,600,10550,9000,168068,168685,94520,14422,12552,20550,0.0
3505,0,0,-1,270000,-1,-1,-1,-1,-1,-1,0.0,316,316,5772,316,316,5174,316,316,316,5772,316,316,-1.0
5415,0,0,-1,280000,0,0,0,0,0,0,0.0,7665,6497,5555,5027,5065,5361,235635,197003,198808,187425,177340,180506,0.0
16006,0,0,-1,20000,0,-1,-1,-2,-2,-2,0.0,3077,19837,0,15846,2000,0,17489,3077,0,0,0,0,-2.0
1828,0,0,-1,50000,0,0,0,0,0,0,0.0,2026,2021,1000,1001,1000,707,40992,35215,29156,18891,19443,19478,0.0
24631,0,0,-1,200000,0,-1,-1,-1,0,0,0.0,1453,1270,4000,0,0,1436,1243,1435,1270,3783,2522,1261,0.0
27951,1,1,2,200000,0,0,2,2,2,2,4.0,15500,0,14100,0,7400,13000,159215,172029,167856,179126,174748,179337,2.0
29608,0,0,-1,280000,-2,-2,-2,-2,-2,-2,0.0,1574,0,0,1688,0,198,7523,1567,-8,-8,1680,0,-2.0
11686,0,0,-1,330000,0,0,0,0,0,0,0.0,11012,11012,6548,6497,6037,5141,237515,230471,233421,201240,186444,158521,0.0
3978,0,0,-1,310000,-1,-1,-1,-1,-1,-1,0.0,7233,4318,8408,542,2314,648,530,7233,4158,8408,542,2314,-1.0
3344,1,0,-1,300000,0,0,0,0,0,0,0.0,20000,12003,10524,11238,8814,9463,286321,283547,578971,293063,296677,230338,0.0
9393,0,0,-1,50000,-1,2,-1,0,0,-1,1.0,0,3141,2,0,897,906,2809,187,3135,937,-3,894,-1.0
18513,0,1,2,20000,0,0,3,2,0,0,2.0,4821,0,0,0,0,0,17294,21821,21197,20400,20000,20000,0.0
28242,0,0,-1,110000,0,0,2,0,0,0,1.0,10700,0,5000,4000,4000,5000,102726,110179,105137,105467,94294,86381,0.0
17778,0,0,-1,70000,0,0,0,0,0,0,0.0,1100,1123,1273,407,300,300,4664,5680,6703,7853,7316,7350,0.0
27120,1,0,-1,230000,0,0,0,0,0,0,0.0,2000,2000,2000,1000,562,2000,9552,11376,13185,14648,15419,15423,0.0
14260,0,0,-1,30000,-1,-1,-1,-1,-1,-2,0.0,0,400,3797,0,0,0,770,-10,390,3797,0,0,-1.0
15332,1,0,-1,180000,-1,2,-1,-1,-1,-1,1.0,0,316,316,316,316,316,1560,316,316,316,316,316,-1.0
26492,0,0,-1,100000,0,0,0,0,0,0,0.0,4333,3518,3567,3183,2674,2836,92956,96180,97701,100113,102120,73630,0.0
21911,0,0,-1,300000,0,0,0,0,0,0,0.0,1500,1500,1500,9433,2000,3000,16463,11537,9265,7263,14145,11535,0.0
7998,0,0,-1,230000,0,0,0,0,0,0,0.0,3867,3941,4123,4267,4300,4084,104364,106549,108719,111039,113365,115625,0.0
6407,1,0,-1,240000,-1,-1,-1,-1,-1,-1,0.0,2106,9951,3633,3603,926,7199,6916,2098,9927,3633,3603,926,-1.0
23907,0,0,-1,20000,0,0,0,0,0,0,0.0,1614,1750,1000,1000,0,0,18671,18497,19633,18347,9347,0,0.0
25421,1,0,-1,20000,-2,-2,-2,-2,-1,-1,0.0,0,0,0,4599,700,0,17311,0,0,0,4599,4779,-2.0
19682,0,0,-1,110000,0,0,0,0,0,0,0.0,3818,4955,3446,3000,3000,4000,102801,104907,108107,96213,68003,52684,0.0
1634,0,0,-1,80000,-2,-2,-2,-2,-2,-2,0.0,446,909,1740,2190,518,5062,1927,446,909,1740,2190,518,-2.0
14881,0,1,1,120000,1,2,2,2,2,2,5.0,6000,4500,4400,4000,5000,4700,110826,113572,114719,115736,117729,120601,2.0
20115,0,0,-1,200000,0,0,0,0,0,0,0.0,1858,2100,2000,3435,3000,3277,35210,34606,34800,33275,33435,32778,0.0
5984,0,0,-1,80000,0,0,0,0,0,0,0.0,10000,4000,2000,3000,2500,0,72565,63342,51529,41484,34097,29200,0.0
15497,0,0,-1,30000,0,0,0,-1,-1,-1,0.0,1402,10096,4083,6255,0,0,29428,19950,24514,4083,6234,0,0.0
19026,1,1,1,440000,1,2,2,0,0,0,2.0,11000,54,7530,7648,6310,3312,209176,215231,204369,186201,183518,148169,0.0
22309,0,0,-1,20000,0,0,0,0,0,0,0.0,2000,2000,1600,1030,1000,1000,14248,15703,17140,18127,18605,16351,0.0
20248,0,0,-1,120000,0,0,0,-2,-2,-2,0.0,5550,0,0,0,0,0,121018,123150,0,0,0,0,0.0
