ID;LIMIT_BAL;SEX;EDUCATION;MARRIAGE;AGE;PAY_1;PAY_2;PAY_3;PAY_4;PAY_5;PAY_6;BILL_AMT1;BILL_AMT2;BILL_AMT3;BILL_AMT4;BILL_AMT5;BILL_AMT6;PAY_AMT1;PAY_AMT2;PAY_AMT3;PAY_AMT4;PAY_AMT5;PAY_AMT6;dpnm
1;20000;2;2;1;24;2;2;-1;-1;-2;-2;3913;3102;689;0;0;0;0;689;0;0;0;0;1
13;630000;2;2;2;41;-1;0;-1;-1;-1;-1;12137;6500;6500;6500;6500;2870;1000;6500;6500;6500;2870;0;0
15;250000;1;1;2;29;0;0;0;0;0;0;70887;67060;63561;59696;56875;55512;3000;3000;3000;3000;3000;3000;0
18;320000;1;1;1;49;0;0;0;-1;-1;-1;253286;246536;194663;70074;5856;195599;10358;10000;75940;20000;195599;50000;0
25;90000;1;1;2;23;0;0;0;-1;0;0;4744;7070;0;5398;6360;8292;5757;0;5398;1200;2045;2000;0
29;50000;2;3;1;47;-1;-1;-1;-1;-1;-1;650;3415;3416;2040;30430;257;3415;3421;2044;30430;257;0;0
38;60000;2;2;2;22;0;0;0;0;0;-1;15054;9806;11068;6026;-28335;18660;1500;1518;2043;0;47671;617;0
39;50000;1;1;2;25;1;-1;-1;-2;-2;-2;0;780;0;0;0;0;780;0;0;0;0;0;1
40;280000;1;1;2;31;-1;-1;2;-1;0;-1;498;9075;4641;9976;17976;9477;9075;0;9976;8000;9525;781;0
48;150000;2;5;2;46;0;0;-1;0;0;-2;4463;3034;1170;1170;0;0;1013;1170;0;0;0;0;1
59;200000;2;1;2;34;-1;3;2;2;2;2;1587;1098;782;1166;700;1414;0;0;700;0;1200;0;0
62;70000;1;2;1;39;0;0;0;0;0;-1;70800;72060;69938;16518;14096;830;4025;2095;1000;2000;3000;0;0
67;10000;1;2;1;56;2;2;2;0;0;0;2097;4193;3978;4062;4196;4326;2300;0;150;200;200;160;1
72;320000;1;2;2;29;2;2;2;2;2;2;58267;59246;60184;58622;62307;63526;2500;2500;0;4800;2400;1600;1
79;30000;2;2;2;22;0;0;0;0;0;0;28387;29612;30326;28004;26446;6411;1686;1400;560;3000;1765;0;1
85;50000;2;3;2;49;0;0;0;0;0;0;48909;47863;21489;20414;19342;19482;1676;1302;700;699;849;826;0
86;160000;1;2;2;33;0;0;0;0;0;0;130028;107808;71934;118418;118407;120418;4400;3547;80000;4500;4800;4500;0
89;130000;2;1;1;35;0;0;0;-1;-1;-1;81313;117866;17740;1330;7095;1190;40000;5000;1330;7095;1190;2090;0
91;200000;1;1;1;53;2;2;2;2;2;2;138180;140774;142460;144098;147124;149531;6300;5500;5500;5500;5000;5000;1
97;360000;1;1;1;43;-1;-1;-1;-1;-1;0;3967;8322;3394;6451;26370;9956;8339;3394;12902;27000;0;68978;0
100;20000;1;2;1;38;0;0;0;0;0;-1;17973;19367;19559;18240;17928;150;1699;1460;626;1750;150;0;1
105;60000;2;2;2;26;2;2;2;2;2;0;56685;55208;59175;60218;55447;55305;0;5000;2511;6;3000;3000;0
108;350000;1;1;2;52;-1;-1;-1;-1;-1;-1;713;2272;722;867;1150;5263;2272;722;867;1150;5263;5011;0
110;360000;1;2;1;35;1;-2;-2;-2;-2;-2;-103;-103;-103;-103;-103;-103;0;0;0;0;0;0;0
116;30000;1;1;2;24;-1;2;0;0;3;2;18199;17618;18631;21319;20692;21201;0;1312;3000;0;1000;1000;1
118;80000;1;2;2;26;2;0;0;0;0;0;14029;15493;16630;17055;17629;18186;2000;1700;1000;1000;1000;1000;1
127;200000;1;3;2;52;0;0;0;0;0;0;110151;99530;98951;100914;103146;104993;3568;3585;3602;3848;3669;3784;0
135;30000;2;2;2;22;0;0;0;0;0;0;28452;26145;26712;25350;17603;-780;2000;1400;0;500;0;1560;0
140;50000;1;1;2;24;0;0;0;0;0;0;50801;50143;49586;19430;19375;18995;2360;1700;1000;900;870;2130;0
144;170000;1;2;2;29;-2;-2;-2;-2;-2;-2;12159;10000;10000;10000;9983;15846;10000;10000;10000;9983;15863;10000;0
154;280000;2;2;1;56;0;0;0;0;0;0;208775;182350;132257;101783;177145;169311;8042;6700;5137;100000;7000;6321;0
159;210000;1;3;1;45;2;3;4;4;5;6;115785;122904;129847;137277;145533;154105;10478;10478;11078;11078;11678;10478;1
165;60000;2;2;1;46;0;0;0;0;0;0;21148;23803;24908;26034;26655;27756;3000;1500;1500;1000;1500;1500;0
172;300000;2;1;2;30;-1;-1;-1;-1;-1;-1;688;3280;0;4340;2672;800;3288;0;4340;2672;800;746;0
180;80000;2;2;1;29;0;0;2;0;0;0;77883;81811;80250;61467;10662;11486;5800;1000;600;400;1000;0;0
188;200000;2;3;2;47;2;2;2;2;2;2;199436;202947;193936;196186;200162;189915;8214;7000;6800;7134;0;6836;1
193;180000;2;1;2;29;-1;-1;-1;-2;-1;0;11386;199;0;0;17227;17042;199;0;0;17227;341;5114;0
194;180000;2;1;2;24;-1;-1;2;0;0;-2;14670;22087;21282;10200;0;0;37867;0;200;0;0;0;0
196;50000;2;1;2;24;1;2;2;2;2;2;36166;37188;37680;38462;39228;40035;1900;1400;1700;1532;1600;0;1
207;100000;1;1;1;47;-1;-1;-1;-1;-1;-1;390;1473;390;390;390;0;1473;390;390;390;0;2380;0
211;220000;1;1;2;24;0;0;0;-1;-1;-1;105607;108917;111520;8303;0;85632;5000;5050;8303;0;85632;0;0
216;30000;1;3;1;42;-1;-1;-1;-1;-1;2;390;390;390;240;1320;780;390;390;240;1470;0;0;0
221;360000;2;1;1;40;2;2;2;0;0;0;105167;115468;112157;114690;117845;120238;12000;0;5900;5000;4500;4700;1
223;300000;2;2;2;35;0;0;0;0;0;0;291619;297268;205629;215827;208464;212508;12019;9006;17000;12000;9557;15000;0
227;350000;1;3;1;44;-1;-1;-1;-1;-1;-2;3265;2686;1864;569;0;0;2686;1864;569;0;0;0;0
233;50000;1;2;1;26;0;0;-2;-1;-1;0;102800;0;0;2624;45567;46557;0;0;2624;45567;1747;2000;0
234;190000;1;2;2;34;2;0;0;0;2;2;129801;131383;134379;142323;140120;150052;5000;5000;10000;0;12118;2769;1
235;60000;2;2;1;33;0;0;0;0;0;0;58203;36367;20934;20694;20175;19421;1506;1298;1000;721;811;599;0
237;150000;2;2;2;27;0;0;0;0;0;0;127402;110050;51547;44384;36900;29497;4500;1745;1566;1208;1077;2529;0
243;50000;2;2;2;27;0;0;0;0;0;0;26655;27724;28676;27990;28790;29399;1800;1750;900;1200;1200;1100;0
245;30000;2;1;2;40;-1;-1;2;2;2;2;142;215;139;19;19;79;355;120;0;0;60;60;0
246;20000;2;2;2;40;0;0;0;0;0;-2;19816;20396;20102;19575;0;0;1601;2203;2114;0;0;0;0
247;250000;2;2;1;75;0;-1;-1;-1;-1;-1;52874;1631;1536;1010;5572;794;1631;1536;1010;5572;794;1184;0
249;330000;1;1;2;25;0;0;0;0;2;0;46140;45781;48139;51137;39450;25358;2504;4007;5056;74;1023;2566;0
250;50000;1;3;1;46;0;0;0;0;0;0;35713;15392;16099;16418;16765;17484;1561;1268;587;611;1000;2000;0
253;140000;2;2;2;26;0;0;0;0;0;0;101551;105246;104781;105334;107699;106828;5366;5087;3605;3894;3785;3304;1
259;100000;2;3;1;43;0;0;-2;-2;-2;-2;62170;0;0;0;0;0;0;0;0;0;0;0;0
273;260000;2;1;2;58;1;-2;-2;-2;-2;-2;0;0;0;0;0;0;0;0;0;0;0;0;1
278;50000;2;1;2;26;-1;-1;-1;-1;-1;-1;1156;316;316;316;316;316;316;316;316;316;316;316;0
279;50000;1;3;1;33;0;0;0;0;0;0;50859;50462;50654;20046;20067;19703;2007;2199;691;707;703;697;0
281;30000;2;1;2;27;0;0;-1;0;0;-2;1512;2458;664;1814;0;0;1000;664;1500;0;0;0;0
282;270000;1;2;1;44;0;0;0;0;-1;-1;127543;109189;92630;69669;44149;43414;10063;5162;10150;44299;43509;31031;0
284;100000;2;1;2;28;0;0;0;0;0;0;53494;52656;52600;52336;55831;56265;4173;3000;2025;5000;3000;3000;0
285;230000;2;3;1;32;0;0;0;0;0;0;195126;88743;92195;94814;98182;98457;5000;5000;5000;5000;4000;5000;0
288;440000;2;2;1;46;0;0;0;0;0;0;180641;181557;149944;113135;105280;97622;8610;6907;3727;3800;4001;2701;0
289;100000;2;2;2;25;2;0;0;0;0;0;70896;71678;70125;69856;69718;51365;3472;2092;2000;2127;1960;1559;1
292;50000;2;2;2;22;1;-2;-2;-2;-2;-2;0;0;0;0;0;0;0;0;0;0;0;0;1
294;10000;1;2;2;27;0;0;2;0;0;0;7015;10227;9560;9901;9963;10182;3507;0;500;370;393;700;1
295;130000;1;1;2;29;1;-2;-2;-2;-2;-2;0;0;0;0;0;0;0;0;0;0;0;1500;0
296;200000;1;1;2;31;0;0;0;0;0;0;194353;197344;186292;133345;133634;133990;9000;7465;4715;4804;5141;5300;0
301;100000;1;2;2;37;0;0;0;0;0;0;99209;98222;67185;66926;66796;64513;3490;2332;2314;2365;2497;2305;0
302;440000;2;1;2;36;-2;-2;-2;-2;-2;-2;0;0;0;0;0;0;0;0;0;0;162000;0;0
303;50000;2;3;1;40;0;0;0;0;0;0;49941;51213;12104;12898;13687;14458;2400;1206;1000;1000;1000;1000;0
305;200000;2;1;2;27;-1;-1;-1;0;0;0;871;665;960;4242;4084;7414;665;960;3908;1014;3500;2880;0
306;110000;2;2;2;26;-2;-2;-2;-2;-2;-2;432;3220;5704;1256;1848;400;3220;5904;0;3000;0;0;0
310;60000;2;1;2;27;-1;-1;-1;-1;-1;-1;20847;13801;14366;4889;273;11736;13809;14583;4889;273;13557;0;0
311;400000;2;2;1;38;-1;0;-1;-1;0;-1;3697;3600;1354;5322;5103;2077;1000;1354;5322;6;2386;9085;0
318;260000;2;3;1;53;1;-1;-1;-2;-2;-1;0;165;526;452;397;485;165;526;452;397;485;459;0
319;50000;2;3;1;46;3;2;2;0;0;0;48522;50955;29516;29742;29898;24883;3754;1;1070;1030;863;654;0
321;110000;1;2;2;29;1;2;2;0;0;0;58362;56598;51908;48647;47862;47969;2500;0;2000;2000;1854;2000;1
323;50000;1;2;2;24;-1;0;0;0;0;0;1399;2441;3865;7476;8384;8085;1070;1500;3666;2477;1306;1000;0
326;210000;1;2;2;43;1;-2;-1;0;0;0;0;0;38013;40555;45075;37056;0;38013;3000;5000;3000;3000;0
327;220000;2;2;1;41;-1;2;2;-1;2;-1;650;650;325;950;475;325;325;0;950;0;325;325;1
329;340000;1;2;1;55;-2;-1;-1;-2;-2;-2;50396;44665;8300;2190;24599;7416;44665;8321;2190;24599;7416;77195;0
330;150000;1;1;1;40;2;2;2;2;2;2;99855;102586;100064;104975;107147;109428;5200;0;8100;4000;4200;4200;0
345;180000;2;1;2;26;0;0;0;0;0;0;145403;138232;130553;105894;108248;106517;5440;5051;3835;4106;4250;4028;0
350;30000;2;2;2;26;0;0;0;0;0;0;17893;19012;20123;20222;20796;19844;1411;1522;621;795;715;1000;1
359;110000;2;4;2;24;0;0;0;0;0;0;83755;77431;79044;80631;82333;84462;3000;2900;2900;3000;3500;4000;0
360;260000;1;1;1;34;-1;-1;-1;-1;-1;-1;49657;291;51058;2351;34039;291;291;51058;35696;34039;291;291;0
362;320000;2;2;2;30;0;0;0;0;0;0;71305;71151;72029;72849;74374;74610;2589;2568;2570;2661;2781;2500;0
367;50000;2;2;1;61;0;0;0;0;0;0;47166;49396;50476;23319;23171;24774;3000;2237;975;1000;2000;1039;0
382;50000;2;2;1;37;2;2;2;0;0;0;1894;3200;3381;3559;1948;2415;1500;400;200;500;500;400;1
387;80000;2;1;2;29;1;-1;-1;-2;-2;-2;0;80000;0;0;0;0;80000;0;0;0;0;0;0
390;260000;1;1;1;30;-1;-1;-1;0;0;-1;1131;291;582;291;0;291;291;582;0;0;130291;651;1
399;210000;2;2;1;30;0;0;0;0;0;0;104701;106134;108423;91143;82733;74125;4002;5000;3500;3000;2700;5000;0
416;50000;2;3;1;35;-1;-1;-1;-2;-2;-2;22500;5000;0;0;0;0;5000;0;0;0;0;640;0
418;50000;2;1;2;30;0;0;0;0;0;2;14811;16262;17286;17895;19450;18990;2000;1600;1200;2000;0;1000;0
424;200000;1;2;1;38;2;2;2;0;0;0;104978;105924;102663;97090;98045;105253;4500;0;3500;3500;9000;0;1
426;80000;2;2;1;32;-1;-1;-2;-2;-2;-2;11262;0;0;0;0;0;0;0;0;0;0;0;0
435;360000;1;3;1;55;0;0;-1;-1;-1;-2;9210;8485;17231;1770;0;0;6015;17454;1775;0;0;0;0
437;60000;2;1;2;27;-1;-1;-2;-1;2;-1;14072;0;0;300;150;150;0;0;300;0;150;200;0
454;200000;2;1;2;26;0;0;-2;-2;-2;-2;156786;179;1443;1443;1443;871;179;1443;1443;1443;871;2015;0
460;70000;1;2;1;48;0;0;0;0;0;-1;50927;39883;32017;17630;9730;6400;2100;1217;500;0;6400;4590;1
462;80000;2;2;1;36;-1;-1;-1;-1;-1;-1;1689;8638;5702;2980;1260;7868;8638;5723;2980;1260;7868;2198;0
463;290000;2;2;2;26;0;0;0;-1;-1;0;20807;99860;100000;3015;23473;1448;80000;3000;3015;23473;1148;4900;0
466;230000;1;1;1;59;-1;0;0;0;0;0;208459;206331;203813;201331;198999;191671;7536;7277;7100;7120;6844;6945;1
472;400000;2;2;2;41;0;0;0;0;0;0;366193;372700;375948;195991;152127;155182;14020;13595;6243;6007;6061;6012;0
479;500000;2;1;1;38;-1;2;-1;-1;-1;0;600;300;501;300;600;450;0;501;300;600;300;600;0
505;30000;1;6;1;53;-2;-2;-2;-2;-2;-2;0;0;0;0;0;0;0;0;0;0;0;0;0
508;180000;2;2;2;28;0;0;0;0;0;2;42238;38741;36696;35813;37893;34661;2500;2000;1128;2500;0;2000;0
510;120000;1;1;2;26;-1;-1;-2;-1;-1;-2;884;0;0;10446;0;0;0;0;10446;0;0;0;0
513;360000;1;1;2;28;-1;-1;-1;-1;-1;-1;20223;52962;3978;1743;2828;50537;53228;3997;1750;2853;51041;3219;0
516;100000;1;3;1;56;0;0;-1;0;0;0;94265;53376;85787;78762;79529;80335;2385;88678;2169;2634;3132;732;0
522;410000;2;2;2;27;1;-1;0;0;0;0;-58;32991;36465;44310;62408;61420;33049;16000;8700;18775;15000;5350;0
523;360000;1;1;2;28;-1;-1;-1;0;0;-1;1210;820;64644;125984;106584;125557;390;75720;62520;17000;132200;167000;1
525;210000;2;1;2;32;0;0;0;0;0;0;67374;69489;70937;71761;73505;74827;3200;3200;2600;2900;2700;3000;0
528;620000;2;2;1;45;2;2;0;0;0;0;160837;156839;160440;163781;167159;170894;0;6200;6000;6000;6500;6000;1
531;50000;1;2;2;23;0;0;0;0;0;0;34549;18552;19334;18165;19322;19575;2836;1200;13000;1500;9000;1000;0
539;50000;2;1;2;52;0;0;0;-2;-1;-1;3257;4166;0;0;318;0;1000;0;0;318;0;0;0
542;150000;2;1;2;28;1;-2;-2;-2;-2;-1;0;0;0;0;0;318;0;0;0;0;318;0;0
545;360000;2;1;1;34;-1;0;0;-1;0;-1;12339;10138;23912;9785;166;2142;10000;13912;9785;0;2142;4230;0
549;230000;2;1;2;28;-1;-1;0;0;0;0;2403;7357;9752;12608;10797;20539;7357;2566;3000;1000;10000;2000;0
550;120000;1;1;2;27;0;0;0;0;0;0;52437;50473;45087;35424;31760;31214;5024;5000;5000;4000;5000;3500;0
552;190000;2;1;2;41;-1;-1;-1;-1;-1;-1;28204;0;16500;0;26854;554;0;16500;0;26854;500;0;1
564;360000;1;2;2;38;-1;0;0;0;0;0;108351;111201;63146;63723;65108;66078;8005;8004;5000;5000;5000;105700;0
565;390000;2;1;2;45;2;2;2;-1;2;2;834;155;-1690;4240;3346;2698;1;1693;6940;7;1230;3;0
578;80000;1;1;2;31;-1;-1;-1;-1;2;-1;5994;32223;8308;4082;538;4085;13647;8314;4082;0;4085;0;0
580;30000;1;2;1;35;-2;-1;-1;-1;-1;-2;7797;2687;8762;3377;2000;0;2687;8765;3390;2040;0;0;0
584;80000;2;3;2;53;0;0;0;0;0;0;77766;77954;78512;60452;61556;54022;4000;2374;2007;2500;3000;2000;0
586;20000;2;1;2;25;0;0;0;0;0;2;14603;15661;16394;16723;18056;17618;1600;1300;600;1600;0;800;0
589;130000;2;2;2;29;0;0;0;0;0;0;131575;130931;132969;45584;46516;47455;6700;6000;1291;1319;1336;1365;0
599;80000;2;2;2;24;2;0;0;0;0;0;79243;75254;58683;58886;60035;57264;3249;3000;5000;2500;2300;2200;0
607;50000;2;2;1;36;0;0;0;0;0;-2;9214;10359;7350;7500;0;0;1351;1500;150;0;0;0;0
609;450000;2;3;1;36;-2;-2;-2;-2;-2;-2;3996;9120;8528;0;6368;3000;9120;8528;0;6368;3000;3238;0
618;270000;2;2;1;56;0;0;0;0;0;0;137807;123769;104377;106651;109294;101151;5000;5000;3953;4500;4000;3900;0
623;90000;2;1;2;27;0;0;-2;-2;-2;-2;7624;0;0;0;0;0;0;0;0;0;0;0;0
626;20000;2;2;2;24;0;0;0;0;2;0;13168;13888;14900;15916;15519;15829;1237;1249;1265;0;568;1327;0
644;370000;1;2;2;28;0;0;0;0;0;0;276436;239025;149128;48907;53025;51434;20000;13000;5000;10000;4000;6000;0
649;280000;2;2;1;44;2;2;2;2;2;2;186149;181779;192189;195517;199250;195874;0;15000;8000;7000;0;15000;1
653;20000;2;1;2;22;0;0;0;0;0;0;20137;20179;18067;18666;19115;19547;1300;1301;900;900;900;1600;0
654;450000;2;1;1;42;1;-2;-2;-1;-1;-2;-200;-200;0;42000;0;0;0;200;42000;0;0;0;1
655;10000;1;2;2;33;0;0;0;0;0;0;8177;9131;9669;7624;8049;6857;2500;1145;1000;1000;1000;1500;0
661;160000;2;1;1;33;-2;-2;-2;-2;-2;-2;14150;8106;12431;12145;13391;7957;8106;12431;12145;13391;7957;1905;0
680;30000;2;1;2;56;-1;0;0;-2;-2;-2;29033;17013;7024;7024;7024;7024;1283;7024;7024;7024;7024;7024;0
702;200000;2;1;1;27;-1;-1;-1;-1;-1;-1;5780;105;105;0;7384;8588;105;105;0;7384;8588;1304;0
711;50000;1;1;3;49;0;0;0;0;0;0;17681;18249;18054;18569;19152;18088;1611;2000;780;1000;1000;2000;0
721;30000;2;2;2;22;0;0;2;0;0;0;23892;28459;25499;25778;28708;30520;5300;0;1000;3352;2300;0;0
724;320000;1;1;1;47;-1;-1;-1;-1;-1;-1;9192;13920;4022;316;8420;316;13942;4022;316;8420;316;516;0
728;450000;1;2;2;33;-2;-2;-2;-2;-2;-2;-14;2568;-387;-387;-387;113;2582;0;0;0;500;2515;0
729;330000;2;2;2;29;0;0;0;0;-1;-1;49549;133957;128212;79407;8875;49880;90000;3000;5000;8875;49880;519;0
742;110000;2;1;2;30;-1;-1;-1;-1;-2;-2;1064;2001;3796;0;0;0;2007;3796;0;0;0;0;0
744;70000;1;1;2;51;0;0;0;2;0;0;43048;43257;44115;41112;39922;40150;3000;4000;0;1500;3000;5000;0
754;500000;2;2;2;43;-1;0;0;0;0;0;43346;43976;39032;29092;22725;11590;4006;2383;1126;782;596;1572;0
761;50000;2;2;2;52;1;2;0;0;0;2;43343;43360;23417;21969;21179;18711;1300;1400;920;1700;0;900;1
762;140000;2;2;2;24;-1;-1;-2;-1;-1;-2;197;0;0;233;0;0;0;0;233;0;0;0;0
771;360000;2;2;2;53;-1;-1;-1;-1;-1;-1;10733;15206;15000;9744;11114;8123;15206;15032;9769;11114;8123;8736;0
774;120000;2;2;1;32;0;0;0;0;0;0;113869;116110;111978;112822;114969;117949;5498;5500;4000;4300;5012;4003;0
775;50000;2;1;2;33;-1;2;-1;-1;-1;-2;7363;5180;31902;11044;0;0;39;32013;11079;0;0;0;0
778;20000;1;2;2;26;-1;-1;-1;-1;-2;-1;1438;1261;451;-810;-420;1320;1261;451;0;780;2130;0;0
795;50000;2;1;1;34;0;0;0;0;0;0;46750;48317;48282;18299;19323;20329;2320;1282;3299;1323;1329;1114;0
798;50000;2;1;2;22;0;0;0;-1;-1;-2;13801;9549;5385;7781;0;0;1372;1275;7900;0;0;0;0
804;230000;2;1;2;28;-1;-1;-1;-2;-2;-2;6666;6666;0;0;0;0;6666;0;0;0;0;0;0
814;300000;2;3;1;29;-1;0;0;0;0;-1;24921;21333;16212;11304;11396;6138;2000;3000;0;5000;6202;0;0
821;200000;2;3;0;51;-1;-1;-1;-1;0;-1;780;0;390;780;390;390;0;390;780;0;390;390;0
822;50000;2;2;2;24;1;2;0;0;0;0;48861;48082;48614;26667;26036;26850;2000;2233;1083;1100;1400;3000;1
825;40000;1;1;2;27;0;0;0;0;0;0;11058;11471;11776;12660;12660;12413;2000;1500;2330;2300;1000;2078;1
827;50000;2;2;1;24;1;2;0;0;0;2;27087;26372;26992;27693;29237;28607;0;1400;1100;2100;0;1000;0
832;20000;2;3;1;24;8;7;6;5;4;3;24310;23987;23353;22719;21796;21162;0;0;0;0;0;0;0
841;80000;2;2;2;22;1;2;0;0;0;0;79318;79459;79788;29069;26551;27109;2000;2201;2000;1000;1000;2000;0
842;350000;2;2;1;31;0;0;0;0;0;0;67648;68557;63179;57987;53948;39965;3039;2047;1750;1703;1721;784;0
843;30000;2;2;1;32;-2;-2;-2;-2;-2;-2;0;0;0;0;7463;6804;0;0;0;7463;6804;4985;0
845;500000;1;3;1;39;0;0;0;0;0;0;315201;332071;375070;354839;369532;367399;25000;50000;20000;19586;14122;12022;0
846;490000;2;1;1;38;-1;-1;-1;-1;-1;0;4290;4738;2803;6027;10722;8452;4738;2803;6027;10722;6000;1139;0
849;150000;1;3;1;37;4;4;4;3;2;0;151117;153787;150320;147989;143355;143131;6500;0;512;0;4388;4221;1
867;180000;2;2;2;35;0;0;0;-2;-2;-2;119333;123150;0;0;0;0;6000;0;0;0;0;0;0
873;500000;2;3;1;38;-2;-2;-2;-2;-2;-2;13655;8351;2340;2340;11435;189;8351;2340;2340;11435;189;5391;0
877;150000;1;1;2;33;0;0;0;0;0;0;45335;50262;54793;59244;64096;68837;6000;6000;6000;6000;6001;6000;0
895;240000;2;2;1;37;-1;-1;-2;-2;-2;-2;238;0;0;0;0;0;0;0;0;0;0;0;1
896;200000;1;1;2;31;-2;-2;-2;-2;-2;-2;100;100;100;100;100;100;100;100;100;100;100;100;0
902;140000;2;1;1;36;-1;-1;-2;-1;0;0;4036;0;0;2971;1607;0;0;0;2971;0;0;0;0
907;50000;1;1;2;30;2;2;2;-1;2;2;4187;5152;3679;596;446;2699;2300;0;700;0;2300;0;1
909;50000;1;1;2;27;0;0;0;0;0;0;7010;9876;11115;12915;14415;0;3000;1500;2000;2000;0;0;0
922;50000;2;1;2;24;0;0;0;2;0;0;27245;28300;31900;31090;31837;32555;1800;4400;0;1400;1400;1400;0
923;110000;1;1;1;40;0;0;0;0;0;0;8481;13066;17638;22204;26784;31352;4980;5124;5256;5416;5552;5742;0
924;20000;2;1;2;24;-1;-1;2;-1;0;-1;1371;796;398;796;398;716;796;0;796;0;716;12111;0
926;180000;1;1;2;27;-2;-1;2;2;-2;-2;11392;14688;14040;13440;13440;13080;3500;0;0;0;0;0;1
927;20000;1;2;1;46;0;0;0;0;0;0;5902;6767;8145;8153;8324;8490;1122;1500;291;302;304;319;0
929;180000;2;1;2;36;-2;-2;-2;-2;-2;-2;10737;21197;11936;40420;9210;17795;21197;11936;40420;9210;17795;6915;0
945;50000;2;2;2;23;-2;-2;-2;-2;-2;-2;3779;3944;2118;2259;3527;1100;3955;2124;2266;3638;1303;0;0
950;160000;2;3;1;51;-1;2;-1;-1;-1;-1;2000;1000;2125;2125;1000;2125;0;2125;2125;1000;2125;23250;0
960;250000;1;1;2;41;-1;-1;-1;0;-1;-1;1338;-24;8324;5872;23020;2367;0;8348;0;23020;2367;3117;1
961;380000;1;1;2;43;1;2;2;-2;-2;-2;8201;7882;-2;-2;-2;-2;39;0;0;0;0;0;1
965;50000;1;2;2;24;0;0;-1;-1;0;0;14937;12171;3847;11117;6479;6187;3027;3858;11139;3009;3016;3008;0
968;220000;2;1;1;36;-1;-1;0;-1;-1;-1;996;4102;4111;1057;990;1324;4102;1111;1057;990;1324;1039;0
972;130000;2;2;1;33;0;0;0;0;0;0;133461;133393;132211;101807;101083;101597;7010;6657;3899;3952;3900;4000;0
974;150000;2;1;3;30;-2;-2;-2;-2;-2;-2;50;6527;2168;-7;1373;-1;8589;2500;0;1380;0;2050;0
979;180000;1;2;2;26;0;0;0;0;0;0;5591;6619;10574;7733;6794;5487;1126;4081;240;504;169;62;1
980;150000;2;3;1;54;-1;0;0;0;2;0;148747;145231;145341;153833;151194;145738;5500;5500;11000;0;6000;5215;0
981;70000;2;1;2;24;0;0;0;0;0;0;63903;65248;62958;64209;59482;60883;3000;2190;2201;2181;2413;1952;0
982;30000;1;2;2;29;8;7;6;5;4;3;34423;33952;33165;32391;31332;30558;0;0;0;0;0;0;0
986;130000;1;3;2;43;1;-1;-1;-2;-1;-1;1018;6377;-2;935;4985;1212;6433;2;937;4990;1215;9546;1
1000;120000;1;2;2;25;2;2;0;0;0;0;113348;110119;111700;83858;86434;88802;0;5000;3158;3934;3802;2000;0
1002;200000;2;2;1;28;0;0;0;0;0;0;81865;86790;8441;97041;103541;3632;5000;2000;89000;6500;91;1504;0
1009;30000;1;2;2;34;0;0;4;3;2;0;19785;24633;23961;23289;22779;51224;5500;0;0;0;3400;512;0
1011;280000;1;1;2;31;0;0;0;0;0;2;164736;170564;150666;133465;133536;132964;8833;12005;5000;8000;3000;5000;0
1013;450000;1;1;2;38;-1;0;-1;-1;-1;-1;29747;53311;10920;8072;22809;12415;30323;10973;8112;22923;12476;6728;0
1014;80000;1;2;2;36;0;0;0;0;0;0;79148;52174;44275;42029;33838;29757;2000;2000;1500;1500;2000;1500;0
1018;140000;2;3;2;57;2;0;0;0;0;0;131795;134083;125360;99313;90623;92425;6743;5421;3926;3290;3310;3424;1
1025;310000;1;2;2;33;-2;-2;-2;-2;-2;-2;4040;4048;3959;205;3199;5104;4068;3964;205;3209;5109;1434;0
1026;180000;1;1;1;38;0;0;0;0;0;2;153099;150227;138313;137274;147314;129870;7005;6500;5000;12042;32;1300;0
1047;220000;1;3;1;30;0;0;0;0;2;0;162105;170592;173969;183030;181385;174107;10000;5013;10626;52;5255;4222;1
1051;110000;1;2;2;31;2;2;3;3;2;-1;279;279;279;279;129;179;0;0;0;0;200;0;0
1055;230000;1;2;1;53;2;2;-2;-2;-2;-1;1350;0;0;0;0;470;0;0;0;0;470;0;0
1057;190000;2;1;2;33;1;2;0;0;0;0;115056;108137;89722;69861;49894;49727;0;4413;2942;2000;1583;1500;0
1061;60000;2;3;1;34;0;0;0;2;0;0;9928;11261;12853;12352;12703;13338;1500;2090;0;700;1000;1400;1
1069;200000;1;1;2;40;-1;-1;-1;-1;-1;-1;2159;760;2775;22813;10526;326;1086;2775;22813;10526;326;573;0
1071;230000;1;1;1;61;-1;-1;-1;-1;-1;-1;1477;3699;2252;4932;2783;7411;3710;2266;7338;2791;7433;4527;0
1072;150000;2;2;1;44;-1;-1;-1;-1;-1;-1;390;5104;10318;5775;14441;780;5104;10318;10355;14441;780;66950;1
1084;50000;2;1;2;25;1;2;2;2;2;2;47054;48008;48913;49847;50840;49502;2000;2000;2000;1900;1900;1600;1
1117;150000;2;2;2;37;0;0;0;0;0;0;80463;82513;84271;43832;33963;34638;3348;3490;1402;1233;1240;1284;1
1119;140000;2;3;1;54;1;-2;-2;-2;-2;-2;-150;-150;-150;-150;-150;-150;0;0;0;0;0;0;1
1128;360000;2;2;1;52;-1;-1;-2;-2;-2;-2;2995;2401;2277;500;3586;7399;2406;2282;500;3586;7399;600;0
1135;20000;1;2;2;28;1;2;2;2;0;0;15764;15718;17164;16594;18158;19554;500;2000;0;2000;1700;0;0
1136;60000;2;2;2;31;0;0;0;0;2;0;59643;61279;61017;30117;29526;29201;3200;2535;2331;0;1073;2134;0
1138;50000;1;2;1;41;0;0;0;0;0;0;19339;20424;20086;18600;19153;19289;1703;1306;810;1000;900;900;0
1147;70000;2;1;2;31;2;2;7;7;7;7;2400;2400;2400;2400;2400;2400;0;0;0;0;0;0;1
1148;360000;1;1;2;33;1;2;0;0;-1;-1;71195;60553;60158;16672;35039;8320;0;1399;0;35039;8320;5169;0
1150;50000;1;2;1;52;-1;2;0;0;0;0;2072;1532;3106;2721;780;0;0;2000;5;0;0;0;0
1151;210000;2;2;1;36;-1;-1;-1;0;-1;-1;396;590;2042;1646;396;396;590;2042;0;396;396;396;0
1155;20000;1;3;1;47;1;2;0;0;0;2;19739;19137;19857;15422;19279;9537;0;1200;0;9537;0;0;0
1156;350000;2;2;1;29;-1;-1;-1;-1;-1;-1;8760;5882;9845;4677;5767;6532;5932;9908;4692;5787;6548;4863;0
1165;20000;1;2;2;24;-1;-1;-1;-1;-1;-1;780;0;390;390;780;0;0;390;390;780;0;0;0
1180;50000;1;2;2;24;0;0;0;0;0;0;49144;20818;17890;18310;17931;18633;1500;1300;700;1000;1000;1000;0
1182;390000;2;1;2;27;2;0;0;0;0;0;386301;392458;290201;295606;300709;305904;17000;11000;11000;10656;11000;12000;0
1184;200000;2;1;2;29;0;0;0;0;0;0;194241;193425;196537;195268;192829;192499;12000;8500;7000;10000;10000;10000;0
1194;200000;1;1;1;37;0;0;0;0;0;0;123337;11148;19165;21171;17762;23670;11202;19275;22304;23850;23784;84430;0
1196;160000;2;1;1;39;-2;-2;-2;-2;-2;-2;710;666;403;1650;336;790;666;403;1650;336;790;1141;0
1204;60000;2;2;2;23;2;2;-2;-2;-1;-1;2516;0;0;0;1524;25421;0;0;0;1524;25421;1000;0
1205;210000;2;2;1;50;0;0;0;0;0;0;106724;109251;103733;102027;103453;103651;4037;3519;3442;3553;3625;3470;0
1207;70000;2;3;1;49;2;2;2;2;2;2;21024;21790;21142;23772;24930;25709;1400;0;3000;1700;1340;1100;1
1214;80000;2;3;1;26;0;0;0;0;0;0;63677;64162;38141;38190;38586;39962;2000;1905;1350;1388;2401;1410;0
1217;360000;1;3;1;54;-2;-2;-2;-2;-2;-1;16230;-200;0;0;69000;2500;0;200;0;69000;2500;0;0
1229;90000;2;2;1;23;0;0;0;0;0;0;12770;14241;14895;25195;23769;2269;2500;1200;10500;7000;1000;0;1
1231;50000;2;2;2;22;0;0;0;0;0;0;50834;50770;50215;29386;29527;30125;2200;1517;1000;1500;2005;1305;1
1240;80000;2;2;1;35;-1;-1;-1;-1;-1;0;2890;9796;13443;396;396;396;9796;13443;396;396;0;396;0
1241;500000;1;1;1;45;-1;-1;-1;-1;-1;-2;140;94;39;44;0;0;94;39;44;0;0;790;0
1244;100000;2;3;1;50;2;2;2;-1;0;0;110537;99734;99973;71008;66735;68621;0;3000;103000;2500;3000;3000;1
1251;270000;1;2;2;35;0;0;0;-1;-1;-1;225400;220202;215056;10506;10224;9233;9000;9348;10600;10300;9300;1000;0
1254;100000;1;2;2;30;0;0;0;0;0;0;44953;46922;48677;49496;51010;32630;3000;3000;2000;2000;2000;2000;0
1255;290000;1;1;1;46;0;0;0;0;0;0;194301;199451;198684;87700;88621;53243;10744;6000;1573;1629;3129;105423;0
1256;70000;1;3;2;28;1;2;0;0;0;0;68970;67308;68582;68361;68060;68223;0;3005;2546;2602;2430;2659;0
1258;180000;2;1;2;28;-1;-1;-1;-1;-1;0;950;4369;9673;2861;12338;9124;4369;9673;3260;13959;3000;18396;0
1261;150000;1;1;2;37;0;0;0;0;0;0;45000;44386;46505;49103;51698;52549;3000;2500;3000;3000;1546;2000;0
1263;50000;1;2;1;44;0;0;0;0;0;0;45335;46027;30286;26275;26823;27371;1524;1427;941;972;992;1000;0
1265;220000;1;2;2;29;0;0;0;0;0;0;122286;122839;123035;114385;115903;118528;5008;5007;6007;5000;4700;5503;0
1274;20000;2;1;2;26;-1;0;-1;-1;-1;-1;10658;9288;390;390;390;0;1072;390;390;390;0;780;0
1276;20000;1;1;2;26;-1;-1;-1;-1;-1;-1;416;416;416;416;416;982;416;416;416;416;982;0;1
1284;260000;1;3;1;34;-2;-2;-2;-2;-2;-2;12071;12497;1027;-103;-103;1047;2114;1027;103;0;1150;2503;0
1291;20000;2;1;2;23;0;0;-2;-1;0;0;6733;0;0;19132;19533;20235;0;0;19132;709;1027;600;0
1298;200000;2;2;1;34;-2;-2;-2;-1;-1;-1;6626;2469;3760;4273;3015;5076;2476;3771;4285;3023;5088;6282;0
1302;10000;2;3;2;22;0;0;2;0;0;0;10012;9784;9473;8947;9135;8613;2452;7;308;320;328;1000;1
1308;330000;2;2;1;28;-1;-1;-1;-1;-1;-1;390;0;780;150;320;780;0;780;150;320;1000;0;0
1310;270000;1;3;1;47;0;0;0;0;0;0;165303;168837;172281;175705;179582;184650;6200;6254;6290;6710;8250;0;0
1317;500000;1;2;1;49;-2;-2;-2;-2;-2;-2;4214;6378;4074;116446;9335;3312;6378;4074;116446;9335;3312;43664;0
1320;250000;2;1;1;43;-1;-1;-1;0;0;-1;17454;-50;45297;17371;11481;5922;24890;48394;0;5461;15000;6000;0
1334;80000;1;2;1;41;-2;-2;-2;-2;-2;-1;3153;1013;0;0;2115;4264;1013;0;0;2115;4264;0;0
1340;50000;2;3;1;53;1;-2;-2;-2;-2;-2;0;0;0;0;0;0;0;0;0;0;0;0;1
1346;120000;2;1;2;35;1;2;0;0;0;0;77785;75984;78109;79198;80865;82859;0;4000;2988;3100;3500;6382;0
1349;300000;2;1;2;34;-1;-1;-1;-1;-1;-1;19357;5000;3744;8059;3425;11860;5032;3744;8059;3425;11860;7595;0
1355;50000;2;2;1;27;0;0;0;0;0;0;9877;10800;5921;6042;4012;0;1140;1000;121;0;0;10620;0
1356;70000;2;3;1;38;0;0;0;0;0;0;24758;25581;16105;17571;18330;16268;1273;1534;2000;1000;1000;1000;0
1358;20000;2;2;1;22;2;2;2;0;0;0;16726;19143;18391;18562;11798;0;3000;0;371;1236;0;0;1
1364;150000;2;1;2;25;1;-2;-1;-1;-1;-1;191;1963;4729;1568;4295;0;1964;4729;1568;4295;0;1895;0
1368;50000;1;3;2;22;0;0;0;0;0;0;42678;38239;22691;8807;7143;6967;1500;1100;1000;500;500;1000;1
1372;180000;2;2;2;30;0;0;0;0;0;0;14445;15404;19885;22355;22902;15373;1500;4911;10355;10902;3500;5493;0
1373;270000;2;1;1;42;2;2;5;5;4;3;1250;1250;1250;1250;650;350;0;0;0;0;0;0;0
1390;20000;2;2;2;22;0;0;2;0;0;2;11192;15677;15133;15582;16677;16259;5000;0;1000;1500;0;700;0
1394;20000;2;1;2;23;0;0;0;0;0;0;19990;20038;19571;14362;15127;15872;1438;1300;1000;1000;1000;2000;0
1395;140000;2;3;2;23;-2;-2;-2;-2;-2;-2;67505;36772;38399;39131;39508;3441;2000;2400;2132;1617;515;2031;0
1396;330000;2;1;2;35;-2;-2;-2;-2;-2;-2;1663;0;0;0;29221;3194;0;0;0;29221;3194;0;0
1414;240000;1;2;1;30;-1;-1;-1;-1;-1;-1;2816;7608;26832;3518;1280;5900;7608;26834;3518;1280;5900;1319;0
1420;230000;1;3;2;27;-2;-2;-2;-2;-2;-2;19200;10000;20176;10000;10000;10000;10000;20176;200;10000;10000;10000;0
1424;200000;2;3;2;27;1;-2;-2;-2;-2;-2;0;0;0;0;0;0;0;0;0;0;0;0;0
1429;210000;2;1;1;37;2;2;2;2;2;2;76089;77985;79104;80399;81462;83366;3700;3000;3200;2500;3400;4300;1
1440;130000;2;2;2;23;0;0;0;0;0;0;133622;129784;126021;70186;71762;73192;4752;5010;2505;2700;2623;2800;0
1441;70000;2;1;2;24;0;0;2;2;2;2;48432;52650;53099;51648;55409;54366;5000;1900;0;4600;0;2300;0
1443;100000;1;3;1;44;-1;-1;-1;-1;-1;-1;780;0;390;390;390;390;0;390;390;390;390;390;1
1454;20000;1;2;2;25;0;0;0;0;2;2;17384;13648;13924;15685;15292;17524;1500;1400;2000;0;2500;0;0
1460;10000;1;2;2;26;0;0;0;0;0;0;15147;6641;15318;8610;8790;8963;2234;1135;1086;319;319;180;0
1462;120000;1;1;2;36;0;0;2;0;0;2;24466;28255;27507;27952;31136;30486;4500;0;1200;3800;0;1500;0
1470;160000;2;3;2;29;1;-2;-2;-2;-2;-2;0;0;4150;2065;0;500;0;4150;2065;0;500;0;1
1471;100000;1;1;1;45;0;0;0;0;0;0;10529;12723;15807;18901;21794;25051;2688;3688;3288;3288;3688;0;0
1481;500000;1;2;1;40;0;0;0;-1;-1;0;94585;61111;24801;6288;166251;162785;2659;2090;6333;178460;5506;6205;0
1482;30000;2;1;2;25;0;0;0;0;0;-2;3924;4972;5873;5993;0;0;1099;1000;120;0;0;0;0
1483;340000;2;2;1;36;0;0;0;0;0;0;167474;155293;134467;129891;113919;106675;7106;4435;4091;3548;4535;4127;0
1484;360000;1;1;2;32;-1;-1;-1;-1;-1;-1;389;389;1955;5316;2265;6594;389;1955;5316;2265;6594;2974;0
1488;60000;1;2;1;41;0;0;0;0;0;-1;48979;41597;29347;19544;11989;9079;5070;1219;1007;8;9381;1156;0
1490;50000;2;1;2;29;0;0;2;2;2;2;10532;13145;12637;13922;13556;14528;2800;0;1500;0;1200;0;1
1492;160000;1;3;2;52;0;0;0;0;0;0;155684;157364;156581;72814;66825;63419;6525;6649;2724;2503;2310;2200;0
1493;60000;2;3;2;48;2;0;0;0;0;0;43533;39252;38051;37988;38725;39685;1700;1700;2000;1500;1600;1000;0
1503;240000;1;2;1;43;-2;-2;-2;-2;-2;-2;0;0;0;0;0;0;0;0;0;0;0;0;0
1518;190000;1;3;1;49;2;2;2;2;2;2;178367;179062;177663;180312;185910;191895;5000;3000;7100;8700;9300;9500;1
1527;90000;2;2;1;25;0;0;0;0;0;0;87525;89052;85807;68186;69011;70341;4200;3000;3000;3000;2600;3000;1
1541;20000;1;2;2;22;1;2;0;0;0;0;8222;7948;8958;9456;10150;10727;0;1300;800;1000;900;2130;1
1550;110000;2;2;1;33;0;0;0;0;0;0;115895;115609;113984;112510;112319;110730;6000;5500;4000;4000;4100;4000;0
1551;170000;1;2;1;48;0;0;0;0;0;0;93420;96284;97322;99419;101590;111679;4371;3533;3716;3934;12030;0;1
1552;230000;2;2;1;29;0;0;0;0;0;0;30818;31209;32211;31647;34304;36849;2000;2000;1113;5000;5000;2000;0
1553;20000;2;3;3;47;0;0;0;0;0;0;9417;10436;11450;12257;12685;13306;1179;1193;1000;625;1000;405;0
1557;50000;1;1;2;37;0;0;0;0;0;0;37774;38492;36453;29700;30167;29613;1976;1564;1170;1055;1052;1022;0
1560;240000;2;3;1;38;0;0;2;0;0;0;107148;113396;110084;112272;114779;116920;9500;0;4019;4317;4204;4314;1
1569;30000;2;1;1;27;1;-1;-1;-1;0;0;0;306;2017;6316;3107;0;306;2017;6316;62;0;1002;0
1573;110000;2;2;1;40;0;0;0;2;0;0;84589;85418;38333;37419;38199;38957;3700;4890;0;1535;1545;1500;0
1574;50000;1;1;2;24;0;0;0;0;0;0;50716;50606;33265;29300;20703;30101;3029;2000;1021;1004;10000;2500;1
1584;50000;2;1;2;70;2;2;0;0;0;0;49546;48480;48621;17793;18224;18612;0;2200;700;700;674;608;0
1585;50000;2;2;1;32;0;0;0;0;0;0;48508;49213;38280;12305;6436;0;3037;1800;1130;2000;0;0;0
1586;100000;1;3;2;52;0;0;0;0;0;-1;73904;73249;12327;10793;5309;900;2781;2101;216;0;900;500;0
1594;240000;1;1;2;35;-2;-2;-2;-2;-1;-1;15432;10835;22134;32823;1897;5627;10851;22258;20076;2099;5827;0;0
1595;320000;2;3;2;29;-1;-1;-1;-2;-2;-1;500;500;0;0;0;2900;500;0;0;0;2900;0;0
1599;240000;1;1;2;30;-1;-1;-1;0;0;0;7744;7284;11234;15214;9107;5621;7305;11263;10018;21;3637;7008;0
1607;160000;1;1;1;51;2;3;2;0;0;0;79244;77441;75598;82277;84955;87549;0;0;8000;4000;4000;4000;1
1609;390000;2;2;2;42;-1;-1;0;0;0;0;5895;42006;31192;13859;10078;4635;42016;1397;347;250;145;94;0
1613;190000;2;3;1;38;0;0;0;0;0;0;89619;103095;110000;115674;121313;15538;15000;10000;5674;11313;5538;18272;0
1618;360000;1;1;1;32;-2;-2;-2;-2;-2;-2;10729;2523;-2;-2;-2;-2;2535;0;0;0;0;0;0
1619;190000;2;2;2;25;0;0;0;0;-1;0;110031;105500;104430;93;158481;161866;8614;5000;93;159212;5800;5500;0
1634;80000;2;1;2;38;-2;-2;-2;-2;-2;-2;1927;446;909;1740;2190;518;446;909;1740;2190;518;5062;0
1640;30000;2;3;1;47;-1;-1;-1;-1;-1;-1;1355;5137;1392;696;0;696;5174;1392;696;0;696;696;0
1646;50000;1;2;1;48;0;0;0;0;0;0;40931;40892;41612;18825;18019;18124;1880;1650;10000;1000;700;600;1
1650;50000;1;1;1;40;0;0;0;0;0;0;42549;36110;9715;8965;6652;7385;2200;2000;1000;500;1000;400;0
1659;190000;2;2;2;31;-1;-1;-1;-1;-2;-1;771;0;4251;0;0;6732;0;4251;0;0;6732;11306;0
1661;50000;2;3;1;55;1;2;2;2;0;0;49003;49067;50498;47579;47567;48155;2005;3900;0;2000;1900;1900;0
1662;30000;2;2;1;39;-1;-1;-1;-1;-1;-1;223;223;223;223;223;675;223;223;223;223;675;10473;1
1664;500000;2;1;2;36;-2;-2;-2;-2;-2;-2;-312;-2479;2479;2479;763;288;0;4958;0;763;0;14472;1
1665;280000;1;1;1;40;-1;-1;-1;-1;-1;-1;5310;2196;2928;9564;22017;5220;2196;2928;9564;22017;5220;1964;0
1666;30000;1;2;1;31;0;0;0;-1;-1;-2;13265;7206;0;2320;0;0;1632;780;2320;0;0;0;0
1671;50000;1;2;1;51;0;0;0;0;0;0;49613;49326;47010;20661;14528;15544;3036;6000;1000;2000;2500;3000;0
1672;50000;2;2;3;51;0;-1;0;0;0;-2;10571;2477;3234;2904;0;0;2477;2904;0;0;0;0;0
1684;200000;1;1;1;44;-1;-1;-2;-2;-2;-2;667;0;0;0;0;0;0;0;0;0;0;0;0
1685;120000;2;2;2;30;0;0;0;0;0;0;16812;17571;18013;18197;9032;11951;1358;1126;636;650;4000;1800;0
1688;20000;1;1;2;22;0;0;0;0;0;0;23538;22780;23623;19600;20100;0;3000;1400;2500;500;0;0;0
1693;150000;2;1;2;27;-2;-2;-2;-2;-2;-2;0;610;610;0;610;0;610;610;0;610;0;0;0
1697;20000;1;2;1;35;1;2;2;0;0;0;19755;19661;20018;20427;19377;19386;1000;1000;1000;1500;900;1000;1
1705;60000;2;1;2;24;0;0;0;0;0;0;60381;39798;38344;37311;37428;38187;1639;1590;1500;1354;1377;1514;0
1706;20000;1;3;2;32;0;0;2;2;2;0;3677;6002;5758;12619;12274;15049;2400;0;7000;0;3000;4000;1
1707;230000;1;1;2;35;2;2;2;2;2;2;117277;119823;120988;121464;123740;120937;5800;4500;3800;5000;0;4500;0
1709;230000;2;1;2;36;-1;-1;-1;0;0;0;1545;306;8389;7465;6549;576;306;8389;9;0;0;342;0
1712;310000;1;2;1;64;-1;-1;-1;0;-1;-1;1920;0;10124;10130;7958;0;0;10124;6;7958;0;0;0
1716;50000;2;2;1;26;0;0;0;0;0;0;45663;43522;43193;18768;19182;19447;2300;2349;800;835;726;361;0
1718;170000;1;1;2;37;-1;-1;-1;-1;-1;-1;4334;1343;1078;1392;1606;9955;1343;1078;1392;1606;9955;4382;1
1725;360000;1;2;2;29;0;0;0;0;0;0;114527;119487;113438;112940;122122;121547;20046;5046;10000;10048;10043;5014;0
1728;60000;2;2;1;42;2;2;0;0;0;0;57598;50821;19638;18919;16853;29682;0;2000;2000;1000;20000;10000;1
1732;250000;2;2;2;33;0;0;0;0;0;0;255223;47070;48130;49625;51500;0;1600;1650;2100;3000;0;94825;1
1737;80000;2;2;2;29;2;0;0;0;0;0;77416;75500;69313;67972;66800;68693;2661;2509;2500;3000;3000;3000;1
1751;260000;2;2;1;40;0;0;0;0;0;0;243196;258720;178102;77215;79331;81483;20008;7500;3000;3500;3605;3750;0
1756;130000;1;3;1;34;0;0;0;0;0;0;5444;5927;7106;7106;8106;9106;1321;1500;0;1000;1000;598;0
1765;130000;2;1;2;26;1;2;2;2;2;2;22415;21146;23647;22984;24315;23155;0;3500;0;2000;0;2000;0
1779;50000;1;2;2;26;0;0;0;0;0;0;27570;28820;29400;5124;6874;7654;2000;1200;1000;2000;1000;1979;0
1783;160000;1;2;1;28;0;0;2;2;0;0;62312;66965;67648;66020;67386;68336;5856;2311;0;2377;2000;1881;0
1797;280000;1;2;1;33;0;0;0;0;0;0;207982;196055;182099;185925;188224;186529;8644;6445;15934;7016;6753;6008;0
1798;230000;2;1;2;27;0;0;0;0;0;0;105217;107857;110177;60137;62035;64034;4326;4533;2337;3035;3034;3101;0
1799;280000;2;1;1;36;-1;-1;-1;-1;-1;-1;21251;33746;8689;41652;9031;14106;33840;8689;41652;9031;14106;6680;0
1805;450000;1;1;2;31;-1;-1;-1;-1;-1;-1;10350;3629;3271;6271;2135;2546;3629;3271;6271;2135;2546;4877;1
1810;500000;2;1;2;46;-2;-1;-1;-1;-1;-1;33332;163500;60560;104734;41018;6258;163500;70160;104734;41018;6258;70356;0
1811;20000;1;2;2;36;-1;-1;-1;0;0;0;3152;0;4956;10148;6979;8353;0;4956;200;2000;1500;500;0
1813;100000;1;2;2;39;0;0;0;0;0;0;121895;107315;115214;83649;59993;62813;4500;10000;11000;3000;4000;3000;1
1821;120000;1;1;1;54;-1;-1;-1;-1;0;-1;390;390;390;1878;390;930;390;390;1878;0;930;0;1
1823;50000;2;3;1;61;0;0;-2;-2;-1;0;42200;0;0;0;15883;16617;0;0;0;15883;1000;792;0
1828;50000;1;3;1;32;0;0;0;0;0;0;40992;35215;29156;18891;19443;19478;2026;2021;1000;1001;1000;707;0
1842;200000;2;1;2;39;-2;-2;-2;-2;-1;-1;0;0;0;0;2330;0;0;0;0;2330;0;0;1
1843;80000;2;2;2;40;0;0;0;0;0;0;78717;75873;68602;54617;55987;53895;3300;3300;2000;2200;2100;1900;0
1854;200000;2;1;2;27;-1;-1;-1;-1;-1;-1;16093;11163;11657;9423;9726;11070;11197;11657;9423;9726;11070;7976;0
1857;540000;2;1;2;34;-1;-1;-1;-1;-1;-1;1784;892;946;946;946;946;892;1000;946;946;946;946;0
1859;230000;1;2;2;32;0;0;0;0;0;0;49619;43435;41719;38072;33802;30435;2072;1689;1046;1025;928;277;0
1869;160000;2;3;1;41;2;2;2;0;0;2;46017;47188;46134;47063;50034;51063;2200;0;2000;3900;2000;0;1
1872;50000;2;1;2;26;0;0;0;0;0;0;41003;42032;42699;43617;44509;45420;1733;1400;1300;1271;1300;4500;0
1877;50000;1;2;1;38;0;0;0;0;0;0;48797;47153;43238;17253;16307;16651;1864;1811;594;587;1000;1000;0
1883;90000;1;1;2;25;0;0;0;0;0;0;32755;31325;28034;29753;30601;33083;2000;3000;2000;3000;3000;1000;0
1888;170000;2;2;1;41;0;-1;-1;-1;-1;0;21170;9698;7360;6380;11937;6378;9734;7373;6380;11937;1000;6881;0
1890;210000;2;3;2;36;1;-1;-1;-2;-1;-1;0;4866;0;0;5916;0;4866;0;0;5916;0;0;1
1892;150000;1;1;1;30;1;-1;2;-1;-1;-1;-819;35457;819;2145;17000;23698;36276;0;2145;17000;23698;411;0
1895;100000;1;2;2;30;1;3;7;6;7;8;72652;90461;89011;96593;105083;103522;20000;0;10000;10000;0;0;1
1900;50000;2;2;1;44;-2;-2;-2;-2;-2;-2;1473;390;390;390;390;0;390;390;390;390;0;780;0
1904;310000;2;1;2;32;0;0;0;0;0;0;35064;38195;39233;39577;42996;46319;4000;2000;2000;4000;4000;4000;0
1909;30000;1;2;2;36;3;2;2;2;3;2;20424;19809;22478;24111;23447;24951;0;3000;2300;0;2500;0;0
1910;80000;2;1;2;29;0;0;0;0;0;0;26524;23224;23141;22160;21478;20441;1500;1700;1000;1000;1000;1500;0
1913;100000;1;2;1;42;0;0;0;0;2;0;56256;57685;58156;61103;59358;60060;3000;2688;5163;0;2358;2472;0
1914;450000;1;2;2;37;0;0;-1;-1;0;0;457627;38692;4549;16885;6440;7440;1000;4549;16885;129;1000;0;0
1915;260000;2;1;2;33;-2;-1;-1;-1;0;0;0;204;-810;2190;810;0;204;0;3000;0;0;0;0
1920;20000;1;2;1;33;0;0;0;-2;-2;-2;2508;3448;-202;-202;950;0;1000;202;0;1152;0;1000;0
1927;70000;2;2;2;22;0;0;0;0;0;0;65793;26665;22630;14573;15127;12596;2000;1400;291;1500;5000;2000;0
1930;470000;1;2;1;49;0;0;0;0;0;0;169260;161760;154424;147137;138240;125866;6600;6170;5100;4726;4555;4375;0
1939;290000;1;1;1;40;0;0;0;0;0;0;98441;95169;93718;89712;82809;76334;4000;4250;5000;3241;3500;7000;0
1946;10000;2;1;2;27;-1;-1;-2;-2;-2;-2;499;0;0;0;0;0;0;0;0;0;0;0;1
1962;130000;2;3;2;53;-1;-1;-1;-1;-1;-1;11085;45677;27951;17255;10400;18776;45697;27951;17307;10400;18776;2944;0
1963;140000;2;2;1;25;0;0;0;0;0;0;81960;81757;83046;84034;77659;77180;3005;3000;3000;3000;3000;5000;0
1969;70000;1;1;2;30;2;2;0;0;0;0;34985;34146;35271;35986;36905;37641;0;2000;1300;1500;1500;1576;1
1972;20000;1;2;1;40;1;2;0;0;0;0;20498;19692;20498;19898;19906;18586;0;1600;0;398;0;0;1
1979;20000;1;3;2;50;-1;-1;-1;-1;-1;0;2191;1140;12656;1693;303;12303;1140;12656;1700;500;12000;0;0
1990;50000;1;2;2;42;0;0;0;0;0;0;39236;39729;27068;28604;28199;58428;2094;1451;1987;1039;1500;1200;1
1992;360000;1;1;2;65;1;-2;-2;-2;-2;-2;0;0;0;0;0;0;0;0;0;0;0;0;1
1997;60000;2;1;2;24;0;0;0;0;0;0;15050;16203;16891;15474;14612;16354;2000;1300;2000;1000;2000;1000;0
1999;140000;2;2;1;34;0;0;2;0;0;0;121374;125965;102527;103337;105942;101830;8200;3000;4000;4500;4000;4200;0
2001;10000;1;2;2;22;0;0;0;0;0;0;8602;8728;9721;9609;9503;9771;1158;1151;339;344;425;195;1
2004;50000;2;2;2;33;2;0;0;0;0;0;27752;28787;29800;30393;31031;33020;1487;1500;1081;1121;2500;0;1
2005;320000;2;2;2;35;0;0;0;0;0;0;98697;100572;103621;103720;100136;102167;3891;5240;3616;3770;4264;3345;0
2013;20000;2;2;2;40;2;2;0;0;0;3;18278;17696;19008;19083;21871;21236;0;1612;687;3100;0;0;1
2022;190000;2;2;2;31;0;0;0;0;0;0;147586;155228;160588;162241;165794;168951;10000;7891;5743;6102;6000;6307;0
2024;100000;2;1;1;39;-1;-1;-1;-1;-1;-1;29449;55139;34181;12592;71340;32453;55139;34181;12592;71340;32453;37035;0
2027;80000;1;2;2;30;0;0;0;0;0;0;69392;64149;53200;29707;28427;10072;3046;1874;2000;1000;1000;199;0
2028;360000;1;1;2;32;0;0;0;0;-1;-1;304907;309972;315730;113412;2500;0;12557;13738;5053;2500;0;0;0
2030;30000;2;2;1;24;2;2;0;0;0;0;31214;28983;28301;31072;24147;4007;0;1400;3561;483;80;0;1
2031;500000;2;1;1;39;0;0;0;0;0;0;358020;360047;369045;382231;204593;211655;15000;15000;20000;10000;10000;10000;0
2039;10000;2;2;2;22;-1;-1;-1;-1;0;-1;5208;654;9954;9719;6547;654;654;9954;9919;0;654;264;0
2046;110000;1;2;2;26;2;2;2;2;2;2;58112;56620;60732;61938;63097;64492;0;5700;2800;2300;2600;2300;1
2058;50000;2;3;1;51;0;0;2;0;0;0;44766;48047;46640;40551;19398;0;4000;0;811;1000;0;0;0
2060;220000;1;2;1;48;-1;-1;-1;-1;-1;-1;61614;45669;11086;4564;6549;6413;45889;11134;4578;6593;6440;12249;0
2065;180000;1;2;1;26;0;0;0;2;-1;-1;175539;138825;51686;2594;171716;181693;3826;7000;0;171716;13400;0;1
2070;120000;2;2;1;26;-1;-1;-1;-1;-1;-1;13587;11433;7823;0;4913;7023;11433;7823;0;4913;7023;2176;0
2078;150000;1;2;1;55;1;2;2;0;0;0;76516;78505;76652;77688;79440;81126;3800;0;2800;3000;3000;3200;1
2091;250000;2;1;1;42;-1;-1;2;0;-1;2;744;2244;1372;686;1522;686;2186;0;0;1522;0;4389;0
2096;150000;2;2;1;36;0;0;0;2;0;0;83853;87227;96253;93562;96510;63417;5000;11700;0;5000;2500;5000;0
2101;260000;2;2;1;34;0;0;0;0;0;0;135489;138509;138076;110044;111906;104073;5007;5003;5004;4052;4010;3835;0
2102;140000;2;1;2;35;2;2;2;2;2;2;56528;57973;58679;59379;60636;61656;2800;2100;2100;2200;2000;2400;0
2109;160000;2;2;1;49;1;2;2;2;2;2;58943;60210;60755;59180;62835;61670;2800;2120;0;4611;0;2213;0
2112;320000;1;2;1;41;1;-2;-2;-2;-2;-2;0;0;0;0;700;860;0;0;0;700;860;2420;1
2121;90000;2;1;2;28;-2;-2;-1;0;0;0;-1886;-2086;34347;35042;46098;46658;0;36633;1328;11696;1350;1337;0
2127;210000;2;1;2;30;1;2;0;0;0;0;73903;72153;73634;75095;76886;78604;0;2674;2687;3000;3000;3000;0
2132;50000;1;2;2;42;0;0;0;0;0;0;47691;48738;48565;48301;50851;51153;3304;2300;2000;3500;3000;4000;0
2135;160000;1;2;1;66;2;2;2;2;2;2;67771;69535;70848;71739;73090;74490;3400;3000;2600;2600;2700;2800;1
2143;70000;2;3;3;49;2;0;0;0;0;0;92033;79841;80149;47735;48737;50225;3078;13489;7000;1771;2300;7600;1
2149;60000;1;1;1;49;2;0;0;0;0;0;60289;57426;25820;25793;28224;28968;1580;1500;1100;3000;1200;1100;1
2154;150000;1;1;2;25;0;0;0;0;0;-1;52952;95134;31578;26089;16624;5107;60086;2000;2000;5000;6000;9000;0
2160;220000;1;1;1;54;-2;-2;-2;-2;-2;-2;0;0;0;0;0;0;0;0;0;0;0;0;0
2168;400000;1;2;1;49;2;2;2;2;3;2;175904;179579;186539;196029;192680;195226;8000;11500;14100;4;6804;5;1
2181;310000;1;1;2;37;0;0;0;0;0;0;10513;11228;12222;12468;11809;12044;1193;1187;433;428;431;445;0
2195;130000;1;2;1;47;-1;-1;-1;-1;-1;-2;5837;21038;722;4399;0;0;21038;729;4399;0;0;5239;0
2198;1000000;2;1;1;47;0;0;0;-1;0;0;964511;983931;535020;891586;927171;961664;50784;50723;896040;50000;50000;50256;0
2202;210000;2;1;1;45;-2;-2;-2;-2;-2;-2;-200;-200;-200;0;2000;0;0;0;200;2000;0;0;0
2207;20000;2;1;2;21;0;0;0;0;0;-1;17471;14129;13937;9429;1393;2055;1400;3500;1567;162;2055;0;0
2209;80000;1;1;1;45;1;-2;-1;-1;-1;-1;-50;-440;170;-220;390;0;0;1000;0;1000;0;780;0
2223;600000;1;3;1;38;0;0;0;0;0;0;459600;372345;353121;337695;297541;256158;13713;13250;12854;11191;10029;10000;0
2227;310000;1;1;1;43;0;0;0;0;2;0;250708;256157;261550;285233;280905;272240;11000;11300;29841;69;9980;9546;1
2236;140000;2;2;1;26;0;0;0;0;0;-1;37283;24748;21854;21711;25999;902;7023;5080;10000;6000;902;18542;0
2237;50000;1;2;2;24;0;0;0;0;0;0;49076;48923;49158;19270;18776;19167;2063;1298;700;800;815;237;0
2238;180000;2;1;1;35;0;0;0;0;0;0;104335;108156;108874;111568;113817;116422;5500;4000;4500;4200;4500;4500;0
2245;240000;1;1;1;34;-1;-1;-1;-1;-1;0;228;23282;48595;37573;26296;15788;23295;49000;37573;26296;7000;46495;0
2254;10000;1;3;2;48;0;0;0;0;0;0;8858;9548;9540;9735;8070;0;1228;1000;195;161;0;0;0
2258;200000;2;2;2;36;0;0;0;0;0;0;2324;3344;4450;14280;14894;15608;1064;1170;10000;1000;1000;464;0
2270;70000;2;2;2;24;0;0;2;2;2;2;41485;44697;47229;47956;47056;49565;4200;3600;1800;0;3308;2500;0
2272;150000;2;1;1;44;1;-2;-1;-1;-2;-2;0;0;1512;0;0;0;0;1512;0;0;0;0;0
2276;180000;2;2;2;48;-1;2;-1;-1;-1;-1;3116;1058;390;1726;390;2240;0;390;1726;390;2240;17488;0
2282;500000;1;3;1;56;0;0;0;0;0;0;139117;130301;119701;121296;122477;125279;4500;5000;5000;5000;5000;5000;0
2286;180000;1;1;1;37;-1;0;0;0;0;0;121915;116093;99267;74324;47642;37957;7416;7038;7000;6000;5000;5000;0
2288;230000;2;2;2;33;0;0;0;0;0;0;232796;233564;235149;166637;165699;163858;9000;9500;6000;6150;6000;10500;0
2292;90000;1;3;1;35;1;-1;2;2;-1;2;0;800;400;0;950;400;800;0;0;950;0;0;0
2294;360000;2;1;1;46;1;-1;2;2;-1;-1;-200;2716;200;0;12140;42424;2916;0;0;12140;42424;19825;0
2299;210000;1;1;2;27;-1;0;0;0;0;0;25025;25336;26029;26816;21116;10721;5000;4000;5000;3000;3000;3500;0
2307;30000;2;2;1;26;0;0;0;-1;2;-1;10540;9766;-2643;2596;1123;2390;1081;0;6712;0;2780;0;0
2322;30000;2;2;1;39;-1;3;2;0;-1;3;1742;1560;780;780;2057;1737;0;0;0;2057;0;0;0
2325;200000;2;2;2;39;7;6;5;4;3;2;195156;190843;186029;181866;179272;148704;0;0;0;39;85;3054;1
2327;80000;2;2;2;40;0;0;0;0;0;0;33918;50878;51787;52422;53608;50312;20000;2400;2000;2100;2500;2000;0
2336;50000;2;1;1;29;0;0;0;0;0;0;29719;30754;31939;33102;33918;35197;1815;2000;2000;1500;2000;1500;0
2341;80000;1;2;2;25;1;2;2;2;0;0;81774;79597;47168;45312;46263;47341;0;3667;0;1680;1848;1863;0
2346;20000;1;3;3;46;0;0;-1;0;-1;-1;20393;19908;20310;15617;219;1205;1425;20310;1020;219;1205;109;0
2349;30000;1;1;2;28;1;2;2;0;0;0;10056;9815;7576;5746;3900;1944;2000;0;144;128;39;1944;0
2366;130000;1;3;2;49;2;0;0;0;0;0;60273;61839;62370;63429;26779;27521;2536;1857;1681;971;1186;1698;1
2370;230000;2;1;1;42;-1;-1;-1;-1;-1;-1;2915;4203;167;3351;1644;1733;4203;200;3351;1644;1733;4737;0
2372;30000;2;2;2;23;-2;-2;-2;-2;-2;-2;318;0;0;0;0;0;0;0;0;0;0;0;0
2376;40000;1;2;1;38;2;2;2;2;2;2;33152;33623;34773;33917;36704;40404;1300;2000;0;3500;4471;0;1
2389;390000;1;1;1;47;-1;-1;-1;0;0;-1;9361;-25;18401;13200;6385;7088;0;18426;34;31;7088;0;0
2396;110000;2;3;1;27;0;0;0;0;0;0;61152;60833;61245;47316;47175;47141;2326;3000;1807;1698;1911;1808;0
2399;130000;1;1;2;29;0;0;0;0;0;0;126974;122107;108542;89356;91024;89779;5988;4560;3300;3509;3500;3415;0
2401;180000;1;2;1;30;-1;-1;-1;-1;-1;-1;220;4680;0;7500;4100;0;4686;0;7500;4100;0;4500;0
2402;330000;2;1;1;29;-1;-1;-1;0;0;0;730;213;2368;3368;1377;0;213;2368;1000;190;0;0;0
2403;80000;2;2;2;29;1;2;2;2;2;2;54033;52595;56709;55201;69270;70582;0;5000;0;15000;2600;0;0
2404;320000;1;1;2;32;-1;2;-1;-1;-2;-2;752;169;1940;0;0;0;0;1948;0;0;0;0;1
2405;20000;1;2;2;38;-1;-1;-1;0;0;-1;10462;3327;19305;17748;8269;1074;10287;19305;355;0;1074;0;0
2406;50000;2;3;2;43;2;2;7;7;7;7;2400;2400;2400;2400;2400;2400;0;0;0;0;0;0;1
2410;160000;2;2;1;42;0;0;0;0;0;0;35815;38023;40180;41318;42605;43857;3000;3000;2000;2000;2000;2000;0
2415;30000;1;2;1;38;1;-1;-1;-1;-1;-2;0;2281;3666;2713;0;0;2281;3666;2713;0;0;0;1
2416;30000;2;2;2;24;0;0;0;0;0;0;28008;29549;30298;30046;29880;27039;2000;2000;900;1000;2000;0;0
2417;280000;2;2;2;24;-1;-1;0;0;-1;-1;1006;1853;2657;1416;2706;1229;1855;1422;7;2719;1235;3831;0
2418;30000;2;3;2;24;2;0;0;2;2;0;30279;30428;30485;31012;30402;30195;1500;2700;1300;0;1117;1353;1
2419;20000;1;2;2;33;0;0;0;0;0;2;12518;12889;9638;8878;6474;2771;1300;1000;1000;500;0;0;0
2429;80000;1;1;1;47;0;-1;-1;0;-1;-1;49735;25144;7905;7905;20616;7727;25144;8000;0;20616;7727;6191;0
2432;130000;1;1;2;27;1;2;2;2;-2;-1;60024;58104;54976;-3518;-1285;1601;4000;0;1580;1580;3202;0;0
2435;120000;2;2;2;25;3;3;2;2;2;2;87057;84821;85194;76326;75122;75011;0;2700;2500;3200;2500;0;1
2436;150000;2;1;1;49;-1;-1;-2;-1;-1;-1;850;0;0;31106;0;1505;0;0;31106;0;1505;997;1
2444;30000;2;3;1;42;1;2;0;0;0;0;30607;29849;30653;28410;29068;30383;10;2000;2000;2000;2000;3000;0
2448;50000;2;2;2;41;2;2;2;2;2;2;5025;4805;46295;46885;47535;45994;0;42000;1600;1500;2000;2000;1
2450;290000;1;1;1;57;1;-2;-2;-2;-2;-2;0;0;0;0;0;0;0;0;0;0;0;0;1
2469;220000;1;1;2;31;0;0;0;0;0;0;163148;158197;158956;157953;157098;157099;5725;5971;5846;5887;5802;5895;0
2470;170000;2;2;2;26;0;0;0;0;0;0;141476;143850;134502;122186;122506;117121;5113;4514;4376;4432;4142;3455;0
2471;140000;2;1;2;29;2;2;2;2;2;2;97905;100152;100772;101562;103214;88085;4700;3200;3500;3193;0;2304;1
2472;20000;1;1;2;29;2;2;3;2;2;2;10512;12044;11562;11080;11700;12357;2000;0;0;800;1000;500;1
2478;160000;1;2;2;37;-1;-1;0;0;0;0;3090;52125;26325;29638;35474;38190;52165;5000;7000;8000;5000;1200;0
2486;210000;2;1;2;39;-1;-1;-1;-1;-2;-2;6000;0;2880;0;0;0;0;2880;0;0;0;0;0
2487;260000;1;2;1;28;0;0;0;-1;-1;-1;26303;9408;5082;7732;1379;-8;5030;2025;7770;1385;0;1775;0
2488;200000;1;2;1;46;1;-1;-1;-1;-1;-1;0;552;2523;2327;2308;0;552;2531;2327;2308;0;0;1
2493;360000;2;1;1;39;-1;-1;-1;-1;-2;-2;7001;1224;394;-6;-6;2199;1224;394;6;0;2205;401;0
2498;210000;2;3;2;45;-2;-2;-1;-1;-2;-2;316;312;2368;316;316;316;312;2376;316;316;316;8611;0
2499;50000;1;3;1;36;0;0;0;0;0;0;74969;76012;77330;70579;63751;56977;2846;2671;2396;2177;2146;2055;1
2501;330000;1;1;1;34;0;0;0;0;0;0;138009;141253;130567;128257;116988;105961;7015;7000;10007;6500;6600;9000;1
2508;20000;1;2;2;48;0;0;0;2;0;0;7186;9063;10909;10440;10803;11330;2000;2000;0;680;1000;0;1
2520;100000;2;2;2;24;0;0;0;0;0;0;101887;102069;100657;101565;101116;101764;4902;4507;3936;3982;4135;3676;0
2521;150000;2;2;1;47;0;0;0;0;0;0;153404;144960;148146;142279;139905;142833;6900;7200;5450;5265;5443;5350;0
2525;20000;1;2;2;23;-1;0;-1;0;0;0;5044;3700;13181;12596;11699;2154;1011;13181;5;1033;1781;305;0
2537;260000;2;2;1;36;0;0;0;0;0;0;200593;206178;208601;213025;214931;219001;8500;7000;7508;7500;7595;7000;1
2539;250000;2;1;1;42;0;0;-2;-2;-2;-2;25298;0;0;0;0;0;0;0;0;0;0;0;0
2546;40000;1;1;2;24;0;0;0;0;0;0;30096;30819;13816;10291;7441;7435;1300;2013;319;415;266;277;1
2553;20000;2;3;1;31;0;0;0;0;0;0;15654;16425;17265;16647;12213;10998;1330;1170;500;420;397;221;1
2558;200000;2;1;2;28;2;2;2;2;0;0;68398;73564;73548;44234;42599;46192;6900;1966;12;1604;5164;1104;1
2562;210000;1;1;2;29;0;0;0;0;2;0;140619;144410;148555;156733;153230;155159;7000;9000;11550;0;5389;5338;0
2568;210000;1;2;1;48;-1;-1;-1;0;-1;-1;8666;8666;17307;8666;8666;17303;8666;17307;173;8666;17303;173;0
2572;10000;2;1;2;31;1;-2;-2;-2;-2;-2;0;0;0;0;0;0;0;0;0;0;0;0;0
2576;180000;1;1;1;48;0;0;0;0;0;0;167140;160707;162477;166861;171083;169365;8000;6000;7000;7000;7000;7000;0
2577;60000;2;3;1;42;0;0;0;0;0;0;58186;58364;59108;38827;39670;37503;2382;2373;1324;1402;1460;1045;0
2578;80000;1;2;1;27;0;0;0;0;0;0;73000;71338;47202;38133;39096;40510;5000;2000;1500;1500;2000;2000;0
2591;360000;1;1;2;25;-1;-1;-1;0;0;-1;586;14074;5672;5084;3317;1646;14076;5672;0;0;1646;3875;0
2600;500000;1;1;1;43;-1;-1;-1;-1;-1;-1;640;600;1490;1822;1740;0;600;1490;1822;1740;0;1486;0
2603;10000;1;3;2;25;2;0;0;0;0;-2;4693;5371;6327;6055;0;0;1300;1600;400;0;0;0;1
2605;60000;1;3;2;24;-1;0;0;0;0;0;15527;16882;18190;27465;27643;27816;2000;2000;10000;991;1010;989;0
2612;10000;1;2;2;32;0;0;0;0;0;0;9576;9028;9644;9790;9990;0;1384;1000;196;200;0;0;0
2613;230000;2;2;2;25;-2;-2;-2;-2;-2;-2;0;0;13499;9078;11009;6172;0;13499;9117;11009;6172;869;0
2615;200000;2;2;2;42;-1;-1;0;0;-2;-1;73032;12928;88930;30000;67861;18929;12928;79365;30000;37861;18929;15004;0
2619;80000;2;1;2;27;0;0;0;0;0;0;23107;24674;25351;25981;26464;23714;5034;10000;1000;1000;1000;1000;0
2620;150000;2;2;1;42;1;-2;-2;-1;-1;-1;0;0;0;11068;0;189;0;0;11068;0;189;3307;1
2621;50000;2;2;2;44;0;0;0;0;-1;-1;49006;49139;47608;3990;390;0;2000;1000;3600;390;0;4870;0
2623;100000;2;2;2;24;0;0;0;0;0;2;59712;61743;63714;65056;73062;71738;3000;3000;2400;9100;0;4000;0
2636;210000;2;1;1;34;1;-2;-1;-1;2;-1;-300;-716;416;1132;566;416;0;1548;1132;0;416;416;0
2638;390000;1;1;2;28;-1;0;0;0;0;0;10439;25143;35165;44543;45631;45793;15007;10529;10000;1773;2000;1592;0
2640;140000;2;1;1;33;0;0;0;0;0;0;85314;87042;90165;91318;94847;35773;4000;5000;2000;4000;5000;6000;0
2644;360000;1;1;1;39;1;-2;-2;-2;-1;-1;0;0;0;0;691;7020;0;0;0;691;7020;0;0
2645;170000;2;2;1;49;1;2;0;0;0;0;153322;149027;150920;145689;33588;0;0;6320;5045;1000;0;0;1
2650;150000;2;1;2;37;0;0;0;0;0;0;127111;106956;106129;106531;107062;109938;3878;3794;3783;3892;4662;3500;0
2660;50000;1;3;1;41;2;2;2;0;0;0;26184;29261;28444;28878;27655;24480;3500;0;1100;1100;2000;1000;0
2665;50000;2;2;2;36;0;0;0;0;0;2;94228;47635;42361;19574;20295;19439;2000;1500;1000;1800;0;1000;1
2670;10000;1;5;1;43;-1;0;0;0;-2;-2;17560;9829;3604;0;0;0;2537;1000;0;0;0;0;1
2674;470000;1;2;2;29;0;0;0;0;0;0;72830;49502;47771;52979;119678;94721;4003;4003;8003;70003;5030;6003;0
2681;170000;2;3;1;36;0;0;0;0;0;0;85780;80568;79823;79335;79506;80252;2906;3002;3000;3000;3500;3000;0
2686;100000;1;3;1;44;0;0;0;0;0;0;39649;43608;46899;47447;48035;40484;5000;5000;1554;1595;1686;1200;0
2689;290000;2;1;2;30;0;0;0;0;0;0;284239;284692;230891;232778;235004;226959;11000;10000;8000;10000;8000;7500;1
2697;20000;2;3;2;40;-1;-1;0;0;0;0;9755;894;5625;9625;12625;0;894;5000;4000;3000;0;0;0
2701;10000;1;3;2;23;0;0;0;0;0;0;6001;4308;3421;3615;4402;5173;2000;1500;400;1000;1000;500;0
2704;130000;2;2;2;23;2;2;2;0;0;0;6271;6871;7599;9459;10303;11128;1500;1000;2000;1000;1000;1000;0
2705;50000;2;3;2;22;0;0;0;0;0;0;47066;45132;47756;28275;28082;28846;2300;3862;2000;1100;1500;1100;0
2709;200000;1;1;2;26;0;0;0;0;0;0;16811;21290;20207;23858;33236;33337;5023;4007;5001;10020;5073;5064;0
2713;60000;2;1;1;39;0;0;2;0;0;0;56045;59524;58563;56831;53628;34490;5000;2000;1000;3000;8000;0;0
2717;70000;2;1;2;24;0;0;0;0;0;0;42105;35575;32772;29766;29286;29404;1614;2042;2002;1052;1055;1063;0
2720;150000;1;1;1;49;-2;-2;-2;-2;-2;-2;111348;109115;102598;3039;-309;-309;6000;4044;309;0;0;0;0
2723;140000;1;1;2;41;2;2;2;0;0;0;138379;143684;139902;142729;142406;142694;9000;0;6800;40000;5600;5900;1
2730;250000;2;2;2;40;-2;-2;-2;-2;-2;-2;0;1069;-320;-320;1680;4058;1069;320;0;2000;4058;3000;0
2739;420000;2;2;1;57;-1;-1;-1;-1;-1;-1;666;2629;4352;1440;1486;2290;2629;4360;2064;1486;2290;1290;0
2753;30000;2;3;1;36;0;0;0;0;0;0;7963;9152;10282;10180;10394;9614;1321;1451;349;362;343;356;1
2754;30000;2;2;2;22;0;0;0;2;0;0;27444;29000;29886;28392;22612;22750;2000;1800;0;1000;1000;0;1
2755;20000;1;1;2;22;0;0;0;0;0;0;3281;4325;5341;5751;6500;7386;1100;1100;500;1000;1000;1000;0
2758;70000;1;2;2;38;0;0;2;0;0;0;27000;31809;29776;30148;29918;29399;5600;0;1500;1057;2000;1035;0
2759;200000;2;1;2;23;-2;-2;-2;-2;-2;-2;488;878;488;488;0;1915;878;488;488;0;1915;100;0
2760;150000;2;1;2;31;-1;-1;-1;0;0;0;18395;-2390;10042;129691;88173;63034;312;20132;129665;127;315;0;0
2767;180000;2;2;1;36;0;0;0;0;0;0;98736;96566;81166;72463;72189;70712;6025;5000;6800;5000;5000;5000;0
2768;80000;2;2;2;24;0;0;0;0;0;0;81908;83597;157646;79061;79834;81257;5501;3450;3000;3059;2915;2758;1
2775;400000;2;2;1;30;0;0;-1;-1;-1;-1;161226;139481;17939;10315;22728;11493;5000;17939;12845;22728;11493;10703;0
2779;260000;2;2;1;39;2;0;0;2;0;0;228443;233958;252615;186443;190345;193739;10698;24799;0;7035;7078;7221;1
2786;50000;2;2;1;49;0;0;0;0;-1;-1;49467;41877;20082;5329;3990;2088;1472;1000;107;3990;2088;1470;0
2788;80000;2;3;2;27;-2;-2;-2;-2;-2;-2;1672;0;1672;836;0;2902;0;1672;836;0;2902;836;1
2790;50000;1;1;3;25;1;-1;2;-1;0;-1;6300;3395;3180;1831;1868;3300;9195;0;1831;37;3300;289;1
2794;250000;2;2;2;44;1;-1;-1;0;0;0;0;664;62791;48598;50078;36050;664;65791;2000;2100;2000;0;0
2799;60000;2;2;1;36;-2;-2;-2;-2;-2;-2;0;2426;3367;2898;11768;3983;2426;3367;2898;11768;3983;0;0
2800;100000;1;2;2;43;0;0;0;0;0;0;47730;47525;47184;46836;46529;47070;1808;1728;1641;1673;1689;1754;0
2806;120000;2;1;1;39;1;-2;-2;-2;-1;-1;0;0;0;0;915;0;0;0;0;915;0;0;0
2816;50000;2;2;2;49;0;0;0;0;0;0;43342;44441;45390;46310;47262;48219;2100;2000;1113;1143;1159;1381;0
2823;270000;2;1;1;45;0;0;0;0;0;0;96175;88092;78574;70330;61355;52969;3626;2700;3180;2300;2800;2009;0
2830;300000;2;1;1;32;1;-1;-1;-1;-1;-1;-227;44791;-649;129798;558;522;45018;0;130447;560;524;6776;0
2832;110000;2;2;1;42;-1;-1;-1;-1;-1;-1;776;776;776;776;926;776;776;776;776;926;776;776;0
2833;50000;1;1;2;30;0;0;0;0;0;0;11787;9720;8613;5173;5593;0;1300;1034;0;1200;0;0;0
2841;210000;2;2;2;32;-1;0;0;0;-1;-1;1952;2787;6316;6504;326;89599;1526;4000;514;326;89599;3292;0
2842;330000;1;1;2;47;0;0;0;0;0;0;240063;242040;160008;160084;159453;159354;9500;5591;5500;6000;6000;6000;0
2843;110000;2;2;1;51;0;0;0;2;2;2;10141;11472;12973;12468;13763;13989;1500;2000;0;1500;600;0;0
2848;180000;2;2;2;25;0;0;0;0;0;0;141836;140792;144021;146539;149286;151900;5124;6000;5300;5500;5500;6000;0
2849;150000;2;1;2;28;0;0;0;0;0;0;66296;61916;39614;39863;26379;22081;3000;3005;5000;3000;5000;1000;0
2853;90000;2;2;1;24;2;2;2;2;2;2;86643;87249;86858;86373;85875;82150;3881;3000;2800;1500;2299;2500;1
2854;390000;2;2;1;24;0;0;0;0;0;0;16406;16966;15428;13465;40736;39532;1500;1500;1000;30000;2000;3000;0
2858;200000;2;2;1;41;0;0;0;0;0;0;42292;43764;44030;48466;49183;46919;3000;2000;5000;2000;3000;3000;0
2860;190000;2;2;2;28;1;-2;-2;-2;-2;-2;0;0;0;0;0;0;0;0;0;0;0;828;0
2865;50000;2;2;1;46;2;2;2;2;2;2;28390;29639;30854;30062;32705;33519;2000;2000;0;3300;1500;0;0
2868;50000;1;3;2;41;0;0;0;0;0;0;45487;45548;46076;19092;18227;18285;1858;1685;659;658;656;651;0
2873;350000;1;1;2;37;-2;-2;-2;-2;-2;-2;316;316;316;466;466;316;316;316;466;466;316;316;0
2874;470000;2;2;2;33;0;0;0;0;0;0;43353;47682;46429;43405;42796;44171;5000;2600;1500;1500;2000;1500;0
2875;20000;1;2;2;25;0;0;0;0;0;0;13610;14160;15200;14800;17800;10000;1360;1400;0;3000;200;0;0
2877;60000;2;2;2;23;1;2;2;0;0;0;45014;45698;39068;51205;54520;55964;1774;0;12858;4166;2350;3300;0
2880;20000;2;1;2;23;-1;-1;-1;-1;-1;-2;292;780;0;593;0;0;780;0;593;0;0;0;0
2883;210000;2;1;2;31;-1;-1;-1;0;0;-1;15332;10000;19875;57751;25456;10625;10000;19875;50000;15456;10625;213;0
2886;230000;2;3;1;37;0;0;0;0;0;0;228342;189966;142377;143828;143698;143342;6100;7000;5356;5400;5200;5500;0
2893;450000;1;2;2;37;0;0;0;0;0;0;136655;146400;156049;164076;170885;177483;13492;13641;12168;9650;9650;9650;0
2908;500000;1;2;1;38;0;0;0;-1;-1;-1;499231;511629;-311;6391;420;7619;22600;501;6892;421;7695;8679;1
2910;220000;1;1;2;25;0;0;-1;0;-1;2;29664;5995;8419;6523;508;370;1018;8424;20;878;1;3046;0
2912;500000;1;1;1;49;-1;-1;-1;-1;-1;-1;1320;1320;1320;1320;1320;1320;1320;1320;1320;1320;1320;1320;0
2913;50000;2;1;2;29;-1;-1;-1;0;-1;-1;2459;2471;6015;5625;3056;2439;2471;6015;0;3056;2439;3026;1
2925;50000;2;2;2;42;0;0;0;0;-1;-1;50221;49664;49611;2190;19769;19335;2215;1462;248;20787;21402;522;0
2929;50000;1;1;2;27;0;0;0;0;2;0;43341;44442;45408;48279;47406;48553;1800;1729;3600;0;2055;2100;0
2933;390000;2;1;2;30;0;0;0;0;0;0;86124;89129;90294;92243;94186;97562;4300;3437;3346;3475;5000;10005;0
2942;90000;1;2;2;26;2;2;-1;2;0;0;121368;102385;91591;66033;70654;121966;0;95800;0;6000;3000;3000;0
2943;290000;2;2;2;30;0;0;0;-1;0;0;288994;296230;158127;234456;236813;211237;12549;7003;234456;9500;7592;7626;1
2951;80000;1;2;1;42;2;0;0;0;0;0;80586;77960;79804;75299;76933;78953;3000;3200;3000;3400;3300;3500;0
2952;80000;2;2;1;24;-1;-1;-1;-1;-1;-1;15621;3760;1368;0;1421;0;3768;1368;0;1421;0;0;0
2954;20000;1;2;1;38;-1;-1;-1;-1;-1;-1;2638;3016;3274;7028;1839;2985;3016;3282;7055;1839;2985;4988;0
2956;250000;2;1;2;37;0;0;-1;-1;-1;-1;43971;32009;13346;9163;8338;17793;1007;13346;9163;8338;18618;1763;0
2961;50000;2;1;1;35;0;0;0;0;0;-1;46532;46624;45438;39527;7997;462;3000;1200;9;500;462;1500;0
2966;50000;2;2;1;33;-1;0;0;0;0;0;25658;26539;27507;28299;12012;8923;1700;2080;3000;1000;1000;1000;0
2968;120000;1;2;1;47;-1;-1;-1;0;0;-1;2486;151;2853;2896;1149;1758;260;5753;1153;3;1759;4084;1
2969;170000;2;2;2;38;0;0;0;0;2;2;86401;88991;91571;94045;97965;101176;3991;4071;4000;5600;5000;4000;0
2977;110000;1;3;2;32;0;-1;-1;-2;-2;-2;34000;223;0;0;0;0;223;0;0;0;0;0;1
2978;300000;1;1;2;25;0;0;0;0;0;0;76918;41773;31180;19507;18169;18533;4103;1427;600;1200;2500;18000;0
2980;220000;1;1;2;33;-2;-2;-2;-2;-1;0;3233;2106;666;1064;707;9213;2108;1332;1064;707;9325;1500;0
2985;180000;2;2;2;43;0;0;0;-2;-2;-1;4819;5240;999;495;1776;79785;1010;1003;496;1781;81032;3600;0
2989;130000;1;2;1;40;0;0;0;0;0;0;20733;14261;22242;18265;21546;32411;7261;12272;10265;11546;12411;10000;0
2991;50000;2;3;1;52;1;2;0;0;2;2;30505;29731;31062;33231;33736;33042;0;1831;3000;1182;0;1228;1
2992;100000;2;1;1;33;-1;-1;-2;-2;-2;-2;3976;0;0;0;0;0;0;0;0;0;0;402;1
2999;50000;2;2;1;38;0;0;2;0;0;0;20838;23204;22538;22864;23495;24100;3000;0;1000;1000;1000;1000;1
3005;220000;1;1;2;37;2;2;0;0;0;0;185955;181587;186054;188465;192758;196493;0;9000;7000;7500;7100;7500;0
3007;160000;1;1;1;44;0;0;0;0;0;0;156400;157923;158746;153208;154163;155344;7200;8000;5510;5800;6000;5500;0
3012;250000;2;2;1;50;0;0;2;0;0;0;116256;122392;118668;95735;96509;97089;11500;0;3543;3700;3547;3165;0
3018;30000;1;3;2;36;0;0;0;-2;-2;-2;30328;29999;0;0;0;0;1768;0;0;0;0;0;1
3019;20000;1;1;1;34;2;0;0;2;2;2;6099;7559;8989;8436;12016;11404;2000;2000;0;4000;0;4000;0
3022;180000;2;1;2;30;0;0;-1;0;0;-2;15743;9814;9161;8252;0;0;1205;9402;0;0;0;0;0
3023;20000;2;2;2;25;0;0;0;0;0;3;8011;9041;10903;11622;13280;12778;1320;2181;900;2000;0;0;0
3040;170000;1;1;2;39;0;0;0;0;0;0;171160;187853;171095;137986;141319;139463;13000;6154;15000;6000;7000;5000;0
3041;60000;1;1;1;38;2;0;0;0;2;2;30013;31226;32396;34657;35456;34736;2000;2000;2800;1500;0;1500;1
3047;330000;2;2;1;41;1;2;2;2;2;2;289884;283863;301265;306752;313710;309446;0;22200;12000;12000;978;23500;0
3048;250000;2;1;2;26;-1;-1;-2;-2;-1;-1;7374;0;0;0;2546;0;0;0;0;2546;0;0;0
3049;480000;2;1;1;38;0;0;0;0;0;0;384150;392013;361178;305024;289379;295768;15000;16000;12008;11000;11000;11000;0
3055;350000;1;1;1;60;1;-1;-1;-1;-2;-1;0;1150;4576;0;0;1206;1150;4576;0;0;1206;0;1
3069;160000;2;2;1;23;0;0;0;0;0;0;96814;69870;68984;55559;44705;28223;10008;20014;1894;6425;2204;62529;0
3081;50000;2;3;1;32;0;0;0;0;0;0;42740;44744;47539;17360;17928;19619;3000;4000;1000;1000;2000;1000;0
3087;30000;2;2;2;24;2;2;7;7;7;7;300;300;300;300;300;300;0;0;0;0;0;0;0
3089;360000;2;3;2;27;1;-2;-2;-2;-2;-2;0;0;0;0;0;0;0;0;0;0;0;0;0
3092;320000;2;2;1;41;0;0;0;0;0;0;49846;53811;38717;35409;35036;35939;5000;2000;2000;3000;3000;1500;0
3097;50000;1;1;2;34;0;0;0;0;0;0;20613;28018;22744;18484;16378;13352;10000;10000;1500;3000;2803;5000;0
3110;500000;1;3;1;48;0;0;0;0;2;-1;36875;26031;32389;32830;17191;72198;1192;32382;2011;0;72198;10000;0
3111;100000;1;2;1;35;0;0;0;0;0;0;81415;80759;79755;81209;60720;74375;4000;3000;3004;2278;15000;3000;0
3114;220000;2;1;1;44;-1;0;0;0;0;0;208858;212640;216062;209288;202578;195567;7611;7484;7109;6969;6661;6426;0
3115;160000;2;1;1;32;-1;-1;-1;-1;-1;-1;3189;3203;3421;2750;2750;5224;3248;3421;2750;2750;5224;2313;0
3118;110000;2;1;2;27;0;0;0;0;0;0;113461;112026;111792;111936;112030;111975;4251;4218;4167;4238;4181;4246;0
3121;110000;1;2;1;36;0;0;0;0;0;0;109361;102505;103834;76491;77245;78049;3940;3256;2696;2780;2900;3000;0
3122;260000;1;3;1;44;0;0;0;0;0;0;257987;260104;253488;145630;148720;139633;7100;135546;4500;4590;4501;4795;0
3123;280000;2;1;2;32;0;0;0;0;0;0;157480;155362;156387;159584;163009;161769;6400;6100;5600;5805;7007;5400;0
3124;210000;1;1;2;30;-1;-1;-1;0;-1;-1;462;562;1864;932;932;1014;1032;2234;0;932;1014;1000;0
3127;100000;2;2;2;33;2;2;0;0;0;0;74763;73010;74198;74964;76655;78328;0;3000;2000;2000;2000;2000;0
3132;150000;2;1;2;24;-1;-1;-1;0;0;-1;4857;1729;49200;50000;0;50000;1733;49200;1000;0;50000;0;0
3137;20000;1;1;2;28;0;0;0;0;0;0;17359;16828;17723;18733;12249;19910;2700;4150;1500;577;8000;300;0
3141;20000;2;2;2;49;1;2;2;2;0;0;18718;18132;19530;18950;16510;19386;0;3000;0;1000;3000;2000;1
3143;170000;2;1;1;41;0;0;0;0;0;0;165602;138507;136176;61000;59477;44218;80000;4742;2022;2076;1776;10433;0
3144;70000;2;2;1;41;2;2;2;2;2;2;50241;51145;50022;53390;54579;55722;2000;0;4200;2200;2200;2200;1
3150;360000;2;1;1;33;-1;-1;-1;-1;-1;-1;50067;17607;41262;8882;17348;29216;17607;41285;8882;17348;29216;4043;0
3151;500000;2;3;2;52;-2;-2;-2;-2;-2;-2;0;0;0;0;0;0;0;0;0;0;0;0;1
3152;160000;1;3;1;46;2;2;0;0;0;0;168501;160421;157661;73322;57835;41842;0;6322;2275;2343;3069;77005;0
3173;230000;1;2;1;35;0;0;0;0;0;-1;176853;180639;180117;179717;124117;182717;10000;5000;0;5000;189600;10000;0
3175;100000;2;2;2;23;-2;-2;-2;-2;-2;-2;45756;9187;5408;12920;9656;4737;9187;5408;12920;9656;4737;4513;0
3179;10000;1;1;2;24;2;0;0;0;0;2;7554;8287;9580;9267;10096;9415;1500;2000;700;1500;0;1000;1
3180;500000;2;2;1;27;-2;-2;-2;-2;-2;-2;11354;9983;13570;10000;10000;10000;9983;13587;10000;10000;10000;25304;0
3191;150000;2;5;2;26;0;0;2;0;0;0;22683;24349;2130;2130;32;-780;2219;0;0;0;0;0;0
3192;70000;2;2;2;23;1;2;0;0;2;2;17461;16892;18013;19315;19859;19390;0;1400;1600;1000;0;1000;1
3203;70000;2;1;2;25;0;0;0;0;0;0;71106;67954;68976;49145;49688;47780;3292;3290;1706;1759;1729;1717;0
3204;60000;2;2;1;38;0;0;0;0;0;-1;48399;48241;36162;36560;40855;885;1764;1400;5000;5000;885;1721;0
3212;40000;2;3;1;49;1;-2;-2;-2;-2;-1;0;0;0;0;0;150;0;0;0;0;150;159;0
3216;340000;2;2;1;31;-1;0;0;0;0;0;33639;37373;40990;42415;38367;37940;5000;5000;3000;2000;2000;3000;0
3224;30000;2;2;2;28;-1;-1;-2;-1;-1;-2;1743;0;0;2779;0;0;0;0;2779;0;0;0;1
3227;120000;2;5;1;57;0;0;0;0;0;0;116497;109247;98109;74387;75237;78967;5000;5007;5000;5000;5000;5000;0
3230;130000;2;5;2;27;0;0;0;0;0;0;107599;109902;112635;114472;117556;116090;4030;4600;4200;5000;5000;21932;0
3231;220000;2;2;1;48;0;0;0;0;0;0;28132;30362;31387;32559;35019;37422;2700;1534;1700;3000;3000;3000;1
3245;50000;2;2;1;26;0;0;0;0;0;0;44335;44626;40928;29367;29156;27337;2126;2104;990;1200;1654;897;0
3247;310000;1;1;1;33;-2;-2;-2;-2;-2;-2;0;0;0;0;0;0;0;0;0;0;0;0;0
3251;130000;2;1;2;27;0;0;0;0;0;0;86883;99516;77188;78304;79941;81648;40000;3400;3000;3052;3190;3300;0
3253;210000;2;2;1;33;-1;-1;-1;-2;-1;-1;98;1090;0;0;580;500;1120;0;0;580;500;0;0
3254;50000;1;3;1;47;1;3;2;0;0;-1;4759;4540;4284;2946;1473;1473;0;0;0;0;1473;1473;1
3255;10000;2;2;2;40;0;0;0;0;0;0;6160;6787;7377;7127;6931;6660;1123;1103;243;296;280;16;0
3258;360000;1;2;1;65;1;-2;-2;-2;-2;-2;0;0;0;0;0;0;0;0;0;0;0;0;1
3259;530000;1;1;2;32;-2;-2;-1;0;0;0;12451;24095;15688;24511;12144;34963;24120;15791;12808;8090;34110;90231;0
3261;170000;1;2;1;42;0;0;0;0;0;0;131629;131374;129544;131937;132958;134525;5300;5100;5000;4700;5000;4800;0
3263;180000;1;3;1;40;-1;-1;-1;0;-1;-1;991;991;1316;325;1657;325;991;1316;0;1657;325;325;0
3267;130000;1;2;2;27;0;0;0;-2;-2;-2;44826;40650;0;0;0;0;1092;0;0;0;0;0;0
3272;160000;1;1;1;40;0;0;0;0;0;0;27563;28350;25186;36100;21707;7928;5002;5000;14400;10000;4000;0;0
3290;270000;2;2;1;41;-1;2;-1;0;-1;-1;832;416;832;416;566;416;0;832;0;566;416;416;0
3294;30000;1;1;2;23;0;0;0;0;0;0;29025;28331;29792;30106;30318;28985;1507;5538;1030;1500;1500;1500;0
3299;230000;2;2;2;26;-1;-1;-1;4;3;2;8328;0;600;600;300;150;0;600;0;0;0;686;1
3302;20000;2;2;2;24;0;0;0;0;0;0;20073;19940;19441;18680;19071;19217;1319;1291;656;679;784;376;0
3312;210000;2;1;2;27;0;0;0;0;0;0;135066;121769;97575;93763;95790;92855;5600;4000;3220;3400;3252;3400;0
3327;80000;2;2;2;45;0;0;-2;-2;-2;-2;83150;-8000;0;0;0;0;0;8000;0;0;0;0;0
3328;500000;2;1;2;31;-2;-2;-2;-1;0;-1;17496;1001;15782;29251;20095;77684;2000;5000;37223;0;80583;10155;1
3329;500000;2;2;1;39;0;0;0;0;0;0;146700;126765;107965;89339;67854;54918;4585;3789;3942;2433;10000;762;0
3344;300000;2;2;1;27;0;0;0;0;0;0;286321;283547;578971;293063;296677;230338;20000;12003;10524;11238;8814;9463;1
3347;250000;2;2;1;33;2;2;-2;-2;-2;-2;2500;0;0;0;0;0;0;0;0;0;0;0;1
3356;380000;2;2;1;48;0;0;0;0;0;0;363191;373421;363343;290371;289600;288256;15504;14000;12500;12000;11000;14000;0
3362;310000;2;1;1;39;-1;-1;-1;-1;-1;2;1989;4566;5329;5724;1518;1336;4566;5433;5724;1336;0;3167;0
3364;420000;1;2;1;37;0;0;0;0;0;0;415257;411624;388363;390003;398229;409615;16850;15522;14000;14500;18007;12733;1
3371;30000;1;2;2;36;0;0;0;0;0;0;36124;35538;34359;32450;30633;30628;2500;2215;1156;1200;3000;3000;1
3389;20000;1;2;2;22;0;0;0;0;-1;-1;18462;16699;19674;19258;9546;12051;1510;3875;759;10000;19126;1946;0
3396;310000;2;2;1;32;0;0;0;0;0;0;162530;155831;96835;89223;80462;73899;6100;4252;5000;2780;4881;3000;0
3399;80000;2;2;1;25;1;-2;-2;-2;-1;-1;0;0;0;0;13369;0;0;0;0;13369;0;0;0
3405;80000;2;2;1;30;0;0;0;0;0;2;42755;45053;46104;48327;53549;52457;3000;1800;3000;6000;2900;2000;0
3410;500000;2;2;1;37;-1;-1;-1;-1;-1;-1;7325;355;355;1204;2378;6344;355;355;1204;2378;6344;14889;0
3411;10000;1;2;2;26;0;0;0;0;0;0;7606;7030;8454;9454;5784;0;2000;2000;1000;0;0;0;1
3415;340000;2;2;1;43;-2;-2;-2;-2;-2;-2;33245;249;27476;0;0;24272;249;27477;0;0;24272;11008;0
3417;130000;1;2;2;37;0;0;0;0;0;0;125780;128768;130112;129785;121609;123586;6500;5000;5000;5000;6000;5000;0
3418;320000;2;3;1;30;0;0;0;0;0;0;49889;51151;48449;48948;49967;36697;2825;2961;1600;1579;1692;1068;0
3430;310000;1;3;2;30;-2;-2;-2;-2;-2;-2;-44;-44;8915;-35;7028;-116;0;8959;0;7063;0;23240;0
3436;280000;2;2;1;40;1;-2;-2;-2;-2;-2;-10;-10;-10;-10;-10;-10;0;0;0;0;0;0;0
3437;80000;1;2;3;58;0;0;0;-2;-2;-2;3719;4444;0;0;0;0;1000;0;0;0;0;0;0
3465;340000;2;1;2;34;-1;-1;-1;-1;-1;-1;32488;42449;30042;28987;13104;59204;42552;30084;29033;13120;59273;1241;0
3468;150000;1;1;2;39;0;0;0;0;0;0;146736;149030;148258;106114;105951;78487;7027;6000;3220;3600;2670;2618;0
3479;500000;2;1;2;36;-1;-1;-1;-1;-1;-1;10935;4079;3943;3338;1224;31022;4081;4283;3338;1224;31022;1088;0
3489;30000;2;1;1;30;0;0;0;0;0;2;28289;29537;29378;22692;24169;23782;2013;1440;800;1800;108;1130;0
3503;360000;2;2;2;30;0;0;0;0;0;0;132250;132655;135959;139796;143642;147418;5000;5000;5000;5000;5000;5000;0
3505;270000;1;1;1;50;-1;-1;-1;-1;-1;-1;316;316;316;5772;316;316;316;316;5772;316;316;5174;0
3508;50000;2;2;1;36;0;0;0;0;0;0;44510;42564;38181;30805;28252;28783;3000;3000;3000;2000;2000;5000;0
3510;50000;2;2;2;27;2;2;2;2;0;0;47760;45064;45744;43123;42343;43020;0;3400;0;1528;3038;0;1
3513;60000;2;1;2;28;2;2;2;2;2;2;43662;42682;45603;44569;47452;46536;0;3628;0;3600;0;4000;1
3520;550000;2;2;1;34;0;0;0;0;0;0;383973;380082;389694;342198;344808;347188;15000;20000;20000;12000;12000;13000;0
3521;180000;1;1;1;44;1;-2;-2;-2;-2;-2;0;0;0;0;0;0;0;0;0;0;0;4003;0
3522;140000;1;2;1;37;0;-1;0;0;0;0;34661;5309;51293;56740;59455;57532;5334;50006;9460;9461;2507;10007;0
3526;140000;1;1;2;28;0;-1;-1;0;-1;-1;3234;4324;5477;4490;1500;-51183;4340;5491;2013;1510;18;89898;0
3534;130000;1;2;2;26;-1;0;0;-1;-1;-1;296;1299;-1;500;0;936;1003;0;501;0;936;1002;1
3539;260000;2;1;1;39;-2;-2;-2;-2;-2;-2;5912;3768;1444;2402;2040;3172;3786;1451;2424;2050;3187;1972;1
3540;30000;1;3;1;45;2;2;2;3;5;4;25161;24476;28721;31262;30217;29158;0;5000;3300;0;0;0;1
3542;80000;1;2;2;39;0;0;0;0;0;0;55084;51265;47950;48869;49445;49979;3012;2100;2001;2001;2000;1782;0
3544;140000;1;1;1;41;0;0;0;0;0;0;19853;22525;25141;29701;34197;38615;3000;3000;5000;5000;5000;3000;0
3550;50000;1;2;1;28;0;0;-1;-1;-1;-1;20914;29303;2515;7885;14493;2113;10087;2522;7951;14493;2120;3027;0
3554;40000;2;1;2;27;0;0;-1;-1;0;0;32228;38904;4235;87230;72647;65070;8040;4235;87230;3000;10000;4317;0
3555;80000;2;2;1;35;0;0;2;0;0;2;75530;79324;76090;75892;77310;80752;7000;0;3000;4000;5000;0;0
3572;190000;1;3;1;37;0;0;0;0;0;0;181295;178857;181463;178984;175131;170136;8019;8008;6700;6800;6324;6120;0
3574;10000;1;1;2;24;0;0;2;0;0;0;7680;10160;9844;9554;9515;9700;2616;0;400;499;500;900;1
3593;20000;2;3;3;51;2;0;0;0;0;2;18355;17165;17676;18300;20278;20192;1600;1500;900;3600;393;0;1
3598;50000;2;2;1;37;2;2;2;0;0;0;40994;43594;38222;13026;13268;13497;5500;0;580;600;600;600;0
3605;150000;2;2;1;34;-1;0;0;0;0;0;50523;46054;46191;45564;45840;47077;1763;2500;2000;2000;2000;2100;0
3606;30000;2;2;2;31;1;2;0;0;2;3;27254;26531;27857;29685;31260;30468;0;1772;2600;2200;0;0;1
3617;10000;1;1;2;29;0;0;0;0;0;0;10208;8598;7100;9305;9805;5720;1500;1000;4000;500;2500;0;0
3619;210000;1;3;1;41;-1;-1;2;0;0;-1;390;1732;1170;780;390;69438;1732;0;0;0;69438;3750;1
3622;210000;2;2;1;36;0;0;0;0;0;0;54717;55522;54929;55696;54773;51616;2017;1900;1900;1925;1845;1886;0
3625;290000;2;2;1;48;-1;-1;-1;-1;-1;-1;31386;31394;1369;15010;3280;0;31401;1369;15010;3280;0;3357;0
3626;330000;1;2;1;50;1;-1;-1;-1;-1;-1;-13;2750;-27;5344;16566;995;2763;0;5371;16648;1000;997;1
3627;50000;1;2;2;37;0;0;0;0;0;0;50701;50462;50218;20141;20072;19493;2202;2083;697;711;717;674;0
3628;80000;1;3;2;27;0;0;0;0;0;0;47163;86021;44400;23954;24574;24772;1821;3600;1000;1000;1000;1000;0
3630;120000;1;3;1;38;0;0;0;0;0;0;40538;41870;58882;59862;51172;52533;1988;18000;1857;1723;2075;1500;0
3633;50000;1;2;1;64;0;0;0;0;0;-1;48369;44762;17403;17907;19000;18055;2384;5461;2872;1093;19055;2239;0
3639;140000;2;2;1;34;0;0;0;0;0;0;132541;136186;139418;140962;137819;137094;7000;7000;5300;5300;10100;5400;0
3643;80000;1;2;1;35;0;0;0;0;0;0;78507;80327;80125;28345;28938;29665;3085;2969;1007;1042;1200;1501;0
3648;320000;1;2;1;32;-1;-1;-1;-1;0;0;6443;443;-1327;28484;47711;34755;451;0;29811;20000;2386;462;0
3656;260000;2;3;2;30;-1;-1;-1;-1;-1;-1;1264;6894;2917;-70;2300;2784;6894;2917;0;2784;5568;1714;0
3660;230000;2;2;1;28;0;0;0;0;0;0;53542;79186;49984;35526;24540;16038;36000;1222;7510;491;6600;0;0
3668;180000;2;6;1;35;0;0;0;0;0;-2;29197;30719;31500;31939;0;0;2000;1400;639;0;0;0;0
3671;360000;2;2;2;29;1;-2;-2;-2;-2;-2;0;0;0;0;0;0;0;0;0;0;0;0;0
3674;20000;1;3;1;47;2;2;2;2;2;0;14328;17196;17418;17608;17187;17528;3114;800;770;0;776;549;1
3678;360000;1;3;1;37;-1;-1;-1;-1;-1;-1;390;390;390;390;390;390;390;390;390;390;390;780;0
3679;80000;2;2;2;42;0;0;0;0;0;-2;16959;17910;14919;15375;-150;-150;1235;1369;825;0;0;0;0
3682;430000;2;2;1;30;2;0;0;0;0;0;332721;277080;219739;210142;179350;130328;10896;8123;7522;7003;4700;5000;1
3683;20000;2;2;2;23;0;0;0;0;-1;2;16641;17969;18635;-1542;19909;19417;1602;1268;0;21451;0;652;0
3686;200000;1;1;2;32;-1;-1;-1;-1;-1;-1;11494;9085;5455;26975;8734;10756;9139;5481;27110;29889;10809;2648;0
3696;50000;2;2;1;44;0;0;2;0;0;0;43596;46320;43976;44287;38113;30778;5000;0;2500;1500;2000;1000;0
3700;50000;2;2;1;32;0;0;0;0;0;0;49547;49740;50275;20089;19964;19918;2100;2097;1289;712;713;1000;0
3711;180000;2;5;1;39;0;0;0;0;0;0;84484;79099;77640;78369;80010;83683;3007;2804;2802;2901;5000;80000;0
3712;290000;2;2;1;39;0;0;0;0;0;0;212943;216910;213931;212770;211098;202491;16923;7714;7283;7407;10000;6000;0
3714;100000;2;2;1;38;1;2;0;0;2;0;12893;12447;14967;16773;16427;19053;0;3000;2000;0;3000;2000;0
3720;50000;1;2;2;30;-1;-1;2;2;-1;-1;780;780;780;0;390;1320;780;0;0;390;1320;0;0
3732;410000;1;2;1;36;-2;-2;-2;-2;-2;-2;41116;38144;31177;27185;13818;8477;5071;3041;3096;3845;212;3;0
3739;360000;2;3;1;29;1;-2;-2;-2;-2;-2;0;0;0;0;0;0;0;0;0;0;0;0;1
3744;40000;1;2;1;45;2;2;2;2;2;0;33547;36991;35965;37246;36781;20650;4000;0;2000;0;1200;0;0
3757;40000;1;1;2;26;0;0;0;0;0;0;18338;20033;21687;22327;22816;23436;2000;2000;1000;1000;1000;1500;0
3764;70000;2;2;2;22;0;0;0;0;0;-1;68247;68263;22551;16008;0;13180;2120;1010;328;0;13180;2000;0
3776;230000;1;2;2;34;0;0;0;0;0;0;151778;152966;157188;158490;161456;164677;5556;7200;5820;6100;6500;5100;0
3777;250000;2;2;1;26;1;3;2;2;2;0;631;631;631;1231;1068;6816;0;0;600;0;6000;5000;1
3782;430000;2;1;1;48;-1;-1;-2;-2;-2;-1;9900;0;0;0;0;2299;0;0;0;0;2299;37980;0
3783;120000;2;1;2;28;-1;-1;2;0;0;-1;200;1986;1117;425;-267;1451;1986;0;0;0;2210;0;1
3788;200000;2;1;1;37;1;-2;-2;-2;-2;-2;0;0;0;0;0;0;0;0;0;0;0;0;0
3789;30000;1;5;2;23;-2;-1;-1;-1;0;0;2700;899;-1581;28419;29016;30908;899;0;30000;1055;2376;0;0
3802;220000;2;3;2;34;-2;-2;-2;-2;-1;0;99518;-482;-482;-482;18;4834;937;0;0;500;4816;3000;0
3807;20000;1;2;2;26;0;0;0;0;0;0;4491;5906;7298;8515;9869;11196;1500;1500;1500;1500;1500;1500;0
3811;80000;2;3;2;46;0;0;0;0;0;0;76184;78306;79835;40499;41346;42348;3345;3344;1447;1497;1686;1509;0
3813;300000;2;1;1;33;1;-2;-2;-2;-2;-2;0;0;0;0;0;0;0;0;0;0;0;0;0
3815;360000;2;1;1;32;-1;-1;-2;-1;0;0;249;0;0;685;685;1530;0;0;685;0;845;53;0
3823;80000;2;3;2;27;1;4;3;2;0;0;84718;82861;80581;51537;51381;48866;0;0;0;1790;1890;1740;1
3827;230000;1;3;1;38;-2;-2;-1;-1;0;0;6901;0;188;6498;44938;56015;0;188;6498;40000;12000;2500;0
3834;130000;2;3;2;23;-1;0;0;0;0;0;5719;15578;19887;11659;11735;8541;10000;5000;2000;2000;2000;1000;0
3842;380000;1;1;2;31;0;0;0;0;0;0;167061;158903;275057;156348;153778;139177;6000;6010;5209;5000;5000;4000;0
3850;130000;2;2;2;28;-1;-1;-1;-1;-1;-1;390;7412;390;4134;540;390;7412;390;4134;540;390;2596;0
3852;20000;2;3;2;38;1;-1;-1;-1;-1;-2;0;3796;5081;888;0;0;3796;5081;888;0;0;0;1
3853;50000;1;3;1;48;-1;-1;-1;-1;-1;-1;1058;1726;390;390;390;390;1726;390;390;390;390;390;1
3862;170000;2;2;1;39;0;0;0;2;0;0;114007;117677;124636;121232;124199;129346;7000;10500;0;5000;11000;4500;1
3868;450000;2;1;2;31;2;-1;0;0;0;0;1638;54490;112841;112603;90202;39564;54490;62841;2000;0;1000;27224;0
3870;90000;2;1;2;26;1;2;2;-1;-1;2;23812;15616;11988;32658;30885;26639;0;1525;35011;3000;0;2000;0
3873;30000;1;3;1;49;2;2;2;2;2;2;26343;27127;26393;29646;30390;29755;1500;0;3712;1363;0;1141;0
3874;50000;1;3;1;52;1;2;0;0;0;0;32119;29498;26196;23806;16818;14438;0;6900;0;0;0;0;1
3881;300000;1;3;2;51;-1;-1;-1;-1;-1;-1;18341;19847;6246;3872;11875;5290;19854;6279;3883;11883;5305;9998;0
3883;200000;1;1;1;34;-1;-1;-1;-1;0;0;5392;1938;4819;13074;2070;0;1938;4819;13074;0;0;790;0
3884;50000;1;2;2;24;0;0;0;0;0;0;33715;22824;17144;18104;19205;19014;6600;1900;1500;1500;1500;1500;0
3895;100000;1;2;2;27;0;0;0;0;0;0;82609;81989;82466;78234;75615;76849;3106;3000;2805;2739;3085;2958;0
3897;30000;2;6;1;49;0;0;0;0;0;0;26305;27307;13294;14069;14518;15025;1500;1500;1000;676;900;900;0
3899;70000;2;2;2;25;0;0;2;0;0;0;41511;44525;43514;44489;45617;46702;4000;0;2000;2000;2000;3000;1
3905;160000;1;3;1;30;1;2;0;0;0;0;102867;82729;72583;60565;54651;48468;31;2609;2037;2010;2017;3012;0
3917;50000;1;3;2;26;2;0;0;0;0;0;50951;49139;46802;47622;48686;47459;2500;2100;1900;2000;1746;1890;1
3930;50000;2;2;1;29;0;0;0;0;0;0;26052;27631;29128;29707;28825;29022;2000;2000;2500;1033;1053;1034;0
3943;60000;2;2;2;29;2;-1;-1;2;0;0;2469;59068;61284;58698;58033;57539;59068;4898;0;2300;2200;2110;0
3944;200000;2;1;1;31;-1;-1;-1;-1;-1;-1;261;6229;5815;851;2029;1997;6229;5815;854;2029;1997;10342;0
3964;90000;2;2;2;23;2;2;2;2;2;2;18168;17593;19492;18884;21410;21841;0;2500;0;3000;930;0;1
3965;50000;2;2;1;56;0;0;0;0;0;0;31276;29179;26482;16770;15529;16266;1556;1247;1770;700;1000;1129;0
3966;210000;2;2;1;33;0;0;0;0;0;0;137009;121126;101951;96329;84224;81570;20000;15011;10000;10000;5000;10001;0
3967;60000;2;2;2;25;0;0;2;6;5;4;44331;48590;59129;57663;56225;54759;5000;12000;0;0;0;0;0
3974;360000;1;1;2;29;-1;-1;-1;-1;0;-1;1360;7995;-7;3651;2085;1102;8035;0;3658;10;1107;584;0
3976;290000;2;1;2;48;0;0;0;0;0;-1;74864;36317;34491;29657;9134;2383;1411;1200;593;200;5637;0;0
3978;310000;2;2;1;41;-1;-1;-1;-1;-1;-1;530;7233;4158;8408;542;2314;7233;4318;8408;542;2314;648;0
3985;450000;2;2;1;44;0;0;0;0;0;0;10716;12254;12815;17782;9074;8490;8000;5000;7000;3000;2000;1626;0
3991;240000;1;1;1;47;1;2;2;2;2;2;138103;134976;137251;144457;147604;145071;500;6000;11000;5600;0;11077;1
4003;200000;1;1;1;35;0;0;0;0;0;0;199891;198608;115177;116226;139737;187728;8500;6000;4000;25000;50000;70000;1
4008;100000;2;3;2;24;1;-2;-2;-2;-1;-1;0;0;0;0;2483;0;0;0;0;2483;0;80;0
4017;260000;2;1;1;39;0;0;0;0;0;0;256557;188370;186778;184132;189947;89016;6726;6637;7784;10000;3500;3434;0
4023;250000;2;1;1;44;-2;-2;-2;-2;-2;-1;4976;5417;7948;1797;1580;12573;5417;7948;1797;1580;12573;4338;0
4026;250000;2;3;2;36;-1;0;0;0;0;0;44242;58876;73068;102311;75543;88283;25000;24000;30000;25000;30000;25000;0
4028;240000;1;2;1;39;2;0;0;0;0;0;234661;234364;235982;239281;244329;249130;10200;10200;8725;9068;9068;15000;0
4030;250000;2;1;1;40;-1;-1;-1;0;-1;-1;326;326;652;326;326;326;326;652;0;326;326;326;1
4035;20000;1;2;1;50;0;0;0;0;2;0;6620;7556;8570;10020;9715;10153;1200;1300;1600;0;600;600;0
4047;50000;1;2;2;45;0;0;0;2;0;0;19834;19387;22574;20483;20121;20191;1340;5000;0;729;793;642;0
4052;200000;2;2;1;29;0;0;0;0;0;0;73700;73624;73928;72060;72393;72969;3304;3815;3004;3006;4012;3012;0
4054;50000;2;2;1;32;0;0;0;0;0;0;47445;37395;9858;8536;9674;9591;1697;1118;285;299;1110;40207;1
4060;500000;2;1;2;44;0;0;0;0;0;0;380502;295489;206296;354521;358009;394932;10481;12042;160042;46043;53181;15071;0
4062;240000;1;1;1;50;-1;-1;-2;-2;-2;-2;2115;0;0;0;0;0;0;0;0;0;0;0;0
4063;110000;2;3;1;44;0;0;0;0;0;0;128341;131227;133490;135888;137708;78581;4861;4300;3500;3500;2564;2300;0
4069;50000;1;2;1;43;-2;-1;0;0;2;0;1040;4254;6955;9486;9191;12524;4254;2962;5191;0;3500;3000;1
4084;250000;1;1;1;39;1;-1;-1;-1;-1;-1;0;93;5354;167;908;0;93;5354;167;908;0;0;0
4085;30000;2;1;2;24;1;2;0;0;2;2;29846;28941;18643;19005;12751;10891;0;4000;600;0;2500;419;0
4089;80000;2;1;2;29;0;0;0;0;-2;-1;11040;5830;4136;0;0;150;1500;2000;0;0;150;419;0
4104;90000;2;2;2;26;0;0;0;0;0;0;11181;11237;9442;5318;11928;15558;3194;8823;0;7000;6660;10000;0
4107;420000;2;1;1;40;-2;-2;-2;-2;-2;-2;1794;7748;2950;17827;23711;63784;7786;2965;18048;23831;64101;30731;0
4108;290000;1;1;1;63;0;0;0;0;0;2;183800;187658;193030;195356;207180;211614;6820;8500;7020;15000;8000;0;1
4110;230000;1;1;2;32;-2;-2;-2;-2;-2;-2;489;0;1257;0;1169;641;0;1257;0;1169;641;0;0
4121;140000;1;1;1;47;0;0;0;0;0;0;109259;108015;107209;106353;100653;99546;5400;5211;4000;4000;4000;3600;0
4126;80000;2;3;2;32;0;0;0;0;0;0;77385;79038;80899;79387;81593;80254;2900;3200;3000;3500;3100;6200;0
4129;270000;2;1;2;33;-2;-2;-2;-2;-2;-2;12091;0;6743;338;0;432;0;6743;338;0;432;3042;0
4142;50000;2;3;1;42;3;2;2;0;0;0;34542;30557;29577;29529;28276;28768;1000;1000;1000;1000;1000;1000;0
4145;200000;2;1;2;42;-1;-1;2;-1;-1;-1;660;1320;660;1320;1320;1710;1320;0;1320;1320;1710;27077;1
4149;70000;2;2;1;44;0;0;0;0;0;0;68687;69531;71271;70712;50793;50605;2545;2918;6329;1996;1977;1975;0
4153;170000;2;1;2;27;0;0;0;-1;0;0;61785;17848;14000;124208;122955;116191;3848;4000;124208;5000;5000;5000;0
4154;280000;2;1;2;30;-1;-1;-1;-1;-1;-1;8527;13219;10132;29142;20644;1647;13244;10157;29187;20669;3003;3250;0
4159;150000;2;1;2;40;-1;-1;-1;-2;-1;-1;800;2400;0;0;1000;0;2400;0;0;1000;0;0;0
4163;200000;1;2;1;39;-1;-1;-1;-1;-1;-1;326;326;326;326;326;326;326;326;326;326;326;326;1
4164;160000;2;2;2;29;-1;-1;-1;-1;-1;-2;2248;-2;4903;5525;-10;-10;0;4905;5525;10;0;5685;0
4169;90000;1;2;2;33;0;0;0;0;0;0;56291;58385;60412;61710;63020;64274;3000;3000;2300;2300;2300;2379;1
4182;150000;2;1;2;33;0;-1;-1;-1;-1;-1;74033;237;1420;1141;1067;1128;237;1426;1141;1067;1200;1150;0
4184;480000;2;2;1;45;-1;-1;-1;-1;-1;-1;1223;22308;6070;5924;547;1308;22313;6083;5924;547;1308;1480;1
4192;50000;1;2;2;52;0;0;0;0;0;0;50557;49214;50156;20186;17966;19659;2283;2225;1008;757;2601;700;1
4197;100000;2;2;2;26;1;2;0;0;0;0;48006;46561;46764;48298;49137;49576;0;2200;3000;2000;1800;2000;1
4199;230000;1;2;1;46;0;0;0;0;0;0;170354;131022;108061;87461;69221;57462;7200;3348;2510;5000;3500;6500;0
4204;210000;2;1;2;44;0;0;0;0;0;0;125615;77485;79668;92326;30500;25265;5000;4000;3402;2013;1026;1000;0
4212;90000;2;2;2;24;0;0;0;-1;0;0;36179;36137;28400;28982;29782;24389;1953;2000;29982;800;1516;60615;0
4218;50000;1;2;2;33;1;2;2;2;2;2;40159;41323;40364;42781;41966;48865;2100;0;3400;0;7800;0;1
4222;150000;2;1;1;36;-1;0;0;0;0;2;123160;134948;130982;125296;122664;112055;20000;6100;4000;5500;3002;7000;1
4228;160000;1;2;2;26;-1;-1;-1;0;-1;0;1236;1234;4888;4187;8995;9731;1234;4890;1010;8998;2005;3669;0
4229;300000;2;1;2;26;0;0;0;0;0;0;10545;10421;15196;19406;23260;15423;3000;5000;5000;4000;5000;5000;0
4235;260000;2;1;2;33;-2;-2;-2;-1;0;0;6475;2500;500;210;210;-90;2500;500;210;0;0;0;0
4236;150000;1;2;1;32;0;0;0;0;0;0;143706;140120;138520;139329;142149;111435;6010;5007;5016;10101;5006;4015;1
4246;210000;2;2;1;35;0;0;0;0;0;0;64740;66692;68579;70036;71706;73162;3000;3000;2600;2800;2800;2900;0
4253;180000;1;2;2;39;0;0;2;0;0;0;29478;32342;31523;32989;33679;34350;3353;0;2000;1222;1231;2704;0
4258;380000;1;1;1;46;0;0;0;0;0;-1;141102;84229;28749;14258;7594;190628;5034;2071;29;72;190710;30052;0
4259;310000;2;1;1;37;-1;-1;-1;-1;0;-1;325;4373;26863;7443;4221;8172;4373;26863;7443;0;8172;31362;0
4262;30000;2;2;2;50;0;0;2;0;0;0;27284;29001;28201;28763;29383;28987;4664;0;994;1047;1412;756;0
4264;30000;2;3;3;52;1;2;2;2;-1;-1;10033;6486;7064;2890;2500;3280;0;3192;0;2500;3280;0;1
4266;500000;2;1;2;34;-1;0;0;0;0;0;218570;218978;218778;236377;225650;15233;18978;18778;36377;10650;15233;0;0
4276;270000;1;2;1;34;2;0;0;0;0;0;275572;277585;232661;150298;134808;129645;10332;10000;18021;8026;6011;5000;1
4280;80000;2;3;2;43;0;0;0;0;0;0;76594;78254;78401;49496;50562;45682;3100;3100;1669;1759;1700;3001;0
4283;390000;1;1;1;35;0;0;0;0;0;0;28804;43996;47532;49414;51380;50661;20000;5006;5006;5008;3004;3006;0
4289;100000;2;2;2;25;0;0;0;0;0;0;59219;60464;61956;63228;64561;66025;2197;2500;2300;2350;2540;4920;0
4291;40000;2;3;1;48;0;0;0;0;0;0;69282;36108;37112;37695;38580;0;3500;1750;1300;1409;0;0;0
4296;500000;1;2;1;49;1;2;0;0;0;-2;9502;9206;11000;13000;0;0;0;2000;2000;0;0;0;0
4302;150000;2;2;1;37;1;2;2;0;0;0;108784;110405;106317;30906;31457;32134;4800;0;1240;1200;1200;1300;1
4313;200000;2;1;2;32;-1;-1;-1;-1;0;0;3450;12113;16152;19443;19189;13947;12174;16239;19446;529;400;277;0
4314;50000;2;2;2;28;0;0;-1;0;0;-1;47132;22104;983;23594;7428;29039;1651;984;23001;5001;30001;8599;0
4319;170000;2;3;1;40;0;0;0;0;0;0;73784;73815;53032;29086;93786;92728;3663;3426;1317;93276;3197;3185;0
4330;150000;2;2;2;24;1;-2;-1;-1;-1;-1;0;0;3230;1085;10000;0;0;3230;1085;10000;0;0;0
4343;120000;2;1;2;26;0;0;0;0;0;0;104546;105326;111987;112652;114337;115105;4000;10000;4000;5000;4200;4500;0
4346;160000;2;2;2;27;0;0;0;0;0;-2;78592;80240;39835;41150;0;0;3700;1700;2000;0;0;0;0
4354;20000;1;2;2;23;1;2;2;2;2;0;16332;18111;18325;18391;14235;18955;2500;1000;600;0;5000;1300;1
4357;170000;2;2;1;34;0;0;0;0;0;0;166851;107434;99487;49017;48812;0;5000;5000;3000;3000;0;1219;0
4359;50000;2;1;2;25;1;-2;-2;-2;-2;-1;0;0;0;0;0;550;0;0;0;0;550;0;1
4369;20000;1;1;1;24;-1;-1;-1;-1;-1;-1;625;702;316;316;316;316;709;316;316;316;316;316;1
4377;50000;2;3;1;47;1;-2;-2;-2;-2;-2;0;0;0;0;0;0;0;0;0;0;0;0;0
4391;10000;2;2;2;21;0;0;0;-1;-1;-2;8660;9756;8560;780;0;0;1800;1300;800;0;1900;0;1
4393;20000;1;2;2;29;0;0;0;0;0;0;15760;17092;17781;17289;17710;18217;1593;1282;700;700;800;500;0
4404;50000;1;2;2;26;0;0;0;0;0;0;51212;50165;19814;20210;20125;19010;2000;1296;692;709;698;1000;0
4405;100000;2;2;2;25;1;2;3;4;4;3;53111;55650;59730;61693;59186;57949;4000;5600;3500;0;0;0;1
4416;170000;1;2;1;48;-1;-1;-1;0;0;-2;390;390;780;780;0;0;390;780;0;0;0;0;0
4417;270000;2;3;1;37;1;-1;0;0;0;0;265044;60052;68660;77184;85591;101945;73000;10000;10000;10000;20000;25000;0
4419;200000;2;3;2;37;-2;-2;-2;-2;-2;-2;3938;8556;4846;807;2183;210;8576;4850;1047;2183;210;0;0
4422;260000;2;1;2;29;-2;-2;-2;-2;-1;-1;1476;1476;1476;1476;20976;1476;1476;1476;1476;20976;1476;1476;0
4424;50000;1;2;1;51;0;0;0;0;0;0;38434;39492;39394;33490;27316;0;1681;1583;1347;1183;0;0;0
4428;200000;2;1;1;44;0;-1;-1;-2;-2;-1;26814;367;0;0;561;3854;368;0;0;561;3878;3;0
4431;270000;2;2;1;38;0;0;0;0;0;0;60654;59464;54715;51796;53256;59733;3000;3019;5000;5000;10000;10000;0
4436;210000;2;1;2;35;-2;-2;-2;-2;-2;-2;552;-18;-18;-18;-18;-18;0;0;0;0;0;0;0
4442;50000;1;2;1;49;0;0;0;0;0;0;35623;12601;10527;10679;10734;11550;1168;1500;1000;1000;1000;1000;0
4443;360000;2;1;1;27;1;-2;-2;-2;-2;-2;0;0;0;0;0;0;0;0;0;0;0;3220;1
4446;90000;2;2;1;29;0;0;0;0;0;0;5618;6645;7635;8020;8403;9504;1125;1115;500;500;1252;154;0
4452;30000;2;1;2;25;0;0;0;0;0;0;8341;10039;11560;16611;18179;19712;2000;2000;5611;2000;2000;1500;1
4453;50000;2;1;2;27;0;0;0;0;0;0;12814;15588;17321;19026;20714;22210;3000;2000;2000;2000;2000;840;0
4460;120000;2;2;1;47;0;0;0;0;0;0;112448;115646;115767;38070;39306;39200;6500;4300;1175;1658;784;0;0
4462;130000;1;1;2;46;0;0;0;0;0;0;110766;114977;120976;40177;41529;43734;6000;9000;2000;2000;3000;4000;1
4476;240000;2;1;1;44;0;0;0;0;0;0;188307;179988;184976;188934;196884;199267;6600;8000;7000;11000;7181;7236;0
4477;300000;1;1;2;45;0;0;0;0;0;0;62296;64460;56439;53637;55981;58270;3000;3000;3000;3000;3000;3000;0
4482;500000;1;1;2;39;-1;-1;-1;-1;0;-1;83528;-24702;23804;92715;6655;3966;472;113935;108041;33;3984;2122;0
4496;50000;1;3;1;65;0;0;0;0;0;0;48341;47465;47942;48418;49530;28085;2068;1545;1171;1658;1321;0;0
4502;180000;1;2;1;36;0;0;0;0;-1;-1;4524;6435;6894;8292;21866;0;2000;1200;2000;21866;0;0;1
4505;40000;1;1;2;29;1;-2;-2;-2;-2;-2;0;0;0;0;0;0;0;0;0;0;0;0;0
4506;50000;2;3;2;51;2;2;2;2;0;0;33384;34554;35690;34817;36252;37645;2000;2000;0;2000;2000;2000;0
4512;70000;2;1;2;25;0;0;0;0;0;0;68839;64027;61580;29435;26341;26949;3213;1659;2000;1107;1200;1100;0
4528;60000;2;2;2;27;1;2;2;2;0;0;49099;49817;50406;47771;48803;52190;1800;1710;0;1800;4200;0;1
4529;200000;2;3;2;31;0;0;2;2;2;2;167358;175635;174261;179026;181658;185523;11000;3000;7001;5000;6200;10007;0
4530;50000;2;2;2;23;0;0;0;0;0;0;32822;20669;4510;2893;2000;2800;1150;1000;300;400;800;0;0
4543;100000;2;2;2;29;2;2;2;2;2;2;80234;80369;83130;83961;85574;84039;2000;5001;3100;3100;0;6410;0
4544;50000;2;1;2;26;1;2;0;0;0;0;42207;42226;38859;39475;40187;40992;2200;1962;1562;1500;1474;2300;0
4545;150000;1;3;1;44;0;0;0;0;0;0;146277;127679;73323;74783;76360;77868;3952;2614;2631;2735;2740;2720;0
4548;200000;1;3;2;28;0;0;0;0;0;0;54663;46147;44095;25454;17651;18994;11000;3000;3000;2000;3000;10000;0
4551;30000;1;3;1;64;2;2;2;0;0;0;13594;14078;14547;15304;16056;20196;1000;1000;1000;1000;4600;0;1
4566;100000;1;1;1;60;0;0;0;0;0;0;101761;101801;101863;101729;98103;99521;3856;3919;3986;3865;3760;3863;1
4568;240000;2;1;1;41;0;0;0;0;0;0;126395;129371;132218;136003;139798;142574;5000;5000;6000;6000;5098;5281;0
4576;50000;1;4;2;22;0;0;0;0;0;0;6514;7513;9981;10442;10496;10933;1500;3000;1000;600;1000;404;0
4581;120000;1;2;1;43;0;0;0;0;0;0;33131;33121;32222;32877;30587;25938;2000;1500;1000;1000;2000;1000;0
4583;30000;2;2;2;22;-1;3;2;0;0;2;31176;30408;29205;29090;30121;28013;0;0;1013;2400;0;1200;0
4596;80000;2;1;1;35;0;0;0;0;0;0;27560;22441;19960;6199;5623;6880;1701;2000;2000;1000;2000;3000;0
4600;290000;2;3;2;32;0;0;0;0;0;0;21981;24610;27009;26671;24826;22287;3000;3000;3000;3000;3000;3000;0
4603;150000;1;3;1;49;0;-1;-1;-1;-1;-1;4029;4048;2842;3910;4697;1719;4054;2866;4082;4697;1735;0;0
4609;160000;1;2;2;30;2;2;2;2;2;2;75406;76907;78047;79362;81089;82796;3300;3000;3200;3152;3200;3100;0
4613;20000;2;1;2;24;0;0;0;0;0;0;18821;18714;18942;20179;20204;20239;2000;1300;1500;2500;1000;1000;0
4625;240000;2;2;1;37;0;-1;-1;0;-1;-1;1854;1346;3195;1932;7363;1546;1346;3195;0;7383;1546;4390;0
4631;100000;1;2;1;35;1;2;2;2;2;2;59121;57604;62635;64994;63827;67839;0;6000;4000;0;5100;2200;1
4636;50000;1;3;2;28;1;-1;-1;0;-1;-1;-9802;99;103;249;386;11504;10000;103;245;386;11504;2000;0
4639;50000;1;1;1;44;0;0;0;0;-2;-2;35145;36275;37150;0;0;0;2000;1871;0;0;0;0;0
4649;230000;2;1;2;44;1;-2;-2;-2;-2;-2;0;0;0;0;0;0;0;0;0;0;0;0;1
4661;80000;1;1;1;36;0;0;0;0;0;-2;60110;51784;50071;47099;41063;6408;2186;1491;1099;1243;6408;6825;0
4667;80000;2;3;1;52;0;0;0;0;0;0;18100;6826;7582;8082;8082;8082;1244;1000;500;0;0;0;0
4668;60000;1;1;2;30;0;0;2;0;0;0;46307;51232;50109;50979;52998;54264;6000;0;2000;3000;2300;2000;0
4672;110000;1;2;2;26;0;0;0;0;0;0;49732;46766;41796;44251;42921;37748;2300;2000;3000;3000;2000;10000;0
4678;360000;2;1;1;35;-1;-1;-2;-2;-2;-2;10621;0;0;0;150;137;0;0;0;150;137;0;0
4695;80000;1;1;2;29;0;0;0;0;0;0;78038;79183;81356;63039;64371;65650;3000;3500;3500;2500;2351;2441;0
4699;160000;2;1;1;35;-1;-1;-2;-2;-2;-2;2851;0;0;0;0;0;0;0;0;0;0;0;0
4708;50000;2;2;2;36;2;0;0;0;0;0;42380;40288;32631;29968;29092;29977;1901;1744;1027;1033;1345;1000;1
4713;60000;1;2;2;24;0;0;-1;0;0;-1;54809;-827;1188;792;0;27248;0;2188;0;0;27248;1000;0
4717;80000;1;3;1;38;0;0;0;0;0;0;19277;20060;20977;20695;18587;20767;1400;1306;1019;685;2500;0;0
4723;30000;1;3;2;46;3;2;0;0;0;0;13784;13277;13984;14350;14650;15156;0;1234;600;532;750;825;1
4726;100000;1;2;2;32;-1;0;0;0;0;0;88550;91724;94799;97861;104634;92537;5000;5000;5000;9000;10000;5000;0
4734;320000;1;2;2;52;-1;-1;-1;-1;-1;-1;1122;5000;396;1176;396;396;5000;792;1176;396;396;39316;0
4736;500000;1;2;1;48;-1;-1;-1;-1;-1;-1;28352;35294;74846;37985;33050;22185;35465;75212;38169;33209;22289;22289;0
4741;50000;1;2;1;36;1;3;2;0;0;2;19606;19017;18409;18823;20379;18720;0;0;1000;2000;0;1000;0
4747;110000;1;2;1;27;1;2;2;2;2;2;46657;48615;49519;48421;50644;51662;3000;2000;0;3000;2000;3000;0
4754;260000;2;1;1;44;1;-1;-1;-2;-1;2;0;6500;0;0;2223;2056;6500;0;0;2223;0;60934;0
4757;170000;2;1;2;27;0;0;0;0;0;0;118801;108980;112125;109579;107030;101130;4000;5300;3800;3880;3500;3400;0
4770;100000;2;1;2;29;3;2;0;0;2;0;87791;85548;85391;50605;49666;50689;0;2500;5864;0;2000;2000;1
4785;50000;1;2;2;40;0;0;0;0;0;0;48331;49163;49754;19169;19480;19569;2300;2200;1000;1000;800;700;1
4800;20000;2;1;2;24;0;0;-1;-1;-2;-2;16199;0;187;-18;-18;-18;0;187;0;0;0;0;0
4814;130000;2;2;1;42;0;0;0;0;0;0;24565;22446;23245;27410;12085;9535;5000;2000;5000;3000;6000;2280;0
4815;80000;1;1;1;38;-1;-1;-2;-2;-2;-2;604;0;0;0;0;0;0;0;0;0;0;0;0
4818;120000;2;1;2;27;0;0;0;0;0;0;70835;59986;60779;62958;57763;53004;3000;2500;3000;2000;2000;2500;0
4828;60000;2;2;2;31;0;0;0;0;0;0;58173;59626;55775;28187;28978;27119;3400;2300;1200;1200;1500;1500;0
4844;30000;2;2;2;23;2;0;0;0;0;0;21684;23018;24630;24813;25333;25911;2000;2000;888;920;1000;2000;0
4845;230000;1;1;2;33;0;0;0;0;0;0;57171;56150;57074;50670;50652;51267;2100;2300;2000;2000;2000;2000;0
4849;100000;2;2;1;42;0;0;0;0;0;0;65917;67673;66292;67793;67182;66132;4000;3000;2500;3000;2500;2500;0
4850;140000;2;1;2;27;-1;-1;-2;-2;-2;-2;390;0;0;0;0;0;0;0;0;0;0;2943;0
4855;200000;2;1;2;27;0;0;0;0;0;0;11912;19196;11938;15972;17952;5925;14443;4938;5972;7952;2925;1718;0
4861;210000;1;2;1;41;2;2;2;2;2;2;87705;90376;90687;91888;93852;95734;4800;2500;3900;3400;3400;3400;1
4862;60000;2;2;1;27;0;0;0;0;0;0;43757;29772;30710;28914;29823;28916;2000;2000;1500;1500;1500;1100;0
4864;290000;2;1;1;37;-1;-1;-1;-1;-1;-1;3486;550;1922;550;550;3810;550;1922;550;550;3810;2927;1
4866;200000;2;2;2;40;0;0;0;0;0;0;99729;139201;155871;193666;216666;18871;59201;35000;54461;46666;18871;0;0
4873;50000;1;3;1;53;0;0;0;0;0;0;41674;40012;31089;14638;13577;16333;1660;1612;652;1300;3000;2500;0
4877;110000;2;2;1;33;0;0;0;0;0;2;184406;169795;154733;138071;126242;123449;7400;6700;4700;7800;0;117880;0
4878;50000;1;1;2;49;0;0;0;0;0;0;25277;27209;23740;19448;19594;19762;3000;3014;684;1000;713;677;0
4888;90000;1;2;2;29;0;0;0;0;0;0;51864;53135;53759;56397;87349;55700;2098;1680;20000;5000;4833;2000;0
4893;50000;2;2;1;47;0;0;0;0;0;0;48888;47988;9757;8941;9893;6181;1900;1139;2000;1000;300;500;0
4901;320000;2;1;2;28;1;-2;-1;-1;-1;-1;0;0;1200;0;600;5937;0;1200;0;600;5937;470;1
4903;180000;2;2;1;27;2;2;0;0;0;0;186895;167768;125879;119283;117515;109499;0;6000;3663;3700;3400;2771;1
4914;170000;1;1;1;33;1;2;-1;0;0;0;9020;326;7788;104556;141077;138790;0;7788;100000;41077;5200;5600;0
4916;50000;1;2;1;45;0;0;0;0;2;0;8558;9886;10593;11358;11033;11402;1471;1178;943;0;553;600;0
4920;350000;2;1;2;31;2;0;0;0;0;2;20042;108444;280478;143142;160442;98479;100000;200000;0;135000;0;100000;0
4930;170000;2;1;2;30;-1;-1;-1;0;0;0;8404;16835;2200;7510;12510;19720;16835;2200;5510;5000;8100;0;0
4936;50000;1;2;1;45;0;0;0;0;0;0;42614;38426;38318;17331;14916;18459;10016;20070;3006;6002;5000;2500;0
4938;180000;1;1;1;37;0;0;0;0;0;-2;15288;16534;18100;19900;-100;-100;1500;2000;2000;0;0;0;0
4943;270000;2;1;2;31;-2;-2;-2;-2;-2;-2;973;417;1593;913;1471;1302;592;1593;913;1471;1302;7107;0
4945;110000;1;2;2;32;-1;-1;0;0;0;0;2308;101780;50815;46147;39769;9353;101780;1501;1100;1000;2000;41644;0
4957;280000;1;1;2;33;-1;-1;0;0;0;0;8814;151643;153190;147589;149291;151357;151650;5546;6007;5507;6007;4184;1
4958;60000;1;1;2;27;0;0;0;0;2;0;14853;19589;27176;29712;29099;31601;5000;8000;3000;0;3000;3000;1
4960;300000;2;1;2;24;0;0;0;0;0;0;35040;35167;31333;35906;38963;40283;1518;1507;5406;3963;2283;900;0
4966;10000;2;2;2;22;0;0;-1;0;0;-2;7418;8080;780;780;0;0;1000;780;0;600;0;0;0
4970;140000;2;2;1;37;0;0;0;0;0;0;10025;9787;8127;8850;9262;5789;2000;1000;2000;2000;1000;2000;0
4982;240000;1;3;1;43;-1;-1;2;2;2;2;2690;2500;2500;2500;2500;0;2500;0;0;0;0;0;1
4989;130000;2;2;1;32;1;2;0;0;0;2;51559;50465;51531;52076;55432;56571;0;2500;2000;4200;2200;0;1
4990;80000;2;1;2;28;0;0;0;0;0;2;57776;7561;7793;7433;5962;4960;1200;1306;512;1000;0;110;0
4991;20000;1;1;2;32;0;0;0;3;2;0;11777;14851;17575;17063;15711;28600;3276;3000;3;7;2058;669;0
4997;180000;2;4;1;34;-1;-1;-1;-1;0;0;6892;6892;6892;6282;8282;0;6892;6892;6282;2000;0;0;0
5009;170000;2;2;1;31;0;0;0;0;-2;-1;63948;62090;63000;0;0;3300;5000;4000;0;0;3300;0;0
5017;360000;2;2;2;33;-1;-1;-1;-1;0;0;5344;9852;5137;4912;1150;0;9860;8537;4912;0;0;9294;0
5019;90000;1;2;2;26;0;0;-2;-2;-2;-2;70182;-18;-18;-18;-18;-18;0;0;0;0;0;0;0
5025;180000;2;1;1;40;-1;0;0;0;-1;0;4236;6614;6216;3622;4095;6596;3016;3000;1622;4095;3000;2827;0
5034;320000;2;2;1;32;0;0;0;0;0;0;160832;164750;168370;169371;172868;150827;8000;8000;5500;6100;6000;5000;0
5035;50000;2;1;2;23;0;0;0;0;0;0;48064;49362;48038;8760;9646;7747;2091;1310;1000;1000;277;296;1
5036;400000;1;2;1;45;0;0;2;0;0;2;337135;373869;366338;374255;409777;527566;44000;0;14000;42000;126000;18000;0
5041;130000;2;1;2;29;-1;-1;-1;-1;0;0;280;1954;304;978;652;326;2038;311;1000;0;0;326;1
5046;270000;1;1;2;36;0;0;0;2;0;0;78630;68921;46512;40335;37165;22156;10076;4018;14;2051;2000;0;0
5051;20000;2;2;1;39;0;0;0;0;0;0;45629;46661;47594;49281;18714;19162;2500;2400;2000;900;800;600;0
5058;20000;1;2;2;43;0;0;0;0;0;0;19197;19997;20060;18780;19580;0;1500;1500;1000;800;0;0;0
5059;200000;2;1;1;35;-1;-1;-1;-1;0;-1;10118;2105;483;5452;389;389;2106;486;6175;1;390;390;0
5060;140000;2;2;1;24;-1;-1;-1;-1;-1;-1;696;696;696;696;696;696;696;696;696;696;696;696;0
5068;50000;2;3;1;40;0;0;0;0;0;2;20831;21592;22571;23024;25567;24463;1400;1360;810;2900;0;1100;1
5079;50000;2;2;3;48;2;0;0;0;0;0;18460;20942;18942;18811;18183;18561;2813;1289;658;659;679;654;1
5090;80000;2;2;1;53;0;0;0;0;0;0;37242;37634;38281;38993;39268;39620;2000;2000;2000;2000;1408;1300;0
5094;210000;2;2;1;43;1;-2;-2;-2;-2;-2;0;0;0;0;0;0;0;0;0;0;0;0;1
5099;120000;1;1;2;26;0;0;0;0;0;0;19544;24230;28022;29249;29926;35357;5000;4200;2000;1300;6000;6000;0
5103;130000;1;1;2;25;1;-2;-2;-2;-2;-2;0;0;0;0;0;0;0;0;0;0;0;0;0
5104;240000;2;1;1;33;-2;-2;-1;0;-1;-1;9187;4740;5240;7795;3771;1891;5005;5240;4101;3771;1891;46438;0
5105;70000;2;3;2;40;0;0;0;0;0;0;60525;60932;60190;25126;24718;27726;14011;14494;6019;7010;8007;5008;0
5107;20000;2;5;3;35;0;0;0;0;0;0;17962;17858;17972;16592;15369;16247;1336;1211;1500;1300;1500;1000;0
5108;180000;2;2;2;29;0;0;0;2;0;0;172271;179760;180488;142201;141826;125974;11600;9635;0;5245;5172;3726;1
5109;80000;1;2;2;25;0;0;0;0;0;0;63771;62642;60005;53384;55060;54583;2500;2500;1900;2500;2500;2000;0
5113;150000;1;2;1;33;0;0;2;2;2;2;87721;87396;79424;76350;79721;77028;7200;3000;0;6000;0;3000;0
5125;150000;2;1;1;40;1;-1;-1;0;-1;-1;-15;17671;14517;1870;3495;0;17686;14517;0;3495;0;21754;0
5128;360000;1;3;1;51;-1;-1;-1;-1;-1;-1;3019;2438;1008;1250;0;860;2444;1008;1250;0;860;0;0
5134;20000;1;2;1;37;0;0;0;0;0;-2;16436;17584;18166;8190;8190;0;1418;1000;3144;0;0;0;0
5136;180000;2;1;2;32;2;2;2;2;2;2;73618;76990;78181;82645;84739;83282;4500;3000;5700;3500;0;3200;1
5140;250000;2;1;2;42;-1;-1;-1;-1;-1;0;4673;16014;4063;5589;15895;9948;17381;4063;6018;15895;1000;5928;0
5141;200000;1;1;1;43;0;0;-1;0;0;0;202225;-4359;190829;96686;100131;102467;1029;200000;10000;5000;4000;4000;0
5145;50000;1;1;2;23;-1;-1;-1;-2;-2;-2;3063;3625;0;0;0;0;3625;0;0;0;0;0;1
5153;160000;1;1;2;31;0;0;0;0;0;0;136809;77080;160336;92820;91449;89559;6000;5000;15000;5000;7000;10000;0
5160;400000;2;1;2;28;-1;0;-1;0;0;0;1416;1548;22085;21021;19761;12613;1052;22085;420;56;687;800;0
5162;20000;1;1;2;22;0;0;2;0;0;0;18523;17889;16473;19004;19254;16287;3500;0;3000;574;539;342;1
5163;240000;1;1;2;35;-1;-1;-1;-1;-1;-1;446;2852;-348;152;272;5291;2852;0;500;500;5291;1000;0
5164;110000;2;2;1;26;2;2;2;2;2;2;85814;91999;91803;94376;96409;98072;8500;2200;5000;3700;3400;4000;1
5165;80000;2;2;2;26;0;0;0;0;0;0;56373;57301;58017;56556;57890;58657;2129;2014;1985;3000;3001;2266;0
5168;200000;1;3;1;40;0;0;0;0;0;0;187431;192558;196537;76167;76810;72039;8124;8339;5004;2961;2579;2761;0
5172;70000;1;3;1;46;2;2;2;2;2;2;29258;31137;32855;33316;34137;33439;2352;2531;1300;1500;0;1400;1
5180;200000;1;2;2;27;0;0;0;0;0;2;233637;175918;181089;183180;192223;189681;7000;8100;6600;12000;0;6054;1
5188;200000;1;1;1;40;-2;-2;-2;-2;-2;-2;-7;1765;5074;19268;5606;2534;1772;5099;19364;5634;2547;33300;0
5197;50000;2;1;2;25;0;0;0;0;-1;0;16762;19126;13918;8239;6376;10077;4029;4031;3000;6376;5000;0;0
5204;330000;1;2;1;43;-1;-1;-1;0;0;-1;13200;9843;15440;45033;64723;3784;9863;15440;35033;30000;3874;25349;0
5219;20000;2;2;1;33;2;0;0;0;0;0;18075;19075;19106;18467;19018;19383;1600;1601;810;1000;692;647;1
5226;60000;2;1;2;24;0;0;0;2;0;0;57693;55760;59007;56492;57565;56569;2700;4800;0;2100;2200;2500;0
5240;330000;2;2;2;28;0;0;0;0;0;0;255834;258822;254855;258220;256058;256840;9425;9000;9174;9590;9500;9400;0
5243;20000;2;2;2;50;1;2;2;2;2;2;5065;4840;6100;5856;6432;6182;0;1500;0;822;0;2540;1
5247;300000;2;1;2;27;-2;-2;-2;-2;-2;-2;3102;1499;318;2488;187;607;1506;319;2488;187;607;1945;0
5259;250000;2;1;2;32;-1;-1;-1;-1;-1;-1;165;165;165;165;165;315;165;165;165;165;315;130;0
5265;50000;1;2;2;45;0;0;0;0;0;0;46090;48343;50157;18675;18542;17129;3000;3000;1008;1000;1000;1000;0
5274;60000;2;2;1;42;0;0;0;2;2;2;56166;58022;61331;55566;59331;60569;2760;4941;0;4675;2361;0;1
5275;20000;1;1;2;24;-1;-1;-1;-1;-2;-2;10283;0;750;0;0;0;0;750;0;0;0;0;1
5276;80000;1;2;1;53;0;0;0;0;0;0;66484;59837;53367;48154;43214;44229;2731;2058;1700;1565;1730;1812;0
5284;50000;2;2;1;38;-1;-1;-1;-1;-1;-1;588;588;926;643;643;643;588;926;643;643;643;643;0
5285;80000;1;2;1;36;2;2;4;4;3;2;600;600;600;600;300;150;0;0;0;0;0;1000;1
5300;360000;2;1;2;36;1;-1;-1;-1;-1;-1;-8;2379;0;11850;150;459;2387;0;11850;300;459;52;0
5307;500000;1;2;1;31;0;0;0;0;0;0;378886;382234;274586;273718;168418;167635;15057;11035;11035;7029;8035;10388;0
5308;160000;2;2;2;24;0;0;0;0;0;0;13038;158725;155808;98160;99057;100984;155000;5000;5000;3537;5000;4000;0
5309;80000;1;1;2;35;0;0;0;0;0;0;52065;55205;55900;55622;56295;61598;5000;2606;2200;2100;6679;1700;0
5310;130000;1;2;2;38;0;0;-2;-2;-2;-2;133400;0;0;0;0;0;0;0;0;0;0;0;0
5312;80000;1;2;1;46;0;0;2;0;0;0;30773;38879;26128;29137;30283;30523;10036;15;5003;3003;2007;1007;0
5314;80000;2;1;1;50;1;-2;-2;-2;-2;-2;0;0;0;0;0;0;0;0;0;0;0;0;0
5316;330000;2;2;2;28;0;0;0;0;0;0;37637;38676;40786;41767;42501;43359;1500;2600;1500;1400;1400;1500;0
5317;50000;2;1;2;26;2;0;0;0;0;2;10622;11642;12635;15403;16657;16240;1500;1500;3000;1500;0;3000;1
5321;500000;1;2;2;30;-1;-1;-1;-1;-1;-1;869;2496;1924;976;986;1200;2507;1933;980;990;1206;1069;0
5326;200000;1;1;1;45;-1;-1;-1;-1;-1;-1;577;0;2470;0;1350;1006;0;2470;0;1350;1006;0;0
5330;170000;1;2;2;41;-2;-2;-2;-2;-1;-1;6175;7404;7829;2218;3972;3643;7417;7862;2218;4866;3643;2732;0
5336;50000;2;1;1;38;0;0;-1;-1;-1;-1;19926;21658;3445;99;949;137;4158;3500;1000;1000;200;900;1
5339;20000;1;3;2;25;2;2;4;4;4;4;1650;1650;1650;1650;1650;1650;0;0;0;0;0;0;1
5349;220000;1;1;2;28;2;0;0;2;2;2;205130;212060;225462;116915;116021;114001;9975;19254;0;8500;0;8000;1
5353;100000;2;2;1;48;1;2;2;2;-1;-1;7828;7260;430;0;860;430;430;0;0;860;430;1166;0
5357;500000;1;1;1;34;-1;-1;-1;-1;-1;-1;1895;1086;740;0;1868;1883;1086;740;0;1868;1883;621;0
5369;100000;2;2;1;44;0;0;0;0;0;2;39000;40123;41217;42193;44722;44024;1900;1900;1800;3200;0;2000;0
5374;190000;1;1;2;33;0;0;0;0;0;0;137502;127014;120826;112211;110396;113386;6112;4202;4200;4200;5000;4200;0
5380;150000;1;2;2;44;0;0;-2;-2;-1;-1;143650;0;0;0;1000;0;0;0;0;1000;0;5000;0
5385;150000;2;1;2;29;1;-2;-2;-2;-2;-2;0;0;0;0;0;0;0;0;0;0;0;0;0
5387;50000;2;3;1;44;1;-1;-1;-1;-1;-1;-42;26267;26372;7490;5155;0;26309;26479;7490;5155;0;12754;1
5390;200000;2;1;2;35;0;0;0;0;0;0;75203;77949;74865;72766;70444;69003;4000;4000;5012;4000;3000;4000;0
5413;50000;1;2;3;49;0;0;0;0;2;0;24282;23470;23297;22546;19563;20227;1500;1500;2150;0;1000;1000;0
5415;280000;2;1;1;44;0;0;0;0;0;0;235635;197003;198808;187425;177340;180506;7665;6497;5555;5027;5065;5361;0
5416;500000;1;2;2;67;-1;-1;-1;-1;-1;-1;4410;2662;2533;1821;2498;3622;2681;2547;1826;2505;3630;3099;0
5417;30000;1;2;1;38;0;0;0;0;0;0;29723;30428;26558;27265;27953;28456;2000;2000;1500;1500;1500;1500;0
5423;80000;1;2;2;25;0;0;0;0;0;0;31780;33261;34703;36125;38374;39382;2000;2000;2000;3000;1800;2000;1
5424;100000;2;1;2;27;-1;-1;-1;-1;-1;-1;3904;398;931;5983;2010;1413;400;931;5983;2010;1413;3655;0
5425;300000;1;1;1;54;-2;-2;-2;-2;-2;-2;0;0;0;0;0;0;0;0;0;0;0;0;0
5431;180000;2;2;1;40;0;0;0;0;0;0;23820;22749;21221;18190;17919;18402;2005;2000;2004;2500;3000;4000;0
5433;80000;1;2;2;28;-1;0;0;0;0;0;77701;19577;22033;57522;58939;60790;2000;2800;36000;2500;3000;5000;0
5435;90000;1;3;1;45;2;0;0;-1;-1;-2;37681;27664;18037;1696;-4;2889;1519;5035;6700;0;2893;304;1
5436;240000;2;2;2;41;0;0;0;0;0;0;188983;190556;189914;190434;179424;183299;7106;12014;6075;5900;5900;5500;0
5437;150000;1;1;1;41;1;-2;-1;-1;-1;-2;-200;-200;1600;5431;0;0;0;1800;5431;0;0;0;0
5438;240000;2;1;2;33;-1;0;0;0;0;0;153062;156122;159998;161434;163403;167230;7000;8000;7000;6000;8000;7000;0
5442;360000;2;2;1;42;-2;-2;-2;-2;-2;-2;18186;7954;11609;10070;5079;4086;9548;11624;10070;5079;4086;1190;0
5449;50000;1;1;2;49;0;0;0;0;0;0;47754;48648;8868;9044;9234;9418;2280;1500;323;335;337;500;0
5456;70000;2;2;2;28;1;2;2;2;0;0;70736;72014;72215;70779;62525;71427;3000;2200;0;3000;10000;10000;1
5463;260000;1;1;2;32;0;0;0;0;0;0;122423;123006;122956;123709;120603;122674;5940;6000;4500;4500;4546;4510;0
5466;80000;2;2;2;34;1;-1;-1;-2;-2;-2;0;7400;-600;-600;-600;-600;7400;0;0;0;0;0;0
5469;350000;2;1;2;33;-2;-2;-2;-2;-2;-2;-2;-2;-2;-2;-2;-2;0;0;0;0;0;940;0
5470;200000;2;3;1;30;-1;-1;2;-1;-1;-1;1120;1100;740;740;890;740;1100;0;740;890;740;740;0
5475;290000;2;1;2;36;1;2;2;2;2;0;170422;173840;169476;177186;161057;163338;7594;0;12000;0;6818;5182;1
5477;16000;2;2;1;48;2;2;0;0;0;0;4577;4358;5366;5473;5750;6995;0;1089;196;365;1500;0;0
5484;20000;2;2;2;21;0;-1;-1;-2;-2;-2;20000;1685;0;0;0;0;1685;0;0;0;0;0;0
5494;60000;1;2;1;24;0;0;0;0;0;0;24608;18686;18571;18118;16179;12919;1400;1500;1295;3655;330;507;0
5498;50000;1;3;1;49;0;0;0;2;0;0;10644;12163;14147;13626;15194;16929;2000;2500;0;2000;2000;2000;0
5508;100000;2;2;2;36;0;0;0;0;0;0;87656;90341;92244;93316;95158;97776;5000;4300;3500;3500;4200;4500;0
5512;30000;1;1;2;36;0;0;0;0;2;2;27748;24640;51026;27400;26823;28621;1500;1500;4200;0;2252;0;0
5514;80000;2;1;2;27;-1;-1;-1;-1;-2;-2;5060;0;3885;0;0;0;0;3885;0;0;0;860;0
5524;500000;1;1;2;33;-1;-1;-1;-1;-1;-1;3933;5924;39167;4683;7222;35746;5954;39373;4706;7259;35924;5750;0
5527;390000;1;1;1;33;0;0;0;0;0;0;17794;23518;28139;32711;36215;40650;6000;5000;5000;4000;5000;8883;0
5528;30000;1;3;1;52;0;0;0;0;0;0;28889;30050;29797;18464;12235;0;2002;1025;1230;1042;0;0;0
5531;30000;2;2;1;27;0;0;0;0;0;0;52636;27761;28791;29078;30125;8941;3164;1615;902;1374;767;849;0
5537;30000;2;2;2;24;0;0;2;0;0;2;5807;7153;7877;8591;10302;10006;1600;1000;1000;2000;0;1500;0
5543;280000;1;2;2;30;2;2;2;2;2;0;110550;113877;115223;116930;112607;95949;6600;4700;5100;0;4200;3000;0
5544;80000;1;3;2;24;1;-1;-1;-1;-1;-1;0;832;416;416;416;416;1248;416;416;416;416;416;0
5548;380000;2;2;1;35;-1;-1;-1;-1;-1;-1;2661;2022;1823;1823;1823;1198;2022;1823;1823;1823;1198;2068;0
5549;260000;2;2;2;26;0;0;0;0;-1;-1;164351;164244;158124;62373;746;-45734;7000;5115;2000;746;5025;54836;0
5555;300000;2;1;2;32;-2;-1;-1;-2;-2;-1;2081;1925;1656;1756;1776;3414;1925;1656;1756;1776;3414;109;0
5558;100000;2;2;2;25;2;2;0;0;0;0;101827;99365;100349;72391;72396;72668;0;3927;2700;2800;3000;3000;1
5559;150000;2;2;1;38;-2;-2;-2;-2;-2;-1;0;0;0;0;0;150;0;0;0;0;150;810;1
5562;50000;1;2;1;33;0;0;0;0;0;0;21460;12570;13530;14876;14157;18888;1300;1200;5000;1000;5000;8000;1
5566;240000;2;1;1;43;0;-1;-1;-2;-2;-2;8862;3220;0;0;0;0;3220;0;0;0;0;0;0
5569;50000;1;2;1;24;0;0;0;0;0;0;17961;18689;19284;19517;19193;18848;1700;1600;1200;1000;1000;1200;0
5573;140000;2;2;1;62;0;0;0;0;0;0;142250;142172;141738;141524;141845;142150;5200;5100;5000;5200;5100;5200;0
5577;150000;1;2;2;26;-2;-2;-2;-2;-2;-2;3627;0;0;0;0;0;0;0;0;0;0;0;1
5579;120000;2;3;1;35;0;0;0;0;0;0;27666;28036;29555;28458;29129;29700;1500;2000;1000;1500;1500;1500;0
5582;250000;1;1;1;41;-1;-1;-1;-1;-1;-1;9146;10906;4614;28790;4418;10676;10957;4614;28796;4418;10676;0;0
5587;150000;2;2;2;28;0;0;0;0;0;0;103227;105462;109160;109859;112314;114614;3900;5450;4000;4227;4321;5000;0
5590;50000;2;2;1;39;0;0;0;0;0;0;47407;37716;30873;24659;15849;8540;2039;1400;1612;0;0;0;0
5596;150000;2;2;1;27;-2;-2;-2;-2;-2;-2;929;0;0;0;0;0;0;0;0;0;0;0;0
5599;270000;2;1;2;50;-1;-1;-1;-1;0;-1;3095;2340;0;1250;2250;178;2340;0;1250;1000;178;1772;0
5602;70000;2;2;2;33;0;0;0;0;0;2;14320;15383;16318;17048;18772;18320;1600;1500;1000;2000;0;1000;0
5603;50000;2;1;2;29;0;0;0;0;0;0;41897;17304;16544;14787;15975;17098;4000;2000;3000;3000;3000;3000;0
5627;360000;1;2;1;51;1;3;2;0;0;0;3551;3348;2504;1878;1252;626;0;0;0;0;0;626;1
5629;20000;2;2;1;24;2;0;0;0;0;0;19618;17576;18266;18637;19028;14924;1451;1141;512;533;1000;600;0
5644;360000;2;2;1;49;-1;-1;-2;-2;-2;-2;15000;0;0;0;0;0;0;0;0;0;0;780;0
5648;50000;2;2;2;22;2;0;0;0;0;0;47076;48628;48524;8411;8587;8758;2617;2463;350;311;313;324;1
5652;20000;2;2;2;27;-1;2;-1;2;0;0;226;226;4294;2863;1583;1320;0;4294;0;0;150;0;0
5656;20000;1;2;2;24;-1;2;2;2;0;0;19318;18735;20905;20270;19409;19954;0;2480;0;1000;1035;1000;0
5657;330000;1;2;1;39;1;-1;-1;0;0;0;-208;208;125755;128671;132598;136229;416;125755;5000;6000;6000;10000;0
5662;270000;2;2;1;42;-1;-1;2;-1;-1;-1;1138;11899;5794;19857;3681;3188;11921;329;20218;3699;3204;13193;0
5663;200000;2;2;1;33;-1;-1;-1;-1;0;0;7770;3266;200;15845;15845;-39;5846;200;15845;0;0;0;0
5667;400000;1;1;2;33;0;0;0;-2;-2;-1;201800;205150;0;0;0;91057;9150;0;0;0;91057;100000;0
5672;180000;1;2;2;29;0;0;0;0;0;0;98535;99196;98905;75576;59889;51422;3977;6516;1611;3000;7080;1132;0
5677;160000;1;2;2;43;0;0;-2;-2;-2;-2;8460;0;0;0;0;0;0;0;0;0;0;0;0
5679;150000;2;2;1;40;0;0;0;0;0;0;40548;41597;42405;43498;44596;45700;2000;1800;1800;1800;2000;1800;0
5684;50000;2;3;2;57;0;0;0;0;0;0;18599;18598;18835;18475;18135;17777;1321;1278;638;654;659;557;0
5693;50000;2;1;2;25;-1;2;0;0;0;-1;2823;1760;2640;1760;880;1910;0;1760;0;0;1910;0;1
5694;50000;2;3;2;42;0;0;0;0;0;0;2389;3405;4414;4653;4596;4688;1064;1073;312;166;168;174;0
5699;200000;2;1;2;26;0;0;0;0;0;0;121830;91216;93099;94949;96929;98909;3311;3400;3400;3512;3586;3148;0
5701;180000;2;1;1;30;-1;-1;-2;-2;-2;-2;2743;0;0;0;0;0;0;0;0;0;0;0;1
5702;300000;2;1;1;40;-1;-1;-1;-1;0;0;10920;3939;10184;115184;63758;19813;3939;11082;115184;19800;0;2356;0
5704;380000;2;2;1;30;-2;-2;-2;-2;-2;-2;3745;738;1175;576;576;-2;745;1180;578;578;0;580;0
5716;280000;2;2;2;35;-2;-2;-2;-2;-2;-2;1616;1198;494;698;1233;5080;1198;494;698;1233;5080;17095;0
5718;260000;2;1;2;33;2;-1;-1;-1;-1;2;1381;491;491;1132;1711;1070;493;493;1134;1072;2;3103;0
5731;50000;2;2;3;37;-1;-1;-1;-1;-1;0;1149;1420;1253;190;13390;9902;1424;1256;190;13400;30;16447;0
5733;200000;1;1;1;44;-1;-1;-1;-1;-1;-1;25929;1582;21133;2941;8191;22842;1582;21133;2941;8191;22842;5567;0
5737;90000;2;2;1;35;2;0;0;0;0;2;63426;57922;55010;52540;56236;40922;2700;2500;1900;4600;0;1600;1
5753;140000;1;3;1;56;0;0;0;0;0;0;7272;7906;8717;9046;9369;10165;1299;1500;1000;1000;1500;1000;0
5754;330000;2;2;2;30;-2;-2;-2;-2;-2;-2;0;0;0;0;0;0;0;0;0;0;0;0;1
5756;30000;2;3;1;29;1;2;2;2;2;2;13164;12668;15038;14502;15501;15105;0;2905;0;1386;0;600;0
5760;190000;2;1;2;44;0;0;0;0;0;0;181045;184249;158883;99255;80219;81912;8000;7000;4000;3000;3000;3000;0
5762;300000;2;1;1;39;1;2;-1;-1;-1;-1;6077;5806;2994;5338;4714;2362;29;3009;5364;4714;2362;4;0
5788;160000;2;2;1;40;0;0;2;0;0;2;137695;146193;139323;140719;143638;144482;12121;0;5100;10251;5205;0;0
5793;190000;2;2;2;26;-1;-1;-1;-1;-1;-1;11613;10000;10000;10000;10000;10941;10000;10000;10000;10000;10941;79027;0
5802;240000;2;1;2;29;-1;0;0;0;0;0;30380;15579;20496;15296;24332;23896;10023;10000;5000;15000;15000;5000;0
5808;90000;2;3;1;53;0;0;0;0;0;0;65237;62521;60363;58142;55896;53525;2255;2200;2100;2014;1876;1901;1
5810;360000;1;1;2;31;-1;-1;-1;-1;-1;-1;15285;52698;2875;6918;10014;6478;53751;2879;6918;10014;6478;42108;0
5813;190000;1;1;2;36;2;2;2;2;2;2;107689;109678;110887;111871;114223;116577;5200;4500;4300;4300;4400;4500;1
5819;170000;2;2;2;30;0;0;2;0;0;0;121009;136552;132655;134140;115892;116653;19078;0;5000;5000;4500;4500;0
5822;110000;1;2;1;49;0;0;0;0;0;0;51803;52888;54570;55368;56623;57196;1921;2563;2300;2300;1704;700;0
5824;50000;2;2;2;43;-1;0;0;0;0;0;26342;27457;27381;17930;18128;18490;1547;1251;1200;600;627;759;0
5827;10000;2;2;2;22;0;0;0;0;0;0;2274;3297;4730;5649;7304;8252;1067;1500;1000;1751;1073;2041;1
5847;90000;2;1;1;43;0;0;0;0;2;2;58043;61485;62540;81123;80073;82472;5003;5000;20000;10;10104;87;1
5849;110000;1;1;2;30;0;0;0;0;0;0;110800;112008;96347;49506;49142;49251;4404;2826;1880;1805;2182;2000;0
5859;50000;1;1;2;46;0;0;-2;-2;-2;-2;51400;0;0;0;0;0;0;0;0;0;0;0;0
5869;260000;1;2;2;31;-1;-1;-1;-1;-1;-1;326;326;326;326;326;326;652;326;326;326;326;144;0
5878;280000;2;1;2;27;-2;-2;-2;-2;-2;-2;-5;-5;-5;8164;0;1133;0;0;8169;0;231133;3300;0
5893;20000;1;3;2;26;2;0;0;0;0;0;17880;19224;19327;18696;19233;19909;1641;2400;632;800;1000;1500;1
5894;110000;2;3;1;38;0;0;0;0;0;0;100699;88694;74647;49021;34594;23116;3530;3066;2033;2021;1024;1003;0
5905;80000;1;1;2;32;-1;-1;-2;-2;-2;-2;4055;0;0;0;0;0;0;0;0;0;0;0;0
5907;50000;2;2;1;46;0;0;0;0;0;0;49859;49160;49222;29291;29391;29826;2438;2200;1187;1213;1073;1066;0
5908;80000;1;2;3;39;2;0;0;0;0;0;76123;54669;28674;28240;28540;27934;2000;1500;1200;1300;1200;1200;0
5910;140000;2;1;2;30;0;0;0;0;0;0;105732;99769;102682;102332;104544;107155;5000;5500;5000;4000;4500;4500;0
5912;30000;2;2;2;24;0;0;2;0;0;0;25111;27558;26552;27703;28128;28859;3551;0;1902;1022;1200;1200;0
5916;110000;2;1;1;41;2;2;7;7;7;7;150;150;150;150;150;150;0;0;0;0;0;0;0
5919;180000;2;3;2;33;1;-1;2;-1;-1;-2;0;199;199;580;0;0;199;0;580;0;0;0;0
5930;50000;2;3;1;54;0;0;0;0;0;0;16648;16200;15622;14277;12930;11657;1588;1483;611;458;403;351;0
5935;120000;2;1;2;31;0;0;0;0;0;2;82683;83075;75735;62511;62179;60981;4445;4020;3000;5700;0;2500;0
5947;70000;2;2;2;24;0;-1;0;0;0;-1;7033;1602;28199;28980;29795;27091;1954;28000;1250;1496;29251;1000;1
5949;170000;2;1;2;26;0;0;0;0;0;0;108426;109889;84897;82608;84388;86096;3600;3111;3000;3100;3101;3306;0
5952;240000;1;1;1;47;-2;-2;-2;-2;-2;-2;5731;0;0;0;0;0;0;0;0;0;0;0;0
5954;120000;2;1;2;27;1;-2;-2;-2;-2;-2;0;0;0;0;0;0;0;0;0;0;0;0;1
5962;180000;2;2;1;29;0;0;0;0;0;0;26000;26310;26662;26166;26176;25442;1800;1500;1056;950;1000;1050;0
5967;100000;1;2;2;26;0;0;0;0;0;0;60077;62438;49234;50521;51820;53056;4000;3000;2000;2000;2200;1700;0
5970;170000;2;2;1;34;0;0;0;0;0;0;35348;34622;31450;28229;26422;15081;1402;1789;652;798;1081;173;0
5974;300000;1;2;1;31;1;2;0;0;0;0;250121;221336;159556;32897;20992;12621;10236;7063;1005;1045;1004;1005;0
5976;50000;2;2;2;24;0;-1;-1;0;0;-2;14814;9631;36631;29150;0;0;10755;36671;583;0;0;0;0
5980;70000;2;1;2;24;1;2;2;2;2;2;15932;16879;16315;17099;16683;18753;1500;0;1355;0;2353;0;1
5984;80000;1;1;2;27;0;0;0;0;0;0;72565;63342;51529;41484;34097;29200;10000;4000;2000;3000;2500;0;0
5995;170000;2;1;1;44;-1;-1;-1;-1;-1;-1;29940;15903;5641;2194;18601;2557;15927;5641;2194;18601;2557;3871;0
6015;50000;2;2;1;25;0;0;2;0;0;2;35676;34407;30785;31573;35191;34476;3400;0;1300;4300;0;1500;1
6039;130000;2;2;2;23;2;2;2;2;0;0;115978;121386;108759;94692;96419;98233;12073;3400;0;3482;4037;2630;0
6045;500000;1;1;1;55;2;2;2;2;2;2;4957;4957;4957;4957;4957;4957;0;0;0;0;0;0;1
6046;200000;2;2;1;27;1;3;2;2;2;2;183994;182427;182657;174547;181454;177141;5200;7000;0;13300;0;6200;1
6048;20000;2;2;1;26;1;-2;-2;-2;-2;-2;0;0;0;0;0;0;0;0;0;0;0;0;1
6052;30000;1;2;1;58;-1;-1;-1;-1;-1;-1;2450;4765;3767;4151;3940;3697;4777;3770;4151;3940;3697;843;1
6062;150000;2;2;1;36;2;2;2;2;2;2;137723;141048;142475;143966;146736;149697;7000;5200;5300;5200;5500;5200;0
6071;80000;2;2;1;41;0;0;0;0;0;0;74228;76138;45441;30526;28356;2661;3500;2000;1400;1600;400;1000;0
6074;250000;1;1;1;48;0;-1;-1;-1;0;-1;205323;5317;4898;19351;4858;6973;10021;5033;19619;4874;7050;12073;1
6076;30000;2;1;1;38;0;0;0;0;0;0;26460;27042;27617;28546;13487;8307;2000;1400;1300;700;1000;0;0
6090;130000;2;2;1;52;1;2;2;2;0;0;112434;98455;103351;100724;97675;102080;0;12700;0;4000;11461;0;0
6092;150000;2;3;1;58;-2;-2;-2;-2;-2;-2;42218;44828;-7772;-7772;69762;71591;4828;0;0;77534;2991;4509;0
6099;200000;2;3;1;35;0;0;0;0;0;0;188096;171535;167877;128550;131511;127781;8000;6700;5000;5100;4700;4800;1
6107;150000;1;3;1;62;1;-2;-2;-2;-2;-2;0;0;0;0;0;0;0;0;0;0;0;0;0
6124;100000;2;2;1;41;-2;-2;-2;-1;-1;-2;390;390;0;944;0;0;780;0;944;0;0;0;0
6125;360000;1;1;2;32;-2;-2;-2;-2;-2;-2;0;0;0;0;0;0;0;0;0;0;0;0;0
6126;30000;2;3;1;47;-2;-2;-2;-2;-2;-2;6911;10507;4785;4567;11762;4209;10523;4790;4736;55762;4209;22815;0
6128;180000;2;2;1;60;2;2;2;0;0;0;178854;177159;177477;176197;170173;139649;2600;5022;5000;6000;7000;6000;1
6131;480000;1;1;1;47;0;0;0;0;0;0;69046;70490;71931;73362;74897;76461;2548;2602;2618;2709;2800;6098;0
6133;360000;1;2;1;57;1;-2;-2;-2;-2;-2;0;0;0;0;0;0;0;0;0;0;0;0;1
6140;280000;1;1;2;33;0;0;0;0;0;0;275487;207378;107293;6283;5783;5283;8879;4743;1640;0;0;0;0
6143;500000;1;1;1;56;0;0;0;0;0;0;87161;89009;92651;93725;95517;97581;3248;5140;3510;3461;3646;3770;0
6161;370000;1;1;1;40;1;-2;-2;-2;-2;-2;0;0;0;0;0;0;0;0;0;0;0;0;1
6166;360000;2;2;3;42;0;0;0;0;0;0;429169;278515;259097;259999;265746;259299;16629;9519;9367;10001;9513;9973;0
6169;120000;2;3;2;32;0;0;0;0;0;0;67876;69903;71446;79589;81354;83044;3120;3300;10000;3200;3200;10000;0
6171;20000;2;2;1;27;0;0;0;0;0;0;19961;16437;16579;17437;18314;19616;1500;2579;1437;1314;1616;800;0
6172;50000;2;2;1;48;0;-1;-1;0;-1;-1;5994;1478;2946;1473;1473;1473;1478;4419;0;1473;1473;1473;0
6174;160000;2;1;1;48;1;-2;-2;-2;-2;-2;0;0;0;0;0;0;0;0;0;0;0;0;0
6183;70000;2;1;2;24;2;2;2;0;0;0;26410;31128;24486;21879;13127;14149;5190;42;3000;3000;1400;2000;1
6186;50000;1;1;2;48;0;0;-1;0;0;0;53540;53321;49263;29063;26644;27201;1066;50045;992;1000;1000;1008;0
6191;50000;2;2;1;44;0;0;0;0;0;0;45578;41906;35703;22360;23659;27421;3016;5003;3000;3000;5000;924;0
6192;30000;1;1;2;30;1;-2;-2;-2;-2;-2;0;0;0;0;0;0;0;0;0;0;0;0;1
6196;50000;1;2;2;41;0;0;0;0;0;0;41993;43163;36546;6421;5263;-12;1942;1725;1000;400;0;0;0
6197;20000;2;1;2;30;1;2;2;-1;0;-1;11730;7221;0;3041;3041;1326;1712;0;3041;0;1326;0;0
6205;50000;1;1;1;56;-1;0;0;0;0;0;5433;12906;7044;6787;6534;6277;1117;1098;231;234;238;175;1
6213;100000;2;1;2;26;0;0;0;0;0;0;91857;78797;70936;68104;68055;68084;3572;2600;5600;2600;2600;2510;0
6219;450000;2;1;1;40;1;-2;-2;-2;-2;-2;0;0;0;0;0;0;0;0;0;0;0;0;0
6221;60000;2;1;2;27;-1;-1;-1;-1;-1;2;836;836;390;150;1320;780;836;390;150;1560;0;0;0
6225;190000;2;2;1;34;0;0;2;0;0;2;138628;156232;152251;153820;163265;166627;21440;0;5600;11950;6200;0;0
6231;30000;1;3;2;25;0;0;0;0;0;-2;10198;28773;18031;13127;0;0;18808;1200;263;0;0;0;0
6232;500000;2;1;2;28;0;0;0;0;0;0;58076;59534;51006;44360;34229;37880;2001;6620;6015;10001;4137;5000;0
6234;200000;1;3;1;30;0;0;0;0;0;0;144933;148103;148137;151505;154728;157912;7000;4000;4000;4000;4000;4550;0
6242;270000;1;1;2;29;0;0;0;0;0;0;227479;181629;185614;189524;193971;199763;7000;7000;7000;7500;9000;10000;0
6252;120000;2;2;1;43;-2;-2;-2;-2;-2;-2;0;999;0;0;0;0;999;0;0;0;0;0;1
6255;60000;2;2;2;27;0;0;0;0;2;0;12193;13983;15746;17486;17067;17255;2000;2000;2000;0;620;1710;0
6263;200000;2;3;1;38;0;0;0;0;0;0;97584;75187;72556;63524;49914;18068;3600;2500;3000;2000;2000;2000;0
6272;10000;2;1;2;23;2;2;7;7;7;6;2400;2400;2400;2400;2400;1800;0;0;0;0;0;0;1
6274;210000;1;1;1;30;0;0;0;0;0;2;65600;63396;64150;66135;70118;67254;2300;3000;3000;5000;0;3000;0
6279;20000;2;3;2;54;0;0;2;2;2;0;9777;10140;9360;9833;9153;9116;2000;1000;1000;0;500;500;0
6283;50000;2;2;2;31;1;-2;-2;-2;-2;-2;0;0;0;0;0;0;0;0;0;0;0;0;0
6285;150000;2;1;2;32;0;0;0;0;0;0;30697;40139;49410;58549;67560;86315;10000;10000;10000;10000;20000;1718;0
6286;140000;1;3;2;30;1;3;2;2;2;0;84014;85107;82532;81236;78306;72173;3300;0;6500;0;3000;3000;0
6287;80000;2;2;1;48;0;0;0;0;0;0;79518;77757;32325;25670;30089;29395;2264;1420;1002;6005;2000;970;0
6293;470000;2;1;2;40;0;0;0;0;0;0;17243;14722;15270;15615;16261;16969;1243;1300;600;900;1000;1324;1
6310;150000;2;2;1;44;0;0;0;0;0;0;61951;55504;22050;17360;17360;12000;15000;1200;0;0;0;0;0
6314;360000;1;1;2;29;1;-2;-2;-2;-2;-2;0;0;0;0;0;0;0;0;0;0;0;0;0
6316;10000;1;1;2;24;0;0;2;0;0;0;4216;6476;6224;6347;12856;8078;2500;0;227;239;3412;0;1
6317;200000;2;1;2;32;-2;-2;-2;-2;-2;-2;2580;-35;3519;1846;1330;14470;0;3554;1855;1337;14542;2955;0
6320;240000;1;1;1;44;-1;-1;-1;-1;-1;-1;4221;2188;2701;2427;1104;2362;2188;2701;2427;1104;2362;519;0
6329;500000;1;1;2;43;0;0;0;0;0;0;141323;143548;146487;139155;142337;145411;5000;5015;5000;5000;5000;5000;0
6335;70000;2;2;1;33;2;2;2;2;3;2;63963;65350;66279;70580;69180;70392;3000;2600;6000;0;2500;1165;1
6338;20000;1;3;2;26;2;2;-1;-1;2;0;20155;10356;556;20897;20438;20325;0;600;20900;1;805;752;0
6340;200000;2;2;3;35;-1;-1;-1;-1;0;-1;1992;8287;9427;2040;16338;2076;8290;9427;2240;16000;2076;833;0
6342;130000;1;1;1;35;2;0;0;0;0;0;77578;79724;81221;34289;38550;40600;4000;3500;5000;5000;3000;9900;0
6350;500000;1;1;1;39;1;-2;-2;-2;-2;-2;0;0;0;0;0;0;0;0;0;0;0;0;0
6351;260000;1;1;1;43;-1;-1;-1;-1;-1;-1;76;773;0;1703;329;248;826;0;1703;329;248;702;0
6353;50000;1;1;2;33;2;4;3;2;0;0;24947;24529;23840;22790;23001;24557;249;0;0;1500;2100;0;0
6355;170000;2;1;2;53;-2;-2;-2;-2;-2;-2;-200;-200;-200;0;2769;0;0;0;200;2769;0;0;0
6364;120000;2;1;2;27;0;0;0;2;0;0;11379;9559;10861;10055;11040;10466;1200;1500;0;1100;550;600;1
6368;180000;2;2;1;37;1;-2;-1;0;0;0;-1279;-2329;2115;2329;850;0;0;4444;214;0;0;0;0
6370;80000;2;2;1;34;0;0;0;0;-2;-2;49005;49551;45930;0;0;0;2141;2150;0;0;0;0;0
6371;120000;1;2;2;31;3;3;2;2;-2;-2;113722;110525;103632;-36;-18;-18;0;0;0;0;0;0;0
6372;20000;2;2;2;22;-1;-1;-1;-1;-2;-2;2480;179;1669;0;0;0;179;1669;0;0;0;0;1
6379;120000;1;1;2;34;1;2;2;-1;-1;-1;650;625;300;475;300;325;300;0;500;300;500;300;1
6382;210000;2;2;1;42;1;-2;-2;-1;0;0;0;0;0;6622;6506;6511;0;0;6622;298;1000;1179;0
6395;450000;1;1;2;37;0;0;0;0;0;0;16259;15026;17363;11708;11329;4749;6000;4000;6000;5000;2000;2092;0
6406;180000;1;1;2;38;1;-2;-2;-2;-2;-2;3999;2183;5828;0;2165;645;2183;5828;0;2165;645;4390;0
6407;240000;2;1;2;38;-1;-1;-1;-1;-1;-1;6916;2098;9927;3633;3603;926;2106;9951;3633;3603;926;7199;1
6413;160000;1;2;2;45;0;0;0;0;0;0;131895;132154;129237;90981;92580;77184;5336;4900;2807;2898;2713;2885;1
6414;70000;1;1;2;33;0;0;0;0;0;0;66874;132127;52335;27374;27133;10721;2423;4136;1024;1215;435;186;1
6416;80000;1;2;1;47;0;0;0;0;0;0;52690;51560;51047;48260;46198;43253;2022;1711;1584;1576;1690;1285;0
6430;10000;1;2;2;21;0;0;0;0;0;0;9042;10038;9784;9984;9780;0;1305;1000;200;196;0;0;1
6431;50000;1;2;2;35;-1;-1;-1;-1;-1;0;780;0;390;390;28094;28263;0;390;390;28094;1011;965;0
6434;20000;2;1;1;38;-1;-1;-1;-2;-1;-1;1925;500;0;0;6360;11220;500;0;0;6360;11220;0;0
6450;50000;2;3;2;22;0;0;0;0;0;0;46687;47831;48764;47109;39415;39920;1896;1829;1924;1308;1480;1171;1
6451;50000;2;2;1;23;0;0;0;0;0;0;33713;34437;28709;28386;28361;28449;5012;3000;3548;2500;2000;2000;0
6457;450000;2;1;2;32;1;-1;0;0;-2;-1;0;1042;4064;-8;-8;402;1042;3057;0;0;410;0;0
6465;120000;1;2;2;29;0;0;0;0;0;0;118277;121004;118774;91369;88015;88087;6513;3740;3215;3300;3405;3303;0
6473;50000;1;2;1;43;0;0;0;0;0;0;28287;28924;29521;29876;30201;15611;1485;1472;1217;1347;558;550;0
6474;170000;2;2;2;23;-1;0;0;0;0;0;32192;32555;32292;32372;31202;31688;1608;2301;2379;2202;2688;2110;0
6478;380000;2;1;2;32;-1;0;0;0;0;0;91806;100291;108245;109006;117195;121246;10000;10000;10000;10001;6000;38000;0
6481;110000;2;2;1;24;1;-1;0;0;0;0;-1256;65064;66102;54275;51791;52928;68500;3114;4016;2000;2000;2000;0
6482;50000;1;1;1;23;1;-2;-2;-2;-2;-2;0;0;0;0;0;0;0;0;0;0;0;0;0
6500;140000;2;2;2;26;0;0;0;0;2;0;141057;144306;141949;141345;136379;126211;7200;19000;10400;0;4931;9100;0
6501;10000;1;3;1;47;0;0;2;0;0;2;6817;9119;8826;8849;9567;9265;2588;0;318;862;0;502;1
6515;290000;2;2;1;48;1;2;0;0;0;0;292907;285272;288543;209443;132211;133946;0;14000;9000;5000;5000;5000;1
6518;80000;1;2;2;27;2;-1;-1;0;0;0;1195;553;1074;35783;35488;36020;700;1074;35000;1300;1400;1300;0
6520;150000;1;1;2;37;-2;-2;-2;-2;-2;-2;120;0;0;0;0;0;0;0;0;0;0;0;0
6521;230000;2;1;2;37;0;0;2;0;0;-2;9092;12509;12784;12584;0;0;3500;700;0;0;0;0;1
6524;100000;1;2;1;36;0;0;0;0;0;0;46202;47239;48258;49218;99677;51738;1784;1803;1763;1843;4654;2297;0
6525;30000;1;2;1;33;0;0;0;0;0;0;23467;24195;25286;25807;26350;27409;1409;1500;942;959;1500;946;0
6527;20000;2;1;2;24;-1;2;-1;0;0;-1;632;316;948;632;316;1096;0;948;0;0;1096;0;0
6536;180000;2;2;1;26;0;0;0;0;0;0;3679;4711;3996;6007;3260;0;1105;1000;2011;503;0;0;0
6540;80000;2;1;2;28;0;0;2;2;2;2;75709;80033;78145;80584;81693;78470;6800;0;6000;3000;0;5100;1
6541;60000;1;1;2;31;2;2;2;2;2;2;61432;57751;59200;57558;52992;61325;0;4770;2250;0;50000;0;1
6546;200000;2;2;1;60;-1;-1;-1;-1;-1;-1;396;396;461;396;546;396;396;461;396;546;396;396;0
6548;150000;2;2;1;36;0;0;0;0;-1;-1;70001;45813;44309;27428;2013;4724;2500;1200;2618;2013;4724;0;0
6555;180000;1;1;2;28;-2;-2;-2;-2;-2;-1;-124;0;0;0;225;35173;1004;0;0;225;24815;10250;0
6557;20000;1;2;2;22;3;2;2;3;2;2;16014;15474;19739;19194;38414;19200;0;4900;0;800;800;500;1
6560;230000;2;2;1;32;0;0;0;0;0;0;57259;46226;36089;34158;22872;22592;2500;3000;3000;1500;1500;2000;1
6565;60000;1;2;2;31;0;0;0;0;0;2;53234;54361;55395;56416;58792;56130;2580;2557;2500;4500;0;2000;0
6566;180000;1;2;2;28;0;0;0;0;0;0;78128;81976;83338;90031;93692;96100;5000;4000;8000;5000;4000;5500;0
6567;160000;2;2;1;32;0;0;0;0;0;2;30414;24158;10091;5905;6210;4302;1200;1036;309;500;0;1000;1
6575;200000;1;1;1;38;-2;-2;-2;-2;-2;-2;2780;2645;-10;4115;1315;0;2658;0;4125;1315;0;0;0
6580;50000;2;2;2;25;2;2;2;0;0;0;50863;50887;19345;19152;18953;19388;1600;0;1000;1000;900;900;1
6590;420000;2;1;1;34;-1;0;0;-1;0;-1;440;1479;2940;3160;4160;883;1039;1500;3160;1000;883;28000;0
6593;500000;1;1;1;45;-2;-2;-2;-2;-2;-2;186610;130751;43890;38759;46834;28408;261524;43919;38787;46834;28408;63001;0
6615;260000;2;2;2;31;0;0;0;0;0;0;166071;137702;77683;163040;86008;88575;7000;3000;7152;8000;4000;4000;0
6617;70000;2;3;2;52;0;0;0;0;0;0;105991;67243;67533;28653;29253;26185;2777;1751;969;1004;938;1122;0
6623;90000;2;3;1;45;0;0;0;0;0;0;63115;33963;33807;2966;1223;0;1988;1900;59;24;0;0;0
6624;20000;2;2;2;24;1;2;0;0;2;0;6025;5786;10471;11542;11216;14834;0;5000;1550;0;4000;4026;1
6625;220000;2;1;2;30;-1;-1;-1;-1;-1;2;2731;3403;5990;7767;42731;33266;3403;5990;7767;40645;0;4622;0
6626;240000;1;1;2;27;0;0;0;0;-1;2;2961;4748;7013;7722;732;291;2000;2873;1000;882;0;0;0
6629;380000;1;2;1;31;-1;-1;-1;-1;-1;-1;6749;7917;9645;11865;13133;4702;7959;9683;11916;13191;4717;9354;0
6633;90000;1;2;2;28;0;0;0;0;0;2;43314;44354;45372;46317;51292;50316;2037;2055;2000;5913;0;2100;0
6638;610000;1;2;1;30;0;0;0;0;0;0;50724;8723;6245;7089;8059;8666;2134;1210;2000;2000;1666;1500;0
6642;160000;1;1;2;26;0;0;0;-1;-1;-1;135233;130038;79027;6666;6666;6666;5600;3715;6666;6666;6666;6666;0
6645;50000;2;2;2;56;0;0;0;0;0;0;47060;48481;49505;17612;19461;18660;2180;2204;656;2159;678;851;0
6647;140000;1;2;1;29;0;0;0;0;0;0;130767;134946;130470;132038;131961;124256;6696;5000;4866;5300;5055;5000;0
6655;190000;2;1;2;26;2;0;0;0;0;0;204297;106428;109736;111487;114878;118541;6355;6500;5000;5117;5644;4767;1
6660;10000;1;2;2;44;1;2;2;0;0;0;6898;7642;5381;3791;3791;0;1019;0;0;0;0;0;0
6661;320000;2;2;1;36;0;0;0;0;0;0;4062;5143;5988;6988;7988;0;1155;1000;1000;1000;0;2500;0
6663;380000;1;1;1;39;-1;-1;-2;-1;-1;-2;6347;0;0;46350;0;0;0;0;46350;0;0;24000;1
6667;50000;2;1;1;57;1;2;0;0;0;2;45608;44619;44856;32461;49916;29117;0;1600;871;30347;0;0;1
6669;50000;1;3;1;51;0;0;0;0;0;0;42257;44243;64104;33406;34104;34869;3000;2500;1985;1163;1256;1316;0
6671;320000;1;1;2;26;-1;0;0;0;0;-2;111710;12484;13917;12125;0;0;1267;1700;243;0;0;220000;0
6677;210000;1;1;2;30;0;0;2;0;0;0;99342;99506;100117;101212;101197;103175;4900;4100;3600;4500;4000;3900;0
6685;180000;1;2;1;37;-1;-1;-1;-1;-1;-1;5480;11834;17380;8329;20406;9772;11850;17552;8333;20406;9772;9315;0
6696;300000;2;1;2;43;1;-2;-2;-1;-1;-2;1352;2380;0;970;0;89;2380;0;970;0;89;0;0
6699;190000;1;3;1;29;-2;-2;-2;-2;-2;-2;51632;9803;3427;924;-876;-969;1000;3524;929;869;7;1587;0
6700;60000;1;2;2;43;1;-2;-1;-1;-2;-2;0;0;780;0;0;0;0;780;0;0;0;0;0
6702;30000;2;2;1;45;0;0;0;0;0;0;17166;18578;20260;20626;21142;21790;2000;2000;1000;1000;1000;1500;0
6715;170000;1;1;1;45;2;-1;-1;-1;-1;-1;360;360;360;360;360;870;360;360;360;360;870;0;0
6717;310000;2;1;2;39;0;0;0;0;0;0;300500;265766;245458;249435;240521;246525;11027;10500;14000;10000;10000;10000;0
6719;200000;2;2;2;29;0;0;2;0;0;0;69412;69878;64222;50518;44892;76088;4012;2008;3008;9056;36100;22500;0
6721;300000;2;1;2;26;0;0;0;0;0;0;296186;290906;275061;250488;250357;249990;20006;9000;10000;9000;10000;8000;0
6722;140000;1;2;2;55;0;0;0;0;0;0;162452;164055;141301;99115;101597;101290;5000;140000;4000;4000;4000;4000;0
6728;220000;1;1;2;29;0;0;0;0;0;0;216096;189566;183838;157898;164860;168294;10110;12000;5852;10000;6610;5836;0
6730;390000;2;2;1;43;2;2;2;0;0;0;78658;60152;40238;41366;37788;19025;4514;0;1528;0;1000;3574;1
6731;280000;2;1;2;39;-2;-2;-2;-2;-2;-2;1863;869;262;1203;4;320;872;262;1203;150;470;1000;0
6739;360000;1;1;1;32;1;-2;-2;-2;-2;-2;0;0;0;0;-5;-5;0;0;0;0;0;0;1
6742;40000;2;2;2;27;0;0;0;0;0;0;29009;34183;35606;37018;37184;38066;9000;2000;2000;1349;1500;1500;0
6760;180000;2;2;2;29;0;0;0;2;2;0;100534;102971;108232;108628;94416;178120;5364;8633;3600;0;3700;9603;0
6762;230000;2;2;2;29;-2;-2;-2;-2;-1;2;0;0;0;0;1004;854;0;0;0;1004;0;5183;0
6769;480000;2;1;2;57;-1;-1;-2;-1;-1;-1;7066;2328;4279;24973;76738;25108;6378;5096;25173;25896;25108;25000;0
6776;130000;1;1;2;30;0;0;0;0;0;0;16757;21481;22389;22535;24236;20246;5000;1598;744;2000;744;3000;0
6778;120000;2;2;1;30;1;-2;-2;-2;-2;-2;0;0;0;0;0;0;0;0;0;0;0;0;0
6779;180000;1;1;2;27;0;0;0;0;0;0;29735;24414;18300;16908;37319;34978;19000;5000;10009;22000;20000;15000;0
6784;70000;2;1;2;26;1;2;2;2;2;2;28106;30447;29659;31767;31124;35511;3100;0;2600;0;5100;1400;1
6785;100000;2;1;2;24;-1;3;2;-1;-1;-1;1331;1326;652;326;326;476;0;0;326;326;476;326;0
6790;50000;2;2;1;45;0;0;0;0;0;0;46188;14082;15021;7696;7872;8028;1261;1200;300;300;287;297;0
6798;320000;1;2;2;34;0;0;0;0;0;0;173742;167837;100407;88717;179;-336;8100;6000;7000;2;0;2003;0
6799;120000;2;1;2;32;0;0;0;0;0;0;81878;83429;77262;78783;75252;77090;3014;5000;5000;2726;4000;3000;0
6813;400000;2;1;1;37;-2;-1;0;0;0;0;-151;27952;47213;121013;87332;106519;78130;20000;93000;30000;20000;12014;0
6815;110000;1;2;2;31;0;0;0;0;0;0;61050;62663;62425;59118;49449;38047;2600;2100;2000;2000;1500;1000;0
6817;120000;2;1;2;27;-1;0;0;0;0;0;22027;51757;113157;106767;30237;-1280;35000;100000;0;0;0;2750;0
6819;400000;1;1;1;46;0;0;0;0;0;0;31864;34538;31648;127340;129411;128796;4237;4000;100000;5000;4183;3613;0
6821;220000;2;2;1;32;-2;-2;-2;-2;-2;-1;183718;172250;175771;180794;184650;167856;6243;6376;7942;8270;170000;6002;1
6831;130000;2;2;2;26;0;0;0;0;0;0;84133;84458;62441;48175;29874;15525;2758;2741;2175;1874;1525;0;0
6839;80000;2;2;2;42;2;2;2;2;2;2;73981;76489;77611;78683;80315;81887;9625;3000;2900;3000;3000;0;1
6844;50000;1;2;2;39;0;0;0;0;-1;-1;48803;48808;20131;19940;390;540;1487;1200;399;390;540;390;1
6846;130000;2;2;2;34;0;0;0;0;2;0;99593;100415;103618;107525;104042;100190;4050;5600;7800;0;3900;3100;1
6857;360000;2;1;2;29;-2;-2;-2;-2;-2;-2;5041;7485;4480;3260;3884;4352;2500;7740;3260;3884;4352;4509;0
6858;180000;2;1;1;33;-1;0;0;0;0;0;996;1999;2216;2301;2364;2286;1503;1400;250;228;106;1601;1
6864;60000;2;3;3;48;0;0;2;2;-1;0;53116;55950;54439;-561;20115;20000;3689;0;0;20907;400;0;0
6878;260000;1;1;2;29;0;0;0;0;0;0;52079;52083;46703;47500;45030;48249;6000;5000;5000;4000;5000;5000;0
6883;230000;2;5;2;45;0;0;0;0;0;0;144407;146277;149338;152555;155934;159332;5400;5500;5700;6000;6000;6000;0
6901;230000;2;2;2;31;-1;-1;-1;-1;0;0;5070;4317;1421;10452;5978;62292;4317;1421;10452;700;57229;2500;0
6902;300000;2;1;2;26;0;0;-1;-1;0;-1;293554;291421;3760;3359;10670;2969;7877;5016;5008;10032;2977;11875;0
6907;10000;1;2;1;62;-2;-2;-2;-2;-2;-2;2778;1939;2038;1938;0;0;1939;2040;1938;0;0;0;0
6908;50000;1;2;2;46;-1;-1;-1;-1;0;0;1540;26060;0;2650;3320;2764;26060;0;3472;2320;1764;2841;0
6914;60000;1;2;1;39;0;0;0;0;0;0;59929;35338;22856;22122;19531;16594;2110;2000;200;467;500;4100;0
6915;100000;1;2;2;27;2;0;0;3;2;0;63004;66964;75856;74062;72756;76355;5000;10000;0;0;5000;5000;1
6916;20000;2;2;2;25;-2;-2;-2;-2;-2;-2;7666;6664;6598;6632;6666;6666;6664;6600;6700;6700;6666;6982;0
6928;130000;2;2;1;26;0;0;0;0;0;0;24579;23741;11666;11806;11081;11396;1187;1500;616;500;500;485;0
6929;140000;2;1;2;31;0;0;0;0;0;0;112936;117021;107837;96546;95489;97347;6000;5000;3400;3617;3600;3700;0
6931;360000;2;1;2;35;1;-2;-2;-2;-2;-1;0;0;0;0;0;1392;0;0;0;0;1392;12884;0
6936;200000;1;1;1;41;0;0;0;0;0;0;90930;94502;93559;95060;88930;-23670;5032;2263;1901;1779;0;0;0
6942;230000;2;3;2;48;-1;-1;-1;-1;-1;-1;2781;12515;3090;1879;30467;4460;12540;3099;1884;30468;4473;5635;0
6947;220000;2;2;1;37;2;0;-1;-1;0;0;2345;2572;15;947;631;715;1007;16;1578;0;400;1;1
6953;180000;2;2;2;31;0;0;0;0;0;0;176731;177490;178659;138243;138023;137923;6814;7756;4788;5100;5500;5100;0
6955;300000;2;1;2;33;-2;-2;-2;-2;-2;-2;0;0;0;0;0;0;0;0;0;0;0;0;1
6959;280000;2;1;2;27;-1;-1;-1;-1;-1;-1;36382;2000;400;0;1398;4626;2000;400;0;1398;4626;0;0
6965;320000;2;1;1;41;-2;-2;-2;-2;-2;-2;56093;0;0;0;12974;0;0;0;0;12974;0;5616;0
6968;140000;2;2;2;29;0;0;0;0;0;0;43030;44335;45351;46317;55506;56609;2000;1755;1721;10000;2028;3000;0
6969;50000;1;2;2;25;0;0;2;0;0;0;6302;7993;8506;8716;8926;9128;1800;800;500;500;500;400;1
6972;20000;1;2;2;37;0;0;-2;-1;0;0;15960;0;-1953;5985;6893;8273;0;18047;7985;1000;2000;0;0
6979;170000;1;1;2;30;-1;2;2;-1;-1;-1;998;998;0;499;724;390;0;0;499;724;390;424;0
6984;300000;2;1;1;51;-1;-1;-1;-1;-2;-2;311;830;225;0;0;0;832;225;0;0;0;0;0
6990;120000;2;2;2;26;1;2;2;2;2;2;52623;51208;57538;56019;60135;61298;0;7200;0;5200;2300;0;0
6999;220000;1;1;1;41;-1;-1;0;-1;-1;-1;30262;37068;14271;9884;4090;6108;37092;10071;9884;4090;6108;19933;0
7001;30000;2;3;2;22;0;0;0;0;0;0;20741;21906;23183;13273;3027;3177;1500;1700;750;200;200;100;0
7006;100000;2;2;2;28;0;0;0;0;0;0;101557;101518;97664;70995;70183;71068;5000;4000;2700;2500;2800;2600;0
7009;20000;2;3;1;41;0;0;0;0;0;2;16208;16942;18255;18468;19715;19250;1300;1600;813;1700;0;831;0
7026;90000;1;2;3;40;0;0;0;0;-1;-1;106947;71111;25286;8773;3786;390;1965;5064;5007;3788;390;390;1
7036;240000;2;1;1;37;-1;-1;-2;-2;-2;-2;317;0;0;0;0;0;0;0;0;0;0;0;0
7038;120000;1;1;1;52;2;2;2;2;3;2;112593;112623;115258;119620;118928;121619;3300;6000;7800;1500;4800;0;0
7045;200000;2;2;1;42;-1;-1;-1;-1;-1;-1;326;645;586;600;485;0;645;586;600;485;0;0;0
7051;210000;2;3;1;55;0;0;0;0;0;0;217016;204418;204377;146575;144521;147938;8049;9000;6000;5500;5816;5500;1
7060;50000;2;2;3;30;2;2;0;0;0;0;40087;38281;34519;33965;33273;31960;0;1466;1282;1293;1257;3013;0
7062;30000;2;2;2;29;1;2;0;0;0;2;16493;15545;16557;16857;18121;18375;0;1275;575;1539;700;0;1
7064;20000;1;3;2;37;0;0;0;-1;-1;-2;19716;20518;16551;1700;0;0;1547;1350;1700;0;0;0;0
7067;290000;2;1;2;32;1;-2;-1;0;-1;-1;0;0;3786;3786;2881;2430;0;3786;0;2881;2430;0;0
7068;90000;2;1;2;30;2;2;3;3;3;3;750;750;750;750;2450;2150;0;0;0;2000;0;0;0
7077;60000;2;2;1;42;0;0;0;0;0;0;61759;60399;38994;40338;40142;39904;2600;2000;2000;1614;1590;2000;0
7091;120000;2;2;2;29;0;0;0;0;0;0;114538;117171;115941;116877;117359;117029;6000;5500;4160;4120;4250;4380;0
7093;220000;2;2;2;41;0;0;0;0;0;0;32016;29052;23115;20354;7438;4887;2004;2009;5004;1000;1000;3000;1
7094;320000;2;1;2;32;2;0;0;0;0;0;313383;313136;317847;313990;312070;319672;12937;13036;10072;9600;11056;9964;0
7096;20000;2;2;2;23;0;0;0;0;2;0;4561;6474;8353;13192;14871;11536;2000;2000;5000;2000;1000;2000;0
7097;460000;2;1;2;34;1;-2;-2;-2;-2;-2;-258;-258;-258;1209;703;990;0;0;1467;703;990;3200;0
7098;490000;1;1;1;38;1;-2;-2;-1;0;0;380;380;380;15240;19656;24006;380;380;15240;5000;5000;7396;0
7102;180000;2;1;2;33;-2;-2;-2;-2;-2;-2;1246;1845;471;471;248;335;1845;471;471;248;335;200;0
7104;240000;2;5;1;44;0;0;0;0;0;0;47315;34623;34347;36082;32957;18797;3000;3500;9700;4000;6300;3000;0
7105;390000;2;1;2;37;-1;-1;-1;-1;-1;-1;20666;20666;10000;20666;10000;10000;20666;10000;20666;10000;10000;10500;0
7106;50000;1;3;2;47;0;0;0;0;0;0;48593;48653;15433;15037;10527;10736;1278;1469;463;381;383;398;0
7120;100000;2;2;1;35;-1;-1;-1;0;0;-1;29048;0;4069;37069;20233;22227;0;4069;33000;20000;22227;20000;0
7123;390000;1;1;1;45;2;2;0;0;0;0;185204;180455;131386;131879;115183;75131;0;6000;3500;5000;4500;3000;1
7131;130000;1;2;1;44;2;0;0;0;0;2;16357;17287;19992;22329;23964;23428;1500;3000;3000;2000;0;1500;1
7133;150000;1;1;1;35;0;0;0;0;0;0;160292;153981;129725;103050;54447;46943;6100;5100;4200;1900;1600;1500;1
7134;50000;2;3;2;22;0;0;0;0;0;0;36926;52845;52148;32718;32096;30563;20007;3014;1309;5009;2008;4622;0
7139;50000;1;2;2;22;0;0;0;0;0;0;55100;52440;47080;15718;13674;15145;2372;2149;1203;2000;1716;628;0
7140;10000;2;3;1;48;0;0;0;0;0;0;7863;8504;8162;6978;2278;0;1172;1000;186;0;0;0;0
7152;40000;2;1;2;24;0;0;0;0;0;0;28140;32343;39717;37263;35224;34111;5000;8017;7000;4000;5000;5000;1
7154;150000;2;2;1;37;0;0;0;0;0;-2;144744;147891;116541;114511;0;0;4610;2336;2290;0;0;0;0
7162;100000;2;2;2;37;0;0;0;0;0;0;177961;108173;15697;11353;9306;9693;3082;2022;1000;1000;500;300;1
7166;90000;2;3;1;68;-2;-2;-2;-2;-1;-1;2000;1000;1000;1000;1052;69237;0;1000;1000;1052;71062;3000;0
7167;500000;1;2;2;36;1;-2;-1;0;0;0;226;8546;121867;116089;114293;118081;9125;126768;3468;4050;15099;5015;0
7173;80000;2;3;1;28;0;0;0;0;0;-2;36847;38847;35017;36175;0;0;2000;2000;2000;0;0;0;0
7180;160000;1;2;1;62;-2;-2;-2;-2;-2;-2;0;0;0;0;0;0;0;0;0;0;0;0;0
7183;60000;2;2;1;30;2;0;0;0;0;0;60558;59361;60167;58078;59198;60677;3500;3000;1000;2000;2000;1000;1
7187;240000;2;1;1;35;-1;-1;0;-1;0;-1;5770;10412;4578;5928;5619;13227;10420;1150;5928;3619;13227;7764;0
7192;20000;1;2;1;42;0;0;0;0;0;0;18317;18455;19399;19962;14938;3039;1500;1400;1009;307;1200;0;0
7195;500000;1;1;1;57;-1;-1;-1;-1;-1;-1;4560;600;0;51697;37511;1685;600;0;51697;37511;1685;414;0
7198;100000;2;3;1;39;0;0;0;0;0;0;39667;40704;41718;41536;42243;42929;1649;1663;1471;1360;1212;4472;0
7199;20000;1;1;1;53;0;0;0;0;0;0;13605;14629;15640;15950;16130;17011;1249;1260;570;436;1150;1000;0
7204;50000;1;2;1;50;0;0;0;0;0;0;47721;48993;50280;18762;18290;19165;2037;2324;1000;1000;1165;1596;0
7205;370000;2;1;2;28;-1;-1;-1;-1;-1;-1;577;27895;-4247;4347;5562;0;63895;0;8694;5562;0;3500;0
7207;450000;2;1;1;41;-1;0;0;2;-1;-1;2663;3146;3246;1623;1623;1694;2146;1623;0;1623;1694;2795;0
7210;230000;2;5;2;23;0;0;0;0;0;0;55197;53593;53470;137734;135386;14718;2712;1551;95022;3015;3003;153001;0
7216;30000;2;2;1;56;2;2;2;2;3;2;26008;27091;27648;29297;28544;29125;1800;1300;2400;0;1200;2500;1
7230;30000;2;1;2;24;0;0;0;0;0;0;27181;26849;27594;28157;28723;28059;2000;1500;1000;1000;1000;1000;0
7240;190000;2;3;1;41;2;0;0;2;0;0;185738;187764;100526;94909;94804;94007;7762;7700;0;3545;3386;3575;1
7246;50000;1;2;2;24;0;0;0;0;0;0;9923;5088;5625;4428;5092;5685;1200;2065;1000;2070;2000;10327;0
7251;160000;2;2;2;23;-1;2;0;0;0;-1;116212;88542;68311;48875;37261;4267;0;2483;900;20000;4267;24659;1
7255;60000;1;3;3;43;0;0;0;0;0;0;70367;66657;63553;59633;55689;52778;2415;3000;2125;2007;3000;1758;0
7257;150000;1;2;2;27;0;0;0;0;0;0;134492;138107;89238;49677;97028;99214;6000;7000;2200;48500;3600;3500;0
7258;60000;2;2;2;24;0;0;0;0;0;0;58143;60221;50135;19553;11896;15241;3044;1123;7553;474;3586;305;1
7262;10000;1;1;2;25;0;0;2;3;2;0;6005;8891;9389;9111;8837;8135;3000;800;0;0;500;500;0
7267;360000;1;2;1;42;1;-2;-2;-2;-2;-2;0;0;0;0;0;0;0;0;0;0;0;0;0
7272;340000;2;2;2;39;-2;-2;-1;-1;0;0;56412;45990;84050;172925;140040;95230;10034;50024;100108;4933;10114;2014;0
7281;420000;2;3;2;35;0;0;0;0;0;0;63715;62201;56125;49114;47563;45829;3002;2200;1700;1800;1700;1500;0
7282;500000;1;1;2;34;0;0;0;0;0;0;324503;324262;323101;296962;84615;267596;15633;19725;13091;5066;195829;20225;0
7283;150000;2;2;2;30;0;0;-2;-2;-2;-2;65591;0;0;0;0;0;0;0;0;0;0;0;0
7286;150000;2;2;1;38;-2;-2;-2;-2;-2;-2;1106;2199;2997;735;1104;0;1208;1006;50000;1104;0;0;0
7287;80000;1;1;2;26;0;0;0;0;0;0;77397;77839;69534;60747;52280;43461;3328;2811;1192;1516;2316;1500;0
7304;130000;2;2;2;43;-1;-1;-1;-1;0;-1;2048;2529;11929;5722;3076;5250;2529;11929;5722;0;5250;3526;0
7306;50000;1;2;3;51;0;0;0;0;0;0;79502;65237;64426;18430;18020;17991;4000;1565;641;648;654;649;0
7307;80000;2;2;1;30;0;0;0;0;0;0;64596;64871;61000;48300;47300;3500;4424;1600;0;1500;1500;1500;0
7315;90000;2;1;1;28;-1;0;0;0;0;0;12759;10941;10420;14420;9855;9097;5000;6000;4000;5000;3500;5000;1
7319;360000;2;1;2;28;0;0;0;0;0;0;152072;151168;153306;144485;145601;140336;5708;6059;5009;5021;5027;100017;0
7325;50000;2;2;1;40;0;0;0;0;-1;-1;21696;8987;9604;9800;500;0;1383;1000;196;500;0;0;0
7330;140000;2;1;2;24;0;0;2;2;-2;-2;6265;7300;1934;0;0;0;2198;5;0;0;0;0;1
7334;260000;1;3;2;31;0;0;0;0;0;0;257920;256117;232981;202190;202800;202490;10036;8185;6715;7033;6728;6882;0
7341;240000;2;1;2;28;0;0;0;0;0;0;168068;168685;94520;14422;12552;20550;6042;3558;1000;600;10550;9000;0
7359;150000;2;2;2;27;0;0;0;0;0;0;146778;139111;134382;134593;91112;68482;6554;10000;4749;3304;2285;700;0
7361;220000;2;2;1;54;-1;-1;0;-1;-1;2;264;1138;3874;264;3105;2074;1138;3000;264;3105;0;264;0
7370;50000;1;2;1;37;0;0;0;0;-2;-2;23607;24921;25775;0;0;0;2000;1800;0;0;0;0;0
7377;130000;2;2;2;31;1;2;2;0;0;0;120890;122275;109903;80909;71679;66169;5200;47;3000;2800;2713;2000;0
7384;60000;1;2;1;54;2;2;0;0;0;0;61493;58784;54087;37613;39038;37814;55;2400;1316;2000;1531;1477;0
7388;50000;2;3;2;55;0;0;0;0;0;0;45698;49270;48186;20127;18988;19942;6000;2044;3150;1000;3000;905;0
7392;130000;2;3;2;25;-1;-1;-1;-1;-1;-1;250;174;1214;1125;139;0;174;1214;1125;139;0;391;0
7394;100000;2;2;1;41;0;0;0;0;0;0;107224;107126;101859;79519;74368;58481;7000;3533;2673;3500;4303;3023;0
7402;20000;1;3;2;23;0;0;0;0;0;0;17030;18064;19046;19221;18603;19075;1315;1297;672;675;781;734;0
7406;160000;2;4;1;39;1;-2;-2;-2;-2;-2;-18;-18;-18;-18;-18;-18;0;0;0;0;0;0;0
7407;70000;1;2;1;36;0;0;0;-2;-2;-2;27868;28850;0;0;0;0;1850;0;0;0;0;0;1
7409;30000;2;3;1;41;2;2;2;3;2;2;26042;27127;28762;29485;28878;30699;1800;2378;1496;0;2462;0;1
7410;80000;1;2;1;48;0;0;0;0;0;-1;46495;8241;11000;16000;0;54070;3000;3000;5000;0;54070;5247;0
7414;230000;2;1;1;36;-1;-1;-1;-1;-1;-1;2078;380;2100;530;2282;1390;380;2100;530;2282;1390;380;0
7416;20000;1;2;1;42;0;0;2;0;0;2;16070;19107;18506;18802;20199;19394;3300;0;900;1700;0;253;0
7417;110000;1;2;2;34;2;0;0;0;0;2;108180;107597;89775;47139;47259;46348;5000;3000;2020;5000;0;3000;0
7418;200000;2;1;2;29;-1;-1;-1;-1;-1;-1;5624;2519;2519;2519;13137;566;2519;2519;2519;13137;566;416;0
7420;80000;1;1;2;29;-1;-1;2;0;0;0;2946;4599;1863;3309;1446;390;4599;0;1446;0;0;2493;0
7438;160000;2;2;1;31;-2;-2;-2;-2;-2;-2;239;0;0;0;1446;426;0;0;0;1446;426;0;0
7441;50000;2;2;2;38;0;0;-1;0;0;-1;2410;0;4494;3034;2327;5892;0;4494;61;47;5892;164;0
7443;260000;2;1;1;49;1;-2;-2;-1;0;0;0;0;0;1180;1180;0;0;0;1180;0;0;0;0
7450;60000;2;3;2;26;0;0;0;0;0;0;38726;39764;41084;41741;42461;43457;1663;1983;1640;1542;1703;1758;0
7452;360000;2;2;2;26;1;-2;-2;-2;-2;-2;0;0;0;0;0;0;0;0;0;0;0;0;0
7457;500000;1;2;2;44;-2;-2;-1;0;0;-2;26697;26319;79424;77920;55625;30092;1131;150042;4790;3236;866;630;0
7461;500000;1;2;1;41;0;0;0;0;0;0;171565;184782;152365;139757;153348;127391;20241;20154;20019;20151;20037;21;0
7466;200000;1;2;2;36;0;0;0;0;0;0;190120;194533;194175;189457;187050;187082;9000;9000;8000;10000;8000;7000;1
7467;490000;2;2;2;52;0;0;0;0;0;0;191937;194347;202400;46634;47622;50844;7133;11365;1700;1740;4026;2060;0
7476;500000;2;1;1;36;1;-2;-2;-2;-2;-2;0;0;0;0;0;200;0;0;0;0;200;159200;0
7483;70000;2;3;2;26;0;0;0;0;0;0;28995;30131;31610;37209;40749;40541;1600;2000;7000;5000;1500;1500;0
7487;100000;2;1;1;36;0;0;0;-2;-2;-2;51713;25272;0;0;0;0;1000;0;0;0;0;0;0
7495;330000;1;1;2;32;0;0;0;0;0;0;162657;151305;138277;141453;112633;121242;5500;4723;5500;4000;10700;4500;0
7497;50000;2;1;1;34;-1;-1;-1;-1;-1;-1;2531;14504;22553;14900;6758;3727;14608;22730;14911;6758;3727;2440;0
7498;150000;2;1;2;33;-1;0;0;-2;-2;-2;10544;11982;-18;-18;-18;-18;2000;0;0;0;0;0;0
7501;500000;2;1;2;30;1;-1;2;-1;-1;-1;17144;2447;1221;1157;1133;2107;3678;6;1162;1133;1010;5;0
7511;380000;2;3;2;31;-1;-1;-1;-1;-1;-1;3859;9194;15157;11147;12483;13680;9240;15233;11202;12493;13748;18061;0
7517;80000;2;1;2;52;1;-2;-2;-2;-2;-2;0;0;0;0;0;0;0;0;0;0;0;0;0
7521;400000;2;2;1;24;0;0;0;0;0;0;176294;190256;89128;39276;23440;59922;44776;1502;2026;1015;52100;5101;0
7527;330000;1;1;2;31;0;0;-1;-1;0;0;163406;137664;3381;40635;40490;38431;7558;5000;42054;3000;2000;1100;0
7528;50000;1;2;2;49;0;0;0;2;2;2;7282;8307;9709;9404;10254;9940;1300;1700;0;1000;0;200;0
7536;110000;1;2;2;47;2;2;2;2;2;2;53016;56532;57502;58460;59876;58761;5000;2500;2500;2500;0;5000;1
7538;140000;2;2;2;38;0;0;0;0;0;2;141453;132415;130305;79775;74462;74954;8000;3100;3000;5417;0;500;0
7542;50000;1;2;2;22;-1;2;2;2;0;0;19875;19273;21133;19121;19663;20235;0;2500;0;1000;1050;600;1
7548;330000;2;2;1;37;-2;-2;-2;-2;-2;-2;2148;0;3080;3119;0;7255;0;3080;3119;0;7255;9060;0
7557;20000;1;2;2;30;0;-1;0;0;0;0;12755;832;2800;1231;1052;0;832;1000;900;500;0;0;0
7561;70000;2;1;2;28;2;2;2;2;2;2;59794;58267;63931;64585;66207;67577;0;6672;2300;2800;2600;0;1
7562;70000;2;3;2;29;-1;-1;2;0;0;0;24336;25510;24726;25377;24818;14978;3010;0;875;600;1000;600;0
7576;180000;2;2;2;39;0;0;0;0;0;0;166915;117351;115402;105844;98396;101390;6000;7030;8000;5396;5390;5006;0
7578;320000;1;2;2;27;0;0;0;0;0;0;144648;150320;151365;154025;157082;160217;8000;6000;5671;5700;5741;9900;0
7581;360000;1;1;1;38;0;0;0;0;0;0;277523;117239;121284;93951;58200;52585;4013;90054;9011;3007;2592;1013;0
7582;100000;2;2;2;38;0;0;0;0;0;0;89842;82669;70018;57847;43618;38715;4025;2511;1523;1292;1236;627;0
7584;140000;2;2;1;39;0;0;0;0;0;0;133641;136663;137110;139761;137215;133572;7000;6010;6000;5400;5000;5200;0
7585;90000;2;2;2;28;1;2;2;2;0;0;83480;89264;89896;86706;87385;88351;8000;3000;0;3000;5000;5000;0
7611;70000;2;2;2;24;2;2;-1;2;2;2;71339;69515;59878;58318;61865;63695;6;62343;0;4500;3000;2500;0
7612;80000;1;3;1;60;0;0;0;0;0;0;68085;70604;26890;27450;27634;28216;10000;1500;1000;1100;1041;1500;0
7613;250000;2;2;2;36;0;0;0;0;0;0;62131;63238;51547;48483;49553;49683;2741;1741;1824;1942;2100;1366;0
7616;30000;2;3;2;23;0;0;0;0;-1;-1;2277;3158;4080;5080;150;178;1078;1000;1000;150;178;300;0
7625;70000;1;2;2;29;0;0;0;0;2;2;18312;19516;20685;22142;23340;22817;1500;1500;1800;1700;0;1300;0
7626;20000;2;3;3;48;0;0;0;0;0;0;19590;19120;18932;18749;18620;18668;1308;1593;800;700;741;531;0
7634;50000;2;2;2;42;0;0;0;0;0;0;51521;46015;15057;19825;4264;3690;1451;13609;13327;250;1000;700;1
7637;210000;2;2;2;28;0;0;0;0;0;0;145643;133339;137000;55855;58370;59537;4741;5778;1955;3370;1913;1998;0
7642;210000;1;2;2;27;0;0;0;0;0;0;30365;29858;30713;27644;26236;26312;1606;2000;1200;1200;1000;1000;0
7649;90000;2;3;1;42;0;0;0;0;0;0;14376;15374;11195;8948;9143;6003;1278;1086;581;273;227;162;0
7650;150000;1;2;1;39;-1;-1;-1;-1;-1;-1;10086;32353;13181;2010;7790;0;32400;13181;2020;7790;0;0;0
7652;170000;1;1;1;40;0;0;0;0;0;0;171841;171014;168142;169821;173014;163570;7540;7540;6301;6517;6035;6435;0
7656;200000;1;1;2;32;0;0;0;-2;-2;-2;42325;32061;0;0;0;0;2000;0;0;0;0;0;0
7657;180000;1;2;1;46;-1;-1;-1;-1;-1;-1;390;390;390;0;390;930;390;390;0;390;930;135;0
7658;160000;2;2;1;44;1;-1;0;0;0;-2;0;5621;6468;6600;0;0;5621;1000;132;0;0;0;0
7673;300000;2;2;1;34;1;2;0;0;0;-1;6451;4828;6858;8048;1701;2920;0;4004;2000;0;2920;2282;1
7675;230000;2;2;1;43;-1;-1;-1;-1;-1;-1;3451;5560;1180;8563;5180;2524;5587;1186;8605;5201;2532;4759;0
7676;130000;2;3;1;38;0;0;0;0;0;0;100443;95794;92765;48481;47779;42362;3516;4112;2007;2516;1119;1016;1
7679;90000;2;2;2;26;0;0;0;0;0;0;43310;40275;37800;37323;34396;34938;2500;3000;3000;2000;3000;3000;0
7683;240000;1;3;1;48;0;0;0;0;0;0;111990;125109;129014;131864;134744;138504;15000;6000;5000;5000;6000;6000;0
7687;390000;2;2;2;28;-1;-1;-1;-1;-1;-1;1421;1286;2123;2219;1205;3343;1294;2133;2230;1209;3365;2151;0
7697;240000;2;1;1;36;-1;-1;-1;0;-1;-1;7058;4786;6853;5673;7588;2737;4789;6853;113;7588;2737;0;1
7698;360000;2;1;2;32;0;0;0;0;0;0;166848;149903;138091;138123;140324;108772;7294;6135;4504;4669;4060;3475;0
7703;410000;1;3;2;38;-1;-1;-1;-1;-1;-1;4822;232;2255;2546;2650;6286;233;2266;2558;2663;6303;12;0
7709;380000;2;2;1;50;0;0;0;0;2;2;294100;313346;299786;307801;288820;266266;30125;11600;20009;11000;0;40000;0
7719;150000;2;2;1;30;1;2;0;0;0;0;36472;33947;35518;30564;21849;25168;0;5035;5000;900;10000;7000;1
7733;50000;1;2;2;23;2;2;0;0;0;0;32589;32583;21197;7666;4768;5685;1000;2000;1000;1000;1000;1000;1
7741;200000;1;1;1;48;-1;-1;-1;-1;-1;-1;5472;4306;4655;4930;3601;3366;4318;4681;4958;3712;3476;990;0
7753;120000;1;3;2;44;4;3;2;0;0;0;149229;138487;127516;124530;120937;67711;0;0;6000;5067;1548;120862;1
7763;20000;1;2;2;23;0;0;0;0;0;0;10478;11193;12207;14402;16399;20929;1193;1207;2402;2399;5000;0;0
7764;100000;2;2;2;26;0;0;0;0;0;0;46891;48134;49331;50508;51543;52685;2000;2000;2000;2000;2000;2000;0
7765;230000;2;1;2;31;0;0;0;0;0;0;81734;82238;80623;90997;62063;62003;3687;4539;2220;3214;2407;2061;0
7772;220000;1;2;2;30;-2;-2;-2;-2;-2;-2;18301;20161;24621;17125;18378;1344;2026;10040;1000;1253;1350;4416;0
7778;280000;1;2;1;34;0;0;0;0;0;0;126305;128888;123909;124078;124489;114110;4728;4700;4210;4455;4109;4000;1
7779;230000;1;1;1;45;0;0;0;0;0;0;43885;44926;45941;46853;47834;48942;1749;1764;1676;1735;1902;2189;0
7795;300000;2;2;2;36;1;-2;-1;-1;-1;-1;0;0;200;0;16418;88632;0;200;0;16418;88632;1913;0
7809;50000;1;3;2;29;0;0;0;0;0;0;47863;48261;19258;19268;19040;19555;2000;2000;1000;1000;1000;1000;0
7815;30000;2;2;1;27;0;0;0;0;0;0;4527;7427;11013;16013;16340;3396;3000;6000;5000;327;3396;1680;0
7826;100000;2;1;2;32;1;2;0;0;-1;0;7130;6873;8101;8235;34087;34749;0;1500;565;36252;1500;2500;0
7831;140000;1;2;1;34;-1;-1;-1;-1;-1;-1;711;711;711;10976;711;711;711;711;10976;711;711;291;1
7838;290000;2;3;2;27;0;0;0;-1;-1;-1;63584;28972;10772;22463;164570;9672;2000;1399;22468;164791;9672;18889;0
7839;110000;1;1;1;46;0;0;0;0;0;0;106111;108698;105666;57940;59247;59594;5015;4081;2101;2202;2204;2100;0
7846;130000;1;2;1;39;0;-1;-1;-1;-1;-1;10896;390;390;390;390;390;390;390;390;390;390;390;0
7847;30000;1;2;2;24;1;2;2;2;0;0;27262;26545;28590;27831;28433;30257;0;2800;0;1050;2300;0;1
7848;100000;1;1;1;25;-1;0;0;0;-2;-2;91842;40308;41800;0;0;0;1809;2301;0;0;0;0;0
7852;260000;1;1;1;51;-1;-1;-1;-1;-1;-2;771;1593;419;529;0;4090;1596;437;529;0;4090;98;0
7855;220000;2;1;2;35;-1;-1;-1;-1;-1;-1;7443;5572;5572;5572;5774;3264;5600;5600;5600;5802;3279;5613;0
7856;20000;2;2;2;22;0;0;0;0;0;0;19248;20054;19133;19397;19702;20506;2000;1300;678;706;2037;0;0
7865;120000;2;2;2;38;0;0;0;0;0;0;33814;35033;36175;15833;16170;16897;1766;1908;566;591;1000;626;0
7867;260000;2;1;2;28;0;0;0;0;0;0;63504;66283;67341;54725;36117;35144;4000;3002;2000;2000;2464;1000;0
7873;310000;2;1;1;25;0;0;0;0;0;0;184538;153625;142810;125869;107986;83461;5019;3872;3147;2912;5109;1604;0
7875;140000;2;2;2;42;0;0;0;0;0;0;24984;26010;27026;27714;28139;28697;1434;1450;1138;1021;1026;1061;0
7883;240000;1;2;2;33;-1;-1;-1;0;-1;-1;1863;15172;8930;7324;10506;10625;15172;8930;0;10526;10625;11982;1
7886;50000;2;1;2;24;0;0;0;-2;-2;-2;12806;13490;0;0;0;0;7522;0;0;0;0;0;1
7901;210000;2;2;1;40;-1;-1;-1;-1;-1;-1;12555;560;5287;2000;900;406;560;5287;2000;900;406;900;0
7903;20000;2;2;1;40;0;0;0;0;0;0;14492;15304;16035;16517;16781;17142;1349;1080;562;500;456;218;1
7910;50000;2;3;2;55;0;0;0;0;0;0;47860;47294;45136;29378;29750;30327;1936;3654;1038;1222;1217;946;0
7913;180000;2;1;2;27;0;0;0;0;0;0;95757;98098;101255;101341;98419;85259;3880;5114;3238;3401;2980;3000;0
7915;450000;2;1;2;37;-1;0;0;0;0;0;71985;85047;74354;57628;57381;14870;15000;1879;20000;20000;5000;50893;0
7926;50000;1;2;2;36;2;2;2;2;2;2;32899;34076;34522;33668;35323;36588;2000;1300;0;2200;2000;1500;1
7927;200000;1;1;2;30;-1;-1;-1;-2;-1;2;15176;2693;6632;0;734;584;2715;6632;0;734;0;22489;0
7934;50000;2;2;1;26;0;0;0;0;0;0;14661;11586;9275;11181;2931;27209;3000;1000;5000;0;25000;5000;0
7938;150000;2;1;2;25;-1;0;-1;-1;-1;-2;18836;5312;740;10;0;0;2000;740;1410;0;0;0;0
7949;200000;1;2;2;39;0;0;-1;0;0;2;13124;11774;6328;4714;42184;39576;1058;6336;10;39585;39;1087;0
7953;120000;1;2;2;30;0;0;0;0;0;0;77413;70630;61181;52187;49327;41096;5000;3000;2000;2000;1500;1500;0
7954;160000;1;1;1;42;0;0;0;0;0;3;69896;71971;73996;75065;82472;80984;3810;3831;2900;8800;0;0;0
7963;50000;1;2;1;34;0;0;0;0;0;0;45398;37433;30609;30432;30254;30088;2008;2000;1500;1501;2105;2219;0
7964;160000;1;3;1;46;-1;-1;-1;-1;-1;-1;1672;766;762;762;762;762;766;762;762;762;762;762;0
7966;130000;1;2;1;27;0;0;-1;0;0;0;53119;48994;17285;12448;12855;11795;3106;22511;600;1005;1004;1006;1
7978;70000;2;1;2;25;0;0;0;0;0;0;66738;68601;65615;66429;67858;69723;3005;3000;2500;2500;3000;1400;1
7979;90000;2;2;1;36;-1;-1;-1;-1;-1;-1;685;0;490;850;1000;1360;0;490;850;1000;1360;0;1
7981;130000;2;1;2;33;-1;0;0;0;-1;-1;2629;9995;7267;2518;16202;2505;9900;4300;2000;16202;2505;2348;0
7986;360000;2;1;2;32;-1;-1;-1;-1;0;-1;42524;53303;3924;43900;88865;12104;53563;3924;43900;50000;12104;960;0
7993;50000;2;2;2;23;2;2;2;3;2;2;31805;32988;34935;34076;34685;33976;2000;2800;0;1300;0;3700;1
7998;230000;2;2;2;38;0;0;0;0;0;0;104364;106549;108719;111039;113365;115625;3867;3941;4123;4267;4300;4084;0
8004;160000;1;2;2;30;0;-1;-1;0;-1;-1;2720;1280;5850;150;1240;0;1280;5850;0;1240;0;0;0
8005;180000;1;2;1;42;0;0;0;0;0;0;27884;28958;29864;30632;31274;32144;1526;1432;1200;1072;1326;704;1
8015;330000;2;1;1;36;-1;-1;-1;-1;-1;-1;399;26;519;452;457;0;26;707;452;457;0;0;0
8016;80000;2;1;2;26;0;0;2;2;2;2;38174;40550;41577;41595;43264;43402;3000;2000;1000;2500;1000;2000;1
8020;300000;1;3;1;61;-1;-1;-2;-1;2;2;274750;0;0;411;261;8561;0;0;411;0;8300;0;1
8031;50000;2;3;1;52;0;0;0;0;0;0;41140;41599;32533;23156;23782;24386;1500;1500;1000;1000;1000;1000;0
8036;260000;2;1;2;30;0;0;0;0;0;0;162241;137320;126479;110217;102703;84519;5045;8016;5000;4000;4014;3000;0
8040;240000;1;1;2;35;1;-2;-2;-2;-2;-2;220;0;0;0;0;0;0;0;0;0;0;0;0
8045;380000;2;1;2;31;0;0;0;0;0;0;331697;332339;322995;314161;327945;289814;15000;15000;20019;20000;9934;9330;0
8063;220000;1;2;2;30;-1;0;0;-2;-2;-2;2501;2071;0;0;0;0;1000;0;0;0;0;0;0
8066;70000;2;2;1;44;0;0;0;0;0;0;79867;79593;29340;28026;28605;28705;2163;2000;2000;1000;5000;322;0
8071;150000;2;2;2;50;-1;-1;-1;-1;-1;-2;7890;8958;780;7500;0;0;8958;780;7500;0;0;0;0
8088;210000;1;2;1;37;0;0;0;0;0;0;85327;85263;48645;50826;52346;53819;2500;3000;3000;2500;2500;2000;0
8092;290000;2;1;1;35;1;-2;-2;-2;-2;-2;0;0;0;0;0;0;0;0;0;0;0;0;0
8093;270000;2;2;2;26;0;0;0;0;0;0;84188;82668;74901;72785;71836;55234;5000;3200;3000;5000;5234;3000;0
8099;50000;2;2;1;24;-2;-2;-2;-2;-2;-2;900;0;0;0;0;0;0;0;0;0;0;0;0
8100;50000;2;2;2;47;0;0;0;0;0;0;50883;51117;51125;50497;50544;50555;2200;5300;2000;2000;2000;2000;1
8117;130000;1;2;2;42;0;0;0;-2;-2;-2;130888;133400;0;0;0;0;6000;0;0;0;0;0;0
8126;300000;2;2;1;50;0;0;0;0;0;0;23436;22055;18497;8426;11291;14449;1350;2008;301;3000;5000;5000;0
8129;30000;1;2;2;30;0;0;0;0;0;0;27020;27985;28782;24082;17060;0;1703;1500;1000;1000;0;0;0
8131;160000;2;1;2;37;0;0;0;0;0;0;153002;157427;158160;156314;145663;113486;7812;6700;5000;5049;3825;3570;0
8133;310000;2;2;2;51;-2;-2;-2;-2;-2;-2;107;0;0;235;0;0;0;0;235;0;0;584;0
8138;140000;1;1;2;27;-2;-1;0;0;0;0;25001;138430;135573;98172;93677;95276;141472;8000;5075;4000;4000;5000;0
8140;50000;2;2;1;34;1;2;2;0;0;2;51046;52337;51170;51526;50524;48510;2400;0;3000;6000;0;2000;1
8143;360000;2;1;1;50;-2;-2;-2;-2;-2;-2;0;0;0;0;0;0;0;0;0;0;0;0;1
8144;150000;2;2;1;47;-1;-1;-1;-1;-1;2;316;316;316;0;782;316;316;316;0;1098;0;0;0
8145;50000;1;1;2;23;0;0;2;2;0;0;15336;18681;19463;16894;17667;19211;3600;1400;0;1200;2000;1000;0
8147;250000;2;1;2;35;-2;-2;-2;-2;-2;-2;661;661;268;0;0;0;0;268;0;0;0;0;0
8151;250000;2;1;2;30;0;0;0;0;-1;-1;21550;23932;37329;26339;4836;9655;3500;15054;7885;4836;9655;5000;0
8152;260000;2;2;1;41;-1;-1;-1;-1;-1;-1;2699;3543;500;3540;2957;917;3543;505;3540;2957;917;0;0
8154;160000;2;2;2;33;-1;-1;-1;0;0;0;11859;0;11354;13012;17388;24140;0;11354;2000;6000;13000;11000;0
8155;80000;1;2;2;30;0;0;0;-2;-2;-2;79813;82150;0;0;0;0;3750;0;0;0;0;0;0
8163;200000;1;1;2;31;0;0;0;0;0;0;151819;154914;157776;160520;163878;167872;6000;5769;5411;5603;6367;4500;0
8164;50000;1;2;1;49;2;0;0;0;0;0;47585;47582;21391;21867;19774;20486;2500;1300;2000;700;1000;2600;1
8169;180000;2;1;1;47;0;0;0;0;0;0;174648;104179;84940;65613;67256;71934;5000;13000;3000;2700;6000;5000;0
8170;240000;1;1;1;39;-1;-1;-1;-1;-1;-1;2688;2688;2688;2688;2688;2688;2688;2688;2688;2688;2688;2688;0
8173;500000;1;1;2;43;0;0;0;-1;-1;-1;504644;512650;0;3887;0;7413;22650;0;3887;0;7413;0;1
8184;160000;2;3;1;48;0;0;2;0;0;0;153390;158421;152835;152638;142454;128895;15102;0;6000;5300;4784;4500;0
8196;160000;2;2;2;50;-1;2;-1;0;-1;2;3139;1473;1863;390;930;390;0;1863;0;930;0;0;0
8197;90000;2;2;1;49;-2;-2;-2;-2;-2;-2;264;0;528;0;528;264;0;528;0;528;264;0;0
8203;130000;2;2;1;44;2;2;2;2;2;2;99801;102403;103828;104139;106519;109109;5100;4000;3500;4200;4500;3500;0
8204;20000;2;1;2;22;0;0;2;0;0;0;10003;13329;11613;10750;10606;7263;4211;0;237;242;163;22;0
8208;50000;1;3;1;51;0;0;0;0;0;0;43045;42965;43132;43995;43230;43334;1738;1653;1516;1530;2139;1572;0
8209;270000;1;1;1;51;-1;-1;-1;-1;-2;-2;19984;2099;12985;0;0;0;2099;13056;0;0;0;0;1
8211;300000;2;2;1;33;-2;-2;-2;-2;-2;-2;11613;12893;10841;11900;0;0;1513;1000;1059;0;0;51167;0
8213;110000;2;1;1;37;0;0;2;0;0;0;14519;16982;16002;15262;15626;14465;3536;3;521;1000;520;325;0
8215;300000;2;2;1;30;-2;-2;-2;-2;-2;-2;0;0;0;0;0;0;0;0;0;0;0;0;0
8216;450000;1;3;1;42;2;0;0;0;0;0;152652;128708;100429;77069;63851;36877;7032;3003;10000;11000;3000;58000;1
8217;20000;1;2;2;30;0;0;0;2;2;2;16728;17759;19752;19155;20385;19218;1307;2300;0;1525;0;1000;1
8224;30000;1;2;2;30;4;3;2;2;2;0;30562;29809;28920;29887;29525;25006;0;0;1900;15;1030;30802;0
8225;30000;2;2;1;22;1;2;2;2;2;0;28037;29055;28303;29462;28859;29122;1745;0;3554;0;1190;1030;0
8229;280000;2;1;1;29;-1;-1;-1;-1;-1;-1;2597;3807;1160;985;0;65862;3807;1160;985;0;65862;66240;0
8243;210000;2;2;1;50;1;-2;-2;-2;-2;-2;0;0;0;0;0;0;0;0;0;0;0;0;0
8244;360000;1;2;1;38;-1;-1;-1;-1;2;-1;696;546;-150;1692;846;846;546;0;2538;0;846;696;0
8245;260000;1;2;2;27;0;0;0;0;0;0;150943;149285;151779;135141;124475;107735;5501;5061;5000;5000;3900;3246;0
8249;140000;2;1;2;28;1;2;0;0;0;0;86761;84546;87251;88227;90170;92044;0;5000;3300;3500;3500;3550;1
8261;170000;2;2;2;33;-1;-1;-2;-1;-1;-1;298;0;0;467;203;0;0;0;467;203;0;1116;0
8263;180000;1;2;1;28;0;0;0;0;0;0;180827;175914;176778;172440;168914;171645;6600;7738;6200;6418;13000;0;1
8270;120000;2;1;2;37;2;2;2;2;2;2;744;744;744;1188;594;1038;444;444;888;0;888;0;1
8275;60000;1;1;1;46;1;2;0;0;0;0;62063;60513;60398;31194;30343;30427;0;1744;1100;1074;1200;1000;0
8278;30000;1;2;2;25;0;0;0;0;0;0;26328;27470;28541;28509;29265;0;1868;1939;907;1100;0;0;1
8283;640000;2;1;2;30;0;0;0;0;0;0;116714;77893;60259;40539;26432;5018;4000;4000;2003;7202;5314;3535;0
8285;50000;2;2;1;36;0;0;0;0;0;0;44625;46078;46689;8261;8434;8738;2174;1785;296;306;444;10686;0
8289;80000;2;2;1;42;0;0;0;0;0;0;23931;23366;22275;21631;22961;19269;1500;2000;1000;3000;1000;1000;1
8291;180000;1;3;2;40;0;0;0;0;0;-1;66218;15155;11052;8541;37951;57757;1811;5008;5000;30000;62010;50077;0
8296;100000;1;1;2;29;2;2;2;2;2;2;74396;75317;77084;78308;79901;81630;2700;3600;3100;3000;3200;3000;1
8300;80000;2;2;2;27;0;0;0;0;-1;0;26144;26625;3600;0;68424;42601;1075;1200;0;68424;1264;0;0
8305;300000;2;1;2;26;0;0;0;0;0;0;277680;281719;284381;155562;158448;162626;12005;10155;6000;5000;6000;6000;0
8315;200000;2;5;2;27;0;0;0;0;0;0;98761;85583;84398;88612;86159;89751;4000;3000;3000;3338;5000;4000;0
8323;210000;2;2;2;28;0;0;-1;0;0;-2;2162;61;259323;139861;1684;826;61;130000;10000;1684;826;1793;0
8326;200000;2;1;2;32;0;0;0;0;0;0;47517;8219;9000;10000;11340;0;1219;1000;1000;1340;0;0;0
8332;140000;2;2;1;40;0;0;0;0;0;0;138389;110701;83468;41202;41687;36335;5148;3216;2003;3000;3041;5056;0
8336;80000;2;2;2;27;1;2;0;0;0;0;57004;55220;43506;39025;40017;29797;0;1900;1418;1800;1300;1000;0
8337;270000;2;2;2;39;0;0;0;0;0;0;116168;118661;121106;118269;120737;123227;4173;4275;4054;4191;4302;4567;0
8338;30000;2;3;1;39;2;2;2;2;2;2;20652;24993;24293;25896;26435;25859;4700;0;2010;1100;0;2100;0
8339;480000;1;1;1;58;-2;-2;-2;-2;-2;-2;24610;-310;148544;18791;5909;68988;4;149654;18885;5940;69337;200655;1
8340;160000;1;2;1;50;-1;-1;-1;-1;-1;-1;269;0;697;697;895;1341;0;697;697;895;1341;402;0
8345;320000;2;3;1;39;-1;-1;-1;-1;-1;0;3065;41679;8275;8275;7606;14611;41679;8344;8275;7606;10000;11010;0
8359;200000;1;3;1;38;0;0;0;0;0;0;181532;179645;180615;180127;166755;167416;8218;7912;6284;6313;6200;6419;0
8362;20000;1;2;1;32;0;0;2;0;0;0;19468;20844;19362;19402;19607;19821;3000;0;850;920;750;300;1
8365;140000;1;2;1;36;-1;-1;0;0;0;0;780;16570;17378;12568;15678;15620;16570;1220;3000;3500;332;390;0
8367;150000;2;1;2;36;0;0;-2;-2;-2;-2;15447;0;0;0;0;0;0;0;0;0;0;0;0
8370;350000;2;1;1;55;-1;-1;-1;-1;-1;-1;3518;1931;1630;7461;4124;1261;1935;1630;7461;4124;1261;2798;0
8382;60000;1;2;1;46;-1;0;-1;0;0;0;3046;286;6466;6469;5364;3664;285;6466;3;5;10;15219;0
8391;30000;1;1;2;24;2;2;0;0;0;0;16035;15493;16197;16669;16865;17199;0;1270;742;613;615;646;1
8394;170000;2;2;1;47;-2;-2;-2;-2;-2;-2;0;0;0;0;0;0;0;0;0;0;0;0;0
8400;170000;1;1;1;38;-2;-2;-2;-2;-2;-2;0;0;0;1012;0;0;0;0;1012;0;0;492;0
8412;120000;1;1;2;27;-1;-1;-1;-1;-1;-1;880;880;880;880;880;1030;880;880;880;880;1030;880;0
8413;30000;2;2;2;21;0;0;0;0;0;0;26757;26831;26620;26134;26865;25752;1520;1339;852;2067;1400;100;0
8416;200000;2;1;1;40;-1;-1;-1;-1;-2;-2;3266;390;11314;-71;-467;-863;390;11320;0;0;0;2000;0
8418;230000;1;2;2;39;0;0;0;0;0;0;35289;27678;13800;10238;6968;4704;1646;1017;214;406;412;1420;0
8421;50000;1;2;1;40;0;0;0;0;0;0;18485;10767;9775;10122;9146;9341;1166;1200;481;321;336;174;0
8423;220000;1;1;1;43;-2;-2;-2;-2;-2;-2;7695;2701;98376;3874;5226;14973;2725;98875;3893;5252;15047;3980;0
8426;50000;2;1;2;30;2;0;0;0;0;0;2989;4008;4861;4958;5244;8134;1228;1081;178;366;3156;0;0
8429;150000;1;1;2;35;1;2;2;2;2;2;143376;145607;146509;148507;152044;136643;6000;4500;5100;5322;20;5033;0
8430;240000;1;3;1;43;0;0;0;0;0;0;191453;193548;190288;186770;180458;178722;8500;8300;7000;7000;7000;6500;0
8434;260000;2;3;1;41;-1;-1;-2;-1;-1;-1;1145;-4;-4;2177;158;0;4;0;2181;158;0;0;0
8443;100000;2;3;1;40;0;0;0;0;0;0;97763;93834;86360;77594;78030;78506;4500;3000;3000;3000;3000;3000;0
8445;320000;2;1;2;30;-2;-2;-2;-2;-2;-2;0;200;3663;992;1627;6661;200;3696;997;1635;6694;2508;0
8446;50000;1;2;1;36;0;0;0;-2;-2;-2;48612;50525;0;0;0;0;3000;0;0;0;0;0;0
8447;80000;1;1;2;29;1;2;2;-2;-2;-2;49373;49812;0;0;0;0;1980;19800;0;0;0;0;1
8464;260000;2;2;2;28;0;0;0;0;0;0;251560;379318;226538;202887;195364;181206;9139;13805;7100;6952;12812;6362;0
8465;470000;1;2;2;31;0;0;0;0;0;0;78833;80562;82718;85334;87948;90479;3000;3500;4000;4000;4000;4200;0
8467;140000;1;1;2;36;0;0;0;0;0;0;74177;65336;53578;49288;43870;44854;4000;3500;2000;2500;1800;2000;1
8477;50000;1;2;2;31;0;0;0;0;-1;-1;48640;49483;40850;0;800;400;2000;3000;0;400;20000;10000;0
8478;480000;2;1;2;30;0;0;-1;0;0;-1;75834;-105;37649;45469;20020;3167;105;37754;32970;8000;3167;10981;0
8486;30000;2;2;2;41;0;0;0;0;0;0;25159;25931;27369;25111;22235;19000;1762;2200;790;922;663;1310;0
8487;200000;2;2;2;26;-2;-2;-2;-2;-2;-2;58147;1468;2321;327194;6680;3963;1468;2321;163597;6680;3963;2514;0
8496;150000;1;3;1;58;-2;-2;-2;-2;-1;2;0;0;0;0;7043;1504;0;0;0;7043;0;3063;0
8499;10000;1;2;2;34;0;0;0;0;0;0;8097;9109;10125;10327;10552;18836;1151;2167;369;391;436;200;0
8515;20000;2;2;1;50;0;0;2;2;2;2;10511;14913;14382;16820;16411;17287;4593;0;3000;0;1304;1000;0
8519;80000;2;1;2;24;-1;-1;-1;-1;0;-1;3940;4115;84;8708;8728;2793;4117;84;8708;20;2795;0;0
8521;60000;1;2;1;29;2;2;2;2;2;2;40587;41642;40673;43342;44299;45222;2000;0;3348;1800;1800;0;1
8524;40000;1;2;2;26;3;3;2;2;2;2;5754;6407;6156;7146;7384;7117;900;0;1100;500;0;708;1
8526;150000;2;2;1;36;1;2;2;4;3;2;125938;132110;142876;139097;138592;141447;9734;14500;0;2000;5300;5000;0
8527;110000;2;1;2;25;0;0;0;0;0;0;63594;56267;53550;44084;42077;37770;2260;1499;1309;1487;2000;5000;0
8532;50000;1;1;2;38;0;0;0;0;0;0;27148;27619;20997;21018;20556;20302;1655;1323;734;1058;406;0;0
8539;80000;2;3;2;52;0;0;0;0;0;0;73056;74736;65581;63939;65278;66578;2953;2333;2288;2369;2385;2458;1
8541;230000;2;2;1;28;0;0;0;0;0;0;54228;21092;18481;15609;5802;72049;1500;1139;600;800;70196;3000;0
8545;450000;1;1;1;34;-2;-2;-2;-2;-2;-2;-9;1844;0;0;0;0;1853;0;0;0;0;0;1
8546;50000;2;2;2;23;2;0;0;0;0;0;48537;30271;26283;26547;27119;27697;2000;2000;1000;1000;1028;1000;1
8555;270000;1;2;1;49;-1;-1;0;0;0;0;3197;61164;61145;62186;62123;58995;61164;4000;5000;6000;5000;5000;0
8558;360000;1;1;2;30;-1;-1;-1;0;-1;-1;28245;8017;19703;7474;2741;9526;8057;19764;37;2752;9573;25462;0
8570;360000;1;1;2;32;-1;-1;-1;0;0;0;8140;0;20470;10357;8540;0;0;20470;207;0;0;3185;0
8572;150000;2;2;1;31;-1;0;0;0;-1;-1;23427;25252;19004;15206;1423;8923;5554;5070;5076;1457;9047;22720;0
8577;170000;1;1;2;27;0;0;2;2;2;2;133149;138769;145050;146641;149603;157601;11936;13314;5801;5800;11000;1000;0
8590;160000;2;1;2;42;-2;-2;-2;-2;-2;-2;0;0;0;0;741;0;0;0;0;741;0;0;0
8595;210000;2;1;2;38;-2;-2;-2;-2;-2;-2;0;0;0;0;0;0;0;0;0;0;0;0;0
8597;570000;1;1;2;29;-1;-1;-1;-1;-1;-1;4119;-1031;5100;5150;5150;5138;0;11500;5200;5150;5138;81438;0
8598;280000;1;1;2;27;-1;-1;-1;-1;-1;-1;5521;-7;1485;5727;1247;2037;7;1492;5727;1247;2037;26920;0
8600;20000;2;2;2;46;1;2;2;2;0;0;16626;16071;19205;19712;19249;38900;0;3473;1000;727;1100;1100;1
8603;30000;1;1;2;47;2;0;0;0;2;2;25690;26719;27774;28809;30399;29760;1445;1500;1500;2200;0;1200;0
8605;60000;1;2;2;25;0;0;0;0;0;0;56598;47311;25227;26039;27493;26416;3000;2000;1500;2000;1500;1500;0
8611;290000;1;1;2;44;-2;-2;-2;-2;-2;-2;0;0;0;0;0;0;0;0;0;0;0;0;0
8613;30000;1;1;2;34;0;0;0;0;2;2;29160;29302;29698;31157;31714;30496;1494;1466;2501;1759;0;15912;0
8614;170000;2;2;1;33;-1;-1;-1;-1;-1;-1;1870;0;400;1000;0;1243;0;400;1000;0;1243;6912;0
8617;200000;1;1;1;49;-1;-1;-1;-1;-1;-1;1377;528;216;1311;2842;0;792;216;1311;2842;0;623;1
8620;80000;1;1;2;26;0;0;0;0;0;0;76867;51936;28221;28809;19551;19925;1600;1300;859;3000;800;50000;0
8622;50000;2;3;1;42;0;0;0;0;0;0;51123;50646;41150;30405;30671;30664;2089;2190;1100;1271;1264;2778;0
8627;10000;1;2;2;23;0;0;0;0;0;2;8109;9219;10200;9694;9684;9872;1400;1300;500;1000;500;0;0
8629;310000;2;1;1;41;0;0;0;0;0;0;48815;39593;104341;76635;46219;55045;2063;76651;7129;3000;10000;10000;0
8632;180000;2;2;1;43;-2;-2;-2;-2;-2;-2;1091;2062;0;0;6017;0;2062;0;0;6017;0;0;0
8645;40000;1;2;2;36;1;-2;-2;-2;-2;-2;0;0;0;0;0;0;0;0;0;10000;0;0;0
8649;180000;1;1;1;37;0;0;0;0;0;0;121744;121125;122498;123916;125661;127458;4406;4397;4405;4711;5040;4571;0
8652;20000;1;2;1;41;-1;-1;-1;-1;-1;-1;9598;0;2889;0;1448;0;0;2889;0;1448;0;0;0
8654;130000;2;2;1;31;-1;-1;0;0;0;0;6279;10862;5878;15306;8015;5965;11054;5172;14593;727;5222;4200;0
8660;50000;2;2;2;24;1;-2;-2;-2;-2;-2;0;0;0;0;0;0;0;0;0;0;0;0;0
8661;110000;2;1;2;23;0;0;0;0;0;0;83914;85064;78997;71276;68385;62475;4022;3300;2000;3000;2500;2310;0
8664;100000;2;1;2;42;0;0;0;0;0;0;91141;93027;94925;96837;98894;100500;2635;2688;2718;2854;2500;0;0
8673;50000;1;1;2;23;0;0;0;0;0;0;48954;35213;33404;18727;13793;19354;2000;4005;1000;1000;6000;1000;0
8677;480000;2;1;1;60;-1;-1;-1;0;0;0;13406;7233;96977;67030;24334;28699;13736;96989;4;241;15819;28966;0
8679;380000;1;1;2;32;-1;-1;-1;-1;-1;-1;326;24899;2816;11773;23397;10551;24899;2816;11773;23397;10551;43302;0
8680;20000;1;3;2;24;0;0;0;0;0;0;9249;10439;11448;11561;12221;12865;1500;1487;600;1000;1000;1000;1
8685;150000;2;3;2;34;-2;-2;-2;-2;-2;-1;1464;1576;264;330;1350;386;1586;264;330;1350;386;1259;0
8687;150000;2;1;2;33;1;-2;-2;-2;-2;-2;-286;-286;-286;-286;-286;-286;0;0;0;0;0;750;0
8691;310000;2;1;2;32;-1;-1;-1;-1;-2;-2;13560;-65;6500;0;0;0;0;6565;0;0;0;0;0
8700;10000;1;3;1;37;0;0;0;0;0;-2;14498;7512;7308;5275;0;0;2248;1120;375;0;0;0;0
8703;220000;1;2;1;34;0;0;0;0;0;0;144544;137465;134420;132066;131319;130478;6500;4700;5000;5000;5000;10000;0
8716;200000;2;1;2;44;0;0;0;0;0;-1;34606;34800;33275;33435;32778;3277;2100;2000;3435;3000;3277;29928;0
8730;50000;1;2;1;43;0;0;0;0;0;0;8214;8034;9044;9225;9417;9617;1140;1150;331;341;356;330;0
8733;230000;2;3;1;48;1;-1;-1;-1;-1;-1;-5;4582;2883;20099;13870;4234;4587;2883;20099;13870;4234;0;0
8738;90000;1;1;1;37;0;0;0;0;0;0;40028;38704;37135;35141;33502;34173;2000;1800;1150;1200;1150;1100;0
8751;280000;2;1;2;34;0;0;0;0;0;0;95278;98281;101651;103776;105617;107788;4525;5000;3800;3500;3500;3500;0
8755;210000;2;1;1;36;0;0;-2;-2;-2;-2;15991;0;0;0;0;0;0;0;0;0;0;0;0
8763;210000;2;3;1;33;0;0;0;0;0;0;127491;118800;105606;94344;82676;73154;6018;4900;4340;2880;2650;2000;0
8770;340000;2;3;2;27;1;2;0;0;0;0;29221;14802;153697;153381;143426;139945;12;145000;5055;5017;5059;7382;0
8780;360000;2;1;2;26;-2;-2;-2;-1;0;0;0;0;0;23707;25233;23504;0;0;23707;2000;3391;4217;0
8781;100000;1;1;2;30;2;0;0;0;0;0;53718;55851;56424;57584;58957;60317;3000;2100;2100;2300;2500;2500;0
8787;290000;2;1;1;36;0;0;0;-2;-2;-2;49885;51400;0;0;0;0;2400;0;0;0;0;0;0
8789;20000;2;2;1;24;2;0;0;0;0;0;17597;18629;19318;19434;19571;19792;1619;1308;688;706;806;595;1
8791;290000;1;1;1;40;0;0;0;0;-1;2;63421;40201;13802;0;2242;1850;1619;4000;0;2242;0;4450;0
8805;140000;2;2;2;29;-1;-1;-1;-1;-1;-1;743;896;2385;732;100;1526;900;2385;735;0;1526;981;0
8809;80000;2;1;2;25;1;2;0;0;2;2;5999;5758;7039;7595;7053;7082;0;1416;943;100;443;0;1
8810;30000;1;2;1;59;0;0;0;0;0;0;20044;21246;22115;22158;22610;0;1531;1400;443;452;0;0;0
8811;390000;2;1;1;64;1;-2;-2;-2;-2;-1;0;0;0;0;0;8668;0;0;0;0;8668;4490;1
8813;70000;1;1;1;49;-1;-1;-1;-1;-1;-1;1261;2041;1261;2431;904;1801;2431;1261;2431;904;2191;0;1
8818;60000;2;1;2;24;-1;-1;-1;-1;-2;-1;836;390;317;-73;-463;7942;390;317;0;0;10000;1000;1
8822;30000;2;2;2;23;3;3;3;3;2;2;29093;29532;29954;29176;29958;30520;1200;1200;0;1400;1200;0;1
8826;20000;2;3;3;39;0;0;0;0;0;0;18988;15975;16579;15102;16795;34457;1400;4500;2500;3240;3000;4000;0
8828;140000;1;2;2;61;0;0;0;0;0;0;131978;135760;127508;92126;69050;73537;6000;3600;2500;5000;5000;5000;0
8829;200000;1;1;1;40;-1;-1;2;-1;-1;-1;3061;13342;6143;2982;6013;15916;13681;24;2991;6031;16028;4211;0
8830;240000;2;1;2;35;-2;-2;-2;-2;-2;-2;0;0;0;2429;0;799;0;0;2429;0;799;17125;0
8834;90000;1;2;1;37;2;-1;-1;0;0;0;117793;93777;87401;38144;39177;36687;6732;92113;1317;1598;1461;1354;0
8842;80000;2;1;1;32;-2;-2;-2;-2;-2;-2;871;3179;3344;3552;0;0;3381;3384;3958;0;0;0;0
8850;100000;2;3;2;56;0;0;0;0;0;0;70048;67942;45591;39764;33091;34265;2200;1505;1300;1210;3000;2000;0
8851;20000;2;1;2;21;0;0;0;0;0;0;17374;18555;19489;19479;19705;8440;1466;1400;390;394;629;0;0
8858;190000;1;1;2;29;1;-1;2;2;2;-1;0;2214;66;66;0;4433;2214;0;0;66;4433;0;1
8859;180000;2;1;2;31;1;-2;-2;-2;-2;-2;0;0;0;0;0;0;0;0;0;0;0;0;1
8871;190000;2;2;1;45;0;0;0;0;0;0;143701;126337;121378;75252;79028;81548;4664;4222;2705;5000;4000;5000;0
8872;80000;1;1;2;37;1;-2;-2;-2;-2;-2;0;0;0;0;0;0;0;0;0;0;0;0;0
8878;30000;1;3;1;41;1;2;2;2;2;2;4743;5609;5371;5833;5594;6074;1090;0;552;0;573;0;1
8882;210000;1;1;2;28;1;0;0;0;0;0;5397;5079;6020;6143;6268;399;5000;1000;123;125;0;1280;0
8901;150000;1;1;2;55;-1;-1;-1;-1;-1;-1;291;291;291;285;2085;8669;291;291;285;2091;8695;74646;0
8903;270000;1;1;1;47;-1;0;0;-1;-1;-1;5908;8003;8156;5572;3697;19529;2222;2040;5599;3715;19626;2777;0
8907;200000;1;2;1;49;-1;0;-1;0;-1;-1;8143;39869;38685;22125;17778;24354;39100;38759;102;17868;25125;35031;0
8910;50000;1;3;1;38;-1;-1;-1;-1;-1;0;9536;0;1261;1261;2522;1261;7014;1261;1261;2522;0;780;0
8914;20000;2;2;1;45;-1;-1;-1;0;-1;-1;10827;8264;2480;390;880;1560;8264;2480;0;880;1070;40000;0
8916;50000;2;3;2;51;0;0;0;0;0;0;26660;26909;27485;27477;27651;27853;1763;1729;1111;1137;1188;997;1
8917;460000;1;1;1;42;-1;-1;-1;-1;-1;2;11924;7721;1711;-2;7126;1996;7728;2229;2;7128;10;957;0
8926;20000;1;3;1;51;0;0;0;0;2;2;14341;15371;16375;18905;19462;18967;1266;1270;2800;1000;0;512;1
8928;30000;2;1;2;27;-2;-2;-2;-2;-2;-2;1784;6801;2118;4171;1714;2001;6855;2118;4171;1714;2001;0;0
8933;240000;2;2;2;42;1;2;2;0;0;0;187558;187333;163332;166813;170739;174532;6700;0;6900;6000;6000;6000;1
8945;100000;2;2;1;42;2;2;0;0;0;0;101494;98994;96845;97037;93480;95516;13;3709;4000;3500;3600;3500;1
8957;500000;1;1;1;45;-1;-1;-1;-1;0;-1;6197;4934;6783;11507;4883;5897;4969;6802;11523;14;5914;7622;0
8965;50000;1;1;1;34;0;0;0;0;0;0;45341;31383;16235;17035;15601;16349;2115;2000;2022;1000;1000;2000;0
8969;70000;2;2;2;23;0;0;0;0;0;0;4753;5843;6720;8171;7127;9044;1172;1049;1500;500;2000;3000;0
8971;260000;2;2;1;42;0;0;0;0;0;0;194654;184008;174268;181592;174184;153907;6540;7691;12831;6015;6410;9606;0
8974;20000;1;3;1;27;1;3;2;0;0;-2;20386;20757;19200;20000;0;0;1000;0;1000;0;0;0;0
8975;290000;1;1;2;37;2;0;0;0;0;0;131279;134113;136948;139674;142793;162091;4700;4800;4735;5100;21500;6000;1
8977;250000;2;1;1;43;-1;-1;2;-1;-1;-1;1041;6854;3774;4508;2916;4969;6854;0;4508;2916;4969;0;0
8983;180000;2;3;2;42;0;0;0;0;0;0;102646;82849;78064;73437;108072;49206;5006;5000;5005;42500;3000;2000;0
9011;270000;1;1;1;41;-1;-1;-1;-1;-1;-1;316;316;316;571;7711;571;316;316;571;7711;571;571;0
9012;300000;2;1;2;48;2;0;0;0;0;0;304040;305627;305697;269017;275230;260419;11500;12000;10000;10500;10000;10000;1
9025;140000;2;1;1;37;0;0;0;0;0;0;37625;38023;39577;39465;45180;44213;1657;2211;1459;6398;1729;1633;0
9040;170000;2;1;1;44;-2;-2;-2;-2;-2;-1;10309;4944;28144;1883;27938;14832;4944;28144;1883;27938;14832;0;0
9041;20000;1;3;1;52;1;2;0;0;0;-2;20838;20212;20148;19845;0;0;0;1200;397;0;0;0;1
9043;340000;2;2;2;52;-2;-2;-2;-2;-2;-2;3375;3267;-2;498;11466;412;3283;0;500;11523;414;15055;0
9057;210000;1;1;2;28;-1;-1;-1;-1;-1;-1;1832;1074;1002;711;420;1572;1074;1002;711;420;1572;0;0
9058;80000;2;2;2;57;-1;-1;-1;-2;-2;-2;3072;2856;0;0;0;0;2856;0;0;0;0;0;0
9061;20000;1;1;2;22;0;0;0;0;0;0;14720;15432;16252;14877;9487;-5910;3880;1200;298;5390;4000;9666;0
9067;80000;2;3;2;27;2;2;2;2;-1;-1;3682;4714;2336;0;5471;5415;3193;0;0;5471;5415;5124;0
9081;170000;2;1;2;32;1;-2;-2;-2;-1;-1;0;0;0;0;500;500;0;0;0;500;500;500;1
9086;30000;2;2;1;44;0;-1;-1;-1;-1;-2;4180;390;0;780;0;0;390;0;780;0;0;0;0
9117;200000;1;3;1;29;-1;-1;-1;-1;-1;-1;15456;46620;22935;8335;971;4278;46722;22985;8346;971;4296;21767;0
9121;200000;1;2;2;32;-2;-2;-2;-2;-2;-2;1473;1473;390;390;540;390;1473;390;390;540;390;0;0
9132;130000;2;3;1;46;0;0;0;0;0;0;17505;18529;19545;20217;20890;21541;1312;1328;1000;1000;1000;799;1
9134;50000;2;2;2;26;-1;-1;-1;-2;-1;3;528;378;-150;-678;2057;1206;378;0;0;3263;0;0;0
9137;300000;2;1;2;28;0;0;2;0;0;0;24763;33484;31501;32678;36147;40503;10700;0;2000;4000;5000;0;0
9138;200000;2;1;1;35;-1;-1;-1;-1;-1;-1;82831;15081;32105;4476;6491;1262;15089;32130;4476;6619;1262;1974;0
9142;200000;1;1;2;30;-2;-1;0;0;0;2;-1883;9208;103360;77818;26276;3235;15143;100057;292;10019;16;810;0
9147;70000;2;3;1;35;3;2;2;2;0;0;69852;67531;28650;27590;27850;28085;0;2708;0;1010;1013;2000;1
9150;120000;1;1;1;51;0;0;0;0;0;0;117446;117781;122030;114294;114144;116894;4400;8002;4200;4200;8000;4000;0
9154;210000;1;2;2;32;0;0;2;0;0;0;155913;165227;161427;164860;187329;186079;13000;0;5666;24886;6282;6494;0
9161;360000;2;1;2;30;-2;-2;-2;-2;-2;-2;-28;-28;1072;1980;10780;2036;0;1100;2025;10819;2110;5600;0
9173;270000;1;2;1;51;0;0;0;0;0;-1;32108;32784;29891;24531;19391;8850;15000;10000;10000;10000;8850;22123;0
9175;410000;2;1;1;46;-2;-2;-2;-2;-2;-2;0;0;0;0;0;0;0;0;0;0;0;0;1
9179;20000;1;2;2;24;0;0;0;0;0;0;17850;15528;13597;14088;13723;16318;2019;2000;1003;1000;3000;2000;0
9180;500000;1;3;1;55;-2;-2;-2;-2;-2;-2;735;-5;-5;1012;500;0;0;0;1017;500;0;1059;0
9189;60000;1;1;2;26;-1;-1;2;-1;0;-1;440;880;440;880;440;1681;880;0;880;0;1681;811;0
9195;460000;1;1;1;39;2;2;5;5;5;5;2495;2495;2495;2495;2495;2495;0;0;0;0;0;0;1
9207;290000;2;3;1;29;0;0;0;0;0;0;161623;166345;167924;170227;164584;161912;11200;6000;6000;6000;6700;5000;0
9208;240000;2;3;1;36;-1;-1;-1;-2;-2;-2;8020;717;0;0;0;0;724;0;0;0;0;6516;0
9210;230000;2;3;1;40;-1;-1;-1;-1;-1;-1;1856;32254;4805;1600;4712;3466;32254;4819;1600;4712;3466;3199;0
9217;150000;1;2;3;25;-1;-1;-1;0;0;0;1180;7667;9044;8397;6763;0;7705;9047;8;33;0;0;1
9223;50000;2;1;2;36;1;2;2;2;2;2;29003;29244;30827;31224;30587;32763;1000;2363;1200;0;2700;1157;1
9226;160000;2;2;2;23;0;0;0;-1;-1;-2;21905;22473;21380;283;0;-17149;1373;1000;283;0;0;20261;0
9231;50000;1;2;2;25;1;-2;-2;-2;-2;-2;0;0;0;0;0;0;0;0;0;0;0;0;0
9233;180000;1;2;2;26;0;0;0;0;0;0;171041;111580;71902;10045;10484;10816;5000;3340;500;1000;1000;416;0
9235;40000;2;2;2;33;1;2;2;0;0;-1;21576;23242;21057;20746;20613;867;3000;0;1000;1062;1600;1542;0
9240;300000;2;2;1;31;-1;-1;-1;-1;-1;-1;3862;-3;6367;570;3749;127;0;6370;570;3749;1217;60959;0
9241;390000;2;1;2;29;-2;-2;-1;-1;-1;-1;0;0;1630;1871;2400;3480;0;1630;1871;2400;3480;1600;0
9242;320000;1;1;1;37;-1;-1;-2;-2;-2;-1;14515;0;0;0;0;13439;0;0;0;0;13439;0;1
9254;240000;1;1;1;29;-1;-1;-1;-2;-1;-1;17882;367;-4661;-23;4638;2500;403;4838;4638;4661;2500;0;0
9259;20000;2;2;2;21;0;0;0;0;0;0;20040;17850;13560;11748;10632;10019;1499;1099;333;2000;2000;800;0
9260;360000;2;2;1;43;-1;-1;-1;-1;-1;-1;1999;10145;4005;19158;3569;31171;10145;4723;19158;3569;31171;3283;0
9271;180000;1;2;2;26;0;0;0;0;0;0;145574;108617;102711;95652;97661;99656;3907;3600;3415;3542;3616;2000;0
9272;60000;1;1;2;31;2;2;2;2;2;2;60705;62352;60745;58828;55606;58551;3200;0;4580;0;4727;0;1
9274;500000;1;2;2;28;0;0;0;0;0;0;24677;28287;32988;21579;26674;28697;7013;8071;3013;8012;5019;2006;0
9281;500000;1;2;1;38;1;2;0;0;2;0;91662;88467;90193;94629;92621;80971;0;4500;7200;8;3403;2311;0
9301;130000;2;1;2;28;-2;-2;-2;-2;-1;-1;9821;8582;0;0;1170;0;8611;0;0;1170;0;1070;1
9302;70000;2;1;1;36;1;2;0;0;0;0;31919;31123;32203;34656;36927;38308;0;1600;3000;3000;2000;1420;1
9307;400000;2;2;2;27;1;-2;-1;-1;-2;-1;0;0;890;0;0;1180;0;890;0;0;1180;1470;0
9309;50000;1;1;1;33;2;2;0;0;0;-1;12632;13131;14817;13725;13147;5932;1000;2000;7000;5000;5932;25497;0
9313;200000;1;3;1;69;0;0;0;0;0;0;83858;66979;65728;64490;53186;52136;3207;3042;2100;2008;2508;2000;0
9331;250000;2;2;1;37;0;0;0;0;0;0;215928;221963;224949;229577;234221;238960;9510;8160;8364;8493;8625;8737;0
9335;30000;1;1;2;25;0;0;0;0;0;0;29108;29806;30477;30651;30107;26304;1800;1800;1300;1560;1000;1100;1
9337;70000;1;1;2;31;1;2;2;0;0;0;65779;34480;33632;35747;38981;43331;3000;0;3000;4000;5000;0;1
9348;50000;2;1;2;24;-2;-2;-2;-2;-2;-2;220;220;677;1200;666;1480;220;677;1200;666;1480;3710;0
9352;260000;2;1;2;30;-1;-1;-1;-2;-2;-2;449;1340;0;0;0;0;1340;0;0;0;0;3250;0
9355;50000;1;3;2;43;0;0;0;0;-1;0;97348;49221;29457;9279;888;19947;3711;1060;212;888;19709;690;0
9359;450000;1;1;2;28;-1;0;0;0;-1;-1;9845;11991;17111;19585;9756;3282;3000;10000;3000;10000;3300;326;0
9365;270000;2;2;1;33;0;0;0;0;0;0;121065;96197;92217;94082;96367;97793;3500;3349;3400;3800;3300;2601;1
9375;50000;1;2;2;28;0;0;0;0;0;0;48566;47893;48760;22967;39687;23755;2000;2313;813;875;1008;695;0
9377;450000;2;1;1;69;-1;-1;-1;-1;-1;-1;2000;0;1173;0;6265;2374;0;1173;0;6265;2374;708;1
9380;20000;1;3;2;22;-2;-2;-1;-1;2;2;20732;19981;431;20786;20355;18752;2;431;20355;0;2732;7189;1
9382;240000;2;2;1;38;1;2;0;0;2;2;47320;46392;51652;54969;42373;48952;0;6000;4059;14;10022;0;0
9385;10000;1;2;2;26;1;4;3;2;0;0;9526;9240;8950;8660;8840;9472;0;0;0;468;929;0;0
9387;200000;2;3;2;70;-1;-1;-1;0;0;-2;7109;9999;5300;5300;0;0;10025;5300;0;0;0;0;0
9392;80000;1;2;2;25;-1;2;-1;0;-1;0;832;416;832;416;832;416;0;832;0;832;0;416;1
9393;50000;1;2;2;28;-1;2;-1;0;0;-1;2809;187;3135;937;-3;894;0;3141;2;0;897;906;0
9394;170000;1;2;2;42;0;0;0;0;0;0;142118;144803;133868;119956;121277;122926;7040;6165;5004;5003;5001;5009;0
9395;190000;1;3;2;34;0;0;0;0;0;0;47713;49242;52394;55521;113760;116299;3000;5000;5000;60000;5000;5000;0
9396;20000;1;2;1;62;0;0;0;-2;-2;-2;19724;19581;0;0;0;0;1000;0;20500;0;0;0;1
9399;390000;2;2;2;48;0;0;0;0;0;0;171189;176989;178698;182101;155517;154668;10000;10000;8004;10000;6000;10000;0
9405;110000;2;2;2;23;0;0;0;0;0;0;111271;111532;107998;79211;77881;80628;6000;4016;3000;3000;4000;4000;0
9410;440000;2;2;1;28;-2;-2;-2;-2;-2;-2;8325;-4341;-15641;7059;-4220;-16370;0;752;34000;284;3650;52719;0
9416;310000;2;2;2;27;1;2;0;0;2;0;192910;188501;190938;202835;199417;203830;0;7000;15001;1;8001;8001;0
9427;180000;2;1;2;30;0;0;0;0;2;2;149525;152460;154206;135881;130728;123155;7320;6100;9710;4800;0;4300;0
9437;140000;2;1;2;28;0;0;0;0;0;0;115743;117357;112527;91802;94114;91201;5000;5000;3600;4000;4000;4000;0
9440;230000;2;2;1;44;-1;-1;-1;-1;-1;-1;5630;390;5090;19394;205;0;390;5090;19394;0;3916;3916;1
9445;130000;2;2;1;53;0;0;0;0;0;0;126750;119997;108738;71835;62539;61906;5996;4148;2477;2346;2640;30000;0
9447;200000;2;2;1;29;0;0;0;0;0;-2;204541;170572;80620;82300;0;0;7186;3900;3900;0;0;0;0
9448;200000;1;1;2;29;-1;-1;-1;-1;-1;-1;99;99;99;99;99;348;99;99;99;99;348;0;0
9449;80000;2;1;2;22;0;0;0;0;0;0;78028;79347;76022;58897;54512;51937;3200;2229;1900;4000;5000;21000;0
9457;310000;2;1;1;35;-1;-1;0;0;0;0;2948;62593;152141;125325;109142;103020;62635;100042;4017;9184;4081;6042;0
9459;100000;1;2;2;29;0;0;0;0;0;0;70878;72753;58789;53091;55229;57144;3100;2640;2000;3000;3000;3000;1
9460;230000;2;1;1;38;-1;-1;0;0;0;0;2130;62469;62583;59047;52574;43723;62469;5000;2000;5000;5000;3000;0
9474;170000;2;2;1;52;0;0;0;0;0;0;168516;168529;169956;119844;117944;118163;6791;7333;4218;4269;4481;4144;0
9475;190000;2;2;1;33;0;0;0;0;0;0;142272;143386;141711;142569;141733;142982;8007;8000;8000;5500;5339;5058;0
9483;280000;2;1;1;47;0;0;0;0;-1;0;257561;270827;212405;194345;161084;174622;20000;15000;0;161084;15000;20000;0
9485;70000;1;1;2;26;0;0;0;-1;0;0;35666;18116;18397;17262;24921;0;5000;17831;17262;15001;0;11672;0
9493;50000;1;3;1;38;1;5;4;3;2;0;51106;50059;48988;47917;47020;48027;0;0;0;0;1943;1727;1
9494;120000;2;2;2;29;-2;-2;-2;-2;-2;-2;3570;3362;0;0;0;0;0;0;0;0;0;6330;1
9502;330000;2;1;2;34;0;0;0;0;0;0;173630;178833;187820;190202;194964;199008;8000;12000;7000;8000;7287;7400;0
9505;360000;1;1;2;29;1;-2;-1;-1;-1;-1;-1808;-1808;6458;825;825;825;0;9091;825;825;825;825;0
9509;100000;2;2;1;45;-2;-2;-2;-2;-2;-1;0;0;0;0;0;1505;0;0;0;0;1505;0;0
9510;70000;1;2;2;31;0;0;0;0;0;0;63441;29091;29802;30395;31034;31668;1789;1500;1089;1130;1150;1200;0
9511;350000;2;1;1;31;-2;-2;-1;0;0;-1;7914;4221;23907;28528;24965;5727;4221;23916;25528;2965;5753;8095;0
9516;140000;2;2;2;23;0;0;0;0;0;0;49235;45173;39585;36189;21772;21417;2517;1559;2000;1003;1000;1002;0
9519;260000;2;3;1;48;0;0;0;0;0;0;97908;84773;70259;58341;58730;52789;2980;2338;1911;5014;5004;2007;0
9530;370000;2;2;2;39;0;0;0;0;0;0;181221;180616;114073;57660;23093;18436;10073;6367;5100;2000;3000;3000;0
9534;30000;1;2;2;37;0;-1;2;0;0;0;1197;2536;1100;710;320;-70;2600;0;0;0;0;1000;1
9542;160000;2;2;2;25;-1;-1;-1;0;-1;-1;227;0;354;355;47;605;861;354;1;48;906;0;0
9545;230000;2;1;2;29;-1;-1;-1;-1;-1;-1;495;466;3432;495;495;495;466;3461;495;495;495;0;0
9554;30000;2;2;1;52;0;0;2;0;0;0;27101;30360;28002;23879;4178;0;4110;94;1879;84;0;0;0
9555;200000;2;3;1;48;-2;-2;-2;-2;-2;-2;0;0;0;0;0;0;0;0;0;0;0;0;0
9558;170000;2;2;2;33;-1;-1;-2;-2;-2;-2;1547;0;0;0;0;0;0;0;0;0;0;0;0
9559;100000;2;3;2;44;0;0;0;0;0;0;89988;92388;94478;59387;60953;59786;3852;4135;2200;2521;2162;2697;0
9564;300000;2;2;1;33;-1;-1;-1;-1;0;-1;1496;1496;1496;2490;1996;1494;1500;1500;2494;1006;1498;2003;0
9566;150000;1;2;2;26;0;0;-1;0;0;0;69358;42457;92213;70406;70037;14461;4213;92457;5023;4311;7030;3054;0
9585;100000;1;2;1;44;2;2;2;2;0;0;30094;31111;31407;30603;31411;32089;1800;1100;0;1300;1200;1400;1
9599;340000;1;1;2;33;-1;-1;-1;-1;0;-1;8427;10289;9452;22630;8819;9327;10300;9461;22676;8007;9336;32776;0
9602;140000;2;3;2;24;0;0;0;0;0;0;20923;19713;19385;19244;17185;36377;1633;1600;800;1753;20000;938;0
9613;400000;1;1;1;44;0;0;0;0;0;0;18432;24198;22584;22655;23417;16845;6838;2159;1000;3000;1008;1000;0
9618;140000;1;1;2;37;-1;-1;-1;-1;-1;-1;291;291;291;291;291;441;291;291;291;291;441;291;0
9619;50000;1;5;2;33;0;0;0;0;0;-2;45226;46080;32218;20650;0;0;1618;1647;1050;0;0;0;0
9627;220000;2;1;2;36;-1;-1;-1;-1;-1;-1;1838;921;943;1467;25075;6862;923;945;1471;25150;6882;7715;0
9629;150000;2;1;2;34;1;-2;-2;-2;-1;2;0;0;0;0;552;252;0;0;0;552;0;13404;1
9634;50000;2;2;2;27;0;0;0;0;0;0;46465;47776;47626;45227;29436;10363;2367;1606;1198;1196;343;154;0
9640;260000;1;1;2;29;0;0;0;0;0;0;128208;100939;92549;90038;88772;111287;17000;6000;5000;6500;25000;4000;0
9645;210000;1;2;1;39;-1;-1;-1;-1;-1;-1;1443;1443;1443;1443;1443;1443;1443;1443;1443;1443;1443;1443;0
9647;30000;2;2;2;34;1;2;2;2;2;2;23860;23192;30042;28276;30483;29848;0;7300;0;2666;0;1000;0
9655;190000;1;1;2;30;-1;-1;-1;-1;-1;-1;25953;1590;478;10035;24345;1150;1698;478;10035;24345;1191;14512;0
9657;230000;2;3;1;58;1;-2;-1;-1;-1;0;0;0;3000;1800;29387;22980;0;3000;1800;29387;1200;2525;0
9658;80000;1;1;1;46;0;0;0;0;0;0;39115;40176;39681;29213;25356;22723;2000;2490;1522;1100;960;988;0
9664;230000;2;2;1;30;-1;-1;-1;0;-1;-1;3686;5557;5816;1288;23196;15072;5619;5838;7;23312;15147;16518;0
9667;60000;2;1;2;24;0;0;0;0;0;0;56119;57282;58533;59349;55302;56563;2664;2800;2400;2100;2181;2213;0
9676;50000;1;2;2;42;-1;0;0;0;0;0;47612;97918;49376;19693;19677;19657;2113;1949;685;700;712;674;0
9686;20000;1;3;2;39;0;-1;0;-1;-1;-1;6530;8389;10090;3450;13030;9507;8389;5000;3450;13030;9507;19794;0
9693;360000;1;1;2;35;-2;-2;-2;-2;-2;-2;1533;-12;2493;-6;1299;-2;24;2505;0;1305;0;0;1
9695;20000;1;3;2;23;2;2;2;2;3;2;15034;17676;17100;19111;18525;18080;3200;0;2600;0;0;1700;1
9702;50000;2;2;2;24;-1;-1;-1;-1;0;0;390;390;390;780;780;0;390;390;780;0;0;0;0
9706;50000;1;1;2;27;0;0;2;0;0;2;40688;43816;42816;43528;46258;47340;4100;0;1723;3600;2000;2780;0
9711;150000;2;1;1;58;-1;-1;-1;-1;-1;-1;1657;2277;4049;1665;559;0;2277;4066;1665;559;0;663;0
9716;210000;2;1;2;26;1;2;2;0;0;0;120098;121222;117783;120126;122643;125123;4500;0;4302;4455;4523;4516;0
9718;360000;2;2;1;33;0;0;-2;-1;-1;-1;3177;0;0;1672;0;986;0;0;1672;0;986;780;0
9727;140000;1;2;2;30;-1;-1;-1;-1;-1;-1;326;326;326;326;326;326;326;326;326;326;326;326;1
9736;60000;1;2;1;32;0;0;0;0;0;2;30781;25870;26964;27265;30329;24104;1505;1599;900;4500;0;1000;0
9742;60000;1;2;1;42;0;0;0;0;0;0;49244;48310;41746;25488;26199;28200;2000;2000;1000;1501;3000;1500;0
9756;140000;1;1;1;31;2;0;0;2;2;2;51028;52112;55232;55932;54910;57344;2500;4600;2200;0;3513;3000;0
9764;200000;1;2;2;46;0;0;0;0;0;0;18564;77518;82794;80248;64174;51204;60000;20000;20248;45000;40000;54600;0
9769;50000;2;3;2;61;1;2;0;0;2;0;47731;45925;47041;49180;47500;48479;0;2200;3600;0;1763;1725;1
9770;150000;1;2;2;35;0;0;-1;-1;0;0;6008;8765;19674;57858;53588;56892;8008;20155;63992;3004;6002;5702;0
9771;100000;2;2;2;37;1;2;-1;-1;-2;-2;3492;3293;326;324;174;1367;10;650;324;0;1367;4166;1
9777;210000;1;1;1;53;-1;-1;-1;-1;-1;-1;6060;5934;9303;10976;2543;3483;5983;9331;11008;2550;3493;1308;0
9792;200000;2;2;1;60;1;-2;-2;-2;-2;-2;0;0;0;0;0;0;0;0;0;0;0;0;1
9793;150000;2;2;1;28;0;0;0;0;0;0;99294;96094;97642;70371;72257;72536;5008;5000;2499;3000;2789;2439;0
9794;300000;1;3;2;29;0;0;0;0;0;0;103792;108297;75385;76864;124477;192001;8401;4266;3087;49195;70000;7016;0
9796;250000;1;2;1;40;0;0;0;0;0;0;142477;85965;71453;54063;52723;56752;7000;3000;2000;3500;5000;3000;1
9799;20000;2;1;2;23;1;2;0;0;-1;0;6081;3408;4016;3282;1814;2232;0;1000;100;1814;1000;0;1
9806;180000;2;2;1;35;0;0;0;0;0;0;8694;7607;6801;6759;6918;9777;1500;2000;1000;3000;4000;2000;0
9807;180000;1;2;2;36;0;0;0;0;0;0;136613;133557;129909;133043;133835;132587;6600;6000;6000;6000;5000;6000;0
9809;230000;2;1;2;32;-1;0;-1;-1;-1;-1;441;28641;713;1344;3786;6571;28200;720;1344;4674;6571;1814;0
9812;90000;1;3;1;49;2;2;2;2;2;2;74766;76470;77514;78730;80316;82321;3500;2900;3100;3000;3500;6500;1
9814;100000;2;3;1;53;0;0;0;0;0;0;36838;37785;32905;29866;30503;28518;1607;1385;971;1018;984;810;0
9816;50000;2;1;1;35;1;2;2;2;0;0;47438;46400;49276;48286;47915;48386;0;3700;0;2000;6000;0;0
9828;200000;2;3;2;54;-2;-2;-2;-2;-2;-2;880;1948;3635;1186;0;0;1948;3635;1362;0;0;0;0
9833;100000;1;3;1;67;2;2;2;2;2;2;16918;20511;19944;22915;23472;23016;4145;0;3260;1000;0;2286;1
9840;50000;2;2;1;52;0;0;0;0;0;0;15377;17121;17832;18532;19233;20650;2000;1300;1000;1000;2000;0;0
9841;230000;2;2;2;23;-1;-1;2;2;-2;-1;1050;2203;2005;0;0;780;2203;0;0;0;780;0;1
9844;270000;2;2;1;45;0;0;0;0;0;0;17074;28137;32602;9462;8835;8054;15000;5000;5000;5000;5000;1500;0
9845;50000;2;1;2;36;-1;-1;-1;-1;-1;-1;11684;45135;34539;7000;6000;0;45135;34539;7000;6000;0;0;0
9851;270000;2;2;1;50;0;0;0;0;0;0;22821;24949;26526;27778;29322;30677;2500;2000;2000;2000;2000;2000;0
9855;200000;2;2;2;32;-1;-1;-1;-1;-1;-1;2147;1173;912;1140;293;0;1173;912;1140;293;0;308;0
9858;70000;1;3;1;50;2;3;2;2;2;0;56781;55327;52927;30432;16546;16722;2;3;2214;0;600;800;1
9867;130000;2;3;1;44;-1;2;2;-1;0;-1;632;316;0;632;316;316;0;0;948;0;316;316;0
9868;360000;1;1;1;40;-2;-2;-2;-2;-2;-1;1126;3449;3168;1469;1833;1449;3455;3168;1469;1833;1449;0;0
9871;110000;2;1;2;37;2;2;2;2;2;2;600;600;600;600;600;600;0;0;0;0;0;0;1
9873;50000;2;2;2;23;0;0;0;0;0;0;49026;48983;38417;27038;26254;26352;1748;1408;1000;1000;1000;1000;0
9875;80000;2;1;2;25;0;0;0;0;0;0;78327;79322;76290;58987;57947;58077;3000;2454;2059;2100;2149;1956;0
9876;150000;2;2;1;34;-2;-2;-2;-2;-2;-2;316;1801;1139;2246;5435;466;1801;1139;2246;5435;466;316;0
9879;170000;2;1;2;35;-1;-1;-1;-1;-1;0;897;861;3749;1487;1939;588;861;3761;1495;1939;0;10613;0
9881;180000;1;1;2;23;2;2;2;2;2;2;157074;158088;166492;168487;172662;172027;5000;12552;6200;7000;2304;6180;1
9907;280000;2;3;1;45;0;0;0;0;0;0;50415;59538;67642;39396;26096;34104;10000;10000;36432;0;10000;28580;0
9913;200000;2;3;1;44;0;0;0;0;0;0;34760;37871;39879;42946;46141;46305;4000;3000;4000;4000;3000;3000;0
9915;220000;2;5;1;37;2;2;2;0;0;0;189976;189665;171669;167294;172042;162565;15510;0;5500;7250;6500;3500;1
9917;220000;2;1;2;27;-2;-2;-1;0;0;0;4289;4637;1252;8069;18117;23176;1031;3077;7500;10048;15010;9000;0
9926;200000;1;1;1;32;0;0;0;0;0;0;30144;32649;32425;32625;9687;5526;3000;1000;1000;400;1000;752;0
9927;50000;2;1;2;29;-2;-2;-2;-2;-2;-2;0;0;0;0;2900;0;0;0;0;2900;0;0;0
9935;50000;2;2;1;25;-1;0;0;0;0;0;42726;43072;34984;30090;23820;18012;3941;1432;1000;2000;2036;404;1
9939;120000;1;2;2;25;0;0;0;0;0;0;120633;118741;104754;79227;77751;69889;4622;3384;2589;3000;2460;1300;0
9957;320000;1;1;1;46;-2;-2;-2;-1;-1;-2;3266;12186;1403;24305;7463;1957;12253;3290;11465;7537;1966;2987;0
9961;140000;2;2;2;27;0;0;0;0;0;0;136899;139889;142460;142020;139879;140810;5200;6000;5500;5900;5200;5000;0
9964;420000;2;1;2;29;0;0;0;0;0;0;105582;97913;75353;78322;77048;23007;23004;20002;7096;20261;3068;10009;0
9965;200000;2;1;2;29;0;0;0;-2;-1;0;53493;3123;3221;3287;63687;65034;1060;1000;66;65437;2422;2418;1
9966;140000;2;1;2;25;0;0;0;0;0;0;45068;44158;48437;50667;52888;54060;5000;5000;3000;3000;2000;2000;0
9967;170000;2;3;2;33;0;0;0;0;0;0;166348;162319;165592;167482;171106;164042;7354;7464;6127;6550;6100;10000;0
9968;30000;2;2;2;24;0;0;0;2;0;0;18220;20606;22880;22217;23694;24151;3000;2620;0;2000;1000;1000;0
9973;300000;2;1;2;39;-1;-1;-2;-2;-2;-2;2019;-1;-1;-1;-1;-1;1;0;0;0;0;2774;1
9979;200000;1;3;2;46;-1;-1;-1;-1;-1;-1;396;396;396;396;396;396;396;396;396;396;396;396;0
9984;130000;2;3;1;41;0;0;0;0;0;0;101885;72686;70672;64530;63041;56493;3500;2389;2368;5000;1964;1707;0
9999;80000;2;2;2;26;-1;2;2;-2;-2;-2;780;780;0;0;0;0;0;0;0;0;0;0;1
10015;140000;2;1;1;35;0;0;0;0;0;0;26187;28431;26141;24958;27574;27151;3000;2000;2000;3000;1661;3500;0
10024;50000;2;2;1;39;3;2;2;-2;-2;-2;5171;4925;-350;-350;-350;-350;0;350;0;0;0;0;0
10044;50000;1;2;1;50;0;0;0;0;0;0;6449;7314;8474;8488;8665;8843;1129;1289;303;313;321;472;0
10045;200000;2;1;1;44;1;-2;-2;-2;-2;-2;-40;-40;-40;-40;-40;-40;0;0;0;0;0;0;0
10052;70000;2;3;2;24;0;0;0;0;-1;0;65429;67513;67767;69275;1058;48376;3136;2076;2243;1058;48000;2000;0
10057;40000;2;2;1;43;0;0;0;0;0;0;36415;37409;30019;30426;22867;12900;1939;1399;806;862;258;0;0
10064;140000;1;3;1;59;0;0;0;0;2;0;129684;130838;131910;136810;133090;134415;6193;6200;10000;0;5000;5000;0
10074;230000;2;2;2;29;0;0;0;0;0;0;157107;119402;78875;76117;75428;150130;6000;3020;3000;2500;80000;5000;0
10077;250000;2;2;1;43;-1;-1;-2;-1;-1;0;399;508;-3;-3;51169;51482;508;3;24;51800;1826;1787;0
10081;60000;2;2;1;53;0;0;0;0;0;0;55505;57374;35751;25824;25831;27393;3000;2015;2000;1000;2000;2000;0
10082;300000;1;1;1;44;0;0;0;0;0;0;58137;51459;49737;48015;36004;6748;3000;2000;1500;3000;1000;3000;0
10084;30000;2;2;2;23;2;2;2;0;0;2;19674;21050;20414;22008;23480;23777;2000;0;1934;1824;830;0;0
10096;30000;2;2;2;26;0;0;2;2;-1;2;8009;10181;10064;150;1150;1000;2316;199;0;1150;0;0;0
10102;410000;2;3;2;31;-2;-2;-2;-2;-2;-2;0;0;0;0;0;3932;0;0;0;0;3932;1238;0
10105;30000;2;2;1;51;0;0;0;0;0;0;16883;17909;18920;19297;19699;20091;1303;1314;691;713;718;742;0
10107;290000;1;1;1;41;1;-2;-2;-2;-2;-2;0;0;0;0;0;0;0;0;0;0;0;0;0
10109;30000;1;2;1;24;0;0;0;0;0;0;29416;30476;30386;29769;30395;30348;1540;1447;1027;1066;1288;1104;0
10110;360000;2;1;2;44;0;0;0;0;0;0;347696;329864;322159;289377;146946;130085;20000;20009;30000;10000;10000;10000;0
10111;240000;2;2;1;47;1;-2;-2;-2;-2;-2;0;0;0;0;0;0;0;0;0;0;0;0;0
10130;70000;2;1;1;25;1;-2;-2;-1;2;-1;0;0;0;398;248;3408;0;0;398;0;3408;1067;0
10143;400000;1;1;2;39;2;2;2;2;2;2;50747;49666;52727;51286;55077;55500;0;4500;0;4800;1600;0;0
10152;60000;2;2;2;48;2;3;2;3;2;2;60717;59183;62075;60501;61808;60668;0;4500;0;2400;0;2200;1
10156;10000;2;1;2;22;0;0;0;2;2;2;6579;7611;8926;8634;9442;9144;1300;1602;0;948;0;484;1
10158;440000;1;1;2;35;0;0;0;0;0;0;421895;413687;420892;352705;359770;351535;15100;16076;12445;13183;12874;12146;1
10160;20000;1;3;2;24;0;0;0;0;0;-2;14628;16391;18045;18055;0;0;3000;2000;1000;0;0;0;0
10163;180000;2;1;2;32;2;-1;-1;-1;-1;-1;326;2241;2579;326;1005;625;2241;2583;326;1005;625;605;0
10173;410000;2;3;1;48;-1;-1;-1;-1;-1;-1;6578;43564;16813;11080;16595;15843;43821;16865;11100;16615;15866;1547;0
10174;360000;1;1;1;57;-1;-1;-1;-1;-1;-1;2505;4070;3307;0;380;2566;4070;3307;0;380;2566;166;0
10177;90000;2;3;1;49;-1;2;2;0;0;0;69380;70886;69402;1332;1604;958;2800;0;0;272;166;3756;0
10184;30000;1;2;1;39;1;2;2;0;0;2;22595;24928;24230;26811;28702;28092;3000;0;3000;2327;0;1200;1
10192;240000;2;1;1;33;-1;0;0;0;0;0;30973;32008;32889;33410;34327;34500;1537;1418;939;1193;690;0;0
10197;50000;2;2;1;41;2;3;2;2;2;2;29463;28715;28950;29684;29078;29944;0;1000;1500;0;1500;2100;0
10208;80000;1;2;2;26;0;0;0;0;0;0;76158;81858;80337;61002;58148;52515;8000;5000;4000;5000;3000;5000;0
10211;90000;2;2;2;31;0;0;0;2;2;2;23418;24443;26695;25967;26946;28346;1408;2660;0;1400;2000;1200;0
10215;70000;2;1;1;29;0;0;0;0;0;0;68532;69475;69582;69589;68728;69304;3300;3100;2800;2600;2940;3000;0
10223;80000;2;3;2;26;0;0;0;0;0;0;78513;76475;80131;75920;75421;73991;3000;5000;3500;8000;3000;3200;0
10225;80000;2;3;3;60;0;0;0;0;0;2;30959;15774;9365;6515;6845;5789;1458;1230;250;800;0;300;0
10227;140000;2;3;1;51;0;0;0;0;0;0;58213;60764;59949;40979;42339;43529;3500;2000;1447;2000;2184;2000;0
10234;310000;1;2;1;36;0;0;0;0;0;0;52191;36758;29180;22426;18592;14976;3012;5000;2000;5000;5000;3000;0
10237;220000;2;2;1;33;-2;-2;-2;-2;-2;-2;9649;8300;1590;1341;8171;14253;8300;1590;1341;8171;14253;3513;0
10242;100000;2;1;1;27;0;0;2;0;0;2;39056;43420;42417;40287;42938;42095;5000;0;1500;3300;0;1571;0
10251;50000;1;2;2;26;1;-2;-2;-2;-2;-2;0;0;0;0;0;0;0;0;0;0;0;0;0
10252;180000;2;3;1;56;-1;-1;-1;-1;-1;-1;440;440;440;440;440;440;440;440;440;440;440;440;1
10257;100000;1;2;1;41;0;0;0;0;2;2;100284;90952;92840;99296;101872;99555;3500;3400;8000;4300;0;1650;0
10261;170000;2;1;2;24;0;0;0;0;0;0;171465;145196;110163;112157;106497;108832;18500;13998;3760;4000;12212;4200;0
10262;80000;2;2;2;26;0;0;0;0;0;0;11284;10110;10859;59187;111059;56320;1500;1000;56500;2500;2500;2000;0
10281;310000;2;1;2;28;-2;-1;0;0;0;-1;3473;35890;29935;20339;12924;839;201153;20146;3000;512;839;165305;0
10284;140000;2;1;1;33;0;0;0;0;0;0;27234;20191;26276;26847;21713;22143;1389;12000;915;788;791;821;0
10289;150000;2;3;1;33;0;0;0;0;0;-1;21112;13155;14534;3334;318;1963;5000;4500;3300;300;2029;16368;0
10295;180000;2;3;2;29;-2;-2;-2;-2;-2;-2;0;0;0;0;0;0;0;0;0;0;0;0;0
10305;100000;2;2;2;23;0;0;0;0;0;2;85435;85957;86295;86945;94526;91630;3143;3052;3264;10398;0;3390;0
10315;30000;1;3;1;50;1;2;0;0;2;0;22320;21674;22995;24310;23781;25383;0;1685;2000;0;2000;1000;1
10318;70000;1;2;2;42;0;0;0;0;0;0;66681;68768;69699;69484;71067;67568;3768;2699;2660;2879;2568;2570;0
10319;260000;2;3;1;51;-2;-2;-2;-2;-2;-2;1821;7091;1546;37708;4080;11036;7091;1555;37708;303;7500;0;0
10335;70000;2;2;2;23;-2;-2;-1;0;-1;0;0;3999;44446;21436;19987;19939;3999;44446;41;19995;6000;10305;0
10336;50000;2;2;1;45;0;0;0;0;0;0;49073;12630;9215;9215;8011;5615;2022;2000;0;1000;1904;1664;0
10337;20000;1;2;2;57;0;0;0;0;0;0;20104;19887;19486;19501;19274;19703;3000;1500;1600;900;900;600;0
10344;410000;2;1;1;53;-1;-1;-1;-1;-1;-1;4213;187;7884;1842;1129;7592;187;7898;1842;1129;7592;0;0
10347;260000;1;3;1;53;-2;-2;-2;-2;-2;-2;3304;7378;3641;4726;2966;5946;7378;3696;4726;2966;5946;6020;0
10350;20000;1;1;1;35;0;0;0;0;0;0;5745;6023;7053;5909;3287;3604;2224;1171;500;500;500;5000;1
10355;30000;1;2;2;25;3;2;2;2;0;0;18585;19301;19702;19102;19508;19899;1300;1000;0;700;700;1000;1
10356;180000;1;1;1;44;0;0;0;0;0;0;18896;20166;16995;15324;6758;5730;2006;6995;282;0;200;0;0
10361;100000;1;1;1;30;2;0;0;0;0;0;85806;85195;85464;86921;88524;91241;3100;4000;4000;3500;5000;10000;1
10362;30000;2;1;2;41;0;0;0;0;0;0;22346;26357;29043;29419;29848;29306;8816;4021;2000;5000;6000;6000;0
10367;230000;2;1;2;32;1;-1;-1;-2;-2;-2;0;351;0;0;0;0;351;0;0;0;0;432;0
10374;70000;2;1;2;30;0;0;0;0;0;0;19492;20054;14016;14782;15249;15595;1600;1300;1000;701;1000;1000;0
10383;220000;2;1;2;30;-1;-1;-1;0;0;-1;15069;0;14129;28246;9995;198;680;14129;16000;5000;198;14952;0
10405;210000;2;2;2;30;0;0;0;2;2;2;45998;47107;50999;51884;50926;54404;2150;5000;2020;0;4500;2000;0
10410;140000;1;2;2;27;0;0;0;2;2;2;34229;35262;38079;37167;41146;40332;1583;3400;0;4600;0;2000;0
10414;100000;1;2;2;40;0;0;0;0;0;0;86208;173340;36562;37298;39687;40044;3595;3218;1345;3000;1275;440;0
10419;500000;1;1;1;64;-2;-2;-2;-2;-2;-2;0;0;0;0;0;0;0;0;0;0;0;1063;1
10422;10000;2;2;2;22;0;0;2;0;0;0;9721;11756;10844;10468;10101;9911;2939;0;507;365;404;459;0
10427;500000;2;1;1;40;-2;-2;-2;-2;-2;-2;2121;0;0;0;0;522;0;0;0;0;522;117;0
10436;100000;2;2;1;33;0;0;0;0;0;2;70096;71667;73043;73928;80682;77485;3300;3200;2650;9000;0;3100;0
10443;260000;1;1;2;37;0;0;0;0;0;0;36664;22228;39330;39880;78787;52790;1690;19342;15000;53787;22790;3217;0
10445;10000;2;2;1;22;-1;-1;-1;0;0;0;390;390;9159;9363;8160;7552;390;9159;700;279;1000;800;0
10449;90000;1;2;1;41;0;0;0;0;0;0;45431;46338;45129;45640;46175;46716;2749;2206;1113;1135;1153;1134;0
10450;300000;2;3;1;41;1;-2;-2;-2;-2;-2;390;390;780;390;390;5144;390;780;0;390;5144;390;0
10451;230000;2;2;2;31;0;0;0;0;0;-1;17587;19297;19580;8247;-6666;13334;2000;1000;2000;0;20000;8200;0
10461;150000;1;1;2;34;-1;2;2;2;0;0;40749;39815;46887;45832;52968;60034;0;8538;0;8810;8942;9344;0
10462;220000;2;1;1;36;-1;-1;-1;-2;-1;-1;307;191;-125;-441;10243;9927;200;0;0;11000;10000;11000;0
10463;330000;2;1;1;36;0;0;0;0;0;0;95255;101046;100349;100218;100334;98097;10500;4074;3600;4005;3600;3400;0
10464;300000;2;2;2;37;0;0;0;0;0;0;67943;69969;71387;72340;73853;75316;3121;3175;2736;2829;2843;2941;0
10474;150000;2;1;2;31;0;0;0;0;0;0;90121;51385;26352;27607;29457;40706;2031;2000;2000;2457;12060;40000;0
10475;60000;2;1;2;31;-1;-1;-1;0;0;-1;9815;11093;699;699;0;1000;11160;699;0;0;1430;850;0
10476;260000;2;2;1;46;-2;-2;-2;-2;-2;-2;0;135;0;0;109;945;135;0;0;109;945;9300;0
10478;130000;2;2;2;25;1;2;0;0;0;0;39728;38815;39828;40468;41315;42133;0;1960;1600;1650;1655;1725;0
10481;130000;1;1;2;27;-1;-1;-1;-1;0;-1;326;326;326;2400;1075;1650;326;326;2400;0;1650;652;1
10488;170000;2;1;1;33;0;0;0;0;0;0;170440;170060;115372;211577;120407;122952;8200;5200;5000;5000;5000;4000;1
10492;500000;1;1;2;38;0;0;0;0;0;0;477468;488083;498839;411820;422671;394599;21000;22800;15200;19000;16000;10000;0
10505;340000;1;2;2;29;-1;-1;0;0;-1;2;5060;7604;14900;0;2650;1000;7604;10000;0;2650;0;1000;0
10506;50000;1;2;2;25;0;0;0;0;0;0;24724;25895;23627;24827;25521;26523;2000;2000;2000;1500;2000;2000;0
10507;20000;2;2;2;22;0;0;2;2;2;2;15189;17802;17219;18377;17941;19572;2869;0;1444;0;1933;0;1
10513;150000;2;2;1;34;1;2;2;0;0;0;147833;148066;142163;135075;135309;135165;6130;27;4610;5000;5000;3760;0
10514;290000;2;1;1;39;-2;-2;-2;-2;-2;-2;79298;-40;122380;0;32720;-200;0;122420;0;32720;200;0;0
10515;240000;2;2;1;35;0;0;0;0;2;2;109226;110226;111030;114584;115681;112528;5500;5400;8000;4179;0;4000;0
10520;170000;2;2;1;29;-1;-1;-1;-1;0;-1;7383;23400;49771;30929;31429;14170;23518;50026;31023;20157;14233;22818;0
10524;230000;2;2;1;33;1;-2;-2;-1;-1;-2;0;0;0;1990;0;0;0;0;1990;0;0;0;1
10530;60000;2;3;2;42;0;0;0;0;0;0;54216;27596;28772;19067;19467;9247;4000;2000;1000;1000;331;343;0
10543;410000;1;1;2;33;-2;-2;-2;-1;-1;-1;333;333;333;1019;2218;1216;333;333;1019;2218;1216;1019;0
10557;230000;2;1;2;29;0;0;0;0;0;0;31206;28395;29127;25446;26141;26852;1500;1500;1000;1100;1300;710;0
10559;190000;1;2;1;44;0;0;0;0;0;0;197494;194913;192896;116537;112086;108660;7200;8000;4100;4000;5000;7000;0
10562;280000;2;2;2;29;-2;-2;-2;-2;-2;-1;0;0;0;0;0;5017;0;0;0;0;5017;101;0
10570;50000;1;2;2;25;0;0;0;0;3;3;46741;48883;50074;60158;75277;90464;2900;2000;14455;16560;17000;0;0
10575;20000;2;3;1;51;0;0;0;-2;-2;-2;19255;20650;0;0;0;0;2000;0;0;0;0;0;0
10577;60000;1;2;2;22;0;0;0;0;0;-1;60103;52193;44934;17769;10400;1760;3033;2093;560;600;1760;17933;0
10580;360000;2;1;2;31;-2;-2;-2;-2;-2;-2;12521;18746;47535;186;38169;2665;18843;48271;187;38359;2678;6169;0
10585;50000;2;3;2;54;0;0;0;0;0;0;48065;48968;47368;9515;9483;9292;2082;1672;500;500;355;264;0
10592;210000;2;1;2;33;-1;-1;-1;-1;-1;-1;591;1053;2989;2046;17239;3680;1053;2992;2046;17239;3680;0;0
10606;70000;2;2;2;24;0;0;0;0;0;2;68659;68259;14690;9980;15607;15209;3500;1400;700;6000;0;1000;0
10608;10000;2;2;2;31;0;0;0;-1;-1;-1;10503;9996;6528;4328;4328;4171;1140;1000;4328;4328;4171;4718;0
10609;30000;1;3;2;27;0;0;0;0;0;2;27061;28129;29377;29625;30134;28716;1504;1752;1000;2257;0;2287;0
10610;230000;2;2;1;29;0;0;0;0;0;0;69853;61844;24802;61631;46396;28311;2310;2000;49000;1500;1000;2000;0
10611;50000;2;3;1;61;0;0;0;0;0;2;20907;22236;23250;23564;30882;30242;1672;1686;1000;7764;0;1000;0
10626;30000;1;2;2;37;0;0;0;0;0;0;27526;28794;29480;29679;16451;0;1714;1400;599;0;0;0;0
10630;210000;1;2;2;33;-1;-1;-1;-1;-1;0;1024;264;264;264;42515;43104;264;264;264;42515;1559;1472;0
10639;310000;2;2;2;24;0;0;0;0;0;0;203519;182513;161002;139275;120762;102598;6373;5600;5000;4500;3500;2816;0
10650;400000;2;1;2;27;-2;-2;-2;-2;-2;-2;5457;4438;5048;7013;52189;16153;4460;5072;7048;52317;16232;4516;1
10652;500000;1;1;2;54;-2;-2;-2;-2;-2;-2;2634;1108;1318;36032;0;11270;1119;1318;36032;0;11270;28051;0
10658;200000;2;1;2;30;-2;-2;-2;-1;0;-1;0;0;324;3741;1374;2932;0;324;3741;0;3118;0;0
10661;230000;1;1;2;29;0;0;0;0;0;0;32375;36817;40170;43473;44663;47207;5000;5000;5000;3000;5000;5000;0
10664;50000;2;1;1;36;2;0;0;2;2;2;37397;40292;43073;44067;44955;44081;3500;3452;2000;1738;0;4000;1
10666;220000;2;1;1;41;0;0;0;0;0;0;157980;163974;140964;105353;100750;85261;11024;5198;6006;10362;5000;4000;0
10668;150000;1;2;2;45;-1;-1;-2;-1;-1;-1;9487;0;0;159;14903;410;0;0;159;14903;509;0;0
10669;50000;1;2;1;42;-2;-2;-2;-2;-1;0;1464;1469;2185;0;19777;19910;1469;2185;0;19777;629;296;0
10675;290000;2;2;2;36;0;0;0;0;0;0;320952;326625;290268;296053;302793;307336;11149;10524;10600;11500;10000;65000;0
10681;190000;1;1;2;33;-1;-1;-1;0;-1;0;546;1213;15571;14625;28520;24920;1213;15571;0;28520;0;0;0
10686;160000;1;2;1;31;0;0;0;0;0;0;75636;77220;79129;80710;82749;84871;3400;3800;3500;3500;3500;3600;0
10697;20000;1;1;2;26;0;0;0;0;0;2;11065;11788;13082;13498;14278;13899;1206;1500;634;1151;0;514;1
10698;280000;2;1;1;57;-1;-1;-1;2;2;3;929;1669;5707;4795;5328;4969;1669;4795;0;4115;0;0;0
10699;200000;2;1;1;39;1;-2;-2;-2;-2;-2;0;0;0;0;0;0;0;0;0;0;0;0;1
10702;50000;2;2;1;31;2;2;2;2;2;2;26441;28297;29532;28758;30287;31133;2600;2000;0;2000;1500;1500;1
10704;20000;2;1;2;23;0;0;0;2;0;0;15573;17013;19413;14871;15478;16068;2000;3000;0;1000;1000;1000;0
10709;230000;2;2;2;30;0;0;0;0;0;0;112402;116273;118467;108826;100862;92481;6000;6000;4000;4000;3500;4000;0
10715;30000;2;2;1;38;0;0;0;0;2;0;7979;9046;10279;10610;10339;8710;1200;1423;754;0;1000;3000;0
10718;200000;2;2;1;28;-1;-1;-1;-1;-1;-1;3099;3174;0;3239;0;500;3174;0;3239;0;500;0;0
10722;30000;2;1;2;28;0;0;0;0;0;0;6359;7461;5172;5931;7665;9535;1230;1241;1000;2000;2000;0;0
10726;290000;2;2;1;33;0;0;0;0;0;0;117275;110481;107735;100195;84268;76356;3700;4005;4000;3000;2928;2000;0
10727;140000;1;1;2;35;0;0;0;0;0;0;142119;142362;142292;99399;101677;100867;6000;6982;3500;3800;3700;4000;0
10748;310000;1;3;1;32;0;0;0;0;0;0;172772;152397;110375;84373;57779;14163;8295;6000;4000;3000;1000;2000;0
10751;20000;1;2;1;38;0;0;0;0;-2;-2;16619;17845;19000;0;0;0;1500;1500;0;0;0;0;1
10758;230000;2;1;1;53;-1;-1;-2;-2;-2;-2;10000;0;0;0;0;0;0;0;0;0;0;0;0
10761;90000;2;2;2;24;-1;-1;-2;-2;-2;-2;520;0;0;0;0;0;0;0;0;0;0;0;0
10762;180000;1;1;2;27;-1;-1;-1;-1;-1;-1;2658;2014;536;1123;536;536;2014;536;1123;536;536;629;1
10767;80000;1;1;2;42;0;0;0;0;0;0;74380;68820;59079;30289;27415;28447;2619;2036;1215;1500;1504;1200;0
10772;80000;1;3;1;46;2;2;0;0;0;0;40154;39021;21862;22297;22766;23531;80;1500;797;827;1144;666;0
10774;50000;1;2;2;22;-1;0;0;2;0;0;5696;6723;8619;8334;8510;8728;1277;2173;0;459;513;161;0
10777;360000;1;1;2;49;1;-2;-2;-2;-2;-2;0;0;0;0;0;0;0;0;0;0;0;0;0
10780;130000;2;3;1;48;0;-1;-1;-1;-1;-1;13570;785;1534;397;22262;251;785;1534;397;22262;251;1380;0
10783;30000;1;2;2;43;0;0;2;0;0;0;25724;29638;27000;27382;26876;28351;5300;0;1100;1000;2300;0;0
10797;170000;2;2;1;43;0;0;0;0;0;0;95780;109078;115606;121493;132016;145820;13298;9913;7900;10523;16289;3600;0
10799;70000;1;2;2;43;0;0;0;0;0;0;59829;57240;29079;28562;29155;29448;1586;1739;1002;1033;1142;1014;0
10808;80000;2;3;1;40;0;0;0;-1;0;0;80855;78074;38360;60060;59322;59973;2800;2700;61400;2312;2800;2800;0
10810;380000;1;1;1;35;1;-1;-1;-1;-2;-2;-6;15099;1299;0;0;0;15105;1300;0;0;0;0;0
10813;100000;2;2;2;31;0;0;0;0;0;0;32430;34169;36495;36910;37838;38457;2579;2905;1320;1522;1400;1419;0
10819;200000;2;1;1;27;2;2;2;0;0;0;191406;201756;197185;146021;147473;147669;15100;3028;5169;5400;5306;5232;1
10822;160000;1;2;2;30;1;-2;-2;-2;-2;-2;0;0;0;0;0;0;0;0;0;0;0;679;0
10823;140000;2;1;2;27;2;2;2;2;2;2;94903;96912;98015;99155;100979;99251;4400;3600;3600;3500;0;3470;1
10828;160000;2;2;1;63;1;-2;-1;-1;-1;-1;-2;-2;2647;1210;0;1886;0;2649;1210;0;1886;491;0
10829;180000;2;4;2;26;0;0;0;0;0;0;252810;240518;39162;5461;2309;0;8013;3060;109;46;0;0;0
10830;220000;2;2;2;27;0;0;0;0;0;0;220588;218136;177720;131874;118918;110338;9000;7500;4500;5000;5000;3000;0
10831;10000;1;2;2;22;2;0;0;-1;-1;-2;8631;9202;9975;528;0;0;1238;1275;528;0;0;0;1
10835;270000;1;2;1;52;0;-1;-1;-1;2;-1;18758;4937;2000;9078;5058;6177;4937;2000;9078;0;6177;4600;0
10846;500000;1;1;1;41;-1;-1;-1;-2;-1;-1;719;1550;-50;-50;10037;79;1558;0;0;10087;79;471;0
10847;160000;1;1;2;37;-1;2;-1;-1;0;-1;17723;497;1100;652;326;5654;0;1100;652;0;5654;0;1
10852;140000;1;1;2;29;-2;-2;-2;-2;-2;-2;700;700;700;3105;1259;700;700;700;3105;1259;700;700;0
10868;30000;1;1;2;25;0;0;-2;-2;-2;-2;7833;0;0;0;0;0;0;0;0;0;0;0;0
10870;50000;1;2;2;28;0;0;0;0;0;0;48433;49608;45568;9742;8790;6591;2000;1500;442;300;238;500;1
10876;400000;1;1;1;40;-1;-1;-2;-1;-1;-2;4750;0;0;2827;0;0;0;0;2827;0;0;3347;1
10884;160000;2;1;2;30;-1;2;2;-1;-1;-1;6548;3200;0;4775;456;0;7;0;4775;456;0;0;0
10886;50000;1;3;1;47;1;-2;-2;-2;-2;-2;0;0;0;0;0;0;0;0;0;0;0;0;0
10888;60000;2;2;1;57;0;0;0;0;0;0;20866;22131;22685;24938;25085;28862;2000;2000;2950;926;4600;0;0
10892;140000;1;2;2;41;0;0;0;0;0;0;92281;92370;92446;65774;65076;64295;3551;3814;2333;2340;2279;2273;0
10899;200000;1;1;1;41;-1;-1;-1;-1;-1;-1;855;0;316;8386;316;10104;0;316;8386;8896;10104;955;0
10920;500000;2;1;2;43;-2;-2;-2;-2;-2;-2;274261;209672;179618;152069;110763;69267;11375;5066;5145;5145;5117;5086;0
10926;360000;1;2;1;46;1;-2;-2;-2;-2;-2;5800;0;0;0;0;0;0;0;0;0;0;76873;0
10931;320000;2;1;2;43;0;0;0;0;0;0;34702;76361;58124;70717;78149;70379;50390;20000;20000;15000;40000;40000;0
10932;130000;2;2;1;44;0;0;0;0;0;0;69120;66171;65225;65588;66662;68176;3000;3000;3000;2500;3000;3000;0
10935;330000;1;1;2;37;-2;-2;-2;-2;-2;-2;0;0;0;0;0;1624;0;0;0;0;1624;0;0
10953;340000;2;1;1;41;0;0;0;0;0;0;325371;326867;322454;275928;264601;265494;25034;11000;10000;10000;10000;10000;0
10954;80000;2;3;1;39;0;0;0;0;0;0;83482;80406;71540;68325;65105;62011;2900;2340;2300;2289;2500;1551;0
10956;340000;2;1;2;36;0;0;0;-1;0;0;91938;85927;71707;92695;86244;71538;3911;5104;92695;3114;2613;2366;0
10970;110000;2;3;1;42;0;0;0;0;0;0;116292;118781;121030;119267;116142;113887;5836;5780;5000;4206;5000;5000;0
10993;230000;2;1;1;41;-1;-1;-1;0;-1;-1;1886;8013;3962;1410;1410;1410;8034;4007;0;1410;1410;1410;0
10997;50000;1;3;1;36;0;0;0;-1;-1;-2;10849;3701;4600;2300;0;0;1101;1000;2300;0;0;0;0
11000;50000;1;1;2;23;0;0;0;0;0;0;20655;21718;22316;22762;20231;19445;1701;1299;745;711;1000;685;0
11005;90000;2;1;2;28;0;0;0;0;0;0;62062;62617;57990;51537;52486;48483;2971;2168;1686;1878;1611;1334;0
11007;60000;1;2;2;22;1;3;2;0;0;0;25300;23150;20999;21423;19049;18282;0;0;1000;1000;1000;1000;0
11009;70000;1;1;1;40;1;2;2;2;2;2;12026;13531;13017;14299;13927;15692;2000;0;1500;0;2000;0;0
11014;170000;2;2;1;50;-1;-1;-1;-1;-1;-1;79210;660;15360;891;13460;32136;660;15360;891;13460;32136;0;0
11016;70000;1;2;1;45;0;0;0;0;0;0;43050;43410;36226;29369;25873;26101;1888;1225;856;6000;1097;604;0
11031;20000;1;2;2;24;0;0;2;2;0;0;17196;20609;20654;19118;18104;19846;4007;700;0;1000;2000;800;1
11033;460000;2;3;1;57;-2;-2;-2;-2;-2;-2;7516;23485;7398;6143;9634;9581;23524;7409;12286;9634;9581;38354;0
11035;30000;2;3;1;38;2;2;0;0;2;2;5685;5448;7347;8024;7751;9607;0;2000;800;0;2000;0;1
11046;100000;2;2;1;40;0;0;0;0;0;0;90828;83479;73749;68512;72518;65890;3523;3025;2344;5000;3000;2000;0
11047;410000;2;1;1;35;-1;-1;-2;-2;-2;-1;99687;0;0;0;0;18000;0;0;0;0;18000;0;0
11062;70000;1;2;1;45;0;0;0;0;0;0;31218;32321;41713;42233;43288;46001;1608;10000;1511;1735;3600;0;1
11065;220000;1;1;2;25;1;2;0;0;0;0;222737;216397;207870;172612;166705;166192;0;7109;6050;6000;9111;6171;0
11074;100000;2;3;1;39;0;0;0;0;0;-1;4247;4097;6314;3410;1396;1640;1283;2500;1500;1000;1700;300;0
11077;200000;2;1;2;30;0;0;0;0;0;0;74961;69702;63210;57098;46455;38265;2513;1656;5000;20000;15000;14000;0
11080;100000;2;2;1;41;0;0;0;0;0;2;76828;77371;85154;84914;83097;1308;4000;10200;2100;2850;0;72375;0
11084;360000;2;2;2;34;1;-2;-2;-2;-2;-2;0;0;0;0;0;0;0;0;0;0;0;0;1
11088;200000;1;3;1;34;0;0;0;0;0;0;75420;73548;47100;27112;21220;15719;3015;1903;10033;949;10078;92757;0
11093;80000;1;3;1;29;0;0;0;0;0;0;42488;43805;45126;45775;48033;56981;2000;2051;1700;3000;10000;2200;0
11111;40000;1;2;1;42;-1;-1;-1;-1;-2;-2;780;0;780;0;0;0;0;780;0;0;0;0;0
11116;270000;2;1;2;31;0;0;0;0;0;0;167428;168827;148031;92943;94464;92899;6155;5382;3270;3377;3329;3553;1
11117;100000;1;2;1;42;0;0;2;2;0;0;58392;61562;61392;59619;59814;58571;5500;2000;2;2007;2225;1947;0
11120;30000;2;2;2;39;1;2;0;0;0;0;26981;26264;27240;27440;28000;0;0;1500;600;560;0;15225;0
11123;50000;1;1;2;30;1;2;2;0;0;0;7690;8805;9502;10189;10869;11533;1400;1000;1000;1000;1000;1000;0
11125;160000;1;1;2;29;-1;-1;-2;-2;-2;-2;2275;0;0;0;0;0;0;0;0;0;0;0;0
11127;50000;2;2;2;31;-1;-1;-1;-1;-1;-1;422;1334;3962;0;660;1840;1532;3962;0;660;1840;0;1
11129;90000;2;2;1;39;-1;-1;-1;-1;-1;-1;27571;337;3734;-45;1905;22636;337;3740;38;1950;22636;0;0
11133;50000;2;2;1;39;1;-2;-2;-1;-1;-1;0;0;0;2219;390;390;0;0;2219;390;390;390;0
11148;500000;2;1;2;41;-1;-1;-1;-1;-1;-1;2345;3595;1537;360;0;785;3595;1537;363;0;785;0;1
11150;70000;1;2;2;62;1;2;0;0;0;2;24635;23020;22496;22070;22101;20724;1100;1703;1000;1800;0;900;0
11160;250000;2;2;1;39;-1;-1;-1;-1;-1;-1;8040;8099;45964;6496;11108;3321;8099;46224;6496;11108;3321;7154;0
11167;140000;1;1;1;35;1;2;0;0;2;2;91296;88979;97448;105795;103988;110769;0;10000;10000;0;8500;4100;0
11171;130000;2;2;2;24;2;2;-1;0;0;-2;1176;0;41;1062;-201;-201;0;41;1021;0;0;0;1
11191;50000;1;3;2;34;0;0;0;2;0;0;9110;10454;12274;11780;14578;18309;1500;2000;0;3000;4000;0;0
11196;20000;1;3;1;29;0;0;0;-2;-2;-2;11136;20649;-1001;-1;-1;-1;10000;0;1000;0;0;0;0
11198;130000;1;3;1;54;3;3;2;0;0;0;131139;132596;127906;86109;81941;84545;6000;0;3029;4000;5000;3300;0
11199;150000;1;3;2;32;0;0;0;0;0;0;148352;151267;143254;137379;35290;1200;5210;5212;4610;706;1200;0;0
11205;50000;2;2;1;40;1;2;2;2;2;0;37458;38514;30266;30897;30050;24651;2010;0;2000;0;2000;2000;0
11211;270000;2;2;1;65;1;-1;-1;-1;-1;0;0;2521;5145;8422;6374;1566;2521;5184;8422;6374;0;1429;0
11214;120000;1;2;2;34;-2;-2;-2;-1;-1;-1;67;0;0;222;836;1259;0;0;222;836;1259;2797;0
11218;30000;2;2;1;31;-1;2;2;3;2;2;699;309;-471;1479;1320;930;0;0;1950;0;390;0;1
11226;10000;2;2;1;23;1;3;2;2;2;0;11640;10685;9730;11645;10702;10392;0;0;3000;0;500;1000;0
11230;20000;1;1;1;50;0;0;-2;-2;-2;-2;9164;0;0;0;0;0;0;50000;0;1300;0;0;1
11256;240000;1;2;1;44;0;0;0;0;0;0;21643;19743;20298;15475;15852;16208;1400;1300;1000;1000;1000;1000;0
11258;140000;2;1;2;27;0;0;0;0;0;0;126785;129752;132554;268084;137061;129250;6500;6500;5000;5000;5568;3600;0
11260;100000;1;3;2;32;2;2;0;0;0;0;103540;98205;12605;10437;7920;7350;254;1418;250;306;524;23910;0
11268;360000;1;1;1;37;-1;-1;-1;-1;-1;-1;25078;20970;14407;6820;10099;7806;21006;14430;6820;10099;7806;7862;0
11271;20000;1;2;2;34;1;-2;-2;-2;-2;-1;0;0;0;0;0;8081;0;0;0;0;8081;0;1
11273;20000;1;2;1;45;4;3;2;0;0;0;21605;20987;20200;19600;19600;20000;0;0;0;0;400;0;0
11276;60000;1;1;2;29;0;0;0;0;2;2;40851;41891;44788;47728;48617;49669;2000;3600;3700;1800;2000;0;0
11277;100000;1;2;1;42;0;0;0;0;0;0;100699;94528;89010;81545;75592;68715;3368;3995;2800;3267;2919;334;1
11295;20000;1;2;2;30;0;0;0;0;0;0;20001;20041;20205;19998;20367;20399;1400;1290;694;869;2102;1214;0
11298;360000;2;1;2;50;-1;-1;-1;-1;-1;-1;11530;11753;0;2855;1730;0;11763;0;2855;1730;0;11150;0
11302;20000;1;2;2;43;-1;-1;-1;-1;-1;-1;54;54;54;54;54;54;0;0;0;0;0;2966;1
11306;50000;1;2;1;31;0;0;0;0;0;0;51319;52214;50260;32502;27697;25940;5000;2300;1100;1000;1000;1500;1
11307;30000;2;2;2;27;2;0;0;-2;-2;-2;29810;1651;0;0;0;0;1000;0;0;0;0;0;0
11323;50000;2;2;2;40;-1;-1;-1;-2;-2;-2;15584;4377;0;0;0;0;4377;0;0;0;0;0;0
11324;130000;1;3;2;53;-1;-1;-1;-2;-2;-2;7477;6519;1403;5773;2464;2108;6540;1411;5790;2571;2214;4172;0
11328;70000;2;2;1;40;0;0;0;0;0;0;43045;44088;45102;45861;47951;49252;2036;2050;1809;3000;2251;1627;0
11332;20000;1;2;2;24;-2;-2;-2;-2;-2;-1;-331;19398;1238;5300;0;16100;19729;1000;5300;0;16100;0;0
11339;50000;2;2;2;25;-1;2;0;0;0;0;6806;6552;7561;7712;7936;47743;0;1125;276;348;40000;1151;1
11349;160000;2;2;2;25;0;0;0;0;0;0;153392;143297;140984;120742;115637;111354;8000;7000;5000;5000;5000;10500;0
11352;70000;1;3;2;53;0;0;0;0;0;0;14054;15078;15787;16100;16437;16764;1554;1263;576;596;600;622;0
11354;310000;2;2;1;40;0;0;0;0;0;0;180225;85799;103459;80237;74627;52057;10000;20000;10000;6000;5000;5000;0
11355;20000;2;3;2;25;-1;-1;-1;0;0;-2;12547;14699;900;900;0;0;14745;900;0;0;0;0;1
11366;200000;2;2;1;40;-1;-1;-1;-1;0;-1;7261;32333;12610;7850;977;9205;32543;13587;7850;0;9205;0;0
11369;180000;2;3;1;63;-1;-1;-2;-2;-2;-2;1344;0;0;0;0;0;0;0;0;0;0;0;1
11376;360000;2;1;2;37;0;0;0;0;0;-1;16600;19190;20384;23255;22495;380;3194;2384;3271;2509;381;2469;0
11378;50000;2;2;1;41;0;0;0;0;0;0;25395;26421;27741;27982;28589;29157;1440;1760;1001;1057;1063;5699;0
11387;20000;1;1;2;23;0;0;0;0;0;0;8693;10045;11776;11776;10886;-1000;1500;2000;0;0;0;0;0
11389;10000;1;3;2;41;2;2;2;0;0;2;3983;4764;5528;7420;8298;8019;1000;1000;2000;1000;0;1390;1
11397;50000;2;2;2;32;1;2;0;0;0;0;49340;48297;49255;8838;9011;9872;0;3000;1000;1000;1000;1000;0
11399;140000;1;1;2;43;0;0;0;0;0;0;138859;141393;135784;136258;137747;138593;5100;4779;6000;6000;6000;5200;1
11400;110000;1;2;1;39;0;0;0;0;0;0;49464;40359;34533;36819;32467;35806;3007;3000;3000;3000;4000;3000;0
11404;20000;2;2;1;37;4;3;2;0;0;0;20460;19860;19100;18500;18500;18500;0;0;0;0;0;4500;0
11407;260000;2;2;2;29;-2;-2;-2;-2;-2;-2;4400;942;1058;2106;2282;2531;942;1058;2106;2282;2531;0;0
11408;260000;2;3;1;52;0;0;0;0;0;0;207627;212821;214885;219204;223899;228279;8535;6430;6495;6849;6799;32430;0
11409;240000;1;1;2;48;1;3;4;3;2;0;180189;191054;192447;188156;183299;180090;15281;6000;0;0;9013;6183;0
11412;400000;1;1;2;37;-1;-1;-1;-1;-1;-1;1783;1251;629;0;303;219;1251;629;0;303;219;1640;0
11422;140000;1;3;1;35;0;0;0;-2;-2;-2;136324;138438;0;0;0;0;5407;0;0;0;0;0;0
11443;50000;1;3;1;54;2;2;2;0;0;0;18691;21072;20039;20042;20097;20288;3000;0;700;750;900;692;1
11446;440000;2;2;2;31;0;0;0;0;0;-1;49803;25781;18400;10978;1175;32857;1390;4375;271;497;34255;1048;0
11456;60000;2;3;1;48;0;0;0;0;0;0;59063;53377;37418;37543;35447;35641;2000;1900;1500;1300;1300;1300;0
11458;130000;1;5;2;46;2;0;0;0;0;0;79705;59716;38343;37834;37429;36991;2475;1600;1300;1400;1400;2000;0
11463;10000;2;2;2;22;1;2;0;0;0;-2;7194;6934;8786;8014;0;0;0;2000;430;0;0;0;1
11466;30000;2;1;2;24;0;0;0;0;0;0;28885;27924;27709;27457;26848;26407;1459;1414;952;1002;832;2698;0
11467;220000;2;2;1;45;1;-1;0;-1;0;-1;0;6010;7069;43957;30693;13264;6010;1229;43957;614;13264;700;0
11470;160000;2;2;1;30;0;0;0;-2;-2;-2;5331;6020;1194;694;1800;186;1153;1202;694;1800;186;3573;0
11472;20000;2;2;2;23;2;0;0;0;0;0;16235;17857;18862;18931;19624;20049;2200;1610;679;1000;900;599;1
11474;70000;1;2;1;26;0;0;0;0;0;0;66866;27072;26744;28087;27393;26646;2000;1396;3000;980;955;941;1
11485;30000;2;1;2;23;2;2;2;2;2;2;25487;26513;27026;27871;29017;28403;1738;1251;1596;1742;0;1374;1
11490;360000;2;1;1;48;-1;-1;-1;-1;-1;-1;8243;10742;3300;0;1270;0;10752;3300;0;1270;0;889;0
11491;500000;2;2;1;37;0;0;0;0;0;0;71455;79079;73583;79481;115741;168319;10004;10104;10000;40000;10000;10000;0
11496;320000;1;2;1;42;-2;-2;-2;-2;-2;-2;730;1550;0;2000;700;760;1550;0;2000;700;760;810;0
11505;50000;1;2;1;45;0;0;0;0;0;-2;9659;10610;6525;3660;0;0;1155;1000;73;0;0;0;0
11515;200000;1;2;1;34;0;0;0;0;0;0;135654;173946;176894;170754;172332;175960;66022;6101;5898;6053;6288;8000;0
11516;300000;1;1;2;33;0;-1;0;0;0;-1;1617;7785;3420;814;-494;8006;7785;3000;0;0;8500;0;0
11522;20000;2;2;1;42;0;0;0;0;0;0;19185;18621;19605;19717;19203;19871;1323;1307;691;705;995;722;0
11538;360000;1;1;2;35;1;-1;-1;-2;-2;-2;0;1010;0;0;0;0;1010;0;0;0;0;0;1
11541;100000;1;1;1;44;0;0;-2;-2;-2;-2;48850;0;0;0;0;0;0;0;0;0;0;0;0
11549;60000;2;1;2;30;0;0;0;0;0;0;24396;25463;27036;27074;25911;26431;1463;2036;937;1911;951;2056;0
11556;110000;1;2;1;39;0;0;0;0;0;0;54806;54544;55357;56281;56483;56685;2000;2200;2200;2149;2170;2000;0
11585;170000;2;1;1;30;2;2;2;2;2;2;158819;161487;157577;168094;170922;166972;6500;0;13000;5500;1000;7000;0
11587;160000;2;1;2;29;-1;2;-1;0;-1;2;2599;1302;1852;736;3542;1852;0;1852;0;3542;0;1116;0
11589;280000;1;2;2;30;-1;-1;-1;-1;-1;-1;651;1650;651;651;651;651;1650;651;651;651;651;0;0
11597;200000;2;1;2;31;-1;-1;-1;-1;-1;-1;4938;2277;1209;0;1440;0;2286;2712;0;1440;0;0;0
11614;30000;1;2;2;33;0;0;0;0;0;-2;28949;30319;29400;30000;0;0;2233;1000;600;0;0;0;0
11621;140000;2;2;2;29;0;0;0;0;0;0;141740;138128;128812;131374;135353;137238;7001;4700;4706;6100;5300;4806;0
11626;140000;1;2;2;28;2;2;2;2;2;2;12642;13740;13818;13994;14222;14537;1600;600;700;600;700;600;1
11643;130000;2;3;1;39;-1;-1;2;-1;-1;-1;1755;1890;735;1575;316;5039;1890;0;1575;316;5039;1156;0
11645;80000;1;2;1;40;0;0;0;0;0;0;45747;40851;35933;30605;25189;19766;1618;1533;1038;852;765;627;0
11650;290000;1;2;1;48;-2;-2;-2;-2;-2;-2;730;4426;820;0;2653;0;4426;820;0;2653;0;0;1
11651;490000;1;1;1;54;-2;-2;-2;-2;-2;-2;0;0;0;0;0;0;0;0;0;0;0;0;1
11653;20000;1;1;2;24;1;-1;-1;-1;-1;-1;0;150;0;597;0;4740;150;0;597;0;4740;0;0
11656;260000;1;1;2;52;-1;-1;-1;-1;-1;0;582;0;582;291;4471;5394;0;582;291;4471;1000;1000;0
11665;250000;2;1;1;47;-1;-1;-1;-1;-1;-1;43098;10606;49815;19857;56064;45427;10615;49825;19866;56074;45443;29916;0
11666;200000;2;2;2;34;-1;-1;0;-1;-1;-1;12842;9490;6955;28300;13227;11202;13805;6797;28314;13291;11258;11912;1
11667;150000;1;2;1;48;1;2;0;0;2;0;144837;141815;143704;151572;149807;153088;0;5000;9500;0;5005;6010;1
11682;100000;1;2;2;29;2;2;3;2;2;2;86974;98246;95884;93528;96397;96258;12700;0;0;6050;1600;3400;1
11684;50000;1;2;1;50;-2;-2;-2;-2;-2;-2;3526;-4;1473;2517;1217;4459;0;1477;2524;1320;4572;2206;1
11686;330000;2;2;2;27;0;0;0;0;0;0;237515;230471;233421;201240;186444;158521;11012;11012;6548;6497;6037;5141;0
11687;240000;1;1;1;53;0;0;0;0;0;0;232943;236437;133385;136654;136639;123951;9700;5000;5500;5500;5000;5000;0
11691;200000;2;1;2;39;-2;-2;-1;-1;-2;-2;0;0;798;0;307;497;0;798;0;307;497;0;0
11696;20000;2;3;2;53;-1;-1;-2;-2;-1;-1;4400;-220;-220;-610;390;0;0;0;0;1390;0;780;0
11699;80000;2;3;2;39;-1;-1;-1;-1;-1;-1;4762;6712;1814;4811;1379;6136;6734;1817;4817;1381;6137;6251;0
11701;120000;2;1;2;25;0;0;0;0;0;0;120568;122285;123294;81042;81225;79777;5224;5427;2830;3000;2900;2818;0
11708;150000;2;2;2;24;1;2;0;0;0;0;170971;165806;146001;113907;115578;111863;39;6000;3937;4077;4504;23066;0
11709;20000;1;2;2;25;0;0;2;2;2;2;15859;18486;18686;18983;18540;19775;3200;800;900;0;1700;0;0
11717;100000;1;2;2;34;2;2;2;2;2;2;54126;57919;57778;59227;58151;61966;5300;1400;3000;0;4800;2500;1
11718;120000;1;2;2;28;-1;-1;-1;-1;-1;-1;4310;3905;2411;1925;2943;6249;3905;2411;1925;2943;6249;1780;1
11720;70000;2;1;2;29;2;2;2;2;2;2;44594;45588;46540;47378;46490;47758;2000;2000;1900;0;2200;3600;1
11721;200000;1;2;1;58;2;2;0;0;2;0;190672;186230;188391;199101;185247;165232;0;6784;13788;14;6021;5099;0
11722;500000;2;1;1;48;-1;0;0;0;0;0;273430;268256;262467;254307;249106;242741;9704;10851;9005;9074;8501;8985;0
11730;20000;2;2;2;22;0;0;0;0;0;0;18062;18374;19222;18014;18627;15811;1700;1500;1000;1000;1000;1000;0
11733;10000;1;2;2;32;0;0;0;0;2;0;7231;7497;9355;9594;8535;8713;1142;2000;758;0;313;1000;0
11736;60000;2;2;2;23;0;0;0;0;0;0;21295;22629;23338;23810;25418;26050;1679;1388;860;2000;1055;2000;0
11739;120000;2;2;1;30;2;0;0;0;2;2;87199;89008;90834;95499;93857;99504;4110;4203;7100;0;7396;3700;1
11741;20000;1;2;2;36;0;0;-2;-2;-2;-2;18400;0;0;0;0;0;0;0;0;0;0;0;1
11751;50000;2;2;2;28;0;0;0;-1;0;0;59321;56454;53278;19437;19845;19911;2329;2353;39886;704;730;656;0
11756;50000;1;2;2;34;0;-1;0;0;0;0;48973;50601;49805;27605;29447;30045;91000;1200;600;29057;1076;1300;0
11759;60000;2;2;2;57;0;0;0;0;0;0;53584;41935;30077;30246;30257;29768;2000;2000;2300;2000;3000;1500;0
11763;500000;1;2;2;28;0;0;0;0;0;0;47399;48711;48642;49062;149034;181876;2361;1500;1128;100330;100486;2114;0
11781;80000;2;1;2;30;0;0;0;0;0;0;48006;48159;46099;47039;48286;48974;2100;3000;2000;2000;2000;2000;0
11784;20000;2;5;2;23;0;0;0;0;0;-2;16371;17801;18256;18425;0;0;2000;1200;369;0;0;0;0
11787;50000;1;2;2;27;0;0;0;0;0;0;6105;7347;8000;8000;10000;0;1500;1000;0;2000;0;2556;0
11805;120000;2;2;2;35;1;-2;-1;-1;-1;-1;0;0;554;4131;930;0;0;554;4131;930;0;2581;0
11825;20000;1;2;2;56;1;2;2;2;0;0;17819;18239;19094;12393;13037;13817;1000;1500;0;1000;1000;1000;0
11826;210000;1;1;2;30;1;-2;-2;-2;-2;-2;0;0;0;0;0;0;0;0;0;0;0;0;1
11835;30000;2;3;1;53;2;0;0;0;0;0;34775;35946;37685;33305;28305;20371;1733;2452;1072;1089;3101;5000;0
11844;200000;2;1;1;32;-1;0;0;0;0;0;10760;11945;14562;22457;15569;9819;2000;5000;10000;5000;602;10000;0
11848;470000;2;2;1;35;0;0;0;0;0;0;218675;225519;230011;234639;239502;244328;8717;8000;6671;6882;6960;8751;0
11853;200000;1;1;1;38;1;-2;-1;0;0;0;-57;-382;1293;968;643;318;0;2000;0;0;0;1370;0
11879;120000;2;1;2;26;0;0;0;0;0;0;67519;110908;46025;43887;36207;24612;3000;2100;2700;2000;1127;2202;0
11881;200000;2;1;1;29;0;0;0;0;0;2;21326;30928;124497;126854;139660;145455;10000;95000;4552;15002;8000;0;0
11887;50000;2;3;1;50;0;0;0;-2;-2;-2;43140;43496;0;0;0;0;2500;0;0;0;0;0;0
11895;60000;1;2;1;32;0;0;0;0;0;0;56228;56861;58152;58615;54338;55915;2147;4740;1926;2597;2638;2478;0
11897;250000;2;3;2;26;0;0;0;0;0;0;188526;188454;176634;159655;139273;117986;7002;6500;6000;5500;4000;3847;0
11902;110000;1;1;2;29;1;-2;-2;-1;0;-1;0;0;0;9150;1960;3930;0;0;9150;0;3930;0;0
11908;130000;2;3;1;43;3;2;2;2;2;2;19085;18491;20579;19950;21625;21129;0;2400;0;2000;0;1800;1
11909;80000;2;1;2;23;0;-1;-1;-1;-1;-1;78358;826;-507;3129;1956;4246;826;0;4969;4990;2500;4000;0
11912;120000;2;2;1;33;1;-2;-2;-2;-1;-1;0;0;0;0;197;0;0;0;0;197;0;0;0
11919;90000;2;3;1;44;0;0;0;0;0;0;94393;93361;91820;48220;45766;43343;3820;3785;1721;1651;1661;2147;0
11927;160000;2;2;1;34;2;2;0;0;0;0;160285;156328;159322;124363;126802;129365;0;7661;4607;4602;4671;4780;0
11931;10000;2;5;2;21;0;0;0;0;0;-2;7691;8107;8036;8099;0;0;1192;1000;162;0;0;0;0
11934;50000;2;1;1;43;0;0;0;0;2;0;49390;50612;29975;30559;29433;30045;2449;1778;2382;0;1251;1051;0
11937;50000;2;2;1;49;-1;-1;0;0;-1;-1;3126;25362;23683;22833;1352;20791;25368;1237;457;1354;20794;540;0
11938;360000;1;1;2;34;-1;2;0;0;0;-2;9;9;2009;1029;0;0;0;2000;0;0;0;399;1
11945;170000;2;2;2;29;0;0;0;0;0;0;47742;45529;42805;38017;39239;39411;2105;2447;1200;3000;2000;1500;0
11947;30000;2;2;1;25;0;0;0;2;2;2;29883;27523;31010;30207;31203;30554;2000;4273;0;2640;0;1500;1
11951;110000;2;3;1;36;0;0;-1;-1;-1;-2;2309;3238;250;3100;0;0;1002;450;3100;0;0;0;0
11955;150000;1;2;2;28;0;0;0;0;0;0;79426;71364;71219;56277;54231;55243;3003;2503;1880;1875;2666;1396;1
11957;130000;1;3;1;49;0;0;0;0;0;0;119466;116833;106524;89412;86993;87433;5044;5067;5013;5002;4002;5009;0
11959;480000;2;2;2;48;-1;-1;-1;-1;-1;-1;2475;995;3647;7621;1735;302818;1000;3652;7626;1740;302823;19608;0
11964;360000;2;1;2;56;-2;-2;-2;-2;-2;-2;437;241;0;0;0;2628;241;0;0;0;2628;163;1
11965;160000;2;2;1;42;0;0;0;0;0;0;165686;169969;170142;119529;122059;111378;8450;5289;4022;4195;3986;3958;1
11966;270000;2;2;2;42;-1;-1;-1;-2;-2;-2;12263;10025;0;0;0;0;10025;0;0;0;0;0;0
11968;20000;1;3;2;29;-1;-1;-1;-1;-1;-1;4453;7997;6573;7422;4381;11718;8019;6779;7547;4589;12000;7556;0
11970;260000;2;1;1;35;0;0;0;0;0;0;51133;60247;63615;71839;75506;78647;10000;5000;10000;5000;5000;10000;0
11974;20000;2;2;2;23;0;0;0;0;0;0;16575;17629;18552;15562;16308;17034;1327;1250;800;1000;1000;1000;0
11979;180000;2;2;1;33;0;0;0;0;0;0;47050;49282;50159;51336;54332;56249;3000;2000;2011;4000;3000;3000;0
11984;100000;1;1;2;31;1;2;0;0;2;0;104395;101736;106101;54707;54924;52141;1867;1867;5026;2800;2800;2800;0
11986;80000;2;1;2;26;-1;-1;-1;-1;-1;-1;3900;331;9970;4250;4574;0;331;9970;4250;4574;0;0;0
11987;250000;1;2;1;39;0;0;0;0;0;0;20461;22813;24063;24886;26446;20301;3000;2000;1500;2000;2000;3000;0
11989;360000;2;1;2;32;1;-2;-2;-1;-1;-1;0;0;0;499;1113;392;0;0;499;1113;392;455;0
11991;100000;2;2;1;27;1;1;-1;0;0;0;3856;-1278;7571;5386;1133;4143;2;9586;1014;500;3010;1;0
11992;50000;1;1;1;40;1;-2;-2;-2;-2;-2;0;0;0;0;0;0;0;0;0;0;0;200;0
11995;30000;1;1;2;22;0;0;0;3;2;0;18796;23153;27439;26708;26141;26823;5000;5000;0;0;1115;2500;0
12004;30000;1;2;1;35;1;-2;-2;-1;3;2;-2221;-8152;-4220;30821;30071;28767;0;0;35821;0;0;1000;0
12006;20000;1;2;1;46;1;2;0;0;0;-2;19866;19257;18901;18210;0;0;0;1200;9;1000;0;0;1
12012;170000;2;2;1;33;-1;-1;-1;-1;-1;-1;263;641;0;638;0;362;641;0;638;0;362;1079;0
12013;80000;1;2;2;30;0;0;0;0;0;0;79949;65416;45991;47229;48468;49490;2500;2000;2000;2000;1826;2000;0
12016;100000;2;2;1;36;1;2;2;2;0;0;79695;77855;83945;81702;83232;84947;0;7400;0;3000;3100;3400;1
12022;80000;1;3;1;52;1;2;2;2;2;2;13701;13034;4119;2705;2855;1411;0;1200;0;1411;0;390;1
12024;50000;1;3;1;41;0;0;0;0;0;0;13868;13060;11151;7921;6949;4716;1227;1073;230;241;138;1191;0
12028;460000;2;2;1;39;-1;-1;-1;2;0;-1;15950;13101;22551;21851;22214;80132;13101;10000;0;10000;80132;4882;0
12044;20000;2;3;1;52;0;0;2;0;0;0;9410;11840;11260;11260;11260;0;2600;0;0;0;0;0;0
12046;80000;2;2;1;46;0;0;0;0;0;0;76270;77376;38556;34345;36020;38420;3400;3000;3000;3000;3000;3000;0
12049;50000;1;2;1;31;1;2;0;0;0;0;51203;50110;51066;50737;50827;50856;0;2100;1800;1900;2100;1800;0
12054;50000;1;3;1;55;2;0;0;0;0;0;42166;43687;44121;43360;40555;31309;2200;1632;1113;1336;3142;2126;1
12055;80000;2;2;1;60;1;-1;-1;-1;-1;-1;-2;759;596;-4;1426;1300;761;597;0;1430;1309;1844;1
12060;360000;2;5;2;28;0;0;0;0;-1;-1;243114;46734;12558;0;730;500;1587;1028;0;730;500;0;0
12063;240000;1;2;2;27;1;-2;-2;-2;-2;-2;0;0;0;0;0;0;0;0;0;0;0;0;0
12064;100000;1;2;2;31;0;0;0;0;0;0;21345;26288;23386;25362;26318;42484;6363;4386;5362;4344;20000;4382;0
12068;20000;1;3;1;53;0;0;2;0;0;0;17614;19323;19694;20004;20159;20059;2000;1000;1000;1000;1000;800;1
12071;140000;2;1;1;41;0;0;0;0;0;0;142129;130705;99736;80445;81005;79387;15126;9064;4009;5014;5011;7006;1
12089;250000;1;3;1;46;0;0;0;0;-1;0;55891;59152;20615;13896;79740;70097;21343;1238;1235;79788;2148;18253;0
12091;50000;1;2;2;30;1;2;0;0;0;0;52419;51309;51135;48371;56294;61259;0;2500;2271;50000;10100;3000;0
12094;70000;2;3;1;43;2;2;2;2;2;2;26193;26977;27733;27982;27396;28341;1500;1500;1000;0;1400;2000;0
12096;120000;1;1;2;29;0;0;0;0;0;0;25602;30156;33632;36574;38985;40339;5000;4000;3500;3000;2000;5036;0
12103;30000;1;2;2;33;0;0;0;0;0;0;29956;30536;30162;29819;14071;0;29000;1200;637;2000;0;0;0
12105;70000;2;3;2;23;0;0;2;0;0;0;16103;17185;16581;14106;14427;11689;2800;0;650;650;570;450;0
12122;40000;1;2;2;27;6;5;4;3;2;0;42055;41146;40114;38797;38244;38478;0;0;0;0;871;116;1
12125;420000;1;1;2;42;0;0;0;0;0;0;155814;155282;116385;106961;92331;89566;5397;5678;3577;3023;3026;3012;0
12132;70000;2;2;2;23;2;0;0;0;2;0;69074;70811;67397;50126;47604;43429;2875;2327;3533;0;1367;1322;1
12133;280000;2;1;2;27;0;0;0;0;0;0;160889;165400;166712;170059;154387;157832;9000;6000;6000;6000;6000;6000;0
12139;50000;2;1;2;25;0;0;0;0;0;0;42056;46024;45452;45450;41154;39034;5000;2000;1500;2000;4000;1364;1
12145;190000;1;2;1;32;1;2;2;2;2;0;13041;13936;13415;14590;14216;14823;1400;0;1400;0;1000;1000;0
12147;410000;1;2;1;45;-2;-2;-2;-2;-2;-2;597;2326;7670;1761;6930;0;2329;7670;1761;6930;0;2675;0
12152;30000;1;2;1;51;0;0;0;0;0;-2;28916;29451;27779;28340;0;0;11592;1500;959;0;0;0;1
12159;130000;1;2;1;39;0;0;-1;0;-1;-1;1240;0;1138;1138;2478;-3040;0;1138;0;2500;0;0;0
12166;110000;2;3;2;32;0;0;0;0;0;0;50433;42098;42753;42428;43740;44858;2200;2000;2500;2300;2300;2000;0
12170;120000;2;3;1;58;1;-1;-1;-2;-2;-1;0;2228;0;0;0;672;2228;0;0;0;672;2507;1
12174;150000;1;1;1;51;0;0;0;0;0;0;92766;94732;96940;46349;47360;48717;4000;4000;1482;1577;2000;1500;0
12179;260000;2;1;1;35;0;0;0;0;0;0;89420;86716;82868;80715;76377;44627;3578;2400;2000;2000;1464;1188;0
12194;220000;2;1;1;54;1;-2;-1;-1;-1;-1;0;0;788;0;349;600;0;788;0;349;600;0;0
12197;20000;1;2;2;35;4;3;2;2;2;2;17936;17368;16792;18013;17583;18998;0;0;1500;0;1708;0;1
12204;210000;2;1;1;39;0;0;0;0;0;0;35639;42091;27751;30418;23180;68842;10000;1372;5000;1304;60000;3000;0
12207;30000;1;2;1;36;1;3;2;5;4;3;18811;18225;22630;21988;21057;25412;0;5000;0;0;5000;0;0
12210;360000;1;2;2;34;-1;-1;-1;-1;-1;0;1978;8583;993;26454;10456;31581;8625;998;26561;10456;21738;0;0
12216;180000;1;2;2;24;0;0;0;0;0;0;182545;177885;182341;126946;127013;122277;9000;9300;4600;5000;5000;5000;0
12219;380000;1;1;1;55;0;0;0;0;0;0;126880;130324;152869;137442;82800;42083;7000;25390;10000;20000;1659;1600;0
12232;120000;2;2;1;36;-1;-1;-1;0;-1;-1;326;0;652;326;326;476;0;978;0;326;476;326;0
12233;80000;2;1;2;25;0;0;0;0;0;0;66426;55334;53738;49021;45494;44218;2657;1800;1799;1616;1697;1737;0
12241;320000;2;2;1;50;0;0;0;2;0;0;271305;268368;275804;261312;245234;243238;9703;20303;12;8303;10029;8010;0
12246;50000;2;2;1;34;0;0;0;0;0;0;46337;47384;48382;49392;50608;50722;1792;1790;1800;2000;1835;3628;0
12250;500000;2;3;2;35;-1;-1;-1;-1;-1;-1;1900;1489;1989;1200;1451;548;1489;1989;1200;1451;548;1048;1
12256;120000;2;2;2;28;-1;2;-1;-1;-1;-1;2049;1579;590;3617;2001;0;0;590;3617;2001;0;204;1
12260;50000;2;2;1;38;0;-1;-1;-1;-1;-1;1226;1226;1226;1226;1765;1066;1226;1226;1226;1765;1066;170;0
12276;50000;2;2;2;38;0;0;0;0;0;-1;41724;92054;50120;19587;10577;7533;5000;5120;10292;5577;7533;1000;0
12280;80000;2;2;1;27;-1;-1;-1;-1;-1;-1;1995;0;680;2862;5539;0;0;680;2862;5539;0;5775;0
12282;50000;1;1;1;37;2;0;0;0;2;0;48716;49504;44127;22053;20129;19262;2213;1804;2700;0;700;1000;1
12283;250000;2;2;1;36;1;-1;-1;0;0;-1;-26;8966;4559;3110;0;664;8992;4563;24;0;664;698;0
12290;80000;1;1;2;26;0;0;0;0;0;0;79565;78617;79229;77858;79566;74746;3481;3000;3000;3000;3000;1656;0
12294;230000;2;2;2;35;-1;-1;0;0;0;0;2873;29488;65868;58171;56033;47192;29525;50014;8242;7032;5030;8007;0
12298;100000;2;1;2;22;2;0;0;0;2;0;36891;38498;39185;39867;39696;7594;2201;1888;1500;96;300;432;1
12316;250000;2;1;1;39;-1;-1;2;-1;-1;-1;1000;4070;3629;1570;248;1247;3629;3;1575;248;1247;621;0
12318;220000;1;1;2;30;0;0;0;0;0;0;87604;89687;90889;91892;93815;96466;5000;4200;4000;4000;5000;5000;0
12321;210000;1;1;1;40;0;0;2;0;0;2;130868;138909;135322;136339;143681;140425;11760;0;4546;9524;2;4756;0
12323;120000;2;2;2;25;1;-2;-1;-1;-1;-2;0;0;12162;1553;0;0;0;12162;1553;0;0;0;1
12324;140000;1;3;2;26;0;0;0;0;0;0;18648;19561;13902;14183;13207;12996;1309;1139;420;418;816;0;0
12329;490000;1;1;1;57;0;0;0;0;0;0;354782;348786;349958;340602;303047;331606;17035;20059;12943;15049;50017;20021;0
12331;300000;1;2;1;37;1;-1;2;0;0;0;-165580;324392;296931;30355;26771;23737;505000;331;1070;17771;18000;16079;0
12334;60000;2;2;2;23;0;0;0;0;0;0;60380;55367;111334;19358;19760;20223;2296;2510;838;862;1015;400;1
12335;120000;2;1;2;27;-1;-1;-1;-1;-1;-1;390;390;390;390;390;0;390;390;390;390;0;780;0
12348;130000;2;2;1;46;0;0;0;-2;-2;-2;125557;124900;0;0;0;0;2498;0;0;0;0;0;0
12349;140000;2;3;1;46;0;0;0;0;0;0;132586;135165;125427;128016;127323;130020;4800;4500;4600;4800;4800;4500;0
12354;30000;2;1;2;21;2;2;0;0;0;-2;30769;29559;29197;29488;0;0;0;1000;590;0;0;0;0
12358;150000;2;1;2;30;-2;-2;-2;-2;-2;-2;12516;5568;6106;4357;0;0;5568;6106;4357;0;0;0;0
12366;280000;1;1;2;28;-1;-1;-1;-1;0;0;4468;11517;1973;11028;14261;17097;11525;2149;11030;4008;7106;1193;0
12367;200000;1;1;1;37;-1;0;0;0;0;0;173867;139769;132534;116331;111178;105907;7000;5000;4500;5000;5000;4300;0
12374;500000;2;1;1;36;-1;-1;-1;-1;-1;-1;7297;12349;26488;6534;9788;25314;12349;26488;6534;9788;25314;103508;0
12375;20000;2;2;2;39;4;3;2;0;0;0;11553;11081;11021;11240;11476;11708;0;420;402;417;423;1472;1
12377;100000;1;2;2;27;0;0;0;0;0;-1;100442;96018;97453;99407;95600;981;5000;8000;3500;3500;981;0;0
12387;10000;2;1;1;39;1;-2;-1;2;0;0;0;0;9996;9689;9747;10328;0;9996;0;363;752;0;1
12393;30000;2;3;1;47;2;2;2;2;2;2;28073;28515;27150;28100;28104;28181;1800;0;2300;1200;1300;0;1
12396;70000;2;3;3;51;0;0;0;0;0;0;32485;30527;13407;13643;12722;13515;1267;1191;427;957;1000;14001;0
12398;360000;2;1;1;46;1;-1;-1;-1;-1;-1;723;17392;-8;32170;680;6205;17392;0;32178;680;6205;18814;0
12403;270000;2;2;1;40;0;0;0;0;0;0;26183;24181;19543;17160;14818;12702;1826;1469;514;581;612;312;1
12404;60000;2;2;2;38;0;0;0;0;0;-1;13138;22389;16586;5516;16378;2670;20000;5000;3000;16000;3000;980;1
12409;80000;1;2;1;30;2;0;0;0;2;2;38370;39448;58788;62814;61682;65644;2000;20000;5000;0;5010;2500;1
12411;360000;1;1;1;52;-1;-1;-1;-1;0;-1;14432;15329;13062;41977;24354;25948;15329;13062;41977;0;25948;21318;0
12437;50000;1;1;1;47;0;0;0;0;0;0;11066;15539;17274;19975;23632;25242;5000;2000;3000;4000;2000;0;0
12439;160000;2;1;2;33;-1;-1;-1;-1;-1;-1;5256;3290;1140;559;2065;450;3290;1140;559;2065;450;825;0
12440;60000;1;3;2;23;0;0;0;0;0;0;15592;16643;15557;15526;16273;17001;2000;1400;1000;1000;1000;1000;0
12443;500000;1;3;2;51;-1;-1;-1;-1;-1;-1;2362;575;360;964;957;176;575;361;978;958;176;310;0
12444;320000;1;2;1;34;0;0;0;0;0;0;14237;26123;28637;24385;8559;3207;15031;8081;5072;6591;1223;0;0
12449;30000;1;1;2;30;0;0;2;0;0;0;13216;15003;15461;16204;16642;17067;2000;1000;1000;700;700;700;0
12460;290000;1;2;2;43;0;0;0;0;-1;-1;124362;111594;58039;3818;1318;0;5100;2507;1500;2000;0;1333;0
12461;50000;2;3;1;36;0;0;0;0;0;0;13572;10805;8623;8799;8468;8768;1188;3000;176;169;300;1200;0
12467;160000;2;2;1;50;-2;-2;-2;-2;-2;-2;3440;3208;3315;2645;1049;1469;3219;3322;2645;1049;1469;3490;0
12468;30000;2;2;2;22;0;0;2;0;0;0;10094;14870;13329;7275;26804;29362;5300;0;607;20000;3000;0;0
12471;60000;2;1;2;27;1;2;2;0;0;0;7169;8396;8113;8971;10824;11646;1500;0;1000;2000;1000;1500;0
12472;130000;1;1;2;30;0;0;2;0;0;2;127253;135822;127930;127762;134010;133548;12207;0;5000;10100;4500;0;0
12476;240000;2;1;2;30;0;0;0;0;0;0;12876;4420;4508;8064;4520;4476;1905;3632;7100;0;3500;3600;0
12478;400000;2;1;1;38;-1;-1;-1;-1;-1;-1;16195;10713;11340;10390;620;10390;10713;11340;10390;620;10390;727;0
12481;110000;2;2;2;34;0;0;0;0;0;0;93039;81169;82800;107986;99627;80610;4500;4100;67606;4100;3100;2861;0
12494;30000;1;2;1;33;2;2;0;0;0;0;42646;30060;28391;26156;25377;27422;2159;1500;1000;1000;3800;0;1
12498;200000;1;1;2;34;0;0;0;2;2;2;156449;162377;174501;155355;129942;118202;10000;15000;0;10000;0;11000;1
12505;560000;1;2;1;43;-1;0;0;0;0;0;168211;139873;142391;145345;148177;139831;5060;4827;4974;4942;4573;4074;0
12509;150000;2;1;1;52;-1;3;2;0;0;-1;3391;3227;1129;2034;2140;6731;20;802;1705;1806;6427;16;1
12510;20000;2;2;1;29;0;0;0;0;0;-2;8624;9972;9799;9999;0;0;1500;1000;200;0;0;0;0
12511;50000;2;2;1;27;0;0;0;0;0;0;43583;35245;27520;25928;26470;27077;3100;1723;1100;1111;1200;1130;0
12524;180000;1;1;2;40;0;0;0;0;-1;-1;123705;126429;20650;7751;1630;0;6019;1074;2038;819;0;0;0
12532;20000;2;2;2;50;0;-1;-1;-1;-1;-2;5100;2940;6050;3100;0;0;2940;6050;3100;0;0;1035;0
12537;150000;2;3;1;24;-2;-2;-2;-2;-2;-2;6479;1670;4330;8036;1505;974;1670;4330;8040;1505;974;0;1
12542;290000;1;1;1;38;2;2;0;0;0;0;324016;294976;297386;243558;241765;236413;0;12139;80000;10000;8443;10000;1
12551;160000;1;1;2;53;2;2;-1;-1;-2;-1;1309;0;4582;0;0;2191;0;4582;0;0;2191;4825;1
12560;200000;1;1;1;31;0;0;0;0;0;0;179063;159466;162739;163555;166452;168398;5000;5100;5000;6000;4500;20000;0
12566;120000;1;3;1;24;0;0;0;-2;-2;-2;79172;61300;0;0;0;0;2500;0;0;0;0;0;0
12570;130000;1;2;1;49;0;0;0;0;0;0;130558;131939;100513;35288;34359;33488;5311;2502;1512;1612;2000;1000;0
12576;140000;2;1;2;24;0;0;0;0;0;-1;124722;77682;77870;19353;8966;14300;3645;2322;387;1000;14300;2900;0
12579;500000;1;1;1;56;-1;-1;-1;-1;-1;-1;22981;97007;32109;56370;36918;35017;97345;32189;56436;36918;35017;23547;0
12588;10000;1;2;2;27;2;2;2;0;0;2;6743;9060;8768;9465;10212;10198;2600;0;1000;900;300;0;1
12596;30000;1;3;2;38;0;0;0;0;0;0;14095;15117;16130;16462;16808;17140;1255;1268;600;611;612;1000;0
12601;50000;1;3;1;55;0;0;2;0;0;2;42067;45127;44106;44839;47634;46718;4055;0;1767;3683;0;1817;0
12603;70000;2;2;2;23;0;0;0;0;0;0;54428;25085;25282;21858;19171;8443;2002;1819;509;539;2000;1000;0
12609;10000;1;2;1;30;-1;-1;-1;-1;-2;-2;390;0;780;0;0;0;0;780;0;0;0;0;1
12619;150000;2;2;2;38;-1;-1;-1;0;0;0;5219;0;5200;1561;1633;230;0;5200;0;72;460;4487;0
12621;170000;2;5;1;37;-2;-2;-1;-1;-1;-1;743;0;16474;4650;2359;0;0;16474;4650;2359;0;1977;0
12622;230000;2;3;1;30;0;0;0;0;0;0;190919;191785;164602;136569;139522;132239;7214;6264;10000;5028;5000;5000;0
12627;80000;1;3;1;55;0;0;0;0;0;0;82567;84221;80041;19000;15178;14717;3121;8443;1582;548;531;479;0
12631;80000;2;2;2;27;0;0;0;0;0;0;64561;47041;25439;26140;28833;28459;2176;1299;1000;3000;981;2000;0
12633;340000;2;2;2;27;-1;-1;-1;-1;-1;-1;14745;9318;4794;7819;332;16516;9318;5343;7819;332;16516;5000;0
12637;50000;2;2;2;24;1;-2;-1;-1;0;0;0;0;51400;11330;12144;12938;0;51400;11330;1000;1000;1519;0
12651;500000;2;1;1;38;0;0;0;0;0;0;105587;105478;100026;86265;67539;53676;3627;3059;2670;2331;2406;1645;0
12670;60000;1;3;1;55;-2;-2;-2;-2;-2;-2;0;0;0;0;0;0;0;0;0;0;0;0;0
12671;150000;2;2;2;25;0;0;0;0;0;0;151761;149060;151308;152576;152368;142030;5752;6308;16644;12381;9320;5977;0
12672;60000;2;1;2;26;1;-1;0;0;0;0;0;23040;28266;43296;44307;43550;23040;8000;20000;1669;1549;15000;0
12679;50000;1;2;1;48;2;0;0;0;0;0;49913;50588;50245;19424;19829;20386;2077;1311;689;712;879;799;0
12683;30000;2;2;3;41;1;-1;0;0;-1;0;8247;16463;7090;10000;18438;17068;16463;1314;10000;18438;733;11796;0
12688;160000;1;1;2;27;-1;-1;-1;-1;-1;-1;11924;0;4477;2682;29011;4000;0;4477;2682;29011;4000;5459;0
12691;150000;1;1;2;28;-1;-1;-1;-2;-2;-2;252;6514;-31;-31;-31;-31;6546;0;0;0;0;0;0
12704;50000;2;2;2;22;3;2;0;0;0;0;50953;49363;49243;46382;47261;48219;8;3011;1264;2000;1159;1244;1
12709;350000;1;1;1;40;0;0;-1;-1;0;0;63200;6470;630;20682;20902;16754;4150;630;20902;5000;2000;3000;0
12710;300000;1;2;2;33;0;0;0;0;0;0;306623;296304;295855;201842;201309;200695;12000;11504;8500;8000;8000;11000;0
12724;70000;2;1;2;27;1;2;2;2;2;2;61401;62712;63586;64440;65761;67128;2900;2500;2500;2500;2600;1000;0
12735;170000;1;1;1;38;1;-2;-2;-2;-2;-2;0;0;0;0;0;0;0;0;0;0;0;0;1
12738;110000;2;1;2;26;0;0;0;0;0;0;58716;50943;46942;47935;49083;49603;2500;2100;2000;2000;2500;2000;0
12745;50000;2;2;2;24;0;0;0;0;0;0;16090;50912;34027;9568;9913;10132;36027;1807;1000;500;400;500;0
12749;30000;2;2;2;23;0;0;0;0;0;0;28420;27929;28920;27997;28378;29321;1482;1703;1001;1500;1845;1001;1
12751;20000;1;3;2;23;1;2;0;0;0;3;14034;13524;14983;16197;18932;18271;0;2000;1780;3000;0;0;1
12760;300000;2;2;1;29;-1;-1;-1;-1;0;-1;1825;2017;2476;5797;1542;1256;2017;2476;5797;0;1256;23265;0
12765;110000;2;3;1;29;1;2;0;0;0;2;109636;96380;56414;56677;109583;107981;0;3000;2000;53700;0;3000;0
12766;360000;2;2;1;27;0;0;0;-1;-1;-1;6449;3885;3113;1347;2179;5575;1108;1024;1353;2188;5602;776;1
12768;180000;2;1;2;27;2;2;0;0;2;2;153198;151128;152785;168657;165872;173667;1813;5667;18483;0;11000;1842;1
12769;180000;2;1;2;27;-1;-1;-1;-1;-1;-1;581;5394;1485;4778;23350;583;5396;1485;4778;23350;583;5883;0
12788;150000;1;1;1;42;0;0;0;0;0;2;136518;146249;147624;138636;146609;149438;13571;7500;10600;11200;5400;0;0
12789;180000;1;1;1;46;0;0;0;-2;-2;-2;142826;61650;0;0;0;0;3000;0;0;0;0;0;0
12790;300000;2;1;2;26;-1;0;0;0;0;0;48729;47798;57390;36766;38586;84950;7500;18340;1000;3000;57543;64629;0
12794;340000;1;1;1;37;-1;-1;-1;-1;-1;-1;8480;21524;12247;651;12105;7661;21631;12308;654;12164;7699;13379;0
12798;450000;1;2;2;29;0;0;0;0;0;0;51686;54224;49606;43803;62914;81529;10068;10075;10000;20000;20000;5200;0
12799;100000;2;1;2;30;1;2;0;0;0;0;105033;102513;100693;71253;70206;71060;0;3509;3047;3500;3000;2500;0
12806;110000;2;1;1;46;-1;-1;-1;-1;-1;-1;734;9455;1277;2170;16070;1760;9483;1338;2176;16070;1760;927;0
12815;340000;2;3;2;37;0;0;0;0;0;0;289995;269901;267494;265058;263658;256621;10015;10019;10025;10052;10011;9014;0
12816;20000;1;2;2;22;0;0;0;0;0;0;19844;19929;18775;13854;10718;0;1369;1162;524;606;0;0;0
12822;500000;2;2;1;46;-1;-1;-1;0;0;0;886;21803;90182;79310;68380;58772;21831;90182;2500;2380;2772;3000;0
12825;50000;1;2;1;36;2;2;7;7;7;7;2400;2400;2400;2400;2400;2400;0;0;0;0;0;0;1
12829;100000;2;1;2;25;2;2;-2;-2;-2;-2;100000;0;0;0;0;-150953;0;0;0;0;0;150400;0
12831;350000;2;2;1;38;-1;-1;-1;-1;-1;-1;7633;7600;21405;6390;6076;9610;7638;21511;6421;6106;9657;5731;0
12834;290000;2;2;2;29;0;0;0;0;0;0;264929;261675;263204;263612;259786;208000;12324;10508;8530;8777;7421;8002;0
12836;120000;1;4;1;39;2;0;0;0;0;-1;114647;114645;72188;42840;19860;390;5000;10000;4000;5000;390;780;1
12851;160000;1;2;2;24;-1;0;0;-1;0;0;4449;5316;5711;6003;3527;127;1283;3008;6023;71;0;0;0
12854;500000;1;1;1;47;-1;2;-1;0;0;-1;7233;2321;18261;16456;11225;36770;0;18261;0;0;40270;0;0
12856;460000;2;1;1;54;-1;-1;-1;-1;-1;-1;7623;9483;18511;80877;45369;56789;9495;18513;80877;45369;56789;17540;0
12860;170000;1;1;1;41;0;0;0;0;0;0;149941;68912;72741;76149;84474;92400;3200;6000;5000;10000;10000;780;0
12865;260000;2;3;2;38;0;0;0;0;0;0;30845;20395;17902;18258;18640;18956;1275;1279;635;657;669;668;0
12874;20000;1;2;2;25;0;0;0;0;0;0;19791;19591;15788;14911;11699;12224;1917;1000;1000;1000;1068;0;1
12876;10000;1;1;2;23;-1;2;-1;-1;-1;-2;780;390;390;780;0;0;0;390;780;0;0;0;1
12910;260000;2;1;2;31;0;0;0;0;0;0;117271;121442;121805;127594;110146;112364;7000;4150;8000;4000;4000;5000;0
12915;140000;1;3;2;33;-1;-1;-1;-1;-1;-1;473;-27;3788;0;9386;722;0;3815;0;9386;722;1468;0
12921;360000;2;1;2;29;0;0;0;0;0;0;27370;20750;14898;7524;7524;0;1328;2000;150;0;0;0;0
12932;350000;1;2;2;32;0;0;0;0;0;0;228009;220450;190173;192649;197269;201360;9000;8700;7000;7600;7800;8500;0
12940;60000;2;2;1;45;0;-1;-1;0;0;0;56965;2495;57899;30345;30244;25474;3000;61000;3000;3000;3000;9000;0
12945;180000;2;3;1;33;-1;0;0;0;0;-1;170126;171247;156803;159342;10400;20650;5950;7133;7369;600;20650;21650;0
12951;50000;2;2;2;30;-1;-1;-1;-1;-1;-1;4166;2859;1452;1190;543;920;2859;1452;1190;543;920;534;0
12957;100000;1;2;2;28;0;0;0;0;-2;-1;180765;64653;10388;3762;1434;12609;3018;1400;3786;1774;12714;38665;0
12965;250000;1;2;1;53;0;0;2;0;0;0;177537;198017;192962;156134;161603;166631;25000;0;7000;8000;8000;5000;0
12967;400000;1;2;1;40;7;6;5;4;3;2;405366;397754;389903;384981;381863;359314;0;0;0;106;2281;42617;1
12972;240000;2;1;2;29;-1;-1;-1;-1;-1;-1;59;548;208;0;44;19;548;208;0;44;0;643;1
12983;180000;2;1;2;28;1;2;2;0;0;0;3775;5570;4722;8643;7783;12398;2005;31;5000;1000;5000;5000;0
12985;360000;1;1;1;51;0;0;0;0;0;0;353200;337593;341528;350949;355869;210989;13806;12303;15005;13729;7700;8000;0
12991;60000;2;3;1;36;1;2;2;2;0;0;57285;61118;61947;60353;4980;2160;5336;2550;16;0;0;0;1
12996;50000;2;2;2;22;0;0;0;0;0;0;22458;22571;22309;22315;22934;23243;1513;1500;1000;978;839;1800;0
12999;150000;2;2;2;26;0;0;-1;-1;-2;-1;9189;4359;4880;0;0;2250;2000;4880;0;0;2250;0;0
13014;280000;2;2;2;43;-1;2;2;-2;-2;-2;4172;3560;-40;-40;8160;657;0;40;0;8200;657;3;0
13017;240000;2;1;2;30;-1;-1;-1;-1;-1;-1;498;-2;20517;0;11423;0;0;20519;0;11423;0;0;0
13018;50000;1;2;2;22;0;0;0;0;0;0;22616;21415;20769;21339;19382;18577;1668;1283;853;1000;758;475;0
13019;200000;2;2;2;27;0;0;0;0;0;0;65489;41413;40400;25570;10060;8619;4013;2684;5625;1020;3044;39777;0
13028;80000;1;2;1;40;0;0;0;0;0;0;64120;63656;63023;60237;60263;59180;2438;3000;2100;2200;2400;2200;1
13029;100000;1;2;1;47;0;0;2;0;0;2;66539;71766;69111;64287;67838;66135;7000;0;2500;5500;0;3000;0
13031;130000;2;2;2;31;0;0;0;0;0;0;97544;99208;102946;103750;105818;98401;4000;5300;3700;3600;3700;3500;0
13037;230000;2;1;2;26;-1;0;-1;-1;-1;-1;17532;13033;2688;2688;2688;6393;10000;2688;2688;2688;6393;6504;0
13039;190000;1;2;2;33;0;0;0;0;0;0;176028;166336;162100;155584;157988;154366;7063;8004;5500;7000;6000;5000;0
13045;230000;1;1;1;39;-1;-1;-1;-1;-1;-1;1319;770;3465;0;486;634;770;3465;0;486;634;0;1
13046;130000;1;2;1;31;2;2;0;0;0;0;131635;126548;127748;100291;93552;95521;0;5100;4100;3392;3521;3724;1
13049;40000;1;3;2;24;2;0;0;0;0;0;39149;39189;40543;38922;39901;40746;1658;2012;1392;1605;1668;1201;1
13064;90000;1;1;2;31;0;0;0;0;0;0;79397;77962;73870;58792;58402;59633;2950;3000;2205;2300;2300;3000;1
13066;80000;2;2;2;30;0;0;0;0;0;0;79194;80575;76782;48643;49263;49869;3077;2291;1723;1775;1802;1763;0
13073;160000;2;2;1;41;2;2;2;0;0;-2;24674;23583;22983;22983;0;0;2800;0;200;0;0;0;1
13082;500000;2;1;2;39;-2;-2;-2;-1;0;-1;1950;2900;1950;2739;2739;170;2900;2000;2739;0;170;205;1
13083;210000;2;2;1;46;-1;-1;-1;0;-1;-1;3095;2768;5536;2768;1075;2006;2768;5536;0;1075;2006;1344;1
13084;20000;1;1;2;35;3;2;2;2;0;0;10216;10653;11371;10906;11588;12416;900;1200;0;1000;1400;0;1
13096;50000;1;3;1;52;0;0;0;0;0;0;19438;20696;19533;17328;14614;15573;2003;2003;1500;1000;2000;2000;0
13100;80000;1;2;2;26;0;0;0;0;0;0;80233;79849;77796;30300;29922;29120;4000;2300;1300;1300;1500;1500;0
13101;60000;2;2;1;35;1;2;2;2;2;3;5601;5366;6772;6515;7906;7487;0;1500;0;1500;0;0;0
13106;360000;2;1;1;41;1;-1;-1;-2;-1;-1;0;105;0;0;71;77;105;0;0;71;77;100;1
13117;500000;1;1;2;31;-2;-2;-1;0;-1;-1;81252;14979;26089;13333;13256;106200;16527;27243;1000;13256;106354;213405;0
13120;120000;2;1;1;42;0;0;0;0;0;0;23331;12125;13903;13858;14777;46061;5000;5000;5000;5000;10000;6000;0
13126;400000;1;1;1;34;-2;-2;-2;-2;-2;-2;0;0;0;0;0;0;0;0;0;0;0;0;0
13137;300000;1;1;1;34;0;0;0;0;0;0;1257;6467;7655;7507;7659;-574;5600;1500;0;300;0;6600;0
13138;310000;2;2;2;27;0;0;0;0;0;0;44834;35597;34161;38689;32710;24343;2015;2000;5034;1045;776;389;0
13140;200000;2;2;1;50;-1;-1;-2;-1;-1;-2;4608;-200;0;12141;0;0;0;200;12141;0;0;0;1
13143;180000;2;2;1;29;0;0;-1;0;0;0;3783;2813;839;1557;51680;53115;2000;839;718;50824;2242;1100;0
13150;130000;2;1;2;25;0;0;0;0;0;0;37112;34653;9522;3939;6939;950;2009;2000;2000;3000;900;0;0
13152;180000;2;2;1;34;1;2;2;2;2;2;142024;144790;146552;142714;152219;149618;6500;5600;0;12000;0;11800;1
13156;70000;1;1;2;50;0;0;0;0;0;0;56551;34489;32669;31429;31749;21385;1900;1630;890;1300;762;1000;0
13162;280000;1;1;2;28;0;0;0;0;0;0;139719;136052;118076;101457;81124;42347;6000;4000;4000;4000;3000;1000;0
13164;30000;1;3;1;50;-1;2;0;0;-2;-2;3607;2644;3895;0;0;0;0;1309;0;0;0;0;1
13167;200000;2;1;1;64;1;-2;-2;-2;-1;-1;0;0;0;0;67052;0;0;0;0;67052;0;0;0
13168;210000;1;1;2;30;1;-1;2;0;0;-1;0;855;855;855;855;599;855;0;0;0;599;0;0
13175;200000;2;2;2;25;0;0;0;0;0;0;194202;197220;130930;130775;128752;122695;8000;4500;4532;5451;5000;4500;0
13179;210000;1;1;2;32;-1;2;2;-1;-1;-1;2869;2639;0;6299;0;197;0;0;6299;0;197;0;0
13187;750000;2;1;2;28;1;-1;-1;0;0;-1;9500;9655;401003;399493;400993;409483;250000;401003;7990;11000;417990;3080;0
13189;300000;1;2;1;36;1;2;2;2;2;2;54977;56189;56663;57428;58455;57556;2500;1800;2100;1900;0;3500;1
13192;120000;2;2;1;48;0;0;0;0;0;0;78384;77085;73326;72594;72008;74622;4000;3505;3005;3008;7253;12;0
13196;180000;2;2;2;31;1;-2;-2;-2;-2;-2;0;0;0;0;0;0;0;0;0;0;0;0;1
13210;10000;1;2;2;24;0;0;0;2;0;0;11035;12349;13598;9378;4883;5001;1500;1528;0;730;199;100;1
13214;410000;1;1;1;37;-1;-1;-1;-1;-1;-1;5770;2290;2756;3560;6661;3877;2290;2756;3560;6661;3877;1249;0
13215;130000;2;3;1;35;0;0;0;-1;-1;-1;65743;63724;63163;386;1770;384;2606;3174;386;1778;384;1446;0
13220;50000;1;2;2;32;0;0;0;0;0;0;48536;41045;41532;18646;19183;19214;3030;2124;646;828;1097;612;0
13237;70000;2;1;2;23;0;0;0;0;0;0;8878;10077;11203;11320;11487;11895;1500;1600;600;500;600;2600;0
13240;20000;1;3;2;34;-1;-1;2;2;-2;-2;390;780;780;0;0;0;780;0;0;0;0;0;1
13245;220000;2;1;1;41;-1;0;-1;-1;-1;-2;30038;22411;7141;3070;2609;10273;1089;7161;4072;2613;10322;511;0
13250;380000;2;2;1;33;1;-1;-1;-1;-1;0;0;73;32510;474;25877;45038;73;32789;474;25877;20000;10000;0
13258;200000;1;1;2;36;1;-2;-2;-2;-1;-1;0;0;0;0;3774;0;0;0;0;3774;0;686;0
13267;110000;1;3;2;29;0;0;0;0;0;2;64351;64739;75697;86483;97054;105553;1415;12182;12201;12403;10350;3000;1
13273;80000;2;1;2;23;1;-1;2;-1;0;0;-12;2321;60;5182;2792;189;2333;0;5182;0;0;2597;0
13283;110000;2;1;2;25;1;2;2;0;0;0;60491;61874;56386;44181;35538;25417;3000;31;3000;1500;2000;1000;0
13292;50000;2;1;2;22;2;2;2;2;2;2;46035;46620;47341;45527;48358;47442;2000;1800;0;4100;0;2500;1
13296;20000;1;2;1;28;0;0;0;0;0;0;18537;19205;19687;19684;19842;19965;1358;1230;617;776;1000;4000;0
13309;360000;2;2;1;40;0;0;0;0;0;0;352583;343476;279728;264189;271688;288740;10461;10212;8000;10000;20000;10000;0
13310;90000;2;2;1;49;0;0;0;0;0;0;91263;70251;45385;46331;47494;48433;3100;1800;1700;2000;1746;1941;0
13316;240000;2;2;1;40;-2;-2;-2;-2;-2;-2;0;0;0;0;0;1306;0;0;0;0;1306;0;1
13319;110000;1;1;1;29;0;0;0;0;0;0;51499;50405;49156;46426;43765;41295;1887;1601;1500;1696;1658;1179;0
13332;80000;2;2;2;31;0;0;0;0;0;0;28190;27045;22843;20578;19049;16221;1751;1500;1000;779;545;500;1
13334;50000;2;1;1;25;0;0;0;0;2;0;11324;11811;13008;12540;10746;8482;1500;1433;1465;0;500;1000;0
13335;200000;1;2;2;44;-1;-1;-1;0;-1;-1;541;541;1082;541;541;541;541;1082;0;541;541;541;0
13339;390000;2;2;2;31;1;2;0;0;-1;-1;20852;18376;15229;18229;9290;1826;0;1000;3000;9290;1826;3706;0
13344;180000;1;1;2;29;0;0;0;0;0;0;85069;85434;116352;55698;37315;16696;5344;3013;3034;4069;3018;3069;0
13347;210000;2;1;1;23;-2;-2;-2;-1;0;0;0;0;0;29337;30362;31356;0;0;29337;1500;1500;1500;1
13353;90000;2;2;1;51;0;0;0;0;0;0;12822;10944;12255;12192;12448;12895;1188;1499;436;452;654;455;0
13363;50000;1;2;3;37;0;0;0;0;-1;0;49642;48381;44113;8522;17948;9390;2060;1014;170;17948;188;390;0
13368;160000;1;1;1;36;0;0;0;0;-1;-1;67879;36865;47986;0;15655;0;2500;15000;0;15655;0;1674;0
13393;50000;2;1;2;25;0;0;0;0;0;0;23794;22588;20376;10203;9868;9700;1398;1136;483;340;368;300;0
13405;40000;2;1;2;22;0;0;0;0;0;0;34521;35662;36918;37478;20650;0;2000;2000;1071;1500;0;0;1
13406;50000;1;2;2;43;1;2;2;0;0;0;44344;45363;44326;44901;45844;48385;2021;0;1596;1655;3684;0;1
13423;230000;2;1;1;43;-1;-1;-1;-1;-1;3;3245;1855;5776;1332;5342;3162;1867;5816;1340;5342;4;0;1
13428;50000;1;2;2;24;0;0;0;0;0;0;44193;44790;29397;29157;29765;29941;1806;1752;1168;1205;1207;1199;0
13435;70000;1;1;2;30;0;0;0;0;0;0;36201;25510;11402;8464;6464;-1000;1586;1000;0;0;0;0;0
13447;170000;1;1;1;36;-1;-1;-1;-1;-1;-1;2015;2015;2015;2015;2015;1925;2015;2015;2015;2015;1925;2105;0
13458;260000;2;2;2;35;1;-2;-2;-1;-1;-1;0;0;0;8500;2890;210;0;0;8500;2890;210;48000;0
13460;380000;2;3;2;39;0;0;0;0;0;0;55241;49773;81365;87341;87358;103740;10000;60218;10076;15012;20667;15000;0
13461;200000;1;2;1;36;1;-2;-2;-2;-1;-1;0;0;0;0;1680;0;0;0;0;1680;0;0;0
13463;50000;1;1;2;25;0;0;0;0;0;0;49654;49917;25239;10228;10107;9178;1600;2310;303;369;331;4;0
13468;230000;1;1;2;28;0;0;0;2;-1;-1;6289;10112;8637;7277;2818;2455;5112;7283;0;3000;2455;1285;0
13469;100000;1;3;1;36;2;0;0;2;0;0;8674;10520;13337;12829;15446;17178;2000;3000;0;3000;2000;2000;1
13472;80000;1;1;2;26;0;0;0;0;0;0;83593;72883;67337;60807;59088;47829;2727;3170;1940;2200;1700;1708;0
13476;30000;2;2;1;56;0;0;2;0;0;2;11564;14099;13580;13657;16356;16540;3042;0;600;2942;600;0;0
13477;250000;1;1;2;33;0;0;0;0;0;0;28306;20367;19509;42394;46739;55573;10000;1504;25000;10000;10002;5200;0
13492;160000;2;2;2;28;0;0;0;0;0;0;84668;88294;91784;108310;103166;104677;5000;5000;20000;5000;5400;6100;0
13495;100000;2;2;1;46;0;0;0;0;0;0;98200;74247;71635;72809;74100;75316;3228;3000;2743;3000;3000;3000;0
13496;420000;1;2;2;39;0;0;0;0;0;0;204984;209929;190689;173547;176980;180109;8006;7000;6000;6500;6500;10000;0
13499;180000;2;3;1;41;2;2;2;0;0;0;100094;101204;98680;100644;102750;104792;3582;0;3605;3731;3752;4038;1
13509;360000;1;1;2;40;1;-2;-2;-2;-2;-2;0;0;0;0;0;0;0;0;0;0;0;0;0
13512;200000;1;1;1;42;-1;-1;-1;-1;-1;0;3664;718;2946;390;390;390;718;2946;390;390;0;1313;0
13513;50000;2;2;1;55;0;0;0;0;0;0;41768;42561;42871;7606;11267;14453;2079;2001;500;4423;4000;2000;1
13514;240000;2;3;2;36;0;0;0;0;0;0;236267;239009;193335;194976;197168;196918;9000;7500;7000;6622;17150;20000;1
13516;20000;2;3;2;24;1;-1;-1;-2;-2;-2;-8;4485;0;0;0;0;13148;433;0;0;0;0;1
13521;140000;1;1;2;35;0;0;0;0;0;0;10339;18276;25852;14390;13728;2905;10006;10048;5008;2018;2005;1005;0
13529;20000;1;3;2;31;2;2;2;2;2;2;13335;15617;15090;16859;16472;21819;2800;0;2001;0;5782;0;0
13544;150000;2;3;2;43;-2;-2;-2;-2;-2;-2;1622;12946;0;0;1761;18304;13016;0;0;1761;18306;4275;0
13546;160000;2;2;1;39;1;2;2;-2;-2;-2;40712;29920;0;0;0;0;0;0;0;0;0;0;0
13548;130000;2;3;1;40;0;0;-2;-2;-2;-2;102650;0;0;0;0;0;0;0;0;0;0;0;0
13553;120000;2;1;2;25;0;0;2;0;0;0;105169;109456;105810;98712;84856;70059;8000;3000;4100;4000;3600;2000;1
13559;240000;2;2;1;48;-1;-1;-2;-2;-2;-2;101;0;0;0;0;0;0;0;0;0;0;0;1
13563;210000;2;1;2;56;0;0;0;-2;-2;-2;203653;23520;0;0;0;0;5000;0;0;0;0;0;0
13564;200000;2;2;1;42;-2;-2;-2;-2;-2;-2;0;0;0;0;0;0;0;0;0;0;0;0;1
13565;50000;1;1;2;37;2;0;0;0;0;2;11533;12951;22339;22669;24121;23540;1612;10000;1000;1820;0;696;0
13567;240000;1;2;1;62;-1;-1;0;0;-1;2;1901;3855;3802;1901;2165;1965;3855;1901;0;2165;0;108;0
13568;240000;2;1;2;28;0;0;0;0;0;0;46746;36935;29718;22828;19808;12606;1868;1683;1500;5000;2606;5000;0
13569;50000;1;2;1;40;0;0;0;0;0;0;30211;48389;52230;18887;17693;18074;21190;5144;591;577;609;505;0
13578;360000;2;1;1;46;-1;-1;2;2;-2;-2;600;2462;2274;0;0;0;2462;0;0;0;0;0;1
13581;30000;1;2;1;33;0;0;0;-2;-2;-2;34914;35000;0;0;0;0;1000;18000;0;0;0;0;0
13585;50000;2;2;2;23;1;2;2;0;0;2;42586;43813;42779;38180;40685;37662;2200;0;1600;3300;0;1600;0
13592;120000;2;2;1;42;0;0;0;0;0;0;117059;117000;116955;109973;108693;104890;5026;4541;4100;4100;4000;4000;0
13598;30000;1;2;2;25;0;0;0;2;0;0;7298;8322;9826;9519;10362;11187;1147;1651;0;1000;1000;1000;1
13599;190000;2;2;1;33;1;-2;-2;-2;-2;-2;-2500;-3000;-3000;-3000;-3000;-3000;0;0;0;0;0;0;0
13601;30000;2;3;2;39;0;0;0;0;0;0;27782;5585;29572;26387;11207;0;2023;27887;2000;1000;0;0;0
13608;260000;2;1;2;31;0;0;0;0;0;0;180891;165412;108223;108860;80757;79073;8250;5500;5000;3500;3000;4000;0
13609;320000;1;1;1;46;-1;-1;-1;0;0;0;10836;19751;72623;61459;44390;29773;19799;73706;1692;1023;761;67235;0
13611;280000;2;1;1;29;0;0;0;0;0;0;58308;61024;62665;63730;57916;59122;4000;3000;2315;2103;2500;2000;0
13613;20000;2;3;2;22;0;0;0;0;0;0;14218;13573;14137;13737;12680;12067;1700;1500;0;0;1067;392;0
13615;70000;2;3;3;39;0;0;-1;0;-1;0;34244;32193;10803;15133;3148;4699;3000;11000;5000;3150;2000;4000;0
13616;120000;2;1;1;50;1;-1;-1;-2;-1;-1;-110;16390;0;0;660;0;16500;0;0;660;0;0;0
13624;10000;2;2;2;23;-1;5;4;3;2;2;4205;4003;3800;3597;3395;4187;0;0;0;0;1000;0;1
13629;50000;1;1;1;57;0;0;0;0;0;0;42624;39943;7218;6946;6808;6542;2173;1248;366;500;384;500;0
13634;100000;2;1;2;33;0;0;2;0;0;0;90825;97242;94407;95124;96354;64168;8800;0;2951;2300;7174;2700;0
13636;20000;1;3;1;36;8;7;6;5;4;3;24166;23845;23214;22583;21662;21031;0;0;0;0;0;0;1
13642;50000;2;1;2;24;0;0;0;0;0;0;2757;3776;4785;5031;5134;5138;1070;1079;325;332;238;1180;0
13643;230000;2;2;2;40;0;0;0;0;0;0;72742;73256;66321;66271;62401;61510;5000;4023;5000;5000;5267;3000;0
13649;280000;2;2;1;26;0;0;0;0;0;0;256455;245712;231025;182159;80747;51689;8354;5501;4293;2079;1892;20012;0
13663;100000;2;1;1;37;0;0;0;0;0;0;70113;71567;72410;73846;75556;77742;3181;2628;2640;2897;3600;2500;0
13669;100000;1;2;1;38;0;0;0;0;0;0;99660;99908;98052;94423;96056;97320;4600;3500;3400;3500;5000;3500;0
13673;180000;2;2;2;27;0;0;2;0;0;0;5319;6531;5446;4853;3965;3310;2300;0;288;143;246;33;0
13674;30000;2;2;2;22;0;0;0;0;0;0;30123;30299;27758;22720;19136;14452;1600;2000;2000;614;924;0;1
13677;100000;2;1;2;24;2;0;0;0;0;0;76831;72100;66575;68499;69584;71247;4037;3000;3000;3000;3000;2600;0
13681;90000;1;3;1;38;2;2;2;0;0;0;28774;29420;28502;30162;17274;15243;1400;0;2041;1007;1015;330;0
13683;500000;2;1;1;34;0;0;0;0;0;0;174246;149600;83320;79359;57549;44994;6371;5000;10051;7549;2102;50000;0
13692;260000;2;4;2;33;0;0;0;0;0;0;18457;22815;27086;27821;30767;29890;5000;5000;1137;5000;1085;5000;0
13695;210000;1;1;1;52;0;0;0;-1;-1;-1;44933;38542;39332;11140;8463;10406;1793;8242;12000;8534;11000;7500;0
13697;30000;2;2;2;49;2;2;2;2;2;2;28859;28116;30226;29454;31775;30743;0;2900;0;2787;0;1445;0
13702;200000;2;2;2;36;0;0;0;0;0;0;93863;93893;90837;85520;84945;81431;4762;3856;2753;2900;3000;2800;0
13707;50000;2;2;2;24;0;0;0;0;0;0;45404;38383;39851;27258;27679;28619;1700;2156;1200;1010;1400;970;0
13710;180000;2;3;1;41;-1;-1;-1;-1;-1;-1;6092;3576;13920;11112;3182;1985;4198;13935;11112;3182;1985;3276;0
13713;20000;1;2;2;40;8;7;6;5;4;3;20753;20496;19930;19434;18577;18011;0;0;70;0;0;0;1
13720;30000;2;2;1;27;2;2;2;3;3;4;26648;27536;28203;29048;29903;30431;1600;1400;1600;1600;1600;1000;0
13721;100000;2;2;2;27;0;0;0;0;0;2;96191;96908;97565;98561;103039;95803;3504;3500;3800;7500;0;3600;1
13735;60000;2;2;1;46;0;0;0;0;0;0;20351;21395;22388;22431;22324;22601;2000;2000;1000;1000;2000;0;0
13740;40000;1;3;2;43;2;2;7;7;7;7;2400;2400;2400;2400;2400;2400;0;0;0;0;0;0;1
13743;90000;2;1;1;38;-1;-1;0;0;-1;-1;2346;15271;16360;41936;538;2716;15271;2000;30000;538;2716;652;0
13745;100000;2;1;1;58;1;2;2;2;2;2;27044;26325;30882;30090;34419;33714;0;5000;0;5000;0;5000;1
13747;80000;2;2;1;22;0;0;0;0;-2;-2;17087;15576;16361;0;0;0;1500;1049;0;0;0;0;0
13749;90000;2;2;2;39;-1;0;0;-2;-1;0;2618;8489;371;385;13273;20971;7639;11336;1501;13278;10022;14045;0
13750;130000;2;1;1;33;-1;2;0;0;0;-1;10653;7439;15206;12446;7047;5472;13;12454;30;21;5488;1725;0
13751;210000;1;2;2;36;-1;-1;-1;0;0;-1;5491;8398;14307;17891;8517;23960;8406;14307;6000;0;23960;1000;0
13763;310000;2;1;2;33;0;0;0;0;0;0;71855;72440;63399;59912;45740;44325;5000;5000;3000;25000;3000;2000;0
13770;240000;1;2;2;67;0;0;0;0;0;0;508581;471796;468202;442401;419209;425061;17389;80167;15167;16000;13133;196084;0
13778;50000;2;2;1;36;0;0;0;0;0;0;46801;38296;28923;29254;29313;29661;2839;1438;1159;1035;1196;1007;0
13779;30000;2;2;2;25;2;2;2;2;2;2;24022;25038;25429;25714;26353;26868;1700;1100;1000;1200;1100;1200;1
13784;10000;2;2;2;22;5;4;3;2;2;2;8541;8270;7995;7720;8224;7944;0;0;0;778;0;158;1
13792;20000;1;2;2;22;1;2;2;2;0;0;14380;13536;15040;14174;14472;14763;0;2040;0;526;532;1585;0
13802;50000;1;3;1;24;1;-2;-2;-2;-2;-2;0;0;0;0;0;0;0;0;0;0;0;0;0
13822;220000;2;2;1;35;0;0;0;0;0;0;223150;226034;227153;174717;171145;174076;10000;9200;6300;6200;6600;9000;0
13837;170000;2;2;2;29;0;0;-2;-2;-2;-2;5155;0;0;0;0;0;0;0;0;0;0;0;0
13848;360000;1;1;2;34;2;2;-2;-2;-2;-2;2500;0;0;0;0;0;0;0;0;0;0;0;0
13850;170000;1;1;2;24;0;0;0;0;0;2;169883;171851;158426;96704;101555;97884;6808;4625;3510;9100;0;3500;0
13854;210000;1;3;2;32;0;0;0;0;0;0;104558;105661;108462;69037;71416;73425;4268;5000;3000;3500;3500;3000;0
13860;200000;2;2;1;43;-1;-1;-1;-1;-1;-1;1875;2239;316;2681;3486;2296;2239;316;2681;3486;2296;3413;0
13868;380000;2;1;1;31;0;0;0;0;2;0;225905;225515;227387;197959;194710;199300;11000;9000;15000;0;8000;8000;0
13872;330000;1;1;1;53;1;-2;-1;-1;-1;0;-317;-2066;-3283;3542;7643;9584;569;817;6976;7645;2188;7;0
13873;50000;1;2;2;26;2;0;0;0;0;0;24724;49102;49885;25773;25544;26264;25000;2010;796;957;1175;0;0
13879;250000;2;2;2;38;1;-2;-2;-2;-2;-2;0;0;0;0;0;0;0;0;0;0;0;0;1
13882;90000;2;1;2;29;1;2;0;0;0;0;9370;9078;10267;10350;10564;10771;0;1500;550;529;531;550;1
13884;740000;2;2;1;35;2;-1;-1;-1;-1;-1;960;8154;1477;15713;8988;25449;8229;1487;15754;9012;25596;7003;1
13891;280000;2;2;2;30;-1;-1;-1;0;0;-1;1478;-3;12353;22633;7666;10260;0;12356;11079;1447;10310;290;0
13898;80000;1;2;1;54;1;3;2;2;2;0;47339;47270;46037;48457;47722;48678;967;0;3012;0;1569;1396;0
13902;40000;1;1;2;26;0;0;2;2;2;0;39723;12302;9369;22949;11188;13306;10000;92;15000;0;3000;4000;0
13903;180000;2;3;1;43;1;-1;-1;-1;-1;-1;0;2602;498;498;1835;11337;2602;498;498;1835;10000;380;1
13907;50000;1;2;1;41;0;0;0;0;-1;0;50220;50756;49966;523;18450;18478;2055;1000;523;18868;806;968;0
13922;120000;2;2;2;24;0;0;0;0;0;2;112336;113351;115515;113948;122127;121962;4200;4100;4100;10000;4560;0;0
13924;500000;1;1;1;42;-2;-1;0;0;-2;-2;5121;29478;43892;6420;49240;6772;31305;43864;6453;49470;3723;103686;0
13937;350000;2;1;1;43;-1;-1;-1;0;-1;-1;6337;4300;16229;56929;7082;4640;4300;16229;45000;108501;4640;638;0
13943;360000;2;1;2;33;-1;-1;-2;-1;-1;-2;7831;0;0;764;0;2844;0;0;764;0;2844;2219;0
13947;100000;1;6;2;51;2;0;0;0;0;0;101658;97937;98893;101044;96045;97227;4134;3952;3611;3298;3401;3415;0
13950;10000;1;3;1;30;0;0;3;2;0;0;8315;11267;10626;10160;10052;9635;3258;0;0;357;400;300;0
13954;370000;2;3;2;27;0;0;0;0;0;0;63412;159542;160885;162368;165591;121614;100000;6000;6000;8000;4500;3000;0
13957;70000;2;3;1;46;0;0;0;2;2;2;11332;12093;13891;13371;14654;14271;1250;2000;0;1500;0;600;1
13959;200000;2;1;2;35;0;0;0;0;0;0;99291;87757;82417;83877;82814;35484;2742;3000;2018;2743;1578;9013;0
13961;120000;1;2;1;38;1;2;2;2;2;2;116344;111960;115804;92542;83581;61650;0;6781;0;5550;0;0;0
13967;40000;2;3;1;55;2;2;7;7;7;7;2400;2400;2400;2400;2400;2400;0;0;0;0;0;0;1
13969;240000;1;2;2;25;2;0;0;0;0;0;178878;181717;165662;144277;112210;116047;6095;4729;5682;5500;5000;16290;1
13973;50000;2;2;2;24;-1;-1;-2;-2;-2;-2;2675;0;0;0;0;0;0;0;0;0;0;0;1
13977;210000;1;2;1;29;-1;-1;-1;-1;-1;-1;1685;6644;3584;1756;732;730;6715;5800;6256;732;730;3050;0
13980;50000;2;3;1;42;0;0;0;0;0;0;50427;48115;46991;47276;47870;47865;6506;2607;3312;13107;2648;0;1
13989;50000;1;3;2;38;0;0;0;0;0;0;47350;44948;40326;19576;19565;19531;1772;1301;835;856;854;672;0
13990;170000;2;1;2;29;0;0;0;-1;0;0;115194;111991;22499;25015;34343;53403;10000;10000;25015;10000;20000;20000;0
13995;160000;2;1;2;36;-1;3;2;-1;2;-1;598;598;168;1449;916;2133;0;0;1449;0;2133;0;1
13997;340000;2;1;2;29;0;0;0;0;0;0;82922;81084;74530;66897;64699;35540;3600;2962;2500;1800;1000;1000;0
14016;50000;2;2;2;22;0;0;0;-1;0;0;29632;9856;9541;5411;4782;3192;6016;9021;6000;4000;2500;5000;0
14045;80000;2;1;1;45;1;2;0;0;2;0;74081;72329;74409;78180;76831;79570;0;3300;5600;0;4000;4000;1
14068;50000;1;3;2;44;0;0;0;0;0;-2;40151;38951;28984;29422;0;0;2000;2000;2000;0;0;0;0
14078;140000;2;3;2;24;0;0;0;0;0;0;126546;124926;111220;75706;69278;58589;4922;3910;4604;4000;3000;4000;0
14079;330000;2;1;2;34;-1;0;-1;0;0;0;203;1558;39927;53430;44798;40341;1503;40003;15000;0;0;25017;0
14085;200000;2;2;2;36;2;2;2;2;2;2;76308;78669;75995;79781;81533;80243;4000;0;5500;3000;0;6100;1
14088;20000;1;2;2;33;0;0;-1;-1;-1;-1;14765;6371;4150;988;390;1935;1000;4150;988;390;1935;1316;0
14092;50000;2;1;2;29;0;0;2;2;0;0;15416;17392;18446;17852;18236;20524;2233;1639;0;672;2602;2000;0
14095;500000;1;1;2;28;2;0;0;0;0;0;216657;174694;165203;136067;16120;93532;8508;4699;623;1590;93469;2554;0
14102;110000;2;2;1;29;0;0;0;0;2;0;106302;108590;107414;108887;107145;102075;5500;5224;7641;0;3785;3668;0
14103;360000;2;1;2;39;-2;-2;-2;-2;-2;-2;3377;37305;5721;11379;7939;7081;37500;5749;11436;7978;3566;6109;0
14117;550000;2;1;2;28;0;0;0;0;0;0;257553;251236;246572;240595;237968;220199;12036;9071;8022;6797;7095;6469;0
14121;160000;2;2;1;27;-1;0;0;0;0;0;86772;71275;54769;39137;26971;3426;2805;1487;958;539;1000;390;0
14134;200000;1;1;2;60;-1;-1;-1;-1;-1;-1;12716;12453;21910;12474;17785;12500;12453;21957;12474;17811;12500;0;0
14135;120000;2;2;2;54;0;0;0;0;0;0;20157;19295;13531;10129;11581;12782;2000;1500;1500;2000;1782;2000;0
14137;50000;1;5;2;26;1;-2;-2;-2;-2;-2;0;0;0;0;0;0;0;0;0;0;0;0;0
14138;30000;1;5;2;38;0;0;-2;-2;-2;-2;30000;-720;-720;-1500;0;0;0;0;0;1500;0;0;0
14144;50000;2;3;1;25;2;0;0;0;0;-1;49805;50654;41776;17083;9412;1038;2025;2062;2016;1022;1388;19000;1
14145;500000;2;1;2;28;2;0;0;2;0;0;98541;102052;111690;78070;78376;80912;6000;13151;0;3000;5000;10000;1
14155;220000;1;1;2;31;0;0;0;0;0;0;75538;78315;80361;82199;84782;87284;4000;4000;4000;4000;4000;4000;0
14161;120000;2;1;1;38;-1;-1;-1;-1;-1;-1;980;4000;1000;0;19100;0;4000;1000;0;19100;0;0;1
14166;210000;1;1;2;26;0;0;0;0;0;0;204824;209873;214775;111893;107697;105578;10000;10000;5000;4000;4000;4000;0
14170;300000;1;1;1;40;-1;2;2;-2;-2;-2;7111;7111;0;0;0;0;0;0;0;0;0;0;0
14174;260000;1;1;2;33;-1;-1;-1;-2;-1;-1;1025;799;-1;-1;358;492;803;0;0;359;494;0;0
14177;60000;2;3;1;44;2;0;0;0;0;0;32202;29503;29538;29971;29798;28679;1802;1737;1170;1189;1230;1100;1
14179;90000;2;2;1;41;1;1;-2;-2;-2;-2;28636;-2364;-2364;-2364;-2364;-2364;0;0;0;0;0;0;1
14182;120000;1;2;1;52;0;0;0;0;0;0;125022;127457;121408;119070;121696;119138;4509;9496;4252;4535;4304;4536;1
14184;500000;1;3;1;37;0;0;0;0;0;0;89574;91782;90989;83633;84491;85522;5053;6052;5038;7029;8018;4022;0
14186;360000;2;1;2;29;1;-2;-1;0;0;-1;0;0;70010;71610;73610;317;0;70010;2000;2000;317;11892;0
14196;170000;1;1;2;30;-2;-2;-2;-2;-2;-2;740;740;740;740;740;740;740;740;740;740;740;740;1
14197;450000;2;2;2;32;0;0;0;0;0;0;14237;17907;14127;15988;19747;13986;5016;1139;2000;3938;1000;0;0
14205;30000;2;1;2;24;0;-1;2;-1;0;0;2880;3285;2280;248;248;-150;3285;0;248;0;0;0;1
14206;140000;2;1;2;26;0;0;0;0;0;0;136170;139270;137548;96340;94201;97068;6799;5100;3300;3400;7461;3498;0
14208;80000;2;2;1;22;-1;-1;-1;-1;0;-1;1941;2132;1667;2146;1073;2761;2132;1667;2146;0;2761;1073;0
14209;120000;1;1;2;28;0;0;0;0;0;0;35220;38036;38746;40107;41464;42680;3700;1640;2000;2000;2000;1800;0
14211;70000;1;2;1;43;0;0;0;0;0;0;93025;95655;66404;31688;17317;6270;3664;2127;618;738;125;0;0
14214;20000;2;3;1;38;-1;-1;0;0;0;-1;1118;12776;11417;16449;6989;2021;12783;1000;6782;670;2021;0;0
14216;450000;1;1;1;41;-1;-1;-2;-2;-2;-2;560;0;0;0;0;0;0;0;0;0;0;2274;0
14221;70000;2;2;2;42;2;2;2;2;2;2;44689;45669;46621;45573;48678;47744;2000;2000;0;4000;0;2000;1
14223;30000;2;2;2;54;0;0;2;0;0;2;29230;30786;27167;27440;30117;29523;3500;0;3000;6000;0;781;0
14227;20000;1;2;2;24;1;2;0;0;0;2;16981;16424;17242;18448;19495;20026;0;1400;1500;1500;1000;0;1
14240;80000;2;1;2;26;0;0;0;0;0;0;19891;20650;21002;19478;17882;5120;1576;1424;576;1000;102;300;0
14252;100000;2;2;1;26;2;0;0;0;0;0;97361;96265;49380;29152;28832;29949;4732;1500;1500;1500;1500;1964;1
14253;300000;1;1;1;45;-1;-1;-1;-1;-1;-1;5045;688;6431;3645;2041;1800;688;6495;3681;2448;1910;360;0
14260;30000;2;3;2;51;-1;-1;-1;-1;-1;-2;770;-10;390;3797;0;0;0;400;3797;0;0;0;0
14261;300000;1;1;1;44;0;0;0;0;0;0;21507;18505;17036;12863;9597;2304;1379;1008;270;206;329;19769;0
14271;160000;2;1;1;40;-1;-1;-1;-1;0;-1;326;326;326;652;326;476;326;326;652;0;476;326;1
14276;500000;2;2;1;42;0;0;0;0;0;0;431195;440304;341673;76519;77223;76684;17624;14783;3000;3000;2853;2385;0
14287;280000;1;3;1;47;-1;-1;-2;-2;-1;-1;2479;3554;4746;2377;2390;3504;3564;4792;2384;2393;3524;2851;0
14289;80000;2;2;1;45;3;2;2;0;0;0;34282;35006;34144;34820;35553;36258;1567;0;1243;1291;1297;1500;1
14292;20000;1;3;2;23;-1;-1;-1;0;0;0;1706;6354;6849;4113;3910;2547;6394;6849;82;78;51;16522;0
14298;20000;1;3;1;25;0;0;0;0;0;0;15706;16849;17285;18683;9121;14374;1700;1110;1500;500;300;150;0
14301;700000;2;1;1;36;0;0;0;0;0;0;450827;389039;328316;325968;271596;286805;13000;11939;10312;20004;20000;20000;0
14303;200000;1;1;2;31;1;-2;-1;-1;-1;-1;0;0;50307;28281;42163;0;0;50307;28281;42163;5040;3036;0
14304;20000;1;2;1;27;0;0;0;3;2;0;6599;9315;19067;18472;18037;18487;3000;10000;0;0;900;2000;0
14305;60000;1;2;1;41;0;0;0;0;0;0;95648;56259;49425;16941;13349;14826;5000;4731;2000;10000;3000;5000;0
14306;160000;1;3;1;42;1;-1;-1;-2;-1;0;0;1564;-436;-436;436;436;1564;0;0;872;0;0;0
14309;500000;2;2;1;40;-2;-2;-2;-2;-1;0;240927;18676;9390;-3772;282777;288937;1093;9429;3423;291227;9011;9030;0
14319;140000;2;1;2;24;0;0;0;0;0;0;25118;18948;16923;12103;11519;11611;2000;2001;401;1000;1000;1000;0
14323;440000;1;1;1;62;0;0;0;-1;2;0;14721;5049;649;1108;150;1075;4909;499;959;0;925;1392;0
14330;20000;1;2;2;25;2;2;2;2;2;2;150;150;150;1150;1000;0;0;0;1000;0;0;0;0
14340;390000;1;1;1;36;1;-1;-1;-1;-1;-1;0;250;79;79;290;106;250;79;0;290;106;66;1
14341;30000;2;2;2;28;2;2;2;2;2;2;20218;19607;21778;22124;22622;23002;0;2500;1000;1000;900;900;0
14350;340000;1;2;1;43;1;-2;-2;-2;-2;-2;-15;-15;-15;-15;-15;-15;0;0;0;0;0;0;1
14364;20000;1;2;2;46;0;0;0;-2;-2;-2;19401;20650;0;0;0;0;1650;0;0;0;0;0;1
14367;130000;1;3;1;56;-1;-1;-1;0;-1;-1;582;0;582;291;441;441;0;582;0;441;441;291;1
14383;20000;1;3;2;25;0;0;-1;-1;-1;-1;3556;3271;798;798;798;408;1481;798;798;798;408;1188;0
14387;280000;2;2;2;31;-2;-2;-2;-2;-2;-2;2419;10499;16243;0;0;0;10517;16494;0;0;0;0;0
14394;30000;1;3;2;42;1;2;0;0;0;0;13347;12843;13850;14125;14423;14516;0;1227;502;522;521;521;1
14397;420000;2;2;1;40;0;0;0;2;0;0;33561;38901;38710;38022;20256;22743;5900;900;101;3000;3000;5000;0
14398;80000;2;1;1;54;2;2;2;0;0;0;12894;15449;14909;14915;15382;16374;3084;0;550;707;1400;200;1
14399;400000;1;1;1;36;0;0;0;0;0;-1;44765;35776;67887;20356;12780;11625;10006;3072;72;62;11681;31071;0
14403;70000;1;1;2;26;0;0;0;0;0;0;6121;7064;8143;8507;8869;9220;1200;1200;500;500;500;500;1
14404;290000;1;3;2;43;-2;-2;-1;0;0;0;170823;174650;123514;125973;128608;127976;8050;123514;4274;4426;4859;5407;0
14410;210000;2;1;1;39;-1;-1;-1;-1;-1;-1;4443;3569;1737;2433;3115;3899;3569;1737;2433;3115;3899;2460;1
14418;400000;2;1;2;30;-1;-1;-1;-1;-1;-1;1919;7381;2691;1781;7123;1470;7389;2691;1781;7123;1470;37546;0
14420;440000;2;2;1;45;-1;-1;-1;3;2;2;600;-420;417;2217;1321;8879;0;1937;1800;0;8480;0;1
14425;210000;1;1;2;27;0;0;0;2;2;0;110757;113139;119812;120763;118722;121249;5650;10100;4400;0;4500;4500;0
14429;30000;1;2;2;25;2;2;3;3;3;3;1050;1050;1050;1050;1050;1050;0;0;0;0;0;0;1
14441;50000;2;1;2;33;1;-2;-1;0;0;-1;0;0;12493;28365;6300;999;0;12493;16000;0;999;0;0
14454;330000;2;1;2;28;1;-1;2;2;2;2;963;11;11;11;11;11;504;0;0;0;0;0;0
14459;300000;2;3;1;32;0;0;0;0;0;-2;15003;14469;15200;18000;0;0;1469;1200;3000;0;0;0;0
14463;50000;2;2;1;32;0;0;0;0;0;0;46610;45005;43448;15075;16534;16809;2021;1500;700;1700;700;623;0
14475;110000;2;2;2;39;0;0;0;0;0;0;210804;107572;100475;48409;47693;49018;5426;4244;1837;1713;2100;2020;0
14494;120000;2;2;2;30;0;0;0;0;0;0;104801;100502;86478;81902;78616;80307;4000;2960;3833;2855;3000;3000;0
14495;150000;1;1;2;40;0;0;0;0;0;0;152175;148872;145978;139791;142745;146872;5800;5245;5200;5200;6500;7200;0
14504;50000;2;2;2;23;0;0;0;2;0;0;16370;15373;12065;10199;9261;6816;1524;2588;0;284;1000;1000;1
14517;80000;1;2;1;43;0;0;0;0;0;0;43749;46330;43134;38010;38510;38427;3356;3204;2017;3515;2506;2015;0
14520;300000;1;2;1;38;-1;-1;-1;0;0;-1;374;1685;1485;990;495;495;2000;1485;0;0;495;495;1
14526;180000;1;2;2;43;0;0;0;0;0;0;164222;169073;171820;160018;164717;151235;7500;5900;6000;7000;7000;5000;0
14529;180000;2;3;2;25;0;0;0;0;0;0;120583;97341;87773;89547;91639;93991;3507;3201;3200;3500;4000;3704;0
14533;180000;2;2;1;43;-1;-1;-1;-1;-1;0;7823;9549;1968;1800;8198;511;9549;1968;1800;8198;0;844;0
14549;130000;1;2;1;35;0;0;0;0;-2;-2;8010;5932;4950;-2490;-37594;-21295;1500;1012;0;0;0;80000;0
14559;80000;2;2;1;27;0;0;0;0;0;0;25424;24499;25181;5187;5524;5529;2000;2150;1000;2500;1000;1000;0
14565;500000;1;1;2;30;0;0;0;0;0;0;449733;425268;489942;437809;409337;406573;20120;120063;40000;12389;12000;10000;0
14568;290000;2;1;2;29;-1;-1;-1;-1;-1;-1;6649;15819;10986;8184;14936;19573;15837;11584;8184;14936;19573;6309;0
14571;400000;2;1;2;41;-1;-1;-1;0;-1;-1;48938;27703;43775;10644;42195;12246;27703;43947;10183;42195;12246;13663;0
14572;30000;2;3;1;53;0;0;0;0;-1;0;30587;29462;28068;23362;29837;30357;1700;1288;982;32000;2000;1436;0
14575;20000;1;3;1;37;0;-1;-1;-1;-1;-1;1439;1251;390;390;370;-20;1251;400;390;370;0;800;0
14585;20000;1;1;2;25;1;-1;-1;0;0;0;-431;569;1769;2582;3184;3974;1000;1769;1000;800;1000;4000;0
14586;110000;2;1;2;32;1;-2;-2;-2;-2;-2;0;0;0;0;0;0;0;0;0;0;0;0;1
14589;280000;1;1;1;50;3;5;4;3;2;0;327918;321476;314931;176439;154010;134334;0;0;500;0;6267;2257;0
14600;90000;2;2;1;34;-2;-2;-2;-2;-2;-2;1905;1924;11855;665;0;665;1924;11855;10655;0;665;0;0
14604;150000;1;2;2;31;0;0;0;0;0;0;148815;148090;133619;127043;112067;39901;5147;4900;4677;4707;1700;1000;0
14605;280000;2;2;1;42;-1;0;0;0;0;0;256675;253682;260274;153516;156830;152045;13000;11000;8000;5866;8000;5616;0
14611;50000;1;2;2;26;0;0;-1;-1;-1;-1;18838;385;11500;2756;7000;12025;0;11615;2756;7000;12025;1880;0
14612;150000;1;2;2;28;0;0;0;0;0;0;95322;96903;94682;89207;46259;50504;3216;2338;2653;2001;5012;2058;0
14614;190000;2;1;2;39;0;0;0;0;0;0;83369;81617;83351;82989;83760;85707;3853;4000;3000;3200;3500;3500;0
14621;160000;2;5;2;31;-1;-1;-1;0;-1;-1;1790;0;31568;17638;1285;2705;0;31568;353;1285;2705;0;0
14631;10000;1;2;2;23;3;2;2;2;2;2;10034;9239;10025;10227;9933;9884;0;1600;500;0;1000;0;1
14636;80000;1;2;2;34;0;0;0;0;0;0;66122;92131;47655;43182;44332;45440;2600;4300;2000;2000;2000;2000;0
14642;50000;2;2;2;23;0;0;0;0;-1;2;16139;17261;14354;8713;1781;1615;1400;1000;500;1781;0;0;0
14649;30000;2;2;3;22;0;-1;0;0;0;0;7928;2318;22430;20457;13964;14872;2318;22000;1000;1000;1000;1000;0
14650;200000;1;1;2;33;2;2;2;2;2;2;156558;167453;170010;172226;175918;179441;15000;6800;6500;6600;6600;5200;1
14652;330000;2;1;1;42;-1;-1;-1;-1;-1;-1;899;7445;0;3899;2707;8000;7448;0;3899;2707;8000;0;0
14662;120000;2;2;2;26;-1;-1;-1;-1;-1;-1;5820;216;3858;6849;2616;2805;216;3858;6849;2616;2805;3926;0
14663;400000;2;1;2;33;-1;-1;-1;-1;-1;-1;7768;31313;8744;11640;41432;20075;31330;8853;11816;41432;20974;44135;0
14667;320000;2;2;1;43;-1;-1;-1;-1;-1;-1;24685;27002;82271;5315;33059;908;30161;82271;5315;33059;908;6382;0
14680;200000;2;1;1;38;-1;-1;-1;-1;-1;-1;5221;6875;5129;14997;2996;5525;6877;5129;17653;2996;6143;3538;0
14685;130000;2;1;2;30;-1;-1;-1;-1;-1;-1;780;0;390;540;540;636;0;390;540;540;636;3636;0
14698;360000;2;2;2;28;3;2;2;-2;-2;-2;2500;2500;0;0;0;0;0;0;0;0;0;0;1
14700;360000;2;2;2;28;-1;-1;-1;-1;-1;-1;220;2755;1380;0;1999;-1;2755;1380;0;1999;0;500;0
14705;50000;1;1;2;32;0;0;0;-1;0;0;20542;10858;0;777;793;26793;1411;0;777;16;26000;1000;0
14710;500000;2;1;1;39;-1;0;-1;-1;-1;-1;28852;112344;26834;33120;21771;52277;90668;26834;33452;21881;52539;57159;0
14711;150000;2;2;2;33;-2;-2;-2;-2;-2;-2;6806;2774;0;500;399;0;2779;0;500;399;0;0;0
14717;90000;2;3;1;37;0;0;0;0;0;0;62460;63354;64528;65815;67350;68605;2500;2300;2281;2519;2451;2300;0
14719;200000;2;2;1;51;1;2;2;0;0;2;93215;95336;93114;94239;99428;101843;4300;0;3365;6700;4000;3500;0
14721;360000;1;1;2;29;-1;2;-1;0;0;-1;6167;3506;10845;8336;5878;12903;17;10859;380;187;12966;1038;1
14723;80000;2;3;1;30;2;2;2;2;2;2;41687;42719;43018;44013;45058;46068;2000;1300;2000;1900;1900;0;1
14726;30000;2;3;2;43;0;0;0;0;0;0;26828;25352;26553;26554;18869;12359;1588;1789;790;471;352;121;0
14728;110000;2;2;1;46;0;0;0;0;0;0;110950;111750;111227;110849;110575;110394;4088;3912;3888;3975;4162;3945;1
14731;70000;2;3;2;22;0;0;0;0;0;0;52899;45758;37858;29660;29519;29457;1726;3028;1026;1195;1060;1031;0
14733;340000;2;2;2;43;0;0;2;0;0;0;106867;117152;113312;114379;113627;112193;12002;0;4387;4634;4519;2402;0
14735;200000;1;1;1;40;-1;-1;-1;-1;-1;-1;390;394;388;822;386;540;400;390;830;400;550;310;0
14741;160000;1;1;1;58;1;-2;-2;-2;-1;-1;0;0;0;0;4816;0;0;0;0;4816;0;0;0
14752;20000;2;1;1;41;1;3;2;0;0;-1;6249;5965;2417;1616;1616;3067;0;0;0;0;3067;0;0
14754;20000;1;3;1;44;-1;-1;-1;-1;0;0;2522;169;1261;1170;780;390;169;1261;1170;0;0;0;0
14756;200000;2;1;1;64;-1;-1;-1;0;0;-1;2035;1261;69048;3352;1992;1176;1261;69054;2000;0;1176;11099;1
14759;350000;1;1;1;62;-1;-1;-1;-1;-1;-1;83393;10237;14580;61024;86809;177816;10237;14580;61024;86809;177816;82610;0
14764;220000;2;2;1;36;2;2;2;0;0;0;195725;197466;189149;187531;187856;186532;8200;0;7000;7000;7200;23700;1
14766;500000;2;2;1;33;0;0;0;0;0;-1;48415;50588;32091;19615;23084;4528;15021;1408;392;7000;4528;22021;0
14768;180000;1;1;2;29;-1;-1;-1;-1;-1;-2;18213;4390;1016;4745;0;0;4390;1016;4745;0;0;1400;0
14772;20000;1;2;1;37;0;0;0;0;-1;-1;6372;2818;3734;3826;2110;2054;1100;1000;500;2110;2054;2505;0
14775;370000;2;1;2;28;0;0;0;0;0;0;68452;71014;72547;74501;76058;77572;3513;3046;3000;2589;2603;2695;0
14776;60000;1;2;2;35;1;2;0;-1;-1;0;62522;60932;113580;673;28976;29719;0;1680;2752;59358;1231;1200;0
14777;180000;1;2;2;43;0;0;0;0;0;0;106765;99297;69691;71234;72930;75734;10000;5000;2703;3000;4013;10000;0
14778;90000;2;3;2;25;0;0;0;0;0;0;16977;19612;5613;5613;10113;10113;3000;3000;0;4500;0;3440;0
14789;30000;2;2;2;22;2;2;2;-1;-1;2;200;200;200;29847;30089;27957;0;0;29847;340;0;0;0
14806;20000;1;2;2;24;2;2;2;2;2;2;16276;16715;18327;17735;19446;18988;1000;2200;0;2000;0;1200;0
14809;170000;1;1;1;35;-1;-1;-1;-1;-1;-1;481;326;526;526;635;760;326;526;526;635;760;526;1
14810;130000;1;1;1;45;2;0;0;2;2;2;53709;55244;58716;57174;61240;61284;3000;5000;0;5000;1200;3000;1
14813;10000;2;2;1;49;0;0;0;0;0;0;3100;4116;5280;5543;5605;5717;1073;1237;500;300;205;300;1
14819;230000;1;1;2;26;-1;-1;-1;-1;-1;-1;1099;19686;3036;4806;-1;1699;19686;4000;4806;0;1700;3658;0
14824;260000;2;2;1;45;-1;-1;-1;-1;-1;-1;7893;5923;5601;5480;5911;5963;5923;5601;5482;5911;5963;5757;0
14831;20000;2;2;2;48;0;0;0;0;2;-1;7684;8565;4519;3520;1680;5285;1200;2008;1680;0;5285;0;0
14835;200000;1;1;2;37;0;0;0;0;0;0;118134;126591;134110;139209;135902;138997;15034;20038;20019;5014;10047;10238;0
14841;360000;1;2;1;34;0;0;2;0;0;-1;6287;3580;2224;1206;-11;2216;2505;5;12;0;2227;0;0
14846;110000;2;2;1;46;0;0;0;0;0;0;111301;69352;58442;55485;53539;41193;3075;3000;2000;2941;1512;2040;0
14857;210000;2;2;1;35;-1;-1;-1;-1;-1;-1;1338;1508;1409;1549;2454;946;1508;1409;1549;2454;946;1525;0
14862;30000;2;2;2;24;2;2;7;7;7;7;2550;2550;2550;2550;2550;2550;0;0;0;0;0;0;1
14874;20000;1;2;2;23;1;2;0;0;0;-2;9352;9059;9823;10023;0;0;0;1000;200;0;0;0;1
14881;120000;1;3;1;32;1;2;2;2;2;2;110826;113572;114719;115736;117729;120601;6000;4500;4400;4000;5000;4700;0
14883;100000;1;2;2;50;1;-1;-1;0;0;-2;0;2976;44591;8910;0;0;2976;44591;0;0;0;0;0
14884;20000;2;2;2;26;2;2;2;2;2;0;10372;12897;12393;14185;13817;14434;3000;0;2000;0;1000;3000;1
14895;60000;2;2;2;30;0;0;0;0;0;0;60922;59205;60850;40548;40580;40416;3205;2850;1578;1580;1416;2512;0
14902;260000;2;1;1;42;-2;-2;-2;-2;-2;-2;387;616;450;773;268;402;616;450;773;268;402;334;0
14912;240000;1;2;1;42;0;0;-1;-1;-1;-1;66394;63650;7117;2898;5530;67010;1273;7117;2905;5530;46275;17446;0
14920;800000;1;2;1;53;-1;-1;-1;0;0;-1;7639;5552;64535;40814;12590;9339;11145;64657;131;247;9366;63482;0
14931;220000;1;1;2;47;0;0;0;0;0;0;159351;162791;167631;169593;172967;183598;6000;7536;6231;6271;13500;0;0
14932;90000;1;1;2;30;-1;-1;-1;-1;-1;-1;1166;1918;930;930;2250;930;1918;1194;930;2250;930;930;0
14939;310000;2;2;2;35;0;0;0;0;0;0;184404;180576;175348;139525;139156;115785;6225;5808;4312;4427;4524;4263;0
14942;100000;2;2;1;39;2;2;0;0;0;0;78353;77726;79151;80249;82405;77011;1200;3400;2900;3500;3000;6100;1
14943;240000;2;1;2;26;1;-1;-1;-1;-1;-1;0;189;651;0;127;0;189;651;0;127;0;0;0
14950;200000;2;1;2;33;-1;-1;-1;-1;-2;-2;390;0;780;0;0;0;0;780;0;0;0;0;0
14951;250000;1;1;1;51;2;2;2;2;2;2;2487;2487;2487;2487;2487;2487;0;0;0;0;0;0;1
14953;180000;1;2;1;33;1;-2;-2;-2;-2;-2;0;0;0;0;0;0;0;0;0;0;0;0;0
14964;110000;2;2;2;25;0;0;0;0;0;0;111115;113515;111815;79375;78541;79731;6000;5000;3000;3100;3000;3000;0
14970;180000;2;1;2;31;-1;-1;-1;-1;0;0;4582;1359;316;3072;2756;2440;1359;316;3072;0;0;316;1
14972;120000;1;2;1;30;1;2;0;0;0;0;6305;7052;8786;8863;10763;7140;1000;2000;177;2000;1000;0;1
14973;150000;2;1;2;28;0;0;-1;4;3;2;8982;0;1187;1182;882;441;0;1187;0;0;0;583;0
14974;30000;1;3;1;55;2;2;7;7;7;7;2395;2395;2395;2395;2395;2395;0;0;0;0;0;0;1
14976;50000;1;1;1;28;0;0;-2;-2;-2;-2;4545;0;0;0;0;0;0;0;0;0;0;0;1
14977;30000;2;3;1;58;2;2;2;2;2;2;26580;27652;27905;27158;29239;29791;1800;1000;0;2518;1185;1200;1
14979;480000;2;2;2;31;-1;-1;-1;-1;-1;-1;1759;1759;1759;1759;1759;1759;1759;1759;1759;1759;1759;1759;1
14986;30000;1;2;1;46;0;0;0;0;-2;-2;20328;18944;3395;0;0;0;1582;1033;0;0;0;0;0
14988;380000;2;2;2;41;0;0;0;0;0;0;302130;266160;236316;224029;224022;225978;10018;10000;15000;30000;30251;20000;0
14989;70000;2;1;1;42;0;0;0;0;0;2;40466;41805;42520;43378;46664;47341;1994;1709;1567;4000;1600;2000;1
14993;260000;1;1;1;51;-1;-1;2;-1;-1;-1;229;674;476;2856;814;605;674;0;2880;814;605;1776;0
14995;50000;2;2;2;26;0;0;-1;0;-1;0;49028;49740;780;390;850;18460;2400;780;0;850;18000;1000;0
15002;80000;2;1;2;24;-1;0;0;0;0;0;75356;78236;77700;58025;59527;60778;5000;4176;4000;3000;2141;3000;0
15006;60000;2;2;2;34;1;2;0;0;0;0;64684;63036;60031;27725;28282;30268;0;2459;1433;990;2419;0;0
15015;410000;1;2;2;39;0;0;0;0;0;0;335938;328323;321091;274957;268891;262570;14000;13014;30000;12000;10000;9040;0
15019;50000;1;1;1;41;0;0;0;2;2;2;34384;35503;38931;38006;44357;43516;2000;4000;0;7000;0;2000;0
15026;80000;1;2;1;32;0;0;0;0;0;0;75149;76786;72626;29012;28653;28398;4003;3003;2003;1146;1403;1503;0
15031;150000;1;1;1;46;2;2;2;2;2;2;148364;150565;150254;64644;40150;41250;5400;5026;1722;1500;3000;108058;1
15032;280000;1;2;1;38;-2;-2;-2;-2;-2;-2;3596;959;1067;3405;1805;2153;963;1072;3422;1814;2162;1757;0
15039;50000;1;2;2;33;0;0;0;0;0;0;8406;8418;8347;12321;6294;3333;3000;3000;7508;1000;1000;1500;0
15045;390000;1;1;1;35;0;0;0;0;0;0;24297;28804;43996;47532;49414;51380;5000;20000;5006;5006;5008;3004;0
15046;210000;1;2;1;40;-1;-1;-2;-2;-2;-2;3180;0;0;0;0;0;0;0;0;0;0;0;0
15049;340000;1;1;1;42;0;-1;-1;-1;2;-1;13454;14544;-2429;10300;3630;3577;15074;528;15303;13;3615;6765;0
15060;70000;1;3;1;34;0;0;0;0;0;0;63580;64688;66566;56942;58986;61031;3000;3002;2500;3000;3000;2502;0
15070;400000;1;1;1;35;-2;-2;-2;-2;-2;-2;0;2720;98;44321;1699;0;2720;98;45869;1699;0;2024;0
15072;110000;1;2;1;35;1;2;0;0;0;0;112829;108073;110313;108986;48641;46982;0;6307;5093;2008;2010;3000;1
15078;50000;1;6;1;45;0;0;0;0;-1;0;33634;34770;34948;-52;848;850;2000;1000;0;900;2;1749;0
15089;20000;1;2;1;37;3;2;0;0;0;0;20334;18555;3455;4359;4448;4704;0;1096;1000;89;256;0;0
15097;50000;1;2;1;38;0;0;0;0;0;0;13921;14800;16394;6198;7717;7722;1500;2000;1091;2000;500;500;0
15098;290000;1;1;2;36;0;0;0;0;0;0;215472;222699;213253;126952;103575;56564;11000;9500;4000;3003;2000;2000;0
15107;220000;1;1;1;45;-1;-1;-1;-1;-1;-1;3455;11997;5874;416;416;416;12001;5874;416;416;416;416;0
15110;210000;1;2;1;44;1;2;0;0;0;0;236136;220847;216703;206635;96240;88040;0;9400;5000;2000;1800;10000;0
15114;50000;1;1;2;51;1;-2;-2;-2;-2;-2;0;0;0;0;0;0;0;0;0;0;0;0;0
15115;50000;1;2;1;56;0;0;0;0;0;0;46794;46836;48062;49242;18713;19456;1756;1982;2162;633;1007;627;0
15121;300000;1;3;1;61;0;0;0;0;0;0;269781;275773;282818;289012;123239;123812;10001;11001;12001;10001;5001;5001;0
15133;200000;1;3;1;50;-2;-2;-2;-2;-1;-1;17306;17380;20341;16223;17466;16613;17380;20341;16223;17466;16613;17935;0
15134;240000;1;2;1;54;0;0;0;2;0;0;14332;16135;249258;243589;204754;201426;2000;234000;30;7046;7023;10005;0
15139;30000;1;3;1;55;3;2;2;7;7;7;2395;2395;2395;2395;2395;2395;0;0;0;0;0;0;1
15142;240000;1;2;2;57;-1;-1;-1;-1;0;0;1115;1211;2206;62507;63226;63517;1211;2455;64395;1917;4160;1710;0
15144;290000;2;1;2;42;-2;-2;-2;-2;-2;-2;768;42863;2632;11767;4684;3685;42863;2632;11780;4684;3685;4352;0
15149;250000;1;1;1;53;-2;-2;-2;-2;-2;-2;0;0;0;0;0;0;0;0;0;0;0;0;1
15153;30000;2;2;2;22;1;2;0;0;0;0;27332;26600;27832;26897;27278;27851;0;2006;2000;1100;1137;1300;0
15155;30000;2;2;2;21;2;0;0;2;-1;-1;23243;24394;25693;25760;165;0;1704;2168;1000;165;0;0;1
15159;30000;2;2;2;22;0;0;0;0;-1;0;14617;17363;20430;25130;7746;10583;3000;3376;5076;8009;6017;3023;0
15162;50000;2;2;2;25;0;0;0;0;0;0;33703;30857;28481;27634;26691;26329;1800;1800;1400;915;1500;1500;0
15163;300000;2;2;2;26;0;0;0;-1;0;0;29300;18988;6893;49379;49161;50646;1214;2000;49379;1500;2000;15000;0
15164;30000;2;2;2;22;-1;0;0;0;0;0;2006;3116;28844;25317;25885;25165;1157;25885;1500;2170;1000;1000;0
15166;50000;2;3;1;31;0;0;0;0;0;0;50734;43406;44333;44577;44501;11614;1700;2016;1600;2100;1000;47000;0
15168;50000;2;2;2;23;0;0;0;0;0;0;40760;39660;23203;18983;13466;18878;1500;1500;1100;1466;5556;598;0
15173;30000;2;2;2;23;0;0;0;2;0;0;27186;27585;30398;29305;29408;28699;1451;3564;0;1174;1207;4302;1
15175;30000;2;2;2;23;0;0;0;0;0;0;34084;33476;32006;31672;31247;30673;1521;1573;1500;1300;1300;1329;0
15184;80000;2;2;2;25;0;0;0;0;0;0;4418;7327;10190;13768;17748;10577;3000;3000;4000;5000;1000;1310;0
15186;30000;2;1;2;25;2;2;2;2;2;2;7593;9634;4476;8830;8153;6422;2379;7;7002;13;155;1;0
15188;160000;2;2;2;24;-1;2;-1;2;-1;-1;2227;316;632;316;316;632;0;632;0;316;632;0;0
15202;50000;2;2;2;23;3;2;2;2;0;0;22613;21957;24482;24693;25283;27367;0;3200;910;1000;2500;0;1
15203;130000;2;2;2;26;-2;-2;-1;2;-1;2;90833;2774;740;740;73758;72800;2788;740;0;73758;0;2342;0
15205;220000;2;1;2;26;0;0;-1;-1;-1;-1;4750;4909;3791;7982;5850;11304;2012;3791;8493;5850;11304;2067;0
15207;70000;2;3;2;29;0;-1;-1;2;0;0;20064;24336;25510;24726;25377;24818;24336;3010;0;875;600;1000;0
15210;70000;2;2;1;27;0;0;2;2;2;2;68425;71783;72616;68201;50995;48822;6800;3100;15;3850;0;1800;0
15221;140000;2;2;1;31;1;-2;-1;-1;-2;-2;-53;-53;1117;0;0;0;0;1170;0;0;0;278;0
15222;150000;2;2;1;32;0;0;0;0;0;-1;17594;14850;15919;10177;7954;8049;1609;2000;1000;0;8049;1000;0
15224;460000;2;2;2;35;0;0;0;0;0;0;442291;449790;450047;453770;396600;392879;16000;17610;17500;13810;14100;14520;1
15228;300000;2;2;2;28;0;0;0;0;0;0;25193;34242;35228;12512;12570;13022;10000;1377;1149;2000;615;9000;0
15234;100000;2;2;1;38;0;0;0;2;2;2;89745;91659;96808;84528;67873;65503;3421;7728;0;5000;2600;0;0
15239;260000;2;2;2;34;0;0;0;0;0;0;40066;38115;38730;37947;40122;34751;2000;3030;5039;7000;3000;10000;0
15245;80000;2;2;1;37;-1;0;0;2;2;2;28652;29869;33071;33531;34184;33503;2000;4000;1300;1500;0;1300;0
15251;30000;2;2;1;45;2;0;0;0;0;0;31548;30226;31237;13511;13781;14070;1665;1676;1223;493;511;514;0
15253;180000;2;2;1;31;-2;-2;-2;-2;-2;-2;384;0;0;0;503;2156;0;0;0;503;2343;1988;1
15255;260000;2;2;2;26;0;0;0;0;0;0;217735;222109;220219;206666;185282;167161;9553;7893;9241;7106;6506;6240;0
15259;130000;2;1;2;29;1;-2;-2;-2;-2;-2;0;0;0;0;0;0;0;0;0;0;0;1313;0
15261;290000;2;2;2;29;-1;0;0;0;0;0;19315;30310;29312;31404;31004;29124;15000;2000;3000;0;0;4280;0
15265;230000;2;2;2;32;1;-2;-2;-1;-1;-1;-46;-46;-46;4826;4829;1788;0;0;4872;4829;1788;1266;1
15267;330000;2;2;1;37;-1;-1;-1;-1;0;0;2202;2900;2335;7278;6646;5324;2911;2579;7278;6;26;2089;0
15274;150000;2;1;2;27;-1;-1;-1;-1;0;-1;8404;4493;11848;7435;3685;3545;4493;11848;7435;0;3545;5718;0
15275;170000;2;3;2;29;0;0;0;0;0;0;116048;117485;119050;120225;122345;124302;4200;4300;4400;4518;4500;5000;1
15280;20000;2;2;1;46;1;2;2;2;0;0;10935;11456;13169;13656;14430;14200;1000;1900;1000;1000;0;8119;1
15285;490000;2;1;2;41;0;0;0;0;0;0;250970;255009;248203;101770;63192;64720;10000;11547;4600;2000;2000;2000;0
15289;300000;2;1;2;28;0;0;0;-1;-1;-2;9582;6803;7198;6975;9356;3697;1818;7217;7023;9383;3714;6546;0
15299;380000;2;1;2;31;0;0;2;0;0;0;66979;70289;69790;71506;74078;77088;5700;2500;3500;5000;5000;3400;0
15314;80000;2;3;1;39;0;0;0;0;0;0;18787;19869;20897;21911;22545;23181;1400;1352;1366;1000;1000;1000;0
15322;270000;2;2;1;44;0;0;-1;0;0;0;24775;18018;15896;32396;50411;60957;10203;15908;20000;29000;22000;1821;0
15324;150000;2;3;2;42;0;0;0;0;-1;-1;30643;31209;25977;30776;920;0;1237;1354;5153;924;0;0;0
15332;180000;2;1;1;45;-1;2;-1;-1;-1;-1;1560;316;316;316;316;316;0;316;316;316;316;316;1
15340;200000;2;2;1;36;2;2;-2;-2;-2;-2;2500;0;0;0;0;0;0;0;0;0;0;0;1
15346;500000;2;1;1;38;-1;0;-1;0;0;0;5410;2760;36861;23200;34255;18554;2700;36861;10000;20055;1000;5622;0
15353;180000;2;2;1;46;1;-2;-2;-2;-2;-2;0;0;0;0;0;0;0;0;0;0;0;0;0
15355;160000;2;1;1;33;-1;-1;-1;-1;-1;-1;5459;20415;2141;2144;5816;2144;20415;2141;2144;5816;2144;1456;0
15364;240000;2;2;1;42;-1;-1;-1;-1;-1;-1;1986;1323;329;9228;7776;7500;1323;329;9228;7776;7500;635;0
15366;80000;2;3;2;40;2;2;0;0;0;0;81428;78041;75945;61740;29089;28267;4;3716;2000;1000;1000;2000;1
15374;280000;2;2;1;32;0;0;0;0;0;0;11561;12662;13752;14815;15168;15523;1300;1300;1300;600;600;600;0
15377;230000;2;2;2;39;0;0;0;0;0;0;72288;69680;66081;64495;60511;57450;2429;2579;2100;2000;2000;2100;0
15387;20000;2;3;1;44;0;0;0;0;0;0;5636;6737;7832;8624;8800;9300;1200;1208;1000;176;500;0;0
15390;350000;2;2;2;33;0;0;0;0;0;0;187649;141353;142923;145149;132948;85677;5100;5400;6100;6000;3200;3100;0
15391;150000;2;2;1;49;-1;-1;0;-1;-1;-1;4016;5115;3425;1334;2117;1098;5119;1002;1336;2119;1098;757;0
15392;300000;2;2;2;42;0;0;0;0;0;0;113308;109901;108659;110781;107833;104466;5400;5800;6000;7000;5000;5000;0
15398;50000;2;3;1;55;0;0;0;0;0;0;23593;24787;9145;12423;41956;45112;1831;1189;3467;30000;4000;0;0
15407;50000;2;3;1;53;2;2;2;2;0;0;41174;42196;43327;42335;43326;46256;2000;2100;0;2000;3800;5783;0
15410;140000;2;2;1;48;0;0;0;0;0;0;248822;246595;249664;253418;258909;255232;10000;10200;9000;9000;10000;10000;0
15417;350000;2;1;3;53;1;-2;-2;-2;-2;-1;36138;7613;5875;4020;33127;6877;7619;5875;4020;33127;6877;0;0
15425;360000;1;2;1;27;3;2;2;0;0;0;245135;244583;156843;63861;64437;8844;8000;0;2700;3000;1000;1072;1
15427;60000;1;2;2;38;0;0;0;0;-2;-2;57775;51280;16299;-41;-41;-41;2000;1043;0;0;0;17500;1
15437;20000;1;2;2;23;1;-2;-2;-2;-1;0;0;0;0;0;17330;16066;0;0;0;17330;738;1000;0
15442;20000;1;2;2;27;0;0;-1;-1;0;0;7320;7761;631;4481;6481;3465;2000;631;4481;2000;300;3332;1
15450;150000;1;1;2;25;0;0;0;0;0;0;51568;52952;95134;31578;26089;16624;3000;60086;2000;2000;5000;6000;0
15453;120000;1;1;2;27;0;0;2;0;0;0;75896;77931;79384;81367;82321;84336;3900;3300;3900;3200;3500;3500;0
15467;220000;1;1;2;30;2;0;0;0;0;0;84630;87604;89687;90889;91892;93815;5000;5000;4200;4000;4000;5000;0
15473;420000;1;2;1;37;-1;-1;0;0;0;0;3823;149793;56611;77406;79316;73995;150298;10617;25000;3034;3012;5012;0
15474;360000;1;1;1;39;0;0;-2;-2;-2;-2;12768;0;0;0;0;0;0;0;0;0;0;0;0
15476;50000;1;3;1;46;1;2;2;2;-2;-2;51814;53077;51400;0;0;0;2400;0;0;0;0;0;1
15481;100000;1;1;1;33;2;2;0;0;0;0;94257;78728;65747;67046;69938;74800;0;3100;3000;4000;6000;0;1
15482;150000;1;1;1;37;-2;-2;-2;-2;-2;-2;22109;10876;10268;5872;3068;2181;10943;10273;5978;3068;2181;3242;1
15484;500000;1;1;1;45;-1;-1;-2;-2;-2;-2;2900;0;0;0;0;0;0;0;0;0;0;0;0
15495;20000;1;2;2;35;0;0;0;0;0;0;19600;19694;19945;20051;19472;19830;1312;1363;1249;1000;2000;1000;1
15496;30000;1;3;2;30;1;2;2;2;2;2;4318;5096;6353;7092;7972;7702;1000;1500;1000;1000;0;1000;0
15497;30000;1;2;1;48;0;0;0;-1;-1;-1;29428;19950;24514;4083;6234;0;1402;10096;4083;6255;0;0;0
15498;150000;1;2;1;34;1;2;2;2;2;2;52692;54229;55768;56266;54764;58862;3000;3000;2000;0;5000;3000;1
15500;50000;1;2;2;33;1;2;0;0;0;0;51210;47140;48478;48173;21134;20403;0;3518;3000;2352;2000;2000;0
15505;360000;1;3;1;27;-2;-2;-2;-2;-2;-2;0;0;0;0;0;0;0;0;0;0;0;0;0
15514;260000;1;2;2;32;0;0;0;0;0;0;170276;164617;150188;138975;134225;128321;6200;6000;6000;5006;5006;6006;1
15525;80000;1;2;2;36;0;0;2;2;0;0;79673;79353;80107;78323;45985;45434;7100;2600;371;1904;1801;1801;0
15532;240000;1;2;1;38;2;2;-1;-1;0;0;7123;6848;836;2508;1672;836;836;836;2508;0;0;563;1
15535;200000;1;2;2;35;0;0;0;0;0;0;27784;33877;35420;26609;25392;23367;10000;10000;2000;5000;5000;1000;0
15546;270000;1;1;1;37;2;0;0;0;0;0;160069;156346;159223;165480;76144;77944;6000;7000;9000;5000;3000;3000;1
15549;450000;1;2;2;36;-2;-2;-2;-2;-2;-2;8012;4009;5226;4715;3275;6422;4021;5241;4729;3284;6441;4285;1
15553;500000;1;1;1;46;0;0;0;0;0;0;16347;20496;14509;16910;10854;16809;17029;8014;14030;7012;16016;14004;0
15554;200000;1;1;1;42;-2;-2;-2;-2;-2;-2;-6028;10177;10229;7899;4553;4252;20405;10426;8008;4575;4273;9652;0
15565;180000;1;1;2;33;0;0;0;2;0;0;3060;1854;3238;2106;1510;1746;1000;2500;0;1000;500;930;0
15568;500000;1;1;2;39;0;0;0;0;0;0;297309;290425;286959;278420;291642;286666;10322;13500;10000;30000;12000;10000;0
15570;300000;1;1;1;39;-1;-1;-1;-1;-1;-1;20938;21064;26041;18158;18147;45199;21169;26171;18249;18238;45301;120;0
15577;350000;1;1;1;49;-2;-2;-2;-2;-2;-2;27506;4213;1518;4625;363;858;4213;1529;4713;363;858;566;0
15602;90000;2;2;2;23;0;0;0;0;0;0;87727;89402;88118;87852;49042;49251;3160;3688;4559;1665;1707;1807;0
15609;430000;2;1;2;27;-2;-2;-2;-2;-2;-2;389;389;389;383;1462;389;390;390;384;1469;390;390;0
15622;320000;2;1;2;31;0;0;0;0;0;0;77052;65457;62680;62597;60080;55314;3000;3000;3017;2100;3000;3000;0
15624;130000;2;2;2;30;-1;-1;2;-1;0;-1;396;792;396;792;396;396;792;0;792;0;396;396;0
15626;50000;2;2;1;30;0;0;0;0;-1;-1;86750;42968;43444;40616;2008;-1500;4000;4013;5000;5000;5000;5000;0
15630;180000;2;2;1;34;2;-1;-1;-2;-2;-1;314;8000;0;0;0;600;8000;0;0;0;600;0;0
15633;90000;2;2;2;25;1;-1;-1;-1;-1;2;0;840;420;0;1140;150;840;420;0;1140;0;570;1
15644;310000;2;2;1;34;0;0;0;0;0;0;86769;87842;42594;26198;26766;27341;2800;3021;1600;1000;1000;2000;0
15660;120000;2;3;1;37;-2;-2;-2;-2;-2;-1;3140;448;0;0;0;10614;448;0;0;0;10614;0;0
15662;100000;2;2;1;41;-1;-1;-1;-1;-1;-1;1594;4612;2098;3494;2086;2379;4612;2099;3494;2086;2379;3219;0
15663;130000;2;2;2;43;0;0;0;0;0;0;109464;106613;107700;103736;101414;100157;3835;5433;4431;6938;3467;3593;0
15667;130000;1;3;2;27;1;2;0;0;0;0;133019;133178;132355;131797;131457;132202;6000;6000;5000;5000;5000;5200;0
15673;30000;1;2;2;31;1;2;2;2;2;2;10916;11940;11462;13263;12758;13545;1500;0;2300;0;1300;800;1
15676;80000;1;2;2;24;1;-2;-2;-1;2;2;-1461;-1461;-1458;16950;16475;19284;0;3;18950;0;5889;0;1
15677;50000;1;1;2;25;0;0;0;0;0;0;49357;49983;50516;50987;48960;48691;2100;2000;2500;2000;1800;2000;0
15683;250000;1;2;2;28;-2;-2;-2;-2;-2;-2;22303;51749;186394;9458;6620;10040;51762;186398;9467;6620;10040;8960;0
15688;10000;1;2;2;29;0;0;0;-1;0;0;9363;9990;-10;6390;6682;7271;1000;0;6400;400;700;500;0
15690;30000;1;2;2;22;0;0;0;0;0;0;4921;3810;3890;2199;2209;1429;1500;2000;2000;400;0;500;1
15696;170000;1;2;2;33;-1;-1;-1;-1;-1;-1;2754;2754;2754;2754;2754;2754;2754;2754;2754;2754;2754;2754;0
15699;260000;1;2;2;34;0;0;0;0;0;0;32324;24103;20158;12619;176498;172274;1503;2260;3030;170039;6227;6052;0
15711;270000;1;1;1;45;1;-1;-1;-1;-1;-1;0;278;608;494;315;0;278;608;494;315;0;181;0
15714;10000;1;2;1;41;-2;-2;-2;-2;-2;-2;3311;7244;3980;0;9263;3693;7244;4000;0;9263;3693;0;0
15716;270000;1;1;1;39;-2;-2;-2;-2;-1;-1;10648;0;15332;9094;225604;7443;0;3119;9124;225616;7443;69550;0
15717;50000;1;2;2;44;0;0;0;0;0;0;15735;15681;35492;7988;8986;10463;1500;3100;3000;1500;2000;1500;0
15719;50000;1;1;2;35;2;0;0;0;0;0;50481;48264;19142;18188;18397;18161;3183;1565;7240;795;1000;673;1
15721;210000;1;2;1;35;-1;-1;-2;-2;-1;-1;5811;0;0;0;1243;0;0;0;0;1243;0;0;0
15725;140000;1;2;2;38;0;0;0;2;0;0;137611;135905;142477;140617;139353;140953;6010;12500;4009;5000;6000;5300;0
15727;20000;2;2;1;22;2;0;0;0;0;2;14414;15424;16448;17462;18305;17871;1554;1578;1592;1435;0;1663;1
15730;60000;2;2;2;22;0;0;0;0;0;0;60330;60382;60264;46149;28990;30067;2500;2501;1506;1000;1500;2000;1
15734;20000;2;2;2;23;0;0;0;0;0;0;19242;15014;13484;7612;8612;5007;1500;1535;1000;1000;1000;0;0
15746;90000;2;2;2;23;0;0;0;0;0;0;23362;23255;23539;28986;27079;21966;9025;3539;9000;650;584;639;0
15748;100000;2;2;2;22;1;2;0;0;0;0;96491;94043;97522;97696;90605;85293;0;5000;3000;2113;2995;139;0
15754;80000;2;1;2;22;0;-1;0;0;0;0;6518;65145;53655;50279;41166;28657;65145;2386;2000;2000;3000;1000;0
15758;80000;2;2;1;22;2;2;2;2;2;-2;79026;81521;83628;152452;0;0;4400;4001;12;0;0;0;1
15764;100000;2;2;2;23;2;2;2;2;2;2;90680;93267;95189;96332;97560;95885;5000;4300;3600;3700;0;7300;0
15765;70000;2;3;2;24;0;0;0;0;0;0;5633;6646;7665;8836;9532;9730;1114;1133;1304;1000;351;2523;0
15768;10000;2;2;2;23;0;0;0;0;0;2;5403;6462;7479;8489;9007;9227;1300;1272;1282;800;500;0;0
15776;50000;2;2;1;24;0;0;0;-2;-2;-2;25207;25435;0;0;0;0;1000;0;0;0;0;0;0
15777;70000;2;2;2;24;0;0;0;0;-2;-1;64927;58840;42859;0;0;2254;2177;5000;0;0;2254;24738;0
15779;20000;2;2;2;24;2;3;2;2;2;2;12764;12267;13266;12756;13801;13439;0;1500;0;1259;0;1200;1
15781;130000;2;1;2;27;0;0;0;0;0;0;116186;111703;105091;100046;96090;90359;5500;4500;3500;6011;3200;4000;0
15788;70000;2;2;2;26;0;0;0;0;0;0;105338;100820;96815;90968;86011;81276;3600;3990;2700;2300;2300;3000;0
15789;30000;2;2;1;26;2;2;2;2;2;2;30372;30954;30670;29856;30584;27883;1805;2074;0;2304;0;2400;1
15790;390000;2;1;2;25;0;0;0;0;0;0;21382;19133;19327;26992;33483;37465;4000;5000;11417;10000;10000;5000;0
15793;30000;2;2;2;23;0;0;0;2;0;0;10550;11670;13469;14045;14509;16962;1300;2000;1100;1000;2700;500;1
15796;70000;2;2;2;25;0;0;0;0;2;2;73939;70488;51152;35122;28633;28039;3000;2000;4500;1200;0;1200;1
15807;100000;2;1;2;27;0;0;0;0;0;0;81152;81912;83231;62421;63814;65164;3000;2700;2270;2433;2530;2400;0
15808;280000;2;2;2;25;0;0;0;0;0;0;196909;176261;174573;174488;172747;126494;6285;5897;5895;7747;6509;11234;0
15816;130000;2;2;2;26;1;-2;-2;-2;-2;-2;0;0;0;0;0;0;0;0;0;0;0;0;0
15819;400000;2;2;2;26;0;0;0;0;0;0;74465;68544;60763;53184;45776;38432;3600;2200;1700;1500;1315;800;0
15822;130000;2;1;2;27;-2;-2;-2;-2;-2;-2;0;0;734;0;390;988;0;734;0;390;988;1990;0
15825;80000;2;2;2;27;1;2;2;2;2;-2;4073;3863;8109;7849;0;0;0;4500;21;0;0;0;0
15826;20000;2;2;2;26;0;0;0;0;0;0;16932;17938;18798;19347;8007;4890;1596;1456;1005;160;98;0;0
15836;60000;2;1;2;27;1;-1;2;0;0;0;0;3187;2816;3579;3400;4417;3366;0;1000;0;1017;0;0
15837;50000;2;2;2;27;0;0;0;0;0;0;50686;49525;49603;49222;30421;30352;1779;3001;1558;1045;1074;1634;0
15839;360000;2;2;2;29;0;0;0;0;0;0;58653;56329;55957;52392;61700;42975;5886;4054;8412;15096;1208;3000;0
15843;230000;2;2;2;28;2;0;0;2;2;2;183197;185399;198941;201358;204067;200720;6724;18150;7200;7500;0;15079;1
15845;50000;2;2;1;25;0;-1;-1;-1;-1;-1;2126;1513;1246;1111;3018;5847;1513;1246;1111;3018;5847;1273;0
15848;200000;2;2;1;28;0;0;0;0;0;0;197142;198367;96731;67431;60690;60442;9197;3700;6478;2114;2337;2401;0
15855;130000;2;2;1;27;0;0;0;0;0;0;76885;79106;81231;81983;83773;85532;3500;4000;3000;3146;3260;3200;0
15861;360000;2;1;2;29;-1;0;0;0;0;-1;8805;10768;16659;25302;15147;5281;5001;6688;16251;394;5307;5389;0
15867;240000;2;1;2;29;-1;2;2;-2;-2;-2;3126;3126;626;626;776;783;626;626;626;776;783;1252;0
15872;30000;2;2;2;28;2;2;2;2;2;2;19334;20218;19607;21778;22124;22622;1500;0;2500;1000;1000;900;0
15873;110000;2;1;2;28;0;0;0;0;0;0;107649;82139;74760;63520;62529;58228;3500;3899;3000;1800;3000;2000;0
15878;350000;2;3;2;28;-2;-2;-2;-2;-2;-2;0;0;0;0;0;0;0;0;0;0;0;0;1
15893;80000;2;2;2;24;-2;-2;-1;-1;-1;-1;1138;800;179;1755;0;1190;804;179;1755;0;1190;0;0
15896;20000;2;2;1;29;0;0;0;2;3;3;14757;16196;17825;20234;20510;19897;2000;2200;3000;900;0;500;0
15897;20000;2;2;2;25;0;0;0;0;0;0;7561;8576;9621;10485;10700;10922;1144;1189;1053;268;277;358;1
15905;340000;2;2;2;30;0;0;0;0;-1;0;257884;254863;24810;27502;3490;99514;13000;2000;5000;3490;99000;5000;0
15909;50000;2;2;1;32;0;0;0;0;0;0;49330;49547;49740;50275;20089;19964;2150;2100;2097;1289;712;713;0
15917;20000;2;2;1;30;0;0;0;-1;-1;-2;18354;16419;10419;780;0;0;1225;1015;780;0;0;0;1
15919;130000;2;1;1;31;0;0;0;0;0;0;128319;131825;127949;129357;126999;126719;6300;4800;5000;4700;5000;5000;0
15921;210000;2;1;2;28;0;0;0;0;0;0;74235;74108;59594;51877;44293;38215;4000;5000;2000;2540;3000;3000;0
15923;80000;2;2;1;29;2;2;2;2;0;0;82074;79440;102872;49043;23962;23283;0;4300;0;1000;5000;1000;1
15924;410000;2;1;1;37;0;0;0;0;0;-1;54326;23223;25865;21619;19336;1433;5000;15014;5034;10006;1433;371;0
15929;210000;2;2;1;32;0;0;0;0;-1;-1;189307;194602;199963;205137;84877;83899;8438;10000;10000;84890;2948;3497;0
15931;310000;2;2;1;29;-2;-2;-2;-2;-2;-2;13158;1062;8805;3024;0;0;1062;8805;3087;0;0;3240;0
15933;60000;2;2;2;26;0;0;0;0;0;0;58117;53986;47413;36527;28170;28963;2400;2050;2011;1200;1400;1200;0
15937;130000;2;2;2;42;0;0;0;-1;-1;-1;49363;47432;94050;21000;858;2160;5026;5000;21000;858;2160;200;0
15939;170000;2;2;2;27;0;0;0;0;0;0;80848;83678;28461;13263;3637;4814;8000;2000;1000;1000;2000;1000;0
15951;50000;2;2;1;31;1;3;2;0;0;0;50701;49147;21163;19894;19758;19324;0;507;1300;1000;700;771;1
15956;210000;2;1;2;30;0;0;0;0;0;0;7264;8816;10749;5125;5732;9297;2000;2500;2000;1000;4000;4000;0
15957;50000;2;2;1;30;0;0;0;-2;-2;-2;50425;51400;0;0;0;0;2400;0;0;0;0;0;0
15962;120000;2;1;2;31;-1;-1;-1;-1;-1;0;316;316;316;316;632;316;316;316;316;632;0;316;0
15967;80000;2;3;1;38;0;0;0;2;0;0;82391;80977;88815;83153;50910;60012;2925;12265;9;1737;1760;1882;0
15973;30000;2;1;1;48;0;0;0;2;2;2;25265;26529;30090;28908;30472;29483;2000;4000;0;2400;0;1500;1
15974;50000;2;2;2;41;1;2;0;0;0;0;49487;48282;39490;27835;23391;24507;0;2000;2537;1500;1500;1500;1
15978;80000;2;2;1;38;0;0;0;0;0;0;72704;70907;59223;40128;41152;41527;3133;2132;1650;2000;1503;1505;0
15979;80000;2;2;1;41;0;0;0;0;0;2;79958;81662;78899;78245;62234;60737;3452;4066;3469;4630;0;2500;1
15980;100000;2;3;1;40;0;0;0;0;0;0;49328;44045;42373;37088;75672;31645;2038;1994;1457;1205;1162;1131;0
15986;30000;2;3;1;44;1;-2;-2;-2;-2;-1;0;0;0;0;0;379;0;0;0;0;379;0;0
15989;70000;2;1;2;23;0;0;0;0;0;0;7531;8545;9588;10900;46462;47599;1145;1188;1500;36000;2000;1668;1
15992;100000;2;3;1;32;0;0;2;2;2;2;32200;37211;36338;37698;38074;40295;5884;0;2270;1300;3000;1700;0
15994;320000;2;2;1;39;-1;-1;-1;-1;-1;0;42442;3336;7210;6091;24641;30005;3336;7210;6091;24641;30000;5645;0
15997;140000;2;1;1;37;0;0;0;0;0;0;136431;135134;139178;139900;109665;108129;4849;6703;6120;4015;4042;4057;1
15998;50000;2;2;2;24;-2;-2;-1;2;2;0;0;0;37111;37516;36614;37537;0;37111;1307;0;1509;1388;0
16005;180000;2;2;1;29;0;0;0;0;0;0;25781;26000;26310;26662;26166;26176;1800;1800;1500;1056;950;1000;0
16006;20000;2;2;2;34;0;-1;-1;-2;-2;-2;17489;3077;0;0;0;0;3077;19837;0;15846;2000;0;0
16010;140000;2;2;1;30;0;0;0;0;0;2;106526;85019;82784;81458;86227;84646;4000;3000;4000;7000;0;4000;0
16011;100000;2;2;1;32;0;0;0;0;0;0;29987;29219;27865;11166;32261;7961;2007;2049;1045;23610;4000;1000;0
16015;100000;2;2;2;29;-1;-1;-1;-2;-2;-2;600;600;0;0;0;0;600;0;0;0;0;0;0
16019;500000;2;1;2;28;0;0;0;0;0;0;229258;134264;134908;141358;121262;131147;10042;8048;20141;10000;12000;15000;0
16021;240000;2;2;2;34;1;-2;-2;-2;-2;-2;-10;-10;-10;-10;-10;-10;0;0;0;0;0;0;0
16022;200000;2;1;1;35;-1;-1;2;-1;-1;-1;316;734;418;424;424;424;734;0;424;424;424;608;0
16023;280000;2;1;1;35;0;0;0;0;0;0;281424;232826;195621;96843;99232;102620;9604;53459;4000;4000;5000;4000;0
16025;100000;2;3;2;32;0;0;0;0;0;0;79158;93667;58161;41414;28835;29423;23591;2116;1400;1165;588;639;0
16028;30000;2;2;2;41;1;2;0;0;0;0;25562;23250;23217;21295;19076;9292;0;1600;1500;1000;1720;0;0
16030;80000;2;2;1;39;1;-1;-1;2;2;2;0;174;2071;2036;840;1081;174;2071;150;0;931;0;1
16044;50000;2;3;1;46;-1;-1;-1;-1;-1;-1;65;0;1271;940;110;0;0;1271;949;110;0;558;1
16049;70000;2;1;1;34;0;0;0;0;0;0;40498;41192;42274;43596;44173;45309;1668;1750;2023;1600;1850;5800;0
16052;500000;2;1;1;39;0;0;0;0;0;0;418958;439432;440324;440565;440050;438953;39432;20000;20000;20000;20000;20000;0
16054;160000;2;3;1;46;-1;-1;-1;0;-1;-1;24904;2338;4856;4127;3995;842;2343;4856;1000;3995;842;26313;0
16064;50000;2;2;1;43;1;2;0;0;0;0;50738;49236;48608;48423;49023;49681;4;1939;2000;1700;1750;5430;0
16066;120000;2;2;1;46;0;0;0;0;0;0;80324;79071;76279;60939;61036;61359;3458;2519;2158;2151;2368;2197;0
16067;50000;2;2;1;39;3;3;2;0;0;0;52714;51593;50492;47633;18283;18610;0;0;5000;3000;1000;2000;1
16069;160000;2;1;1;31;-1;-1;-1;-1;-2;-2;3089;0;12548;0;0;0;0;12548;0;0;0;0;0
16073;50000;2;3;2;40;0;0;0;0;0;0;19824;29311;30862;26614;15571;14971;15000;10000;5000;1500;800;2000;0
16081;220000;2;1;1;31;0;0;0;0;0;0;67722;74057;75767;77902;79505;82061;7500;3500;4000;3500;4000;3000;0
16082;100000;2;2;2;31;0;0;0;0;0;0;71171;72613;74105;75617;77150;78953;1746;1792;1828;1855;2121;2100;0
16089;290000;2;2;1;33;-2;-2;-2;-2;-2;-2;2369;1298;2369;1298;1298;1623;1298;2369;1298;1298;1623;1275;1
16094;290000;2;1;2;35;0;0;0;0;0;0;190453;194303;197076;197488;196976;196579;8100;7000;8400;7000;7500;7500;0
16102;570000;2;1;2;32;0;0;0;0;0;0;47758;33050;36283;36502;37669;39102;3000;4880;3000;3000;3000;3000;0
16108;280000;2;2;1;42;2;0;0;0;0;0;185147;132646;137109;135264;133046;126155;5000;10000;5000;5000;5000;5000;1
16109;10000;2;2;2;31;0;0;0;0;0;0;10468;9138;10309;10299;10295;10306;1160;1331;1321;517;528;600;0
16111;200000;2;2;1;33;0;0;0;0;0;0;103876;66894;12475;14208;15270;14880;2034;3000;2083;10000;0;1286;1
16116;20000;2;3;1;43;1;-2;-2;-2;-2;-2;0;0;0;0;0;0;0;0;0;0;0;0;1
16120;100000;2;2;1;36;0;0;0;0;0;0;100050;96652;97974;97486;95479;92817;4500;4600;4500;3500;3500;3500;0
16121;50000;2;2;1;39;0;0;0;0;0;0;41598;35995;33059;32663;29608;28939;1825;1593;1458;1186;1198;1114;0
16131;50000;2;3;2;45;0;0;-1;0;-1;-1;10723;9872;658;1473;1473;1473;1000;658;1000;1473;1473;540;0
16141;120000;2;2;1;35;-1;-1;2;2;2;2;2415;11837;9754;24007;22299;31576;9886;0;20000;0;10000;0;0
16145;220000;2;2;2;36;0;0;0;0;0;0;124418;126695;106534;109884;106114;108202;6300;4000;5500;3775;4100;5000;0
16148;140000;2;3;1;34;0;0;0;0;0;0;131138;133452;136194;137490;106322;104583;6300;7000;5421;4000;4000;4200;0
16155;80000;2;2;1;38;2;0;0;0;2;0;62622;54613;43232;32361;22382;20509;3208;1964;3428;7;1000;2900;1
16159;180000;2;1;2;30;0;0;0;0;0;0;174869;173094;131039;132269;144990;152632;8328;7000;4900;15000;10000;6000;0
16171;90000;2;2;2;47;-1;-1;-1;-1;-2;-2;932;319;800;0;0;0;319;800;0;0;0;0;0
16173;30000;2;2;2;38;0;0;0;0;2;0;22070;23075;24124;27012;26279;26831;1676;1725;3613;0;975;980;0
16177;50000;2;2;1;47;0;0;0;0;0;0;49571;37680;31932;25300;18902;18920;2000;1812;2000;664;700;709;0
16179;280000;2;2;2;30;-2;-2;-2;-2;-2;-2;0;0;0;0;0;0;0;0;0;0;0;150;0
16194;200000;2;2;1;40;-1;-1;-1;-1;-1;-1;9798;14457;8916;12868;7818;12910;14499;8983;12908;7834;12919;13583;0
16196;400000;2;3;2;35;-2;-2;-2;-2;-2;-2;1432;8125;7017;10525;13295;11024;8132;7018;10542;13378;11045;6666;1
16197;220000;2;2;2;32;0;0;0;0;0;0;93682;96466;99009;100462;102614;104806;4337;5000;4000;3824;4000;4000;0
16215;240000;2;2;1;32;0;0;0;0;-2;-2;153104;102049;105086;0;0;0;4500;5014;0;0;0;1418;0
16221;290000;2;1;1;38;-1;-1;-1;-1;-1;-1;3613;14708;7209;14912;45473;15095;14718;7420;15118;45473;15095;8908;0
16223;80000;2;3;1;43;2;2;2;3;3;2;66852;68152;71459;73690;71908;76294;3000;5000;4000;0;5700;0;1
16225;20000;2;3;1;33;1;-2;-2;-2;-2;-2;0;0;0;0;0;0;0;0;0;0;0;0;1
16226;50000;2;2;3;34;-1;0;0;0;0;0;33436;31231;30994;20244;12135;12270;2005;2005;2716;1000;911;500;1
16227;80000;2;2;1;34;2;2;2;2;2;0;63619;64484;62882;69109;67401;68863;2500;0;7282;0;2700;3000;1
16240;200000;2;3;1;37;-1;-1;-1;0;0;-1;10701;4251;5144;6807;51013;54416;4251;5144;2000;44406;54725;3000;0
16250;310000;2;1;1;37;-2;-2;-2;-2;-2;-2;123;123;0;123;0;0;123;0;123;0;0;0;0
16253;200000;2;2;1;45;0;0;0;0;0;0;144249;144423;139978;126213;93788;94875;6097;8039;5112;5000;5008;4019;0
16256;180000;2;2;2;27;1;-2;-2;-2;-2;-2;0;0;0;0;0;0;0;0;0;0;0;0;0
16258;190000;2;1;1;30;0;0;2;0;0;0;176699;188703;184403;90887;90097;90295;15000;3000;4100;3200;3264;3248;1
16261;40000;2;3;1;49;1;2;2;2;0;0;35771;34896;39322;38319;39531;40224;0;5000;0;2000;1400;2000;0
16265;70000;2;2;1;40;1;2;2;0;0;0;56922;60047;56884;57717;26342;26342;5500;0;2723;1062;936;943;1
16275;200000;2;1;2;31;-1;2;-1;2;-1;-1;2905;1258;1863;390;390;390;0;2253;0;390;390;390;0
16279;110000;2;2;2;32;1;-1;-1;-1;-1;0;-296;1733;-153;6540;632;316;2345;0;7009;632;0;36049;0
16280;130000;2;2;2;33;0;0;0;0;0;0;108984;106533;104394;103798;82816;78727;3775;3988;6000;3784;3010;3200;0
16282;150000;2;2;1;32;1;-2;-2;-2;-2;-2;0;0;0;0;0;0;0;0;0;0;0;0;0
16288;50000;2;2;1;35;0;0;-2;-2;-2;-2;23280;0;0;0;0;0;0;0;0;0;0;0;0
16292;130000;2;2;1;34;0;0;0;0;-1;-1;9383;9380;7350;3488;3991;3077;1317;1268;1010;4003;3086;2406;0
16308;30000;2;2;2;33;2;0;0;0;0;-1;17011;15720;18443;7138;7638;5884;2000;3000;1000;500;5884;0;1
16317;160000;2;3;1;36;0;0;0;0;2;2;92816;87606;82218;79438;72451;39831;5000;10000;5018;127;10015;69;0
16338;500000;2;1;2;39;-1;-1;-2;-1;0;0;51;-8;-8;10362;21905;23717;0;0;10370;15000;10000;4311;1
16345;20000;2;2;1;43;0;0;0;0;0;2;19295;19639;18541;19059;19757;19913;1295;1309;1602;1300;600;400;0
16348;220000;2;2;2;33;2;2;2;2;0;0;153664;156646;158994;154506;126399;129357;7000;6300;0;5000;5000;5000;0
16349;500000;2;1;2;34;-2;-2;-2;-2;-2;-2;11765;6599;11421;-83;49699;3821;6648;11986;0;49947;3840;11939;0
16361;240000;2;1;2;33;-2;-2;-2;-2;-2;-2;0;0;0;0;0;0;0;0;0;0;0;0;0
16362;260000;2;1;1;32;-2;-2;-2;-2;-2;-2;2378;4884;329;2464;2673;12354;4884;329;2465;2673;12354;9583;0
16364;260000;2;1;1;36;-1;-1;-1;-1;-1;-1;416;416;416;3541;416;416;416;416;3541;416;416;1644;0
16365;230000;2;2;1;34;-1;-1;-1;-1;0;-1;3128;10998;1509;1390;1072;849;10998;1509;1390;0;849;3720;0
16368;380000;2;3;1;38;0;0;0;0;0;0;379080;374137;371624;362191;322148;309689;13501;14152;12270;11031;10207;10910;1
16373;30000;2;3;1;49;0;0;0;0;0;0;24885;25886;26901;27907;28469;29058;1215;1230;1236;798;822;1079;0
16378;170000;2;1;1;41;0;0;0;0;0;0;118379;120087;121958;123629;123605;123794;4294;4428;4326;4154;4345;9098;0
16392;180000;2;2;1;34;0;-1;-1;-1;-1;-1;3359;4060;-200;2000;0;19726;4060;0;2200;0;19726;0;1
16393;80000;2;3;1;40;-1;0;0;0;0;0;7111;12774;16817;15274;20043;13318;6500;5000;4025;8000;5000;2000;0
16395;320000;2;2;1;46;-1;-1;-1;-1;0;-1;545;5590;8477;18428;119;9416;5590;8489;18443;0;9416;2328;0
16412;200000;2;2;2;38;0;0;0;0;0;0;14956;9023;4963;5418;5131;5741;5000;1155;1000;103;1000;109;0
16414;30000;2;2;1;38;0;0;0;0;0;2;18971;20344;21705;22537;24161;25128;2000;2000;1500;2000;1500;0;0
16417;410000;2;1;1;44;-2;-2;-2;-2;-2;-2;-1;1733;-2506;-2506;-2506;-2506;1734;2506;0;0;0;0;0
16418;280000;2;2;2;43;0;0;0;0;0;0;273535;280598;141996;131471;134963;139471;12000;7300;5000;6000;7000;6000;0
16419;200000;2;2;1;46;0;0;0;0;0;0;47403;37835;30212;26302;20465;12460;1550;1503;5000;3000;1000;5000;0
16420;270000;2;1;1;45;-2;-2;-2;-2;-2;-2;1526;0;0;0;0;0;0;0;0;0;0;0;0
16422;60000;2;2;1;32;0;0;0;0;0;0;57199;57417;35875;36695;36837;37307;2491;1669;1805;1263;1439;1408;0
16443;90000;2;2;1;50;0;0;0;2;0;0;43439;44512;47677;46615;47537;48616;2100;4200;0;2000;2000;2000;0
16447;20000;2;1;2;54;0;0;0;4;3;2;14034;15296;20035;19435;18835;18395;1500;5000;0;0;0;3000;1
16453;80000;2;3;1;55;0;0;0;0;0;0;46777;44628;43943;42913;43217;41662;5024;5014;5016;5017;5011;5014;0
16454;50000;2;2;1;55;0;0;0;2;2;0;21371;22389;25327;25668;24959;25506;1376;3314;1050;0;1100;950;0
16455;80000;2;2;1;56;3;2;2;2;2;2;63995;65347;66705;68506;69787;68844;3000;3000;3500;3000;300;5100;1
16457;30000;2;3;1;62;0;0;0;0;0;0;18563;19647;20725;21774;22114;22607;1700;1700;1700;1000;1000;2000;1
16460;80000;2;2;1;57;2;2;-2;-2;-2;-2;82150;0;0;0;0;0;0;0;0;0;0;0;1
16467;60000;2;3;2;47;0;0;0;0;0;0;50469;43093;37137;26015;18840;19183;3329;3429;2015;2000;2004;1000;0
16468;100000;2;3;1;50;0;0;0;2;2;2;27666;28677;31516;30701;32392;32645;1473;3312;0;2578;1294;0;1
16472;200000;2;1;1;47;0;0;0;0;0;0;101986;97680;94125;89550;98565;54370;4000;3455;5000;10000;2500;2231;0
16474;110000;2;3;1;50;0;0;0;2;2;0;101084;103476;111998;112290;106721;107636;4700;11500;3925;0;5000;4100;0
16479;20000;2;3;1;52;2;0;0;0;0;0;18049;14361;15425;16460;17380;17650;1536;1600;1600;1500;700;2900;1
16481;30000;2;3;1;53;0;0;2;0;0;2;12466;15333;14802;15523;18470;18834;3086;0;1276;3223;805;0;1
16490;30000;1;2;2;22;3;2;2;3;3;3;1050;1050;1050;1050;1050;1050;0;0;0;0;0;0;1
16491;30000;1;2;2;23;0;0;2;2;2;-1;19321;23985;23321;25809;24985;700;5320;0;3316;0;700;0;1
16495;60000;2;3;1;54;-1;-1;-1;0;0;0;892;21674;31632;13264;948;18002;21690;32264;12948;0;17370;0;0
16505;10000;1;3;2;25;0;0;0;0;0;-1;8525;5141;5239;7911;17890;10000;1500;5000;4000;2000;22400;0;0
16521;20000;1;2;2;26;2;3;2;0;0;2;14962;14438;13921;15276;17019;18099;0;0;1900;3000;1500;0;0
16530;390000;1;1;2;27;0;0;0;0;0;0;372743;377692;337892;298729;243169;133977;20008;15057;10100;10000;10000;15000;0
16531;50000;1;2;2;27;0;0;0;0;0;0;39487;37777;36496;33512;29854;28144;1600;2000;6416;4406;1014;3006;0
16535;280000;1;1;1;26;0;0;0;0;0;0;277815;285477;253365;221167;195058;189623;12596;11320;7608;6628;7004;6902;0
16536;50000;1;1;2;26;1;2;2;2;2;2;38160;40213;41167;41890;42605;41792;3000;1900;1700;1700;0;2500;1
16562;120000;1;1;2;28;0;0;0;2;2;0;7164;9383;16571;16607;16043;16379;2515;7703;600;0;595;599;1
16564;50000;1;2;1;27;0;0;0;0;0;0;46806;46176;47151;47251;20515;19404;2000;5300;1500;1100;1000;1000;0
16565;320000;1;1;1;28;0;0;0;0;0;0;79819;64851;37762;16425;12177;45648;3524;2941;2013;270;42659;100002;0
16567;20000;1;2;2;29;1;2;2;2;2;2;11586;11103;13913;13393;18152;17725;0;3000;0;5000;0;3000;1
16570;50000;1;2;2;29;0;0;0;0;0;0;44177;44820;46022;46903;47837;48383;2070;3000;2000;2000;2000;2000;0
16573;100000;1;2;2;28;0;0;0;0;0;0;72610;72596;74331;75491;78244;77478;3500;3500;3000;4000;3000;3000;0
16580;20000;1;1;2;29;0;0;0;0;0;0;15934;15028;16023;11631;12377;4830;1329;1324;1000;2000;1000;0;0
16581;290000;1;1;2;29;-1;-1;-1;-1;0;0;783;2830;1357;14959;13459;115990;2838;1359;14968;2022;110142;205;0
16583;180000;1;1;2;26;0;0;-2;-2;-2;-2;8516;0;0;0;0;0;0;0;0;0;0;0;1
16591;70000;1;2;2;25;1;3;2;0;0;0;12088;11601;12114;13597;15060;16653;0;1000;2000;2000;2000;2000;0
16593;70000;1;1;2;29;2;2;2;2;2;2;33786;34730;35878;36392;36990;37751;1800;2000;1400;1500;1500;1600;1
16596;430000;1;2;2;30;-1;-1;2;0;0;0;28966;29957;29199;30267;49268;48241;5011;0;2000;20000;15000;5000;1
16597;40000;1;2;2;30;-2;-2;-2;-2;-2;-2;0;0;0;0;0;0;0;0;0;0;0;0;0
16600;10000;1;2;2;29;0;0;0;0;0;0;9073;9036;7385;7665;7817;7981;1120;1117;1127;279;289;369;0
16601;10000;1;2;1;29;2;0;0;2;2;2;2918;4204;5670;6416;7159;7904;1500;1700;1000;1000;1000;1500;0
16603;80000;1;3;1;29;2;2;0;0;2;4;69578;67871;68782;73955;79128;82275;0;2600;6332;7000;5000;0;1
16606;50000;1;2;2;31;-1;0;0;0;0;0;228;3183;5455;7629;6354;4655;2955;2500;2500;2526;2000;1500;0
16611;360000;1;1;2;30;2;-1;-1;2;-1;-1;2024;428;5306;3603;604;14850;428;5306;0;604;14850;2403;0
16618;310000;1;2;2;45;-1;-1;-1;-1;-1;-1;124793;1210;31635;1788;1927;553;1217;31967;1796;1936;556;15664;0
16624;80000;1;1;2;31;0;0;0;0;0;0;72840;74631;77329;78147;79785;76766;9000;5000;3000;3000;2501;3000;0
16626;50000;1;1;2;32;2;2;2;2;2;2;30559;31753;32847;33308;33755;34565;2000;1900;1300;1300;1500;1500;1
16629;170000;1;2;1;34;0;0;0;0;2;2;47956;48854;50068;56691;57367;56322;2000;2000;7500;2200;0;3000;0
16632;30000;1;3;2;35;1;2;2;0;0;0;29147;30268;29505;29916;14330;29000;1900;0;1300;884;780;0;1
16642;200000;1;2;2;32;0;0;0;0;0;0;196550;178609;180357;168935;88883;88973;8001;6500;6146;3300;2476;5749;0
16644;120000;1;1;2;35;-1;-1;-1;-1;-1;2;326;326;176;-150;952;476;326;176;0;1428;0;476;0
16656;150000;1;1;2;29;0;0;0;0;0;0;4614;6370;9243;10280;10637;10916;2000;3000;1500;527;600;1000;0
16663;160000;1;3;2;28;2;2;2;2;2;0;152626;156752;152858;161801;114389;89684;8100;0;14025;0;5300;500;1
16665;480000;1;1;1;47;-1;-1;-1;-1;0;0;10668;-2;454;150198;143388;157758;0;456;150244;2915;24550;100;0
16673;100000;1;1;2;34;-1;2;2;-1;-1;-2;772;772;-8;2562;0;0;0;8;2570;0;0;0;0
16676;230000;1;3;1;46;-2;-2;-2;-2;-2;-2;1313;1414;1258;2565;-5;1100;1421;1264;2577;0;1105;0;0
16678;50000;1;2;1;32;0;0;0;0;0;0;42163;38252;27396;23584;17272;17634;1472;1500;1282;618;640;644;0
16679;30000;1;2;1;41;1;2;0;0;0;0;14110;13591;14309;15320;15774;15950;0;1244;1255;709;578;741;0
16691;150000;1;2;1;36;2;2;0;0;0;0;88655;86333;88931;92441;102903;105240;0;4000;5000;12000;4000;6000;1
16692;50000;1;2;2;33;0;0;0;0;0;0;23142;28202;30610;30227;18413;17195;5494;3202;3502;3200;2500;3000;0
16695;50000;1;5;2;49;0;0;0;0;0;0;36869;31255;28040;20799;9584;9788;1615;2507;10814;344;359;401;0
16697;50000;1;3;3;44;2;2;2;3;2;2;41755;40793;44084;44763;44939;46078;0;3949;1700;1200;2000;2000;0
16698;80000;1;3;2;40;1;2;2;2;2;2;81053;79337;82698;81467;49150;51303;300;6200;2139;0;4000;0;0
16699;20000;1;3;1;49;0;0;0;0;0;0;11572;27270;14375;15200;20000;16560;2820;4000;1200;5000;10000;0;0
16700;220000;1;2;1;47;2;4;3;2;2;2;233756;216591;197022;198088;187000;179703;3000;0;6000;0;14004;0;1
16703;30000;1;3;1;47;0;0;0;-1;0;0;118587;89271;91157;30420;30384;29774;6624;3000;31959;1052;1062;1114;0
16704;50000;1;2;2;43;0;0;0;0;0;0;50756;50552;49465;40020;10407;9037;1934;1917;2500;500;500;1000;0
16705;50000;1;3;2;42;2;0;0;0;0;2;4864;5876;6898;7910;8681;8397;1252;1274;1286;1057;0;306;0
16706;230000;1;2;1;45;0;0;0;0;-1;-1;42770;22080;16740;14029;1439;2269;2000;1347;3078;1509;9000;8000;0
16707;280000;1;2;2;33;0;0;0;0;0;0;265120;238661;223383;162196;165129;168295;9104;9401;6001;6001;6201;6201;0
16716;300000;1;6;1;46;0;0;0;0;0;-1;289299;297003;300153;9250;6088;2497;15000;13274;1010;185;2497;2497;0
16717;430000;1;2;2;29;-2;-2;-2;-2;-2;-2;1442;3058;0;980;0;0;3058;0;980;0;0;1030;0
16721;80000;1;2;1;31;0;0;0;0;0;0;47464;49665;50538;53314;27962;27873;3000;2000;29000;2004;2000;2000;1
16722;30000;1;3;2;31;0;0;0;0;0;0;28275;29772;27821;28075;29682;28001;2000;2000;2000;2014;2000;2000;0
16724;80000;1;2;2;32;0;0;0;0;0;0;22753;25046;23466;25689;29820;22082;3000;3000;3000;4500;830;2000;0
16729;50000;1;2;1;32;0;0;0;0;0;0;46827;48134;49550;48377;18727;19116;2084;2500;1135;497;514;335;0
16730;50000;1;3;2;34;1;2;2;2;2;2;33776;34824;33988;36311;36918;36191;1900;0;3200;1500;0;3000;1
16754;80000;1;1;1;36;1;2;3;2;-1;-1;8415;10305;9979;1261;1261;1261;2181;0;0;1261;1261;1261;1
16755;20000;1;2;1;45;0;0;0;0;-2;-2;13243;11699;12372;0;-800;0;1500;5017;0;0;800;0;0
16756;70000;1;2;1;35;0;0;0;0;0;0;69388;70480;66646;69641;46458;50679;3439;3237;4938;1693;5000;2200;1
16758;80000;1;2;1;46;0;-1;-1;2;-1;0;31290;780;390;780;780;390;780;390;0;1560;0;390;0
16769;50000;1;2;2;35;3;2;2;2;2;-1;150;150;150;150;150;805;0;0;0;0;805;43340;0
16783;20000;1;2;2;31;0;0;0;0;2;2;13192;14202;15237;17164;17294;16110;1230;1265;2192;694;0;3134;1
16793;30000;1;2;2;34;2;0;0;4;3;2;18402;19785;24633;23961;23289;22779;2000;5500;0;0;0;3400;0
16799;10000;1;3;1;41;1;4;3;2;0;0;10711;10399;10092;9700;10000;9900;0;0;0;302;0;0;0
16806;50000;1;3;2;43;-1;-1;-1;0;-1;-1;4166;4166;4216;4166;4166;4166;4166;4216;4116;4166;4166;4166;0
16808;110000;1;1;2;29;0;0;0;0;0;0;110721;111242;105199;104587;49001;45093;3938;5720;3078;2000;2000;2000;1
16817;180000;1;2;1;34;-1;-1;-1;-1;-1;-1;13067;6170;3439;1193;381;1516;6170;3444;1193;381;1516;542;0
16823;20000;1;2;1;38;1;2;2;2;2;2;9599;9296;11813;11327;12137;11799;0;2676;0;1000;0;582;0
16835;50000;1;1;2;29;2;2;2;0;0;-2;7881;10415;3997;1047;0;0;3000;0;1000;0;0;0;1
16836;360000;1;1;2;30;-2;-2;-2;-2;-2;-2;1246;17234;387;776;810;0;17328;388;779;814;0;0;0
16838;170000;1;1;2;36;-1;-1;-1;-1;-1;-1;8433;644;7567;0;499;576;644;7567;0;499;576;0;0
16846;50000;1;2;1;40;1;2;0;0;0;0;49039;47949;49235;49577;17063;17634;0;2058;1400;762;1000;650;1
16848;100000;1;2;2;45;2;2;2;2;0;0;65781;60114;59478;54336;50640;49113;0;4817;6;1700;3650;0;1
16849;20000;1;3;2;40;0;0;0;0;0;0;16884;17891;19078;19800;20000;0;1291;1478;1200;400;0;0;0
16851;230000;1;2;3;37;-1;0;0;0;0;-1;11770;16479;20474;26492;326;1056;10000;5000;16492;0;1056;326;0
16854;80000;1;2;1;36;3;2;2;4;4;3;600;600;600;600;600;300;0;0;0;0;0;0;1
16857;150000;1;2;1;45;2;3;3;2;0;0;152180;157719;155368;123906;128597;105967;9500;2000;0;8000;9000;15000;0
16868;400000;1;1;1;38;1;2;2;2;-1;0;36838;26214;16199;3320;111353;103569;65;3383;20;112679;3699;3567;0
16873;20000;1;2;2;45;0;0;0;0;0;0;19856;20007;20319;20638;20025;15463;1316;1458;1277;494;427;4000;1
16882;100000;1;0;2;37;0;0;-2;-2;-2;-2;7642;0;0;0;0;0;0;0;0;0;0;0;0
16883;150000;1;2;2;38;-2;-2;-2;-2;-2;-2;6682;2659;2178;1536;626;621;2669;2184;1542;626;621;1591;0
16884;290000;1;1;1;36;1;-2;-1;-1;0;0;0;0;568;16166;16726;17427;0;568;16166;1000;1000;1000;0
16888;140000;1;2;1;42;0;0;0;0;0;0;139227;120780;123390;127557;117961;120570;4325;4558;6300;4221;4500;4600;0
16897;200000;1;0;2;40;1;-2;-1;-1;-1;-2;0;0;200;1000;0;0;0;200;1000;0;0;0;0
16906;320000;1;4;2;36;-2;-2;-2;-2;-2;-2;2860;16021;0;0;0;0;16021;0;0;0;0;0;0
16914;50000;1;2;2;60;0;0;0;0;0;0;51078;50649;36384;32913;9397;9755;2013;2505;2100;500;500;500;0
16915;20000;1;2;2;50;1;2;3;2;2;3;10056;12571;12086;11595;13197;12700;3000;0;0;1800;0;0;1
16916;390000;1;1;1;64;0;0;0;0;0;0;38383;38134;38679;39689;40472;41320;1608;1647;1657;1440;1496;1518;0
16920;50000;1;3;1;52;2;2;2;2;4;3;36428;37530;38630;41774;40806;41357;2000;2000;4086;0;1500;1000;0
16922;200000;1;2;1;55;0;0;0;0;0;0;169287;172655;178858;180101;173138;176920;6177;8982;6758;6257;6633;6115;0
16925;320000;1;2;1;50;0;0;0;0;0;0;277884;281848;288726;293969;247873;250870;10100;11422;11006;10011;9091;7026;0
16928;180000;1;2;1;52;-2;-2;-1;0;0;-2;360;345;139740;15631;2777;2160;345;139770;1000;2777;2160;3424;0
16930;60000;1;2;1;52;0;0;0;0;0;0;58682;56893;58170;56539;29425;28013;3762;3000;2000;1000;1000;1500;0
16933;20000;1;3;1;53;3;2;2;7;7;7;2255;2255;2255;2255;2255;2255;0;0;0;0;0;0;1
16943;30000;1;1;1;57;2;0;0;2;3;2;22957;23978;26749;28085;27344;26768;1707;3478;2073;0;0;1129;1
16946;230000;1;2;1;51;2;0;0;0;0;0;204643;197993;84076;77766;70066;62865;5805;2965;3500;2600;2500;1901;0
16947;50000;1;3;1;57;2;0;0;0;0;0;18275;18494;16978;16282;17363;8833;1509;2003;1200;1281;1512;2308;0
16952;170000;1;5;1;56;0;0;0;0;0;0;86229;134760;132615;131213;129293;128379;55000;5012;5000;4516;5000;5000;0
16955;20000;1;2;2;50;-1;-1;0;0;0;-2;1956;16568;15586;12800;0;0;16573;1551;5060;0;0;0;0
16962;280000;1;3;1;52;0;0;0;0;0;0;247868;251246;258032;263163;267083;272706;9000;10842;10928;9700;10000;10125;1
16967;260000;1;1;1;53;0;0;0;0;0;0;73223;66672;64075;63922;60089;53326;2001;2048;2129;1660;1568;1997;0
16969;50000;1;3;1;54;0;0;0;0;0;2;37238;38387;39589;19533;20535;19690;1771;1973;1307;1699;0;705;0
16981;150000;2;3;2;24;0;0;0;0;-1;-1;66347;15768;10874;4466;2125;4421;1827;1777;1175;2125;4421;21607;0
16986;240000;2;1;2;28;0;0;0;0;0;0;233441;236496;242446;207633;197644;193724;9000;10307;9014;6029;6014;6034;0
16987;260000;2;1;2;30;-2;-2;-2;-2;-2;-2;893;2778;4052;977;977;452;2946;4052;977;977;452;2097;1
16992;50000;2;2;2;22;2;2;2;2;2;2;36665;40362;39441;41318;13996;14974;4626;0;3003;0;1206;0;1
16998;130000;2;2;2;23;-2;-2;-2;-2;-2;-2;-169;3464;7569;8130;544;148;4739;22271;8526;544;148;72392;0
17012;70000;2;2;2;23;1;2;0;0;0;-1;72306;70543;63061;61520;63080;2900;4;2407;2041;2387;2905;72697;0
17013;20000;2;1;2;23;-1;-1;0;0;0;0;6916;13914;10130;6165;6165;6315;14000;1145;950;0;150;6000;0
17021;60000;2;2;1;24;2;0;0;0;2;0;61434;59358;57781;62309;60435;55468;2850;2130;7050;0;3190;2100;1
17026;30000;2;2;2;22;2;2;2;0;0;0;27201;27873;25406;23339;17869;15284;4000;0;2000;2000;1500;1000;1
17029;30000;2;2;2;29;0;0;0;0;0;0;26953;27412;27835;28215;28345;29055;1741;2000;1439;959;1500;1411;0
17030;50000;2;2;2;24;0;0;0;0;0;0;50649;50607;49903;41083;29635;30261;1905;1801;1468;1043;1085;1193;0
17032;50000;2;3;2;23;2;2;2;2;2;2;41740;42755;43878;42877;45701;46720;2000;2100;0;3850;1900;1600;1
17033;50000;2;1;2;23;1;-2;-2;-2;-2;-2;0;0;0;0;0;0;0;0;0;0;0;0;0
17040;100000;2;2;2;24;2;2;2;2;2;3;93330;95285;96674;97983;102803;100960;4400;3800;3800;7300;0;679;1
17045;30000;2;3;2;26;0;0;2;0;0;0;30467;30403;30546;30255;30096;30353;2173;1613;1453;946;997;1118;0
17048;70000;2;2;1;25;0;0;0;0;0;0;67574;69876;56925;28421;8706;29275;3839;2000;3000;1100;28000;1180;0
17055;50000;2;2;2;22;0;0;2;0;0;0;38340;41362;34656;35004;35514;2582;3700;0;1200;710;52;1000;0
17056;50000;2;3;1;22;2;2;2;2;2;2;40247;40189;43434;44316;45189;46214;900;3900;1900;1900;1900;3600;0
17059;30000;2;2;2;22;0;0;0;0;0;0;25490;26494;27534;28177;28399;28655;1432;1472;1447;1001;1030;1059;1
17062;50000;2;3;2;23;2;0;0;0;0;0;50653;49348;47995;40226;27828;28411;2190;2027;2204;996;1031;1047;0
17069;130000;2;2;1;25;0;0;0;0;0;0;127125;78165;79306;80974;83635;87287;4000;3000;3000;5000;5000;5000;0
17076;50000;2;2;2;23;0;0;0;0;0;0;46968;36912;32616;29788;27562;26129;1600;1500;1500;1200;1078;951;0
17078;140000;2;2;2;24;0;0;2;2;2;2;99012;106817;109646;106420;111130;113204;11000;6000;0;8000;4000;5000;0
17080;100000;2;2;2;25;0;0;0;0;0;0;87987;86380;88597;84861;69750;47394;4000;3900;3000;2000;2000;2000;0
17086;10000;2;2;2;22;0;0;2;2;2;0;6759;8925;8637;10277;9736;9704;2450;0;1800;0;500;600;1
17092;30000;2;2;2;25;1;2;3;2;2;0;17835;21220;20563;18676;18281;17261;4000;0;1000;0;2000;2000;0
17097;70000;2;1;2;24;0;0;0;0;0;0;70888;63903;65248;62958;64209;59482;2900;3000;2190;2201;2181;2413;0
17099;50000;2;2;2;25;0;0;0;0;0;0;44894;43924;36549;32665;20246;19968;5003;5016;4000;2000;2000;2000;0
17107;20000;2;2;2;25;0;0;0;0;0;0;15389;16397;17195;17499;16236;10400;1270;1341;1160;556;600;0;1
17112;20000;2;2;1;26;1;2;0;0;0;-2;20224;19210;19327;20000;0;0;0;1500;1000;0;0;0;0
17116;210000;2;1;2;26;0;-1;-1;-1;-1;-1;10401;18480;330;330;330;330;18480;330;330;330;330;480;0
17124;80000;2;1;2;26;0;0;0;0;0;0;78025;80224;81619;80030;79434;81348;3500;3300;3100;2900;3200;3100;0
17131;50000;2;2;2;23;0;0;0;0;-2;-2;33243;16290;12594;0;0;0;2000;2010;0;0;0;0;0
17133;80000;2;1;2;24;0;0;2;0;0;0;39813;46375;43576;28468;25971;23686;9425;1;2012;1091;1006;2516;1
17142;130000;2;2;2;26;0;0;0;0;0;0;187600;185945;183828;164667;132746;57989;6074;6037;4646;4230;1941;2151;0
17146;160000;2;1;2;27;0;0;0;0;0;0;124573;122730;125319;125283;124170;125140;5800;5900;5900;4300;4600;4400;0
17152;180000;2;1;2;30;0;0;0;0;0;-1;112106;105872;107685;106060;2958;1079;3800;6000;3000;100;1100;800;0
17182;160000;2;1;2;28;0;-1;-1;-2;-2;-2;4122;1770;0;0;0;0;2000;0;0;0;0;0;0
17185;260000;2;2;2;26;0;0;0;0;0;0;16150;17880;22248;26842;35997;55272;2000;5000;5000;10000;20000;15000;0
17187;400000;2;1;2;29;0;0;0;0;0;0;7191;8856;6181;7859;4899;1466;2000;1500;2000;1000;500;1000;0
17189;20000;2;3;1;31;-1;5;4;3;2;0;14320;13815;13403;12888;12019;11500;0;86;0;0;435;480;1
17193;200000;2;5;2;29;-1;-1;-1;0;-1;0;9383;37303;21244;7422;27761;21715;37465;21321;1200;27761;5548;30966;0
17194;110000;2;1;2;29;-1;-1;-1;-1;-1;-1;316;31895;316;316;316;31775;31895;316;316;316;31775;1152;1
17196;160000;2;2;2;29;0;0;0;-1;-1;0;21898;23075;24010;400;16903;17248;5004;8004;400;16903;345;352;0
17200;140000;2;1;2;29;0;0;0;0;0;0;51822;52960;57088;62868;65284;69663;2000;5000;6500;3000;5000;5000;0
17203;300000;2;2;1;28;-1;-1;-1;-1;-2;-2;16666;1000;16666;0;0;0;1000;16666;0;0;0;0;0
17206;170000;2;2;2;28;0;0;0;2;0;0;44996;46045;48989;47900;51088;54256;2100;4000;0;4000;4000;4000;0
17215;60000;2;3;2;26;0;0;0;0;0;0;27402;26455;28017;25011;28143;24712;1500;4022;1500;3500;1000;1000;0
17216;30000;2;2;1;33;0;0;0;0;0;0;11042;12051;13101;14413;14476;14792;1200;1250;1537;600;550;600;0
17235;80000;2;2;1;35;2;2;2;0;0;2;22001;23339;22677;23692;25406;26050;2000;0;1395;2109;1196;0;1
17238;170000;2;3;1;40;0;0;0;0;0;0;69602;61493;58298;60343;61176;62092;2128;2729;4000;2169;2241;2258;0
17244;110000;2;2;1;38;0;0;0;0;0;0;105433;107065;103690;105447;97096;77197;4008;3920;4031;4000;3000;2810;0
17246;110000;2;2;2;34;0;0;2;0;0;0;10827;11657;8428;9440;11863;10620;2500;0;1200;4000;500;500;0
17250;180000;2;1;1;42;0;0;0;0;0;0;79216;80905;82708;84433;86134;88251;3000;3100;3100;3100;3500;8400;1
17253;150000;2;3;1;39;2;2;2;0;0;0;151664;153994;147038;122498;75782;71306;6300;0;5000;3000;3000;3000;0
17269;50000;2;3;2;33;1;2;2;2;0;0;25922;25154;16820;15860;16179;16915;55;4500;800;582;1000;634;0
17271;230000;2;2;2;30;0;0;0;0;0;0;62988;63056;63741;64096;64473;64927;2847;2303;2284;2280;2345;2333;0
17272;380000;2;2;1;31;1;-2;-1;-1;-2;-1;3491;3859;8796;7991;5310;14655;3878;8863;8007;5362;14695;24446;0
17275;150000;2;1;2;33;0;0;0;0;0;0;1911;3079;4057;1920;1920;0;1189;1167;1000;0;0;0;1
17276;90000;2;1;2;32;-1;-1;-1;-1;-1;-1;1560;23153;835;5225;736;736;23153;17395;5225;736;736;886;0
17281;20000;2;2;1;46;0;0;0;0;0;0;19113;20068;17481;15572;15902;35565;1292;1323;1111;441;2158;2400;0
17285;360000;2;1;1;41;-2;-2;-2;-2;-2;-2;0;0;0;0;0;0;0;0;0;0;0;0;1
17293;280000;2;1;1;36;0;0;0;0;0;0;157424;161596;166680;170691;14988;16776;6000;6500;6000;1000;2000;2012;0
17296;360000;2;1;1;32;-2;-2;-2;-2;-1;0;-16;3194;430;1982;211250;215670;3210;436;1991;211250;7762;7823;0
17299;150000;2;2;2;34;0;0;0;0;0;0;18631;18831;15729;11907;14103;14413;3000;3000;1353;5000;3000;5000;0
17305;290000;2;2;2;37;2;0;0;0;0;0;140599;143963;152434;156413;156189;144318;13010;11430;6900;5320;5232;4980;1
17310;100000;2;1;1;42;2;2;0;0;0;0;99184;99340;64054;59014;55249;47645;3000;3039;3315;3000;3000;3000;1
17314;80000;2;2;1;29;0;0;0;0;0;0;19578;18231;17950;14699;12466;11445;1620;1600;1419;1000;1000;1000;0
17315;40000;2;3;1;30;1;2;0;0;0;0;40672;39724;39475;39078;38339;38665;9;2143;1606;1500;1410;1507;0
17322;260000;2;5;1;33;0;0;-1;-1;0;0;2229;3140;2740;107139;105188;104418;1000;2740;107139;4000;4000;4696;0
17324;140000;2;1;1;31;2;2;0;0;0;0;159164;154983;116592;89475;83630;87733;0;5012;5000;5000;5000;20000;1
17326;30000;2;3;1;32;0;0;0;0;0;0;30096;30287;28823;26799;25457;26143;1494;1445;1506;912;1097;1000;0
17328;150000;2;2;1;39;0;0;0;0;0;0;16878;7632;33019;31366;31709;42632;5000;30000;3000;5000;15000;6000;0
17330;200000;2;2;2;36;0;0;0;0;0;0;138636;140982;145038;146190;148989;130481;5048;6726;5451;5774;4739;5500;0
17335;500000;2;1;1;37;1;-1;-1;-1;-1;0;0;2529;2971;184;64356;33348;2529;2971;200;38144;0;8479;0
17345;210000;2;1;1;34;-1;-1;-1;-1;-1;-1;8289;16585;9396;16992;9506;4837;16585;10455;16992;9509;4837;11899;0
17348;180000;2;2;1;39;0;0;0;0;0;0;130374;129889;114559;113759;94665;97134;5812;6000;6100;4000;4000;4000;0
17350;100000;2;2;1;44;1;2;0;0;3;2;76725;74901;76094;84457;82525;81086;0;3000;9657;0;0;3200;1
17362;100000;2;2;1;42;1;2;2;-2;-2;-2;3256;3020;0;0;0;0;0;0;0;0;0;0;0
17363;50000;2;2;2;38;0;0;0;0;2;2;7980;10513;9922;8633;8385;7862;3000;1200;1800;0;1600;0;0
17370;50000;2;2;2;48;0;0;0;0;0;0;55329;51870;53164;46575;26609;27178;1902;2176;2064;1098;2134;1139;0
17372;50000;2;2;1;26;0;0;-1;0;0;0;1804;5195;15371;14163;15517;14685;4000;15387;1500;2000;1000;2000;0
17374;110000;2;1;2;33;-2;-2;-2;-2;-2;-2;0;0;0;0;0;0;0;0;0;0;0;766;0
17379;180000;2;2;1;36;0;0;0;0;-2;-1;20138;21494;25600;0;0;36565;2000;5000;0;0;36565;1548;0
17389;130000;2;2;2;44;2;0;0;2;2;2;72181;73086;78411;79725;81311;83048;2700;6500;3200;3500;3200;3300;1
17401;200000;2;1;1;49;-1;-1;-1;-1;-1;-1;950;950;950;950;0;1900;950;950;950;0;1900;950;0
17408;150000;2;1;2;30;0;-1;0;0;-2;-2;7674;432;2232;0;0;0;432;2000;0;0;0;5757;0
17414;30000;2;2;2;47;2;2;2;2;2;2;15089;16039;17080;17302;17521;17893;1500;1600;800;800;800;800;1
17434;210000;2;2;2;45;1;-2;-2;-2;-2;-2;0;0;0;0;0;0;0;0;0;0;0;0;0
17435;50000;2;3;1;32;-1;-1;-1;-1;-1;-1;1442;1444;1447;1261;1261;1261;1444;1447;1261;1261;1261;91;0
17437;50000;2;1;2;39;0;0;0;0;0;0;47381;48697;48322;45353;19426;19857;2116;2320;1300;1000;700;600;0
17439;50000;2;1;1;30;0;0;0;0;0;0;46791;42675;34256;30723;19766;20449;1593;1855;1341;706;1000;5454;0
17441;30000;2;2;1;32;0;0;0;0;-2;-2;17168;28655;29239;9435;724;724;12155;2000;1920;724;724;3294;1
17448;220000;2;2;2;47;0;0;0;0;0;0;137736;130527;127116;121336;121736;119164;5100;6540;5000;5000;5000;4600;0
17451;100000;2;2;1;38;0;0;0;0;0;0;88231;91090;95935;78939;28667;29549;4326;7400;2914;1500;1500;1500;1
17456;90000;2;3;1;37;0;0;0;0;0;0;78159;82779;86905;88310;79842;81235;8000;7500;4000;3000;2700;17000;0
17460;300000;2;1;1;32;-1;-1;-1;-1;0;0;3092;1589;2039;13926;13804;11600;1589;2039;13926;1304;0;5355;0
17461;90000;2;2;1;43;2;-1;2;-1;0;-1;390;780;390;780;390;780;780;0;780;0;780;0;1
17467;300000;2;1;1;38;-1;-1;-1;-1;-1;0;2884;3558;2778;2778;5367;2589;3558;2778;2778;5367;0;3661;0
17476;150000;2;5;2;36;0;0;0;0;0;0;144833;141559;80614;110343;64419;18536;6041;13013;64442;3000;2000;4000;0
17480;50000;2;3;1;35;-1;-1;0;0;0;0;10458;37907;33604;25303;17841;6980;37907;1599;1200;0;0;3570;0
17482;40000;2;2;2;33;0;0;0;0;0;0;34253;34954;36093;36891;37019;40734;1567;2000;2000;1318;4610;0;0
17493;100000;2;2;2;34;0;0;0;0;0;0;22173;22776;23837;24166;24216;24901;1372;1829;1554;1000;1000;586;0
17497;80000;2;2;1;28;2;0;0;0;0;0;52062;49884;22348;22063;8723;7254;2158;1708;1411;4;21;220;1
17502;220000;2;1;1;37;0;0;0;0;0;0;152197;154167;158981;162348;164162;168013;6000;7300;7500;6000;6500;7000;0
17503;180000;2;1;2;28;0;0;0;0;0;0;161694;166198;168711;172263;174127;176335;7500;7000;7189;6000;5100;10000;0
17516;130000;2;2;1;35;0;0;0;0;0;0;80713;93349;68158;69208;54677;59601;28000;3500;3000;3000;10000;3500;0
17518;300000;2;2;1;36;0;0;0;0;0;0;147051;138726;139649;104245;56788;57920;6700;5800;5000;2200;2200;2600;0
17520;20000;2;1;2;33;0;0;3;3;2;2;11391;16180;16635;16082;15529;16525;5000;1000;0;0;1400;0;0
17521;140000;2;3;1;35;0;0;0;0;0;0;119184;130939;90894;85805;85907;88615;14113;5000;3000;4000;4000;10000;0
17528;210000;2;3;1;45;0;0;0;0;0;0;124147;81641;54971;37849;42240;32981;5000;5000;4000;5000;1500;4000;0
17532;180000;2;2;1;35;-1;-1;-1;-1;-2;-2;1264;176;1247;0;0;0;176;1247;0;0;0;1768;0
17533;260000;2;2;2;35;0;0;0;0;0;0;131211;132175;133289;134642;137065;108328;4001;4215;4101;4000;3300;3300;0
17536;190000;2;3;1;45;0;0;0;0;0;0;76433;78472;80548;81778;83082;84811;3300;3331;3359;2663;2751;3000;0
17544;20000;2;2;1;40;0;0;0;0;-1;-1;10470;10186;9936;10790;230;-160;1145;1546;1400;390;73;19371;0
17546;20000;2;3;2;48;0;0;0;0;0;0;17332;18600;17947;18758;19292;19201;1580;1367;1178;712;742;2000;0
17555;180000;2;2;2;39;0;0;-1;-1;-2;-2;2875;0;2125;0;0;0;0;2125;0;0;0;0;0
17562;50000;2;1;1;35;0;0;2;2;2;0;44487;47438;46400;49276;48286;47915;4000;0;3700;0;2000;6000;1
17565;50000;2;2;2;45;-2;-2;-2;-2;-2;-2;330;330;4975;4810;330;330;330;4975;4838;330;330;330;0
17568;300000;2;1;1;43;-2;-2;-2;-2;-2;-2;-763;-754;-745;-1302;-527;-518;1000;1000;1100;1100;1000;2500;0
17587;160000;2;1;2;31;-1;2;-1;-1;-1;-1;1494;696;1395;898;894;2198;2;1399;903;896;2204;786;1
17589;20000;2;2;1;43;0;0;0;0;0;0;6459;7470;8492;9547;20766;12197;1123;1145;1200;2000;3000;1000;0
17590;200000;2;1;1;45;-1;-1;-1;-1;-2;-2;632;337;670;0;0;0;337;670;0;0;0;451;0
17591;440000;2;3;1;49;0;0;0;0;0;0;386288;367400;347445;354373;307773;293357;14453;12611;13022;10572;10270;10722;0
17601;80000;2;2;2;31;0;0;2;0;0;2;51160;54207;52775;53906;60099;61402;4500;0;2000;7100;2400;0;0
17604;210000;2;2;1;43;0;0;0;0;0;0;91152;92917;90651;85295;80416;76946;3348;3381;3400;2684;2744;2892;0
17605;180000;2;3;1;43;-1;-1;-1;-1;-1;-2;780;0;390;780;0;0;0;780;780;0;0;0;0
17610;50000;2;2;2;36;0;0;0;0;0;0;81793;84360;89215;93908;14308;14808;2682;5000;5000;1000;500;302;0
17611;350000;2;1;1;42;-1;-1;-1;-1;-1;-1;360;360;360;360;510;510;360;360;360;510;510;360;0
17613;180000;2;2;1;32;1;2;2;0;0;2;146549;150151;142421;110713;84928;83307;7641;3;6003;5826;0;2855;0
17622;20000;2;1;2;31;-1;-1;-1;-1;-1;-1;416;416;0;416;416;416;416;416;832;416;416;416;0
17623;30000;2;2;2;31;3;2;2;2;2;0;29078;28312;29733;29183;28082;27434;0;1900;2600;11;1500;1700;1
17625;180000;2;1;2;32;-1;-1;2;2;0;0;10831;17816;18247;33230;5168;0;7201;1000;0;103;0;0;1
17630;50000;2;2;2;30;0;0;0;0;0;0;35758;36664;30897;14693;247;0;3000;3000;5000;0;0;0;0
17639;260000;2;1;2;30;1;2;0;0;0;0;96549;94114;96689;101023;93738;96218;0;5000;6000;5000;4000;8000;0
17641;200000;2;1;2;34;-2;-2;-2;-2;-2;-2;0;0;0;0;0;0;0;0;0;0;0;0;1
17643;170000;2;2;2;39;0;0;0;0;0;0;161277;162706;166677;167049;38377;33668;5856;7424;7169;1241;1187;1396;0
17645;230000;2;1;1;44;-1;-1;-2;-1;0;0;756;0;0;11660;11898;14898;0;0;11660;238;3000;1252;1
17646;360000;2;3;2;38;-1;-1;-1;-2;-1;-1;1638;3060;0;0;1444;-1382;3060;0;0;1444;1382;0;0
17658;80000;2;2;1;40;0;0;0;0;0;0;37123;38317;20896;21604;22035;22496;2072;1651;1359;790;817;821;0
17662;290000;2;2;1;49;-2;-2;-1;2;0;0;-236;-236;11764;11186;6863;6179;0;12000;0;0;0;0;0
17675;140000;2;2;2;37;0;0;-1;-1;-1;-1;143118;140955;1876;1876;1876;3372;6400;1876;1876;1876;3372;104005;0
17677;280000;2;1;1;35;2;-1;0;0;0;0;47;97767;99036;96383;86060;62312;99007;5000;3027;6025;2001;1903;0
17691;360000;2;1;1;42;0;0;0;0;0;0;174857;179851;186961;201703;189455;194373;10000;10005;20117;15018;10027;20057;0
17700;340000;2;1;1;43;0;0;0;0;0;0;15928;18338;20035;24238;20315;16378;3000;2000;5000;1000;723;5000;0
17704;360000;2;1;1;37;-1;-1;-1;-1;-1;-2;5625;367;1726;396;-66;-66;368;1734;398;200000;0;150000;0
17706;240000;2;1;1;34;-1;-1;2;-1;-1;-1;2799;855;858;1048;2695;0;855;3;1054;2695;0;0;0
17709;100000;2;1;1;34;0;0;0;0;0;0;101620;101747;100750;98953;99114;101501;4000;3838;3563;3563;4000;3475;0
17713;90000;2;2;2;44;2;2;2;2;2;2;15089;17023;18451;17857;20256;20785;2500;2000;0;2700;1000;0;1
17718;120000;2;2;1;50;0;0;2;0;0;0;38261;58084;33018;19172;14938;21290;23000;0;10076;10000;10000;10000;0
17720;240000;2;2;1;50;-1;-1;-1;2;0;0;978;193;386;579;386;193;193;386;386;0;0;536;0
17723;150000;2;1;1;50;-1;-1;-2;-2;-2;-2;6350;0;0;0;0;0;0;0;0;0;0;0;0
17733;50000;2;3;2;60;2;2;2;0;0;0;46554;50774;49551;22673;17147;17505;5000;0;2300;1000;635;580;1
17736;350000;2;2;1;50;0;0;0;0;0;0;263390;267494;205636;203844;204114;207448;10532;9219;8797;8004;10012;10006;1
17738;40000;2;2;1;53;0;0;2;2;0;0;4621;6527;7776;7502;7651;7811;2150;1500;0;274;283;436;1
17741;360000;2;3;1;70;-1;-1;2;2;-2;-2;1960;732;735;-10;-10;-10;800;3;0;0;0;0;0
17745;260000;2;2;1;56;0;0;-2;-2;-1;0;2338;0;0;0;58;1058;0;0;0;58;1000;1000;0
17752;50000;2;3;1;61;-1;-1;-2;-2;-2;-2;2020;0;0;0;0;0;0;0;0;0;0;202;0
17760;180000;2;3;2;52;0;0;0;0;0;0;173065;171015;162516;163447;134939;135815;5902;7693;5464;4893;5095;4862;0
17765;50000;2;3;1;52;0;0;0;0;0;-1;5976;6405;6828;6229;390;390;2000;2000;1004;10;390;390;0
17767;130000;2;3;2;55;0;0;0;0;0;0;116336;121544;128243;115204;101158;95895;10063;20000;10009;10000;5000;5000;0
17771;50000;2;2;2;53;0;0;0;0;0;0;51320;50602;50095;34120;33235;32377;1952;1979;1495;1144;1165;946;0
17772;70000;2;3;2;60;0;0;0;0;0;0;10083;11091;12117;13125;13407;13692;1184;1210;1218;500;500;543;0
17774;100000;2;3;1;58;0;0;0;0;0;0;96821;98389;97831;93937;78063;79707;3589;3656;3677;2763;2787;2881;0
17777;160000;2;3;1;53;1;-2;-1;2;2;-2;0;0;3613;2722;0;0;0;3613;0;0;0;0;0
17778;70000;2;3;2;55;0;0;0;0;0;0;4664;5680;6703;7853;7316;7350;1100;1123;1273;407;300;300;0
17789;140000;1;3;1;58;2;0;0;0;0;0;98985;98702;96753;94310;92182;88818;4520;4034;5050;6034;3202;5000;0
17805;170000;1;2;2;27;0;0;0;0;0;0;169106;141998;134212;133450;127020;123490;5000;5508;5915;3000;4000;4000;0
17814;50000;1;2;2;24;0;0;0;0;0;0;49989;48512;43701;40429;9727;9606;1800;2000;1118;1000;500;1000;0
17831;380000;1;2;2;26;0;0;0;0;-1;0;64900;43514;10626;312;986;284729;2600;1626;312;1007;284069;11340;0
17838;30000;1;3;2;25;0;0;0;0;0;0;23075;23996;25407;27312;8810;6355;2000;2500;3000;178;1000;0;0
17851;120000;1;2;2;28;0;0;0;0;0;0;70124;71355;72962;58163;33358;16829;3000;2830;1600;3600;300;1000;0
17853;150000;1;1;2;26;0;0;0;0;0;0;26443;27996;28963;8355;10355;12355;2000;2000;2000;2000;2000;2000;0
17857;50000;1;2;2;28;0;0;0;0;0;2;48431;45008;40226;41256;43962;44913;1700;2000;1700;3400;1800;0;0
17868;60000;1;1;2;28;-1;0;0;0;0;0;40784;41723;42665;43254;43757;44378;2001;2001;1690;1501;1617;1502;0
17871;10000;1;2;1;28;0;0;0;0;0;0;1474;2641;3745;4642;5642;6342;1196;1300;1000;1000;700;1208;0
17875;30000;1;3;1;30;3;2;2;7;7;7;2400;2400;2400;2400;2400;2400;0;0;0;0;0;0;1
17883;220000;1;2;2;28;0;0;0;0;0;0;59247;60200;60360;61168;57287;62208;6000;3037;4000;4000;15000;3000;0
17884;10000;1;3;2;23;0;0;0;0;0;0;5807;6974;7838;9002;9182;9729;1270;1134;1298;478;847;0;0
17890;500000;1;2;2;29;0;0;0;0;0;0;39345;40382;40740;16316;10705;-42;2014;4135;3256;53;0;36368;0
17892;100000;1;2;2;29;2;0;0;0;0;2;43531;45103;45779;46912;49715;48791;2600;2200;2200;3900;0;6100;1
17896;20000;1;1;2;28;0;0;0;0;2;2;3202;4978;7720;9907;9627;11500;2000;3000;2500;0;2000;5;0
17898;110000;1;1;2;27;0;0;0;0;0;0;87487;90120;93661;96185;99667;102978;5000;5000;5000;5000;5000;4000;0
17899;10000;1;2;1;27;0;0;0;0;0;0;10128;9859;9607;9818;10013;9824;1151;1160;1151;346;350;354;0
17900;100000;1;2;2;28;0;0;0;0;0;0;32480;33237;34300;35623;35515;36413;1600;1600;1901;1275;1470;1400;0
17905;20000;1;3;2;29;1;2;0;0;0;0;5957;4909;5865;17935;19353;20094;0;2000;13500;2500;2000;1500;1
17906;50000;1;2;2;30;0;0;0;0;0;-2;26666;21062;6495;2207;0;0;2000;2000;1000;0;0;0;0
17910;20000;1;2;2;25;0;0;2;2;2;0;14193;16489;15936;18015;17431;18000;2850;0;2355;0;1000;900;1
17914;70000;1;1;2;33;0;0;0;0;0;0;62615;63845;65443;65169;64370;15082;2870;3224;1680;3000;142;142;0
17916;50000;1;3;1;32;2;2;3;2;2;2;38023;39589;40160;40796;41526;42209;2500;1500;1600;1700;1500;3600;1
17917;90000;1;2;1;34;0;0;0;0;0;0;86371;85679;87036;88742;49148;48396;3073;3700;3374;1543;1405;1500;1
17919;120000;1;1;2;33;2;2;2;2;2;2;87310;89273;91057;91981;89605;95245;4300;4100;3300;0;7100;0;1
17924;50000;1;3;1;36;2;0;0;0;0;0;47097;46006;36272;11521;2678;5468;1796;1284;1060;100;99;273;1
17925;40000;1;2;1;44;2;2;2;2;2;2;24262;26640;25927;28184;28723;28125;3100;0;2700;1300;0;2500;1
17930;230000;1;2;2;31;0;0;0;0;0;0;170041;174811;177733;182106;183965;186979;9800;6418;8000;7000;6618;11000;0
17936;70000;1;3;1;37;0;0;0;0;0;0;71742;70978;70949;68782;68100;68677;2721;2714;2632;2600;2800;2573;0
17937;50000;1;2;2;37;0;0;0;0;0;0;49473;48970;46220;47459;27056;28452;2314;2261;2500;2000;2000;1500;0
17938;80000;1;1;2;35;0;0;-1;0;0;0;75734;93507;78716;53109;28973;24705;20000;79239;2516;1023;2000;1000;0
17941;70000;1;2;2;44;2;2;2;2;2;2;43314;44325;45375;44350;46996;47951;2025;2051;0;3697;1853;1910;1
17945;120000;1;1;1;42;0;0;2;2;2;0;7722;9591;10687;11905;11420;12081;2000;1400;1700;0;1000;700;1
17951;200000;1;2;1;43;2;3;2;2;2;2;94529;92126;94772;92368;101837;103764;0;5000;0;12000;3700;0;1
17960;80000;1;1;2;33;2;2;2;2;2;2;67206;65537;69361;67647;72524;74068;0;5500;0;6000;3000;0;1
17963;220000;1;1;2;48;0;0;0;0;2;0;113061;115294;117945;130365;126780;129570;5600;6000;16000;0;5000;6300;0
17964;70000;1;2;2;32;0;0;0;0;0;0;71336;70393;131412;63823;52339;40836;3609;2523;2441;3038;2029;70004;1
17970;50000;1;2;1;34;0;0;0;0;0;0;45459;45695;45866;46165;10142;10825;2000;3000;2200;1200;1000;1000;0
17976;80000;1;2;1;42;0;0;0;0;0;0;78216;62890;52973;52328;49214;50245;2115;5004;1834;1562;1621;2196;0
17979;50000;1;2;2;45;0;0;0;0;0;0;30359;28717;16177;15949;14319;17319;2000;2000;2000;1000;3000;2200;0
17981;160000;1;2;1;36;0;0;0;0;0;0;59675;61085;62503;63867;65206;69584;3000;3000;3000;3000;5600;2600;0
17983;100000;1;2;2;36;0;0;0;0;-2;-2;2069;3521;5399;0;0;0;1500;2000;0;0;0;1700;0
17995;70000;1;1;2;30;0;0;0;-1;0;0;16163;1050;0;21280;21625;22275;1000;0;21280;1000;1000;1200;0
17997;360000;1;3;2;42;0;0;0;0;0;0;52460;40764;31185;25603;20394;29138;3000;3000;5000;5000;19138;1000;0
18008;360000;1;2;2;40;-1;0;0;0;0;0;36560;34371;43052;43596;33762;33391;11028;15044;10115;14026;5104;20077;0
18027;180000;1;1;2;38;2;2;2;0;0;0;114091;124233;125768;126202;127677;99764;12100;5000;4200;3000;5000;2000;1
18028;360000;1;1;1;35;1;-2;-2;-2;-2;-2;396;396;396;396;396;396;396;396;396;396;396;396;0
18038;20000;1;2;1;42;0;0;0;0;0;0;14124;15132;16483;18391;18783;19176;1249;1600;2500;1000;696;862;0
18041;50000;1;3;1;47;-1;0;-1;-1;0;0;2840;2522;5500;21709;21056;20061;1000;5500;21709;916;1161;1884;0
18044;50000;1;2;2;44;0;0;0;0;0;0;50677;76727;78937;50205;30506;29860;4000;4695;2300;2500;2000;3000;0
18046;30000;1;1;1;33;0;0;0;0;0;0;28700;28639;30171;29322;28572;0;1800;2300;1508;1000;0;0;0
18047;50000;1;3;1;29;0;0;0;-1;-1;-1;9527;9907;9660;880;990;780;2000;1092;880;990;780;0;0
18051;240000;1;2;2;46;0;0;0;0;0;0;47379;49274;51171;52716;54229;56191;3000;3000;3000;3000;3000;3000;0
18059;50000;1;3;1;37;5;4;3;2;0;0;54078;52946;51841;50306;49706;49706;0;0;0;0;0;0;0
18064;150000;1;1;1;34;1;-1;-1;-1;-1;-1;0;347;-13;4085;4006;826;347;0;4098;4006;826;3146;0
18066;360000;1;1;2;40;-1;-1;-1;-1;-1;-1;3457;1997;5115;3295;222;2854;2020;5115;3295;222;2862;2129;0
18067;100000;1;1;1;38;2;2;2;2;2;0;72437;74645;76063;77224;75385;78991;4000;3200;3000;0;5000;3200;1
18083;140000;1;1;1;36;0;0;0;0;0;0;39598;40836;41878;42977;43960;45093;2200;2001;2100;2000;2000;2000;0
18096;300000;1;1;1;38;0;0;0;0;0;0;113807;103759;90827;78887;57682;35493;4511;3300;4505;4200;2500;25151;0
18097;250000;1;1;2;41;-1;3;2;2;2;-2;173;173;1573;1400;0;0;0;1400;0;0;0;0;1
18105;280000;1;1;1;42;1;-2;-2;-2;-2;-2;0;0;0;0;0;0;0;0;0;0;0;0;0
18107;300000;1;2;1;41;0;0;0;0;0;0;163033;140472;96234;64482;100558;76056;5505;5000;3000;95000;4000;3500;0
18117;60000;1;2;1;42;2;2;2;2;2;0;4136;6355;7604;7603;7332;7712;2300;1500;270;0;500;500;1
18119;210000;1;2;1;48;0;0;0;0;0;0;186004;169351;163576;115854;111606;120885;8100;7000;4000;5000;105015;4100;0
18121;380000;1;1;1;37;0;0;0;0;0;0;83852;88996;77202;70542;65765;58355;13014;5068;2100;1947;2000;1600;0
18123;150000;1;2;2;33;0;0;2;2;2;2;53224;57297;52714;56329;57311;56265;5000;0;4500;2500;0;2500;0
18128;130000;1;1;2;37;0;0;0;0;0;0;91390;88381;89091;91212;29441;29683;5000;3424;4193;1042;1100;1080;0
18130;270000;1;2;1;40;0;0;0;0;0;0;42598;44610;46666;48685;49574;50622;3036;3092;3111;2000;2000;2000;1
18133;450000;1;1;1;45;0;0;0;0;0;0;201015;177028;136434;126121;115050;105901;10000;6000;5087;5000;5000;5000;0
18135;270000;1;1;1;38;-2;-2;-2;-2;-2;-2;0;0;0;0;0;0;0;0;0;0;0;0;0
18136;10000;1;3;2;46;3;2;2;3;3;3;1050;1050;1050;1050;1050;1050;0;0;0;0;0;0;1
18139;190000;1;1;2;32;0;0;0;0;0;0;183594;191367;192221;136916;99307;98753;15000;7171;5427;4000;3518;4758;1
18143;300000;1;1;2;32;0;0;2;2;-1;0;8077;10566;11293;12000;3458;56338;2800;1200;1200;9427;55000;2000;1
18147;160000;1;3;2;31;0;0;0;0;0;0;50901;53859;55814;59726;61615;65939;4000;3000;5000;3000;5000;2000;0
18150;310000;1;1;1;32;1;2;0;0;2;0;310392;301861;225003;234185;222139;224655;56;9950;17828;9;7951;8070;0
18152;110000;1;1;1;36;2;0;0;0;0;0;36152;37246;38340;39018;40122;41069;2000;2000;1500;1500;1500;1135;1
18154;140000;1;1;2;31;-1;-1;-1;-1;-1;-2;4900;393;0;814;0;0;393;0;814;0;0;0;0
18165;190000;1;2;2;36;0;0;0;0;0;0;154456;142409;119290;99767;101761;105150;6176;5000;3815;3614;5000;5000;1
18172;400000;1;1;2;41;-1;-1;-1;-1;0;-1;11461;5864;5300;6534;5222;500;5877;5300;6534;0;500;360;0
18175;220000;1;2;2;39;0;0;0;0;0;0;103159;91253;81847;79489;77040;78892;5000;3000;4000;3000;3000;3000;0
18178;100000;1;2;1;44;0;0;0;2;0;0;11509;11119;12376;4419;2946;1473;1270;3000;0;0;0;3230;0
18187;300000;1;2;1;35;0;0;0;2;0;0;142378;146621;153217;154879;156692;154911;8000;10800;6000;6000;6000;6000;1
18193;70000;1;2;2;39;2;2;2;2;2;2;33521;36303;37424;38512;37596;39877;3350;2000;2000;0;3055;1700;1
18196;70000;1;2;1;40;0;0;0;0;0;0;5481;6495;7514;8582;9038;9490;1113;1132;1200;600;600;600;0
18197;120000;1;2;2;45;0;0;0;0;0;0;123772;121289;116645;119191;116549;119507;6000;5800;6000;4400;5000;4800;0
18202;490000;1;1;1;42;0;0;0;0;0;0;283484;245832;230346;215437;176688;170548;10000;9002;10000;7000;7000;7000;0
18203;310000;1;2;1;42;0;0;0;0;0;0;286506;262830;210583;210982;126502;102999;9297;8311;6928;3539;2991;2672;0
18207;500000;1;1;2;48;1;-2;-1;-1;0;0;-471;-471;157;20697;23906;23906;0;785;20697;3766;0;2040;0
18211;210000;1;2;1;42;-2;-2;-2;-2;-2;-2;0;1145;1000;2000;500;5305;1145;1005;2000;500;5305;3640;0
18212;140000;1;1;1;41;0;0;0;0;0;0;44635;45891;48149;50341;51897;53058;2000;3000;3000;3000;2000;3000;0
18218;50000;1;2;3;52;0;0;0;0;0;0;49854;51215;50144;10683;9953;9567;2500;1500;1300;800;1000;1500;0
18220;230000;1;1;1;53;1;-2;-2;-2;-2;-2;0;0;0;0;0;0;0;0;0;0;0;0;1
18223;200000;1;2;2;48;0;0;0;0;0;0;111664;113884;116545;120396;121486;121518;4080;4500;5800;4500;5000;5000;0
18233;120000;1;3;1;59;0;0;0;0;0;-2;68646;68784;49933;51400;0;0;2144;1933;2400;0;0;0;0
18239;80000;1;3;1;52;0;0;2;2;0;0;27308;29536;31756;30946;31830;0;3000;3000;0;1700;0;0;0
18241;10000;1;3;2;51;0;0;0;2;0;0;7282;8311;10398;10000;10000;0;1311;2398;0;0;0;0;0
18243;160000;1;1;1;51;0;0;0;2;2;2;131124;129673;135778;132505;124622;127646;5000;12501;4700;0;9500;0;0
18248;350000;1;1;1;50;0;0;0;0;0;0;348938;326648;228830;198817;193859;154477;11000;8500;15022;7000;20000;20000;0
18252;150000;1;1;2;52;0;0;0;0;0;0;227634;356216;247706;239805;242653;39496;18000;12370;6552;6936;395;0;0
18255;80000;1;2;1;52;0;0;0;0;0;0;75113;76860;77456;21118;22260;23396;3500;2202;1500;1500;1500;1500;0
18256;80000;1;3;1;55;0;0;0;0;0;0;80037;79788;81571;75814;49784;51408;63000;25000;7704;8700;3000;12900;0
18262;250000;1;1;1;58;0;0;0;-1;0;0;1635;2491;-60;600;600;0;1025;0;660;0;0;0;0
18267;200000;1;2;1;53;1;-1;-1;-2;-2;-1;0;2920;0;0;0;6753;2920;0;0;0;6753;0;1
18269;150000;1;1;1;55;1;-1;-1;0;-1;-1;0;780;4639;100940;3284;2090;780;4639;100000;3284;2576;2576;0
18273;330000;1;3;1;56;-1;-1;2;-1;-1;0;360;1499;360;360;7143;5725;1499;0;360;7143;3000;2383;0
18281;200000;1;1;1;54;1;2;0;0;0;0;7111;4803;4629;14915;8523;5586;10;1215;12000;4000;4978;1000;0
18284;190000;1;1;1;54;0;0;0;0;0;0;205824;201269;197129;192803;161324;156576;7154;7385;7520;5593;6000;5516;0
18286;90000;1;2;1;57;0;0;0;0;0;0;10635;10889;10953;11155;15210;19425;3007;3000;3000;5000;6000;8000;0
18291;30000;2;3;1;28;0;0;0;0;2;0;23176;23182;19083;19632;15252;14021;2867;2000;2000;0;1500;1353;0
18294;350000;1;1;1;57;-2;-2;-2;-2;-2;-2;1910;0;1638;0;0;0;0;1638;0;0;0;0;0
18295;150000;1;2;1;55;0;-1;-1;-1;0;0;1540;780;0;580;780;0;780;0;580;200;0;0;0
18311;450000;2;1;1;36;-2;-2;-2;-2;-2;-2;3961;2483;74;-73;14590;-70;2495;100;0;14663;0;14121;0
18312;180000;2;2;2;24;-1;-1;-1;-1;-1;-1;316;316;316;316;316;316;316;316;316;316;316;316;1
18316;150000;2;2;2;25;-2;-2;-2;-2;-2;-2;-19;-19;-19;-19;7962;0;0;0;0;7981;0;12220;0
18318;40000;2;2;1;25;0;0;0;0;0;2;40633;40633;40311;39380;41389;40628;1950;4300;2000;2938;0;3700;1
18324;150000;2;1;2;24;-2;-2;-2;-2;-2;-2;1495;2053;0;0;0;0;2060;0;0;0;0;0;0
18326;360000;2;1;2;29;1;-2;-2;-2;-2;-2;0;0;0;0;0;0;0;0;0;0;0;0;0
18333;310000;2;1;1;36;0;0;0;0;0;0;157173;160555;170288;175252;177855;181846;6000;12398;7814;7000;7000;6597;0
18335;20000;2;1;2;22;0;0;0;0;0;0;23050;22101;20912;19480;19129;20014;1336;2502;1700;807;2002;1007;0
18339;20000;2;2;2;22;0;0;0;0;0;0;16990;17960;18923;19706;19818;20006;3000;3001;3000;2000;1002;783;0
18341;10000;2;1;1;23;0;0;0;0;0;0;7641;8557;9080;1410;9508;8997;1262;1000;1115;9329;331;1000;0
18356;200000;2;1;2;24;-2;-2;-2;-2;-2;-2;675;1053;0;500;2057;23322;1053;0;500;2057;23322;4299;0
18358;20000;2;1;2;22;0;0;2;2;2;2;12476;14951;14426;16471;15909;17151;3000;0;2600;0;1500;0;0
18362;130000;2;2;2;22;0;-1;-1;0;-1;0;8570;527;11249;7816;16578;16129;527;11249;1200;16578;0;33232;0
18364;170000;2;2;2;34;0;0;0;0;0;0;156526;160926;162960;165645;168386;129230;7500;6116;5600;5000;5000;5000;0
18368;80000;2;2;2;23;0;0;0;0;-1;-1;38587;27558;23470;21539;14578;11766;5000;5000;10006;14614;11766;18000;0
18372;150000;2;2;2;23;-2;-1;0;0;0;0;956;66470;66187;65419;61645;64189;66470;2451;2543;5000;4189;10000;0
18385;30000;2;3;1;22;0;0;0;0;0;2;23185;24194;25529;26563;28120;28558;1400;1730;1760;2310;1033;0;0
18397;20000;2;1;2;24;-2;2;2;2;2;0;18252;19650;19054;20285;19563;17899;2000;0;2000;0;356;3431;1
18402;50000;2;2;2;23;0;0;0;0;0;0;37259;32822;20669;4510;2893;2000;1750;1150;1000;300;400;800;0
18405;360000;2;2;2;23;0;0;-2;-2;-2;-2;37927;2047;3794;8521;7119;5725;2057;4294;8535;1535;5753;7792;0
18417;30000;2;2;2;24;0;0;0;0;0;0;30767;28818;30411;28805;26895;27162;1600;2517;4006;2000;1000;1500;0
18430;50000;2;2;2;24;2;0;0;0;0;2;35845;36449;37858;38924;41170;40379;1500;2000;2000;3200;0;1700;1
18432;30000;2;3;1;25;0;0;0;0;0;0;26277;25896;27460;27735;27711;28643;2000;2000;2000;2000;1500;1500;0
18433;250000;2;3;1;27;2;3;2;2;0;0;324204;308506;294198;278964;270046;265787;5000;6000;5000;9600;14000;14000;0
18434;70000;2;1;1;23;-1;-1;-2;-2;-2;-2;3000;0;0;0;0;0;0;0;0;0;0;0;0
18447;50000;2;5;2;24;0;0;0;0;0;0;42207;43517;44330;45404;46363;47630;2000;1800;1800;1700;2000;3700;0
18457;130000;2;2;2;27;-1;-1;-1;-1;0;0;3359;-191;191;2898;4728;5149;0;382;2898;1900;500;500;0
18462;120000;2;2;2;24;0;0;0;0;0;0;89240;87970;82837;73297;73084;68697;8000;3500;3500;3000;3000;3000;0
18471;70000;2;1;2;25;0;0;0;0;0;0;64822;61851;62007;38391;38996;39819;2502;2075;2000;1541;1600;2000;0
18477;240000;2;2;2;26;0;0;0;0;0;0;150886;141315;128940;124226;113133;113966;6537;6349;5834;3870;4000;3825;0
18478;60000;2;2;2;25;-1;-1;0;0;0;0;995;7348;7242;6682;6223;7007;7353;2007;2011;2005;3003;3005;0
18479;20000;2;2;2;25;0;0;2;2;2;2;7712;14042;14371;17963;17185;16638;6742;1100;4100;6;2000;0;0
18480;130000;2;2;2;25;1;2;0;0;0;0;136963;133293;133207;131578;101612;101650;0;6867;5660;3800;3677;3620;0
18487;150000;2;3;1;26;0;0;0;0;0;-2;92802;91166;99655;100000;0;0;7500;10000;2000;0;0;0;0
18488;140000;2;2;2;27;-1;-1;-2;-2;-2;-2;515;0;0;0;0;0;0;0;0;0;0;0;0
18489;150000;2;2;2;24;0;0;0;0;0;0;143212;137963;139520;99814;100810;103233;5500;5500;4500;3500;4000;4000;0
18490;50000;2;2;2;26;2;0;0;0;-1;-1;48510;48217;25192;15741;3041;0;1800;3000;1000;3041;0;0;1
18497;170000;2;2;2;25;0;0;0;0;0;0;65531;64149;46188;42793;30466;25583;2019;2006;2002;788;989;1000;0
18500;70000;2;5;1;26;0;0;0;0;0;0;71993;71158;70557;37209;28905;28455;2851;3500;1500;1300;1100;1000;0
18513;20000;2;2;1;25;0;0;3;2;0;0;17294;21821;21197;20400;20000;20000;4821;0;0;0;0;0;0
18515;30000;2;2;2;25;2;2;2;0;0;0;25267;26353;25650;26416;27178;28332;1800;0;1500;1200;1750;1300;0
18517;280000;2;4;2;25;0;0;0;0;0;0;8574;10420;12211;12639;22439;18096;2000;2000;3000;10000;5096;12704;0
18518;30000;2;2;2;25;-2;-2;-1;0;0;0;0;1232;27287;27874;28430;29093;1232;31484;1444;1000;1100;1491;0
18524;50000;2;1;2;24;0;0;0;0;0;0;33879;35211;36263;37061;37943;42305;1900;1918;1700;1500;5000;0;1
18525;190000;2;3;2;24;0;0;0;0;-1;0;54186;55466;57358;10890;287;49983;2000;2700;1100;287;49696;2000;0
18541;60000;2;2;2;24;0;0;0;0;0;0;29832;18628;15069;15761;5879;-2879;1538;1308;1000;118;1329;41378;0
18548;210000;2;2;2;26;-1;-1;-1;-1;-1;-1;4341;402;11305;1368;2684;1397;402;11401;1368;2684;1397;0;0
18552;50000;2;2;2;25;0;0;-1;0;-1;0;8481;2158;3359;2158;2470;662;1000;3359;1000;2470;500;1500;0
18553;160000;2;1;2;27;-2;-2;-2;-2;-2;-2;717;3265;5105;3326;5482;2698;3269;5109;3328;5494;2864;2367;1
18557;200000;2;1;2;25;-2;-2;-2;-2;-2;-2;-3;773;0;1107;586;0;776;0;1107;586;0;0;0
18564;160000;2;2;1;25;0;0;0;0;0;0;116744;94894;97589;78487;78592;81326;4000;4500;3000;3000;4000;5000;0
18566;390000;2;1;2;26;-2;-2;-2;-2;-2;-2;0;280;0;0;0;48425;280;0;0;0;48425;2000;0
18568;50000;2;1;2;26;-2;-2;-2;-2;-2;-2;3655;-1;-1;-1;-1;349;0;0;0;0;350;351;0
18574;250000;2;2;2;24;-2;-2;-1;0;0;0;0;0;19449;20623;21283;21943;0;19449;1500;1000;1000;1000;1
18587;80000;2;2;1;27;-2;-2;-2;-2;-2;-2;390;390;390;390;390;930;390;390;390;390;930;0;0
18589;130000;2;1;2;26;-1;-1;-1;-1;-1;-1;11149;3150;8552;5459;2850;9611;3160;8591;5463;2855;9611;8901;0
18591;400000;2;2;2;24;0;0;-1;-1;-1;-1;14925;12559;3926;500;1236;11975;5000;3926;500;1236;11975;253;0
18596;20000;2;3;2;24;-1;-1;-1;-1;-1;-2;5103;3773;10132;4818;0;0;3773;10139;4830;0;0;1960;0
18602;130000;2;1;2;25;0;0;0;0;-2;-2;123945;127883;133400;0;0;0;6000;9000;0;0;0;0;0
18637;20000;2;1;2;24;0;0;0;0;0;0;22515;24146;25374;19075;18907;18507;2000;2024;2000;1005;1188;2002;0
18638;200000;2;2;2;24;0;0;0;0;0;0;225931;229787;233553;206398;145825;140249;8271;8182;6576;5073;5095;5172;0
18640;70000;2;2;2;25;0;0;2;2;2;4;33390;34832;35472;38369;42729;41496;2000;1500;3500;5300;0;0;1
18642;160000;2;3;2;26;0;0;0;0;-2;-2;2454;3488;4443;0;0;0;1083;1038;0;0;0;97502;0
18643;90000;2;2;2;26;0;0;0;2;0;0;86183;87561;92996;89866;48574;41746;4100;8548;0;1527;1617;1490;0
18656;90000;2;2;2;26;1;2;2;2;2;2;50200;49092;53295;53826;54548;55525;0;5000;2000;2200;2000;2500;0
18658;80000;2;2;2;27;1;2;2;2;2;0;74250;76895;79548;80280;53034;54027;4500;4500;3000;0;2000;4350;0
18661;150000;2;1;2;25;0;0;0;2;0;0;78823;80514;87096;84806;85822;87504;3000;7900;0;3300;3200;3300;0
18667;50000;2;1;2;23;-1;-1;-2;-2;-2;-2;2332;0;0;0;0;0;0;0;0;0;0;0;0
18668;310000;2;2;1;25;0;0;0;0;0;0;191767;185445;188255;187384;184222;183544;6612;8321;7022;6021;6005;6042;0
18671;20000;2;2;2;22;0;0;0;0;0;0;15499;16505;35110;19495;19019;18134;1270;1320;2260;784;1000;2000;1
18682;20000;2;1;2;27;-1;-1;-2;-2;-2;-2;4734;0;0;0;0;0;0;0;0;0;0;3187;1
18684;200000;2;1;2;27;1;-2;-2;-2;-1;0;0;0;0;0;3012;3021;0;0;0;3012;9;363;0
18686;230000;2;2;2;28;0;0;0;0;0;0;33057;33698;36652;38421;37459;54778;1500;4767;3000;3092;17411;5000;0
18708;50000;2;2;1;28;1;2;0;0;0;0;41468;40507;41464;35334;26875;23338;0;1970;1827;1044;993;1999;0
18712;70000;2;1;2;26;0;0;0;0;0;0;46222;47650;48867;47808;43022;44077;2500;2300;2300;2000;1900;3000;0
18714;170000;2;1;2;25;0;0;0;0;0;0;70326;71919;68356;68724;68889;69712;3100;3626;2500;2450;2693;2602;0
18716;80000;2;2;1;26;0;0;0;0;0;0;42972;44210;42418;43410;44684;45808;2000;2100;2000;2000;2000;2000;0
18719;70000;2;2;2;26;2;2;0;0;2;2;42053;41087;42445;45020;44006;46905;0;2007;3582;0;3601;0;1
18720;90000;2;2;2;26;2;2;2;0;0;0;87606;91430;88705;65632;49431;50864;7063;7;2054;1800;2864;3197;1
18723;260000;2;2;2;28;0;0;0;0;0;0;181121;167875;171913;169495;167944;166881;7013;10051;10026;7039;8057;10213;0
18728;200000;2;2;1;29;0;0;0;0;0;-1;46139;59923;44974;30844;15833;15833;30000;1300;2000;1000;16332;15833;0
18737;80000;2;2;2;25;1;2;0;0;0;0;50120;49013;50051;51123;52175;53337;0;1828;1900;1900;2000;4300;1
18756;300000;2;1;2;29;-2;-1;-1;0;0;0;25370;18078;21245;36737;37071;24930;21250;23005;35012;25000;24000;24000;0
18765;220000;2;1;2;28;0;0;0;0;0;0;157215;161006;165222;168145;169162;172041;6502;8100;8200;6000;6200;6200;0
18767;230000;2;2;2;28;1;-2;-1;2;-1;-1;0;0;233;233;20;0;0;233;0;20;0;0;0
18807;170000;2;3;2;31;1;-2;-2;-2;-1;-1;0;0;0;0;150;167;0;0;0;150;167;2578;0
18810;50000;2;1;2;30;0;0;0;0;0;0;31205;23646;24418;25938;27067;28193;2000;2000;2000;1500;1500;1500;0
18821;180000;2;2;1;26;0;0;0;0;-1;-1;182026;111563;78169;0;2354;9446;4500;10056;200;2354;9446;0;0
18823;360000;2;2;2;26;-1;-1;-1;-1;-2;-2;1968;459;2500;0;0;0;463;2500;0;0;0;0;0
18830;340000;2;1;1;29;-1;0;0;0;0;0;11806;13535;18784;26069;20007;15857;10000;6000;23000;400;5857;6500;0
18834;70000;2;2;2;24;0;0;0;0;0;0;34201;49800;26194;27454;28159;25775;1800;2000;2000;1500;1500;0;0
18838;500000;2;1;2;26;0;0;0;0;0;0;32637;35863;37860;42572;47200;59843;15943;27878;22572;17200;19843;96632;0
18847;130000;2;2;1;28;0;0;0;0;0;0;123943;126857;127706;121939;81506;83234;6500;6600;6000;3100;3200;3300;0
18850;200000;2;1;2;28;0;0;0;0;0;0;140407;142965;188990;188742;187267;190249;8031;55015;5327;5505;5525;6039;0
18852;30000;2;2;1;30;1;5;4;3;2;2;28534;27805;27090;26361;26831;27552;0;0;0;1200;1300;985;1
18854;80000;2;3;1;26;0;0;0;2;0;0;69589;72802;77106;74420;76220;77877;5000;6100;0;3000;3000;3000;0
18856;20000;2;1;2;23;0;0;0;0;0;0;14302;15748;16986;18656;19101;20345;2000;1500;2000;1000;1500;3000;0
18857;80000;2;1;2;27;0;0;0;0;0;0;52652;53774;54909;56035;57598;59164;2000;2000;2039;2500;2500;2500;1
18861;150000;2;5;2;26;0;0;0;0;0;-2;117209;102018;79511;39800;-1500;0;3700;25007;2300;0;1500;0;0
18863;50000;2;1;2;27;1;-1;-1;-1;0;0;0;45000;1000;4874;5374;5874;45000;1000;4874;500;500;0;1
18882;50000;2;2;2;31;0;0;0;0;0;0;51036;50718;48853;48739;9372;9736;1762;2314;1200;1000;1000;500;0
18894;180000;2;1;2;27;-2;-2;-2;-2;-2;-2;0;0;0;0;0;0;0;0;0;0;0;0;0
18900;180000;2;1;2;28;1;2;2;2;0;0;5930;5689;8414;8062;5052;2806;0;3000;0;200;0;0;1
18902;110000;2;1;2;27;0;0;0;0;0;0;112938;113331;108567;110772;111946;111853;6000;5500;5500;4500;4400;4400;0
18904;140000;2;1;2;28;-1;-1;-1;-1;-1;-1;7588;15557;18886;9476;5040;6070;17015;19030;10000;10000;6100;22000;0
18905;360000;2;1;2;28;-1;-1;-1;-1;0;0;9626;11684;18144;57687;49519;53478;15023;18500;57697;11000;15000;5000;0
18912;50000;2;1;2;28;0;0;0;0;0;0;48211;41670;42710;43399;44261;45188;1971;2011;1700;1585;1641;4000;0
18914;50000;2;2;2;28;1;3;3;2;2;2;45472;47923;46898;45849;48258;48341;3500;0;0;3500;1000;3500;1
18915;120000;2;2;1;28;1;2;0;0;0;0;60188;58467;59760;60990;61960;65233;0;3000;3000;3000;5000;0;1
18922;150000;2;2;2;28;0;0;0;0;0;0;62122;46576;43583;45569;46533;47653;2000;2500;3000;2000;2000;3000;0
18923;390000;2;1;2;28;0;0;0;-2;-2;-2;202248;205150;0;0;0;0;10000;0;0;0;0;0;0
18929;90000;2;1;2;29;2;2;2;0;0;0;7052;9370;9078;10267;10350;10564;2605;0;1500;550;529;531;1
18940;390000;2;3;1;28;0;0;0;0;0;0;129002;130535;129888;133690;137720;140536;5000;5500;6000;10000;5000;5000;1
18942;200000;2;2;2;30;0;0;0;0;0;0;38616;40612;32801;14664;17092;18820;3040;1306;3400;3000;2000;0;0
18952;40000;2;3;1;23;2;3;2;2;2;0;8244;7966;9331;9729;9424;9621;0;1642;700;0;349;872;1
18955;20000;2;1;2;23;0;0;0;0;0;0;16178;12662;13367;14046;14425;14024;1300;1300;1300;600;600;600;0
18957;130000;2;5;2;39;-1;-1;-1;-1;-1;-1;264;264;264;264;0;678;264;264;264;0;942;0;0
18958;140000;2;2;1;28;2;2;2;2;2;2;115019;115647;121304;122331;125296;127788;4000;9000;4500;5000;4639;0;1
18961;200000;2;1;2;29;-2;-2;-2;-2;-2;-1;-792;-792;-792;-792;-792;69708;0;792;0;0;70500;1688;1
18965;170000;2;2;2;29;0;0;0;0;0;0;51401;47742;45529;42805;38017;39239;2100;2105;2447;1200;3000;2000;0
18969;250000;2;5;1;27;0;0;0;0;0;0;127786;60663;49181;34072;33419;33925;3729;1600;2000;1000;1100;900;0
18970;180000;2;1;2;28;0;0;0;0;0;0;230740;30873;32033;51373;52553;53505;1500;1660;20000;2030;1951;3000;0
18972;210000;2;1;2;28;0;-1;0;0;-1;0;9918;6942;24680;41291;10623;10765;6942;24000;22000;20000;5000;3000;0
18978;170000;2;1;2;29;0;0;0;0;0;0;37350;38724;40096;41130;42144;43114;2000;2000;2000;2000;1800;1800;0
18995;100000;2;1;2;30;0;0;0;0;0;0;91844;90375;81572;71451;68530;66844;3200;3007;3200;3000;3500;2600;0
19002;200000;2;1;1;27;1;-2;-1;2;0;0;-896;2500;653;653;653;0;7052;653;0;0;0;1300;0
19004;180000;2;1;2;29;0;0;0;0;0;0;44109;20896;18193;18652;14545;18545;8000;5000;3000;2000;2000;6000;0
19010;320000;2;1;2;29;0;0;0;0;0;0;198441;202806;207050;201114;190921;191781;10000;10000;10000;10000;7000;10000;0
19015;50000;2;3;1;37;0;0;0;0;0;0;39804;41106;41843;42839;43690;44232;1964;1701;1697;1548;1620;1774;0
19017;190000;2;2;1;36;0;0;0;0;0;0;185788;185959;179458;162482;158137;157956;7483;5902;7061;4902;6057;5381;0
19025;230000;2;2;2;26;0;0;-2;-2;-2;-2;23758;0;0;0;0;0;0;0;0;0;0;0;0
19026;440000;2;2;2;28;1;2;2;0;0;0;209176;215231;204369;186201;183518;148169;11000;54;7530;7648;6310;3312;1
19032;50000;2;2;2;34;0;0;0;0;0;0;47303;48427;48069;49081;48485;49484;2807;3008;2812;2000;2000;2000;0
19039;90000;2;2;2;26;0;0;0;0;0;0;45069;43310;40275;37800;37323;34396;2000;2500;3000;3000;2000;3000;0
19045;280000;2;1;2;29;-2;-2;-2;-2;-1;-1;-11;-11;-11;-11;2572;9532;0;0;0;2583;9566;145007;0
19047;330000;2;1;1;39;0;0;0;0;0;0;94384;46006;48123;50195;51942;55963;4000;3000;3000;3000;5000;2000;0
19048;190000;2;2;1;46;0;0;0;0;0;0;80903;83900;86897;90399;85698;88400;5000;5000;5600;3000;4000;4500;0
19058;100000;2;1;2;25;1;2;0;0;0;0;97271;88596;89218;63243;42510;41221;0;4950;2400;1200;1400;1203;1
19061;50000;2;2;1;27;0;0;-1;-1;-1;-1;7439;8280;3403;1999;500;0;1028;3423;2005;501;0;0;1
19070;30000;2;3;1;35;2;2;2;2;2;2;26088;27160;26444;28694;27936;29930;1800;0;3000;0;2600;0;1
19072;260000;2;3;1;39;0;0;0;0;0;0;152735;149672;140068;140367;141710;146578;6627;7000;7000;5000;7000;5000;0
19078;90000;2;3;1;40;1;2;2;2;2;2;40467;41495;42520;42997;41698;43976;2000;2000;1800;0;3434;1708;0
19080;70000;2;1;2;29;0;0;0;0;0;0;66867;66502;54263;47562;43735;43509;3020;5040;2000;2000;12000;5000;0
19084;70000;2;3;2;32;2;2;2;0;0;2;23741;26021;24419;23541;10576;6985;4000;0;2000;1000;0;4000;1
19086;70000;2;1;1;29;0;0;0;0;0;0;68494;68532;69475;69582;69589;68728;3200;3300;3100;2800;2600;2940;0
19090;260000;2;1;2;31;0;0;0;0;0;0;229398;202429;206210;208752;209083;208463;8720;9000;8910;7570;7751;8200;0
19091;70000;2;3;1;34;0;0;-1;0;0;0;5219;6747;19948;20231;20757;18357;3092;19948;3000;3002;1002;2102;0
19093;150000;2;2;1;34;0;0;0;0;0;0;146661;142118;139750;142730;144083;130791;6800;6600;6800;5600;4900;5100;0
19095;20000;2;2;1;37;0;0;0;0;0;0;19326;20240;17800;18699;17770;48321;1263;1630;1529;1200;2000;742;0
19110;260000;2;1;1;30;0;0;0;0;0;0;25661;30196;69429;167640;169446;172989;5000;40000;100000;5720;5922;5958;0
19119;80000;2;3;2;42;0;0;0;0;0;0;50320;49816;49457;49071;48242;47746;1784;1898;1985;1629;1655;1687;0
19135;350000;2;1;1;34;-1;0;0;0;0;0;37129;107295;108299;103487;90880;84387;75000;30000;4000;4000;5000;5000;0
19137;280000;2;3;1;34;1;-2;-2;-2;-2;-2;0;0;0;0;0;0;0;0;0;0;0;0;0
19141;160000;2;2;1;37;0;0;0;0;0;-1;27720;14413;13484;6714;-319;3583;5000;5017;5000;0;6774;0;0
19145;80000;2;3;1;32;0;0;0;0;0;0;58091;58247;59495;58832;57677;58066;2700;2800;2100;2181;2500;2300;0
19150;70000;2;1;1;36;1;2;2;0;0;2;18514;19913;19310;20021;22175;21680;2000;0;1339;2493;0;792;1
19151;240000;2;2;1;46;0;0;0;0;-2;-2;233438;240715;246000;-150;-150;-150;11250;10950;0;0;0;672;0
19154;50000;2;2;2;42;0;0;0;0;0;0;46566;47792;49322;50618;13842;14217;2000;2300;2500;500;600;600;0
19155;230000;2;2;1;37;0;0;0;0;-1;0;53327;52513;43726;22738;29019;20328;1973;1890;1595;29019;567;506;0
19164;350000;2;3;1;36;0;0;2;0;0;0;255751;275156;260963;261263;255566;254941;33010;0;11021;9200;8500;8300;0
19173;100000;2;2;1;33;0;0;0;0;0;0;92189;88832;89762;77986;71031;66983;3252;3215;2792;1881;1945;2184;0
19178;200000;2;2;1;44;-2;-2;-2;-2;-2;-2;7096;1323;8457;48757;4200;7312;1336;8457;48757;4200;7312;21740;0
19190;200000;2;3;1;43;1;2;0;0;0;0;119432;116014;119576;123551;129486;133262;0;5000;5000;7000;5000;5000;1
19193;200000;2;1;1;38;-2;-2;-2;-2;-2;-2;2571;2772;2571;2571;2571;2571;2772;2571;2571;2571;2571;2571;0
19197;50000;2;1;2;28;-1;-1;-1;-1;-1;0;1460;1625;3505;12931;2972;1589;1625;3556;14010;3000;0;691;0
19199;300000;2;2;1;40;-1;-1;-2;-2;-2;-2;2470;0;0;0;0;0;0;0;0;0;0;0;0
19207;30000;2;2;1;25;2;2;2;2;2;2;23888;26966;27640;26897;27949;29645;3800;1400;0;1500;2300;1114;1
19214;200000;2;1;2;31;-2;-2;-2;-2;-2;-2;6024;2180;2750;0;1060;2000;2180;2750;0;1060;2000;1060;0
19216;60000;2;1;2;27;0;0;0;0;0;0;23690;22413;17399;16553;14259;14134;1283;1584;1217;496;662;489;0
19218;200000;2;1;2;40;0;0;0;0;0;0;132563;135202;137111;137121;139343;141859;4841;5047;4922;4926;5105;5500;0
19221;30000;2;2;1;47;2;2;2;0;0;0;25893;30628;29368;27769;25999;26924;5501;22;2000;1000;2000;2039;1
19222;330000;2;5;1;36;0;-1;-1;0;0;0;18768;3736;119340;134194;76865;78760;3744;119356;20062;10189;30032;4005;0
19224;330000;2;1;2;38;-2;-2;-2;-2;-2;-2;0;0;0;0;0;0;0;0;0;0;0;0;1
19226;200000;2;2;1;38;-1;-1;-1;-1;-1;0;788;165;1520;413;150;150;165;1520;413;300;0;1638;0
19227;20000;2;3;2;45;0;0;0;0;0;0;12670;13682;14399;15408;15728;17082;1520;1234;1243;563;1609;1500;0
19230;210000;2;2;1;41;1;-2;-2;-2;-2;-2;0;0;0;0;0;0;0;0;0;0;0;0;0
19236;180000;2;1;2;39;-2;-2;-2;-2;-2;-2;11732;6653;-6674;18084;16481;19359;6653;330;36550;16481;21264;16253;0
19255;300000;2;2;1;39;-1;-1;-1;-1;-1;-1;6192;4784;6462;456;-2056;5251;4790;6462;456;0;14447;9196;1
19256;250000;2;2;2;41;-1;-1;-1;-1;-1;-1;312;-18;3600;-10;2022;3809;0;3618;0;2032;3827;3710;0
19258;450000;2;1;2;31;-1;-1;-1;-1;0;0;12818;17522;35727;82517;91873;41628;17577;35758;90018;41340;20000;15000;0
19259;30000;2;1;2;33;3;2;2;2;0;0;21167;20529;24191;23510;24813;25264;0;4000;0;2000;1000;2000;1
19261;250000;2;1;2;29;2;2;2;2;2;2;124780;127168;125721;122209;126129;127847;5900;4500;0;5954;3900;4826;1
19263;230000;2;1;2;31;1;-2;-1;-1;-2;-1;-9;-9;986;0;0;900;0;995;0;0;900;0;0
19278;80000;2;2;1;41;-1;-1;-1;-1;0;0;2727;1679;566;61664;58281;58281;1679;566;61664;0;0;4480;0
19282;200000;2;1;2;33;-2;-2;-2;-2;-2;-2;6421;846;4292;0;0;0;1064;4974;0;0;0;0;0
19290;410000;2;1;1;42;-1;-1;-1;2;-1;-1;12327;2306;4054;3830;3160;49828;2324;4204;0;3160;49828;1647;0
19292;120000;2;2;2;39;-2;-2;-2;-2;-2;-2;326;3756;326;326;326;476;3756;652;326;326;476;326;1
19295;200000;2;2;2;36;0;0;0;0;0;0;193083;195259;196120;168814;163509;172037;9000;8993;7503;6000;11300;6103;0
19308;210000;2;1;1;32;-1;0;-1;-1;-1;-1;7544;5525;6876;2692;5560;2866;5255;7067;2696;5560;2866;8680;0
19326;230000;2;2;1;38;-1;-1;-1;0;0;0;4549;0;24962;34372;32630;33334;0;24962;10000;943;1000;1058;0
19335;160000;2;3;2;36;-1;-1;-1;-1;0;-1;27204;897;1066;1760;880;5510;897;1066;1760;0;5510;0;0
19340;110000;2;3;1;43;0;0;0;0;0;0;48796;49371;19413;20204;16627;14980;2350;1392;1183;511;1151;482;0
19341;50000;2;2;1;45;0;0;0;0;0;0;48875;50103;46641;31459;28901;29523;2080;1690;1458;1100;1076;1094;0
19348;320000;2;2;1;44;1;-2;-2;-2;-2;-2;0;0;0;0;0;0;0;0;0;0;0;0;0
19353;290000;2;2;1;49;-1;0;0;0;0;0;37246;36927;39769;35058;36965;38863;3000;3500;2500;2500;2500;2000;0
19355;30000;2;3;1;39;0;0;0;2;0;0;21173;22513;23826;20613;21269;22761;2000;2000;1000;1000;2000;2000;1
19361;20000;2;2;1;34;0;0;2;-1;-1;-1;3223;3176;220;632;0;316;1220;0;632;0;316;782;1
19373;500000;2;2;1;42;0;0;0;0;0;0;62112;60246;74832;126778;82611;71338;20025;40000;85000;139;20000;29761;0
19380;270000;2;2;1;38;0;0;0;0;0;0;62263;60654;59464;54715;51796;53256;3000;3000;3019;5000;5000;10000;0
19383;120000;2;2;1;48;-1;-1;-1;-1;0;-1;626;0;1252;1252;1252;626;0;1252;1252;0;626;0;0
19385;350000;2;1;2;41;0;0;0;0;0;0;122017;121505;119522;119947;117328;118400;6000;5900;5800;4100;4500;5000;0
19393;410000;2;1;2;31;0;0;0;0;0;0;400967;365398;367247;304903;310333;317330;14158;13000;13000;12000;12000;15000;0
19395;80000;2;3;2;32;-2;-2;-2;-2;-2;-2;4965;51932;0;2165;39881;14691;51932;0;2165;39881;14691;10500;0
19398;240000;2;1;1;33;0;0;0;0;0;0;95835;90385;85011;77329;50673;48723;4060;3181;3000;1500;3042;1377;0
19402;230000;2;2;1;36;0;0;0;2;0;0;3745;4632;4979;631;1635;10244;3000;2023;0;1004;10019;1141;0
19403;230000;2;2;1;40;-2;-2;-2;-2;-2;-2;273;273;2418;1428;4398;5748;273;3588;1428;4398;5748;3768;0
19408;360000;2;2;1;37;-1;-1;0;-1;-1;-1;10000;17444;17165;10000;10000;10000;17444;10035;10000;10000;10000;0;0
19410;200000;2;1;2;32;-2;-2;-2;-2;-2;-2;261;1715;281;1105;354;-2;1723;282;1110;390;0;0;0
19413;60000;2;2;2;27;0;0;0;3;2;2;30641;33787;42025;41067;40109;42695;3987;8825;0;0;3400;1800;0
19416;230000;2;1;1;37;-2;-2;-2;-2;-2;-2;312;2984;1786;363;437;843;3186;1786;363;437;843;500;1
19422;210000;2;2;1;35;-1;-1;-1;-1;0;-1;188;971;2871;5087;1943;3392;971;2871;5087;0;3392;4000;1
19423;110000;2;1;2;27;0;0;0;0;2;0;89603;88232;85362;74552;59902;42254;4113;3500;4005;0;1500;1999;0
19431;160000;2;2;2;38;-2;-2;-2;-1;0;0;0;0;0;68600;70000;0;0;0;68600;1400;0;0;0
19432;240000;2;1;2;27;1;2;0;0;0;-1;7029;3932;2105;2487;777;5300;0;1057;1000;0;5300;1800;0
19434;180000;2;2;1;39;1;-2;-2;-2;-2;-2;0;0;0;0;0;0;0;0;0;0;0;0;1
19447;160000;2;4;1;28;-1;-1;-1;-1;-1;-1;819;162;165;165;165;165;162;168;165;165;165;165;0
19453;270000;2;1;2;32;2;2;2;0;0;0;9220;14050;13539;15005;16438;17021;5000;0;2000;2000;1000;1000;1
19456;100000;2;1;3;47;0;0;0;0;0;0;43175;42669;42238;41646;40976;40503;1680;1722;1603;1406;1598;1502;0
19458;200000;2;1;2;37;0;0;0;0;0;0;191876;121296;121473;123943;127552;130380;4305;4408;4489;5660;6000;0;0
19472;180000;2;2;1;32;2;2;2;2;2;0;13286;15548;15009;17752;17172;18732;2800;0;3000;0;2000;5000;1
19474;100000;2;1;2;32;0;-1;0;0;0;0;41531;6120;104346;91025;91120;1777;6157;100000;2017;1822;1777;7748;0
19476;200000;2;2;1;47;-2;-2;-2;-2;-2;-2;8800;0;5738;0;2244;66000;0;5738;1626;2244;66000;30000;0
19480;50000;2;3;2;35;0;0;-1;0;-1;0;54731;51080;45536;38745;37395;19247;1730;52014;1200;19959;1402;811;0
19481;60000;2;2;1;39;0;0;0;-1;0;0;50615;50200;19567;29035;27762;27740;1619;1429;31426;969;998;1545;0
19483;120000;2;1;2;28;-1;-1;-1;-1;-1;0;3564;2063;768;3096;2677;2592;2063;768;3146;2677;0;0;0
19491;180000;2;1;2;35;-1;-1;-1;-1;0;0;19369;7123;4569;29635;6489;0;7123;4569;36124;0;0;0;0
19499;180000;2;1;2;46;-2;-2;-2;-2;-2;-2;0;0;0;0;0;0;0;0;0;0;0;0;1
19504;300000;2;1;2;39;0;0;0;0;0;2;87540;89792;91558;93741;99802;97711;5000;4500;5000;8000;0;4000;0
19506;210000;2;2;1;29;0;0;0;-1;-1;0;145499;107712;-564;4270;143607;144505;4751;0;6000;143754;5000;5314;0
19510;400000;2;3;1;40;-1;-1;0;-1;-1;-2;27035;28119;31166;35238;1408;4869;28204;33716;37400;1408;4869;5539;0
19519;100000;2;2;1;29;-1;-1;-2;-2;-2;-2;500;0;0;0;0;0;0;0;0;0;0;0;0
19525;240000;2;2;1;32;0;0;0;-2;-2;-2;24615;27500;0;0;0;0;5000;0;0;0;0;0;0
19532;320000;2;1;1;46;-1;-1;-1;-1;-1;-1;57593;534;2709;0;7779;0;534;2709;0;7779;0;417;0
19533;380000;2;2;1;41;3;3;2;0;0;0;415735;400246;384705;383332;381423;377466;0;0;15135;13212;13529;15212;1
19540;150000;2;1;2;31;-2;-2;-2;-2;-2;-2;5596;2569;0;0;0;302;2573;0;0;0;302;176;0
19564;230000;2;1;2;34;-1;-1;-1;-1;-1;-1;3251;4342;2557;4440;4832;6059;4347;2557;4443;4832;6314;7897;1
19572;50000;2;2;1;38;-1;-1;-1;-1;-1;-1;588;588;588;926;643;643;588;588;926;643;643;643;0
19581;200000;2;2;1;39;-1;-1;-1;-1;-1;-1;13145;15549;21375;9312;23958;10825;15571;21488;9312;23958;10825;10773;0
19582;400000;2;1;2;31;-1;-1;-1;0;0;0;5974;2600;110958;164959;130737;128312;2600;110958;110000;20000;58312;9031;0
19587;80000;2;2;2;30;0;0;0;-1;0;0;90562;85919;83023;79031;41149;30244;3340;2000;83731;2000;2000;1000;0
19592;420000;2;1;1;33;2;-1;0;-1;-1;0;8117;20837;21610;10654;4427;1800;20837;1118;10658;6341;0;3;0
19594;230000;2;1;1;40;-1;-1;-2;-1;-1;-2;1163;0;1487;826;-4;-4;0;1487;830;0;0;1342;0
19600;290000;2;1;2;36;0;0;0;0;0;0;57721;57256;57094;55293;54738;55435;2514;3007;2004;2101;2503;2503;0
19613;500000;2;1;1;29;-2;-2;-2;-2;-2;-2;6887;2926;2546;5495;180;-486;2940;2569;6360;3;0;3012;0
19619;180000;2;3;1;31;-2;-1;-1;-1;-1;0;10790;7239;30418;31370;13496;23943;7239;30418;31370;13496;12000;22593;0
19621;50000;2;5;1;33;0;0;0;0;0;0;43268;39605;39702;39200;40000;0;2011;2000;1000;800;0;0;0
19622;50000;2;2;1;34;2;0;0;0;0;0;47993;49051;39945;40254;20040;3563;2010;1904;2214;1000;129;131;1
19626;160000;2;2;1;37;0;-1;-1;-1;0;-1;13307;22887;16846;2150;1033;8264;22887;16890;2150;0;8264;8799;0
19629;100000;2;2;1;46;1;-1;-1;-1;-2;-2;0;766;305;0;0;0;766;305;0;0;0;0;0
19635;300000;2;2;2;41;-1;-1;-1;-1;-1;-1;1215;43909;27785;5221;1278;3245;43943;27863;5234;1278;3245;22;0
19653;50000;2;2;1;32;-2;-2;-2;-2;-2;-2;943;0;0;0;20650;0;10528;0;0;20650;0;0;0
19655;160000;2;3;1;33;-1;2;-1;-1;-2;-2;2364;1095;2190;0;0;0;0;2190;0;0;0;0;1
19657;100000;2;1;2;33;-1;2;2;-1;0;0;5640;1570;0;3198;3198;5198;0;0;3198;0;2000;3348;0
19666;220000;2;3;2;40;0;0;0;2;0;0;197139;166221;178594;174330;179525;184562;6500;15000;0;8000;8000;15000;0
19672;430000;2;2;1;37;0;0;0;0;0;0;17800;18175;11153;11073;2853;3177;2003;2000;1030;2350;2000;1150;0
19673;20000;2;2;1;34;0;0;0;0;0;-1;5185;6547;8879;10926;17536;2090;2000;3000;3000;7000;2090;0;0
19682;110000;2;2;1;39;0;0;0;0;0;0;102801;104907;108107;96213;68003;52684;3818;4955;3446;3000;3000;4000;0
19683;200000;2;2;1;46;0;0;0;0;0;0;106651;103173;104137;103422;95206;65108;3692;5000;3300;2500;2930;1500;0
19693;50000;2;3;1;37;-1;2;0;0;0;0;2564;2378;4167;5438;6193;6939;0;2000;1500;1000;1000;1000;0
19694;70000;2;2;1;49;0;0;0;0;0;0;64049;66079;67488;58246;48859;46688;3700;3100;2200;1600;1850;1800;1
19698;120000;2;2;1;38;2;2;2;2;2;2;63700;65069;66450;67373;68186;68959;3000;3000;2600;2500;2000;3000;1
19706;100000;2;2;1;47;-1;-1;-1;-1;-1;-2;6666;6666;0;6270;-396;-396;6666;0;6270;0;0;0;1
19712;220000;2;1;2;29;3;3;2;2;2;0;4695;4488;4283;5807;5568;5827;0;0;1587;0;500;586;1
19714;290000;2;1;2;27;-2;-2;-2;-2;-2;-2;-4;-4;853;0;71;-73;0;857;0;71;0;14688;0
19717;430000;2;1;2;34;1;2;0;0;2;0;14965;11576;14099;15128;14647;16317;0;3000;3500;0;2000;2000;0
19722;150000;2;3;2;30;0;0;0;0;0;0;24523;22224;20880;17305;16094;18516;2029;3030;3118;3003;3040;2050;0
19724;500000;2;1;1;44;0;-1;-1;0;0;0;329570;71921;367979;294969;189612;128459;72001;368199;6486;234;90;167116;0
19725;270000;2;2;2;28;0;0;0;0;0;0;38875;38589;27846;21787;16429;5488;6000;2000;1200;330;2000;8258;0
19729;170000;2;1;2;32;-1;-1;-1;-1;-1;-1;6699;2999;4896;68;2761;2673;2999;4904;68;2761;2673;1861;0
19734;170000;2;2;2;38;-1;-1;-1;-1;-1;-1;13451;10539;2087;6720;23000;0;10539;2087;6720;23000;0;44400;0
19736;200000;2;1;2;27;0;0;0;0;0;0;62574;63814;65265;66234;62356;55080;2278;2473;2161;2075;1973;2000;0
19739;50000;2;3;1;42;0;0;0;0;0;0;13562;14821;16657;17863;16811;16802;1500;2500;1518;1000;2000;1000;0
19740;50000;2;2;1;46;2;3;3;2;0;0;64350;63192;57205;54371;19946;17406;5000;0;0;613;573;593;1
19744;200000;2;2;1;48;0;0;0;0;0;0;93713;59223;50290;49771;92192;90772;1866;1762;1827;53248;3293;3314;0
19746;50000;2;3;2;43;2;-1;-1;-1;-1;-1;344;5036;1780;5808;390;780;5128;1780;5808;390;780;0;0
19754;310000;2;1;1;36;0;0;0;0;0;0;101941;71874;70459;72958;55547;30970;3016;3031;10091;1429;1500;10207;0
19762;100000;2;2;1;34;-1;2;2;-1;-1;-1;246;246;123;7286;123;123;123;0;7286;123;123;123;1
19774;150000;2;3;1;48;0;0;-1;-1;-1;-1;9730;0;1366;1388;3118;1148;0;1366;1388;3118;1148;496;0
19777;180000;2;1;2;36;-1;-1;-1;0;0;0;980;960;20924;65041;50983;48533;960;20964;50988;110;971;1677;0
19784;290000;2;2;1;35;1;-1;-1;-1;0;0;0;1839;1750;19117;12693;28468;1839;1750;19117;400;2000;3496;0
19795;180000;2;2;1;39;-1;-1;0;-1;0;0;2569;11662;11867;8111;6312;3739;11662;6003;8111;273;3739;6547;0
19810;30000;2;3;1;47;1;2;2;2;0;0;13012;13502;13892;14369;15333;16289;1000;900;1000;1200;1200;1200;0
19812;210000;2;2;1;42;-2;-2;-2;-2;-2;-2;7065;1459;1835;2396;0;0;1459;1835;2396;0;0;0;0
19814;20000;2;3;1;41;0;0;2;0;0;0;6667;8989;8685;7698;8425;7900;2600;0;1300;1000;286;505;0
19816;230000;2;2;1;40;0;0;0;0;0;0;33907;35038;36574;36985;37701;30735;2000;2100;1500;1000;1000;1000;0
19818;20000;2;2;2;33;2;0;0;0;0;0;19946;18694;17228;16923;10467;10526;1593;1340;1171;402;600;538;1
19824;60000;2;2;1;32;0;0;0;0;0;0;59274;59240;59631;58105;57194;60650;2131;2133;2050;2191;5300;0;0
19831;200000;2;2;2;35;1;-1;2;-1;0;0;-3258;7244;3498;10494;6996;3498;14000;0;10494;0;0;16248;0
19835;70000;2;3;1;43;2;0;0;0;0;0;46092;40094;39610;31047;27431;16693;1700;1700;1243;1000;500;1000;0
19836;280000;2;2;2;38;0;0;0;0;0;0;92579;94451;96041;98301;74624;75173;4300;4000;4033;3000;3300;3500;0
19840;50000;2;2;1;49;1;2;2;2;0;0;19208;19608;22608;21951;22287;22778;1000;3321;0;1000;1000;1001;0
19846;200000;2;1;1;43;1;-1;-1;-2;-2;-1;0;601;0;0;0;259;601;0;0;0;259;150;1
19848;100000;2;2;1;30;2;-1;-1;0;0;0;736;1237;40476;41408;36362;34213;1237;43757;2005;1500;2000;2000;0
19862;50000;2;2;2;27;1;2;0;0;2;2;51176;48900;48854;50243;51187;47551;0;2200;3700;2000;0;2000;1
19868;260000;2;1;1;38;-2;-2;-2;-2;-2;-2;0;0;0;0;0;0;0;0;0;0;0;0;0
19869;200000;2;2;1;33;0;0;0;0;0;0;23870;25168;26451;27437;29401;31939;2000;2000;1437;2401;3000;6000;0
19870;450000;2;1;2;34;-2;-2;-2;-2;-2;-2;1494;538;3218;0;429;168;538;3218;0;429;168;168;0
19875;180000;2;2;1;39;-1;-1;-1;-1;-1;-1;5360;6176;398;629;0;978;6207;398;629;0;978;2198;0
19877;50000;2;2;2;42;0;0;-1;0;0;0;37606;17971;10812;12237;13057;15057;3000;15000;2000;2000;2000;0;0
19885;500000;2;1;2;31;1;-1;-1;-1;-1;0;29091;5763;15673;9393;69526;37940;5763;15691;9393;69526;5000;20000;0
19887;340000;2;1;2;34;0;0;0;0;0;0;332916;340159;73004;72338;58935;123936;14600;3035;1958;2819;100000;3000;0
19897;240000;2;3;2;35;0;0;0;0;0;-1;18086;11226;7899;8072;728;24511;1133;1124;2000;728;24709;1972;0
19898;100000;2;2;1;49;1;-2;-2;-2;-2;-2;0;0;0;0;0;0;0;0;0;0;0;0;0
19912;310000;2;2;2;31;0;0;0;0;0;0;309080;314220;288581;294745;301286;306515;11900;12000;12500;12930;12000;13500;0
19923;110000;2;2;2;31;0;0;0;0;0;0;98531;99593;100093;90437;75701;77013;3577;3680;3030;2701;2674;2669;1
19928;330000;2;2;1;39;1;-1;-1;-1;2;-1;0;1380;0;404;404;24420;1380;0;404;0;24420;480;0
19933;120000;2;1;2;36;0;0;0;0;0;0;71199;71993;73652;75482;76686;47781;2574;2816;3200;2911;1800;2000;0
19939;290000;2;2;1;45;0;0;0;0;0;0;36335;36085;35225;35711;35381;34468;1564;1594;1840;1378;1245;1388;0
19941;360000;2;1;1;39;1;-2;-2;-1;0;-1;-390;-390;-390;10872;10540;2203;0;0;11652;358;2203;390;0
19952;30000;2;3;1;38;-2;-2;-2;-2;-2;-2;1535;835;8927;5371;0;1996;835;8939;5480;0;1996;0;0
19954;500000;2;1;1;44;-2;-2;-2;-2;-2;-2;2128;635;13258;4562;893;2030;635;13337;4562;893;2030;0;0
19958;50000;2;2;1;45;0;0;2;-1;0;0;3487;3159;213;3336;1863;390;1213;0;3336;0;0;390;0
19962;60000;2;2;1;35;0;0;0;0;0;3;20163;21517;22860;25154;29387;30607;2000;2000;3000;5000;2000;6000;0
19968;200000;2;1;2;35;-1;-1;-1;-1;-1;-1;467;2628;287;9471;985;4489;2700;1000;9500;1000;4500;1301;0
19971;230000;2;2;2;37;2;-1;2;2;-1;0;535;3881;2297;-3;3044;2424;3888;16;0;3047;12;0;0
19976;220000;2;1;1;41;0;0;2;0;0;0;138657;156689;150748;154481;156487;154870;22000;0;8000;7000;6500;5000;0
19981;300000;2;1;2;31;0;0;0;0;0;0;123306;126251;131968;113866;10811;158664;5000;8000;5000;1342;150000;6800;0
19984;70000;2;2;1;34;-2;-2;-2;-2;-2;-2;1533;3921;6389;0;0;0;3921;6405;0;0;0;0;0
19986;260000;2;1;2;33;-2;-2;-1;-1;-1;0;1900;0;204;-810;2190;810;0;204;0;3000;0;0;0
19989;50000;2;1;2;42;2;0;0;2;2;2;34218;35539;38246;37332;39702;38932;1893;3600;0;3000;0;3500;1
19990;130000;2;1;2;32;0;0;0;0;0;0;58776;53702;43760;31540;23675;15841;2010;2037;1218;2182;1003;1001;0
19992;70000;2;2;1;33;1;2;0;0;0;0;51900;49307;48214;27572;26810;20541;0;1500;1300;1505;1000;1000;0
19994;250000;2;1;1;49;-1;-1;-2;-2;-1;0;1104;0;0;0;3000;1500;0;0;0;3000;0;3212;0
19998;290000;2;2;1;41;-1;-1;-2;-1;0;-1;2025;0;0;9194;9194;399;0;0;9194;0;399;9290;0
20002;100000;2;1;2;38;3;2;-1;-1;0;0;2156;1151;1151;35499;33051;36627;0;1151;35499;10000;6627;7000;0
20008;180000;2;2;1;46;-1;-1;-1;-1;-1;-1;578;911;578;578;578;438;911;578;578;578;438;280;0
20012;170000;2;3;2;33;2;0;0;0;0;0;170348;166348;162319;165592;167482;171106;7622;7354;7464;6127;6550;6100;0
20016;160000;2;1;2;35;-1;-1;-1;-1;-1;-2;3027;1116;2179;5468;80;1314;1116;2183;5468;80;1314;0;0
20018;110000;2;2;1;44;0;0;0;0;0;0;42214;43195;43699;45662;47592;48674;2000;3000;3000;3000;2000;2000;0
20022;20000;2;3;2;31;1;-1;3;2;2;-2;-363;204;204;204;-14;-2400;567;0;0;0;20;3800;0
20026;70000;2;2;2;30;-1;0;0;0;0;0;2429;3878;4957;6209;6338;6587;1500;1300;1500;380;500;500;1
20032;240000;2;2;2;36;2;2;0;0;0;0;247477;241976;242629;239438;203445;203585;11;10949;9419;7461;7601;7501;0
20034;20000;2;2;1;32;1;2;0;0;0;0;18931;18329;19441;20113;19864;15424;0;1414;1146;729;970;0;0
20037;360000;2;2;1;44;-2;-2;-2;-2;-2;-2;1715;3662;12595;223;222;490;3680;12657;224;223;492;494;0
20043;360000;2;2;1;45;0;-1;-1;-1;-1;-1;20137;3332;3542;6487;3437;4875;3332;3752;6487;3437;4875;24181;0
20049;300000;2;2;1;45;0;0;0;0;0;0;12975;13149;13408;12714;12437;11166;1520;2000;1452;1000;649;344;0
20051;10000;2;2;3;43;0;0;0;0;0;2;6110;6302;5972;6985;7845;7574;1240;1200;1120;980;0;268;0
20054;440000;2;1;1;39;0;0;0;0;0;0;388357;390101;387948;354871;238196;200777;14193;14740;9655;6453;5478;4919;1
20055;80000;2;2;2;33;0;0;0;0;2;0;12554;13564;14608;17441;16866;17443;1523;1567;3400;0;1000;1000;0
20057;340000;2;2;1;47;-1;-1;-1;-1;-1;-1;507;892;5221;7627;580;999;892;5269;8193;596;999;176340;0
20069;150000;2;1;2;37;-2;-2;-2;-2;-2;-2;702;0;0;0;0;0;0;0;0;0;0;0;0
20070;360000;2;1;2;38;1;2;0;0;0;0;4741;4534;6491;8422;8665;0;0;2000;2000;243;0;0;1
20075;240000;2;1;1;41;0;0;0;0;0;0;129776;126395;129371;132218;136003;139798;5000;5000;5000;6000;6000;5098;0
20083;150000;2;5;1;40;0;0;0;0;0;0;21001;12406;14587;59974;51049;47079;4000;2500;55000;1115;1000;0;0
20086;80000;2;3;1;49;0;0;0;0;0;0;79967;75920;73968;71919;59894;59405;2700;2875;3000;3000;4000;2500;0
20087;30000;2;3;2;45;-2;-2;-2;-2;-2;-2;0;0;0;0;300;390;0;0;0;300;390;930;0
20096;140000;2;2;1;42;0;0;0;0;0;0;156062;158495;160681;144194;144802;147311;5750;5530;6600;5100;5460;5460;0
20097;290000;2;2;2;40;0;0;0;0;0;0;258360;263820;265115;264323;221070;219295;12025;10000;9883;7738;7813;10000;0
20098;350000;2;1;1;36;-1;-1;-1;-1;0;0;28489;28934;20558;29866;37587;15307;28950;20565;29880;27697;5330;31990;0
20100;80000;2;2;1;42;0;0;0;0;0;2;18172;19559;20437;26591;28350;27758;2000;1500;6500;2200;0;1100;1
20103;150000;2;1;1;37;-2;-2;-2;-2;-2;-2;0;0;0;0;0;0;0;0;0;0;0;0;0
20105;170000;2;2;1;29;0;0;0;0;0;0;50104;32978;11779;79862;39617;34091;2000;2009;78417;8000;3000;3000;0
20115;200000;2;1;2;44;0;0;0;0;0;0;35210;34606;34800;33275;33435;32778;1858;2100;2000;3435;3000;3277;0
20117;170000;2;2;1;45;0;0;0;0;0;2;130668;121100;123414;114180;122332;120270;5900;5800;6000;11600;0;9400;1
20119;240000;2;1;2;33;0;0;0;0;0;0;103100;106908;109419;111838;112727;115479;5295;5500;5500;4000;4500;4000;0
20124;240000;2;2;2;32;0;0;0;0;0;0;132252;135069;136408;139192;142111;145165;6500;5000;5057;5239;5500;5000;0
20131;80000;2;2;1;43;2;0;0;0;0;0;68612;69971;71846;72372;73475;74842;3100;3600;2720;2400;2224;3990;0
20134;110000;2;3;2;46;0;0;0;0;0;0;44590;45846;47104;48325;0;49461;2000;2000;2000;2000;0;2000;1
20137;170000;2;2;2;48;0;0;0;0;0;0;99728;97889;99902;100128;101531;102770;4500;5000;4000;4000;4000;7000;0
20139;500000;2;3;2;36;-2;-2;-2;-2;-2;-2;51132;8830;7570;1576;0;13295;8830;7570;1576;0;13295;38090;0
20140;230000;2;1;2;35;-1;-1;-1;-1;-2;-2;1890;533;267;0;0;0;533;267;0;0;0;0;0
20143;200000;2;3;2;43;0;0;0;-1;-1;-1;5853;5512;492;2038;316;1226;1024;492;2038;0;1226;1582;0
20151;50000;2;1;1;40;0;0;0;0;0;0;48519;35968;29453;26660;26235;27647;1800;1755;1500;1101;2000;1135;0
20152;20000;2;2;1;48;1;-2;-2;-2;-2;-1;0;0;0;0;0;1473;0;0;0;0;1473;930;1
20160;120000;2;1;1;34;1;-2;-1;-1;-1;0;0;0;1471;3094;12623;10446;0;1471;3103;12623;0;1446;1
20166;150000;2;1;1;34;-2;-2;-2;-2;-2;-2;5712;14539;8796;20359;17329;20087;14539;8796;20375;17329;20087;0;0
20178;60000;2;2;1;43;0;0;0;0;0;0;60788;61005;60164;31211;30374;30432;2500;3001;3003;2000;2001;2000;0
20182;170000;2;1;2;28;0;0;0;0;0;0;56766;59811;61987;63849;66276;68207;4000;3638;3500;3500;3000;3000;0
20183;160000;2;1;2;28;-1;-1;-1;-1;-1;-1;15525;34585;37439;47340;2473;4120;34604;37836;47340;2473;4120;6302;0
20185;200000;2;5;2;29;-2;-2;-2;-2;-2;-2;2618;784;611;0;0;150;784;611;0;0;150;478;0
20190;310000;2;2;2;42;-2;-1;0;0;0;0;-2123;246407;250249;254254;259960;265702;260000;10000;10000;10000;10000;10000;0
20201;300000;2;1;2;29;0;0;-2;-1;-1;-2;11500;0;0;1780;0;0;0;0;1780;0;0;0;0
20202;230000;2;2;2;30;0;0;0;0;0;0;149775;107052;231164;120523;117102;116718;10000;130223;9953;4014;3307;4100;0
20205;20000;2;3;2;52;0;0;0;0;0;2;18603;15208;16153;18175;19876;19419;1555;1500;2300;2000;0;1000;0
20217;280000;2;2;1;53;-1;-1;2;2;-1;-1;1890;2846;920;390;7531;1240;2846;390;390;7531;1240;390;0
20218;150000;2;1;1;51;1;-2;-2;-2;-2;-2;0;0;0;0;0;0;0;0;0;0;0;0;0
20219;240000;2;2;1;52;1;-2;-2;-2;-1;-1;0;0;0;0;2780;20034;0;0;0;2780;20034;0;0
20232;20000;2;3;1;51;0;0;0;-1;0;0;18768;19684;11580;780;780;0;1714;1000;780;0;0;0;0
20248;120000;2;3;1;50;0;0;0;-2;-2;-2;121018;123150;0;0;0;0;5550;0;0;0;0;0;0
20252;90000;2;3;1;54;-2;-2;-2;-2;-2;-2;0;0;0;0;1805;0;0;0;0;1805;0;0;1
20254;170000;2;2;1;51;0;-1;-1;-1;0;0;9773;4101;3866;14894;6833;6972;4146;3866;14894;137;139;3029;0
20255;350000;2;1;1;52;3;2;2;7;7;7;2400;2400;2400;2400;2400;2400;0;0;0;0;0;0;1
20259;180000;2;2;1;53;-2;-2;-2;-2;-2;-2;0;533;2329;1778;2510;184;533;2329;1778;2514;184;1103;0
20267;20000;2;3;1;58;2;2;2;2;0;0;8287;10978;11207;11227;12042;12850;3000;700;500;1000;1000;1000;1
20268;80000;2;3;1;55;0;0;0;2;0;0;67671;61346;59100;53133;48598;48882;2141;6433;0;2000;2000;2000;0
20273;190000;2;2;1;48;2;2;2;2;0;0;90128;92367;94227;91943;93546;95759;4500;4100;0;3500;3600;3500;1
20277;60000;2;1;2;62;0;0;0;0;0;2;57918;59878;51466;50506;56373;55341;3028;2006;1862;6729;0;2911;0
20279;150000;2;1;1;54;-2;-2;-2;-2;-2;-2;-1;262;329;39919;263;263;263;331;40118;264;264;790;1
20281;100000;2;3;1;50;0;0;0;0;0;0;49032;48477;46605;48795;48968;49752;1736;1810;3000;1734;1944;2420;0
20283;50000;2;1;1;50;2;2;2;2;2;2;38483;39511;40582;41316;41998;42674;1960;2000;1700;1662;1493;0;1
20291;50000;2;1;2;52;2;0;0;0;-2;-1;6379;3257;4166;0;0;318;1091;1000;0;0;318;0;0
20292;360000;2;1;1;52;-2;-2;-2;-2;-2;-2;6658;2598;1138;6730;3595;2915;2610;1240;6763;3613;2930;47183;0
20293;80000;2;3;3;52;0;0;0;0;0;0;77086;77411;78686;66217;56167;53190;3000;5086;1750;2012;1630;2165;0
20295;140000;2;2;1;52;-1;-1;-1;-1;-1;-1;850;12340;14910;44967;11669;5169;12340;14910;44967;11669;5169;17953;0
20303;240000;2;2;1;53;-2;-2;-2;-2;-2;-2;890;236;0;2194;439;1085;236;0;2194;441;1085;858;0
20307;30000;2;2;1;56;0;0;0;2;0;0;10232;11564;14099;13580;13657;16356;1510;3042;0;600;2942;600;1
20310;60000;2;2;2;55;1;2;0;0;0;0;61278;59106;54647;56071;29199;29815;17;2249;2604;983;1023;1003;0
20326;80000;2;2;1;55;0;0;0;0;0;0;79816;29536;28870;25049;23881;23668;1600;1514;1505;1005;2026;2000;0
20333;80000;2;3;2;54;0;0;2;0;0;0;16613;19828;19227;20593;20951;21460;3500;0;2000;1000;1000;1000;0
20335;440000;2;5;1;64;0;0;0;0;0;0;133996;136606;136771;141131;147251;150332;6319;5000;6625;10000;5443;5501;0
20343;180000;2;2;1;62;1;-2;-2;-2;-2;-2;0;0;0;0;0;0;0;0;0;0;0;0;1
20345;120000;2;3;1;63;0;0;0;0;0;0;49394;51261;51333;51174;44680;43760;3000;2000;2000;2000;2000;2000;0
20357;50000;1;2;2;34;0;0;0;0;0;-1;44168;44727;26135;26730;12180;18179;1410;2000;1167;1017;18179;651;0
20362;250000;1;1;1;36;-1;-1;-1;-1;0;0;5992;0;1400;79181;29172;14816;0;1400;79181;10000;0;4176;1
20363;100000;1;1;1;37;0;0;0;0;0;0;99516;87274;96414;74161;45585;40178;10184;20000;5150;5000;10000;10000;1
20365;20000;1;2;2;22;1;2;2;2;2;0;9422;10106;14127;14598;14069;14690;1000;4211;1000;0;1000;1000;1
20369;50000;1;2;1;23;0;0;-2;-2;-2;-2;9156;0;0;0;0;0;0;0;0;0;0;0;1
20373;20000;1;2;2;22;1;2;2;0;0;0;15471;16211;16752;17471;17830;19230;1300;1100;1300;649;1698;861;0
20376;20000;1;5;2;22;0;0;0;0;0;0;19614;19844;19929;18775;13854;10718;11630;1369;1162;524;606;0;0
20378;10000;1;2;2;21;2;0;0;0;0;0;8999;9042;10038;9784;9984;9780;1400;1305;1000;200;196;0;1
20381;50000;1;3;1;23;0;0;0;0;0;0;43087;44468;46653;43143;19003;-317;2100;3260;1200;1000;0;16628;1
20385;90000;1;3;2;23;3;2;0;0;0;0;92154;87700;61110;14223;9784;5155;0;2200;1000;477;103;0;1
20386;30000;1;3;2;23;1;2;0;0;0;0;30391;29144;30419;30097;25887;25707;0;2033;1420;0;92;0;0
20394;170000;1;4;1;40;0;0;0;0;0;0;171650;171841;171014;168142;169821;173014;6384;7540;7540;6301;6517;6035;0
20398;480000;1;1;1;37;-1;-1;-1;-1;0;0;2849;30999;53425;76538;106032;66535;45205;55328;77000;30048;30015;15056;0
20414;30000;1;2;2;26;0;0;0;0;0;0;29160;30640;23583;24195;24546;-354;2015;1800;1200;551;0;28983;0
20416;20000;1;3;2;25;0;0;2;3;2;2;9248;11859;14264;13746;13228;14333;3100;2900;0;0;1325;670;0
20418;10000;1;3;2;24;1;-1;0;-1;0;0;-372;4253;1777;780;780;0;5253;1500;780;0;0;0;0
20423;50000;1;2;2;26;0;0;0;0;0;0;49458;50135;49889;20459;19727;19354;2200;1500;1933;600;461;350;0
20430;10000;1;1;2;24;2;2;0;0;0;0;8837;7554;8287;9580;9267;10096;0;1500;2000;700;1500;0;1
20433;200000;1;1;2;26;0;0;-1;0;0;-2;14335;12452;4467;3285;0;0;1213;4467;1000;0;0;0;0
20435;210000;1;4;2;27;0;0;0;0;0;0;196963;201741;219122;223267;227841;228377;7000;20000;8200;7100;6800;7000;0
20438;30000;1;2;2;22;3;2;2;2;2;3;26061;25349;27826;27080;30525;29764;0;3200;0;3900;0;0;1
20460;20000;1;2;2;25;-1;-1;-1;-1;-1;-2;390;390;1128;19780;0;0;390;1128;19780;0;0;0;0
20471;80000;1;2;2;25;1;-2;-1;-1;-2;-2;0;0;431;0;0;0;0;431;0;0;0;0;0
20472;50000;1;2;2;26;0;0;0;0;0;2;42695;43679;44757;45703;48476;47603;2000;1781;1727;3500;0;3600;0
20478;50000;1;1;2;28;0;0;-1;-1;-1;-2;23266;16093;19906;11132;0;0;5224;19906;11132;0;0;0;0
20483;160000;1;2;2;26;-2;-2;-2;-2;-2;-2;1987;0;99500;-500;-500;-500;0;99500;0;0;0;0;0
20489;160000;1;4;2;26;0;0;0;0;0;0;11152;11354;11486;12176;8044;0;5398;5676;8874;161;0;0;0
20491;210000;1;2;2;27;1;-2;-1;2;-1;0;0;0;709;397;1026;1026;0;709;0;1026;0;0;0
20496;220000;1;5;2;23;-1;0;0;0;0;0;181870;186428;190995;165452;170786;174213;7500;7500;7000;8000;8000;158956;0
20498;20000;1;2;2;24;1;2;2;0;0;0;6962;7898;7626;8692;9541;9885;1200;0;1200;1000;500;500;1
20507;400000;1;1;2;28;-1;0;-1;0;0;0;21012;10107;240244;287499;86684;6796;5056;241366;278006;425;34;2966;0
20513;200000;1;2;2;27;0;0;0;0;0;0;202591;202924;204693;195319;193566;182175;7565;9593;6919;5666;4686;4500;0
20515;130000;1;1;2;27;-1;0;0;-2;-2;-2;2219;4141;0;0;0;0;2000;0;0;0;0;0;0
20516;100000;1;2;1;30;-1;-1;-1;-1;-1;-1;416;416;589;1416;416;416;416;1005;1416;416;416;0;0
20522;50000;1;2;2;29;2;2;2;0;0;0;46346;49612;48546;49157;49890;48941;4355;0;1900;1333;0;999;0
20523;50000;1;2;2;24;0;0;0;0;0;0;51112;51086;51365;50579;20413;20452;2109;2388;1602;900;838;707;0
20538;360000;1;2;2;28;-1;-1;-1;-1;-1;-1;7156;9780;6672;11201;9718;8781;9849;6712;11244;9747;8806;11872;0
20545;160000;1;1;2;30;-1;0;-1;-1;-1;-1;11170;6393;11845;5431;6683;22285;1007;11907;5437;6693;22296;23500;0
20549;30000;1;2;2;26;3;2;2;0;0;0;30311;31213;30425;30062;30270;29176;1700;0;1310;908;915;1052;0
20556;60000;1;1;2;28;0;0;2;2;0;0;59059;50579;24193;23511;24019;24481;3800;1900;0;1200;1000;3500;0
20561;320000;1;2;2;28;0;0;0;0;0;0;46385;47439;48858;50893;52352;53480;2000;2000;3000;3000;1667;2019;0
20562;180000;1;2;2;28;1;2;2;2;2;2;29484;30309;28313;942;1038;492;2000;942;0;492;0;600;0
20587;380000;1;1;2;29;0;-1;-1;-1;-1;-1;24469;30689;19947;22529;3885;23616;30690;10007;24012;3906;24018;13024;0
20592;170000;1;1;2;25;-2;-1;0;0;0;0;-1028;58324;57657;58832;60002;61260;60751;2100;2135;2148;2225;2396;0
20593;50000;1;2;2;27;0;0;0;0;0;0;17831;18139;18777;19662;19348;19355;1295;1323;1598;674;690;855;0
20598;70000;1;3;1;33;0;0;0;0;0;0;70011;67411;65867;55969;41298;0;15000;3068;2410;0;0;0;1
20605;110000;1;2;2;29;0;0;0;0;0;0;104968;107221;109494;111954;111771;111703;4000;4000;4300;4164;4500;4200;0
20611;500000;1;1;2;29;0;0;0;0;0;-1;29378;20154;11963;8839;2678;3028;5000;8000;3000;1000;3028;8878;0
20619;200000;1;2;2;29;0;0;0;0;0;0;69182;69862;44150;43874;41378;832;3000;3500;1500;500;1000;109586;0
20622;200000;1;3;1;33;-1;-1;-1;-1;-1;0;5868;8654;3408;12019;22169;7416;8697;3439;12079;22219;185;12019;0
20629;200000;1;2;2;33;-1;-1;-1;-1;-1;-1;18044;390;20718;390;390;390;390;20718;390;390;390;540;1
20632;160000;1;1;1;30;-1;0;0;0;0;0;16754;44946;40453;40951;40709;35569;40453;2002;1500;2000;1000;6443;0
20633;260000;1;2;2;30;0;0;0;2;0;0;4640;5891;8840;8464;10068;10977;1500;4000;0;2000;1500;1000;0
20638;50000;1;2;2;31;0;0;3;2;0;0;10426;14466;13952;13418;13686;13456;4231;0;0;451;456;449;0
20643;200000;1;1;2;33;0;0;0;0;0;0;48950;47766;42798;42142;37580;4831;2374;2355;1550;1000;500;461;0
20656;320000;1;5;1;47;0;0;-1;-1;-1;-1;8748;5517;4980;7774;2582;3762;1285;4995;7834;2589;3773;0;0
20658;50000;1;3;2;31;0;0;0;0;0;2;45194;22298;16055;17281;18996;18553;1500;1500;1500;2000;0;1000;0
20665;370000;1;2;2;39;1;2;0;0;0;0;343248;334394;337272;340152;345904;322168;5;14005;12004;12362;12006;9555;1
20680;150000;1;3;1;39;-2;-2;-2;-2;-2;-2;0;0;0;0;0;0;0;0;0;0;0;0;0
20681;20000;1;3;2;47;1;2;0;0;0;2;17629;17053;17796;18729;19049;17300;0;1325;1258;1373;0;602;1
20689;440000;1;1;2;31;0;0;-1;-1;0;0;37547;29349;23713;25427;21187;26486;20016;29748;25448;10015;14501;11501;0
20692;130000;1;3;2;28;0;0;0;0;0;0;132703;132258;133781;133834;132336;132614;5000;6900;7000;7000;6000;5500;0
20702;30000;1;1;2;33;1;2;2;2;2;2;25826;27274;25744;27504;26987;26927;3000;0;3000;1000;1300;0;0
20710;70000;1;2;1;44;1;2;2;2;2;2;54297;52837;56581;55084;56071;59008;0;5200;0;2500;4000;0;1
20714;220000;1;2;1;45;0;0;0;0;0;0;165583;168400;171249;173455;88063;90240;6500;6000;4500;3000;3000;3000;0
20717;210000;1;2;3;39;0;0;0;0;0;0;173187;96550;82810;78255;77816;81392;4000;5000;5000;5000;5000;5000;0
20720;50000;1;3;2;34;0;0;0;0;0;0;44036;35498;33043;25556;24389;25436;4500;4000;3000;2500;4000;2500;0
20722;20000;1;2;2;37;3;2;2;7;7;7;2400;2400;2400;2400;2400;2400;0;0;0;0;0;0;1
20725;270000;1;3;2;38;2;2;2;2;2;2;258442;263195;268769;263144;273783;239278;10350;11000;0;16002;111;8100;1
20728;30000;1;2;1;36;0;0;4;3;2;2;22261;28083;27371;26645;25919;27535;6200;0;0;0;2038;1268;0
20729;50000;1;2;2;41;0;0;0;0;0;0;39369;40710;42736;43751;44619;45900;2000;3000;1729;1597;2000;1709;0
20730;280000;1;3;1;46;-1;-1;-1;0;0;0;14186;2752;41673;33715;16955;13500;2836;41721;2090;356;67;8162;0
20735;120000;1;1;1;49;0;0;0;0;0;0;10105;114804;117262;117427;116637;115794;106000;5800;5700;4400;8421;0;0
20739;30000;1;2;2;30;1;3;2;2;3;2;25907;25209;24524;29397;28628;32009;0;0;5621;0;4000;1500;1
20740;240000;1;1;2;30;-1;0;0;0;0;0;178911;182510;186450;190523;194405;182630;6581;6881;7181;7281;6638;6881;0
20747;50000;1;2;3;41;0;0;0;0;0;0;31197;24486;24777;24521;16773;16524;4590;3000;3005;3014;3632;4006;0
20748;360000;1;2;1;36;-2;-2;-2;-2;-2;-2;4671;928;5384;499;596;2338;929;5405;500;597;2340;2649;0
20752;50000;1;2;2;40;0;0;0;0;0;0;47060;48117;49161;50173;18279;18266;2154;2588;2600;1000;653;1000;1
20758;20000;1;2;2;34;1;2;2;0;0;3;16456;17382;16814;18229;20314;19704;1500;0;1700;2700;0;600;1
20760;130000;1;2;1;33;-1;-1;-1;-1;-1;-1;99;99;99;99;99;98;99;99;99;99;98;894;0
20772;20000;1;2;2;44;0;0;0;0;0;0;8843;9262;7102;5035;5152;2150;1115;1202;1000;117;246;0;0
20776;190000;1;1;2;37;0;0;0;0;0;0;98588;80559;81481;75853;68074;64941;4007;4051;5013;3000;3000;3500;0
20778;410000;1;1;2;32;-1;0;-1;-1;-1;-1;3339;13047;7764;623;4695;4133;10000;7764;623;4695;5973;4421;0
20780;120000;1;1;1;32;0;0;0;0;-2;-2;106552;110787;112900;0;0;0;6000;5500;0;0;0;0;0
20799;10000;1;2;1;37;0;0;0;0;-1;-1;6930;6399;4634;5388;780;0;1065;1246;1000;780;0;390;0
20801;340000;1;2;1;49;0;0;0;0;0;0;317686;302986;263928;260916;257001;210033;17000;18000;13000;12000;12000;8000;0
20808;50000;1;2;2;49;0;0;0;0;0;0;59236;53689;48551;34656;18077;18815;2000;2124;2047;5618;1000;2000;1
20811;240000;1;1;2;47;2;2;-2;-2;-2;-2;2500;0;0;0;0;0;0;0;0;0;0;0;1
20815;180000;1;1;2;37;-1;-1;-1;-1;0;0;49531;45612;0;245863;250472;251024;45612;0;245863;5009;5040;0;0
20816;110000;1;3;1;43;-1;-1;-1;-1;0;0;390;390;5050;63032;33228;31073;390;5050;63032;1100;1100;1000;0
20822;360000;1;1;2;38;-1;-1;-1;-1;-1;-1;1800;2410;2722;2961;2669;2054;2413;2738;2969;2677;2060;2071;0
20827;180000;1;1;2;31;0;0;0;0;0;0;17426;29047;30572;38043;39441;42652;12000;2000;8043;2000;4000;12500;0
20838;350000;1;3;1;44;-1;-1;-1;-1;-1;-1;266692;3551;33112;2341;63698;38355;3569;33276;2353;64017;38546;435;0
20848;160000;1;4;1;45;1;-1;-1;-2;-1;0;0;10427;0;0;1817;1817;10427;0;0;1817;0;4700;0
20850;50000;1;2;2;29;-1;-1;0;-1;-1;-1;5140;9377;5140;5140;5140;5140;9377;1000;5140;5140;5140;2600;0
20853;50000;1;1;2;32;1;2;2;2;2;2;45997;47003;46468;47198;49634;48708;2064;500;1800;3528;0;3000;1
20854;80000;1;2;2;28;0;0;0;0;-2;-2;10677;9478;4603;0;0;0;2017;1033;0;0;0;1820;0
20861;250000;1;1;1;40;0;-1;-1;-1;-1;2;307321;4696;5579;8537;2500;2500;4730;5607;8634;2500;0;0;0
20863;240000;1;2;1;45;0;0;0;0;0;0;228278;232449;223853;225623;221130;225446;10000;9000;10000;8301;9000;13000;0
20870;240000;1;2;1;31;0;0;0;0;0;0;230234;224376;230666;219162;189589;193546;8200;10000;8000;10000;6531;5543;0
20877;280000;1;1;1;38;1;-1;-1;-1;-1;-1;4608;5393;2369;3700;5024;5188;5410;2380;3709;5849;5606;5299;0
20891;310000;1;2;1;35;-2;-2;-2;-2;-2;-2;-354;-354;-354;-354;-354;-354;0;0;0;0;0;352;0
20898;80000;1;1;2;26;0;0;0;0;0;0;18229;27416;25253;5549;4549;4549;10000;2000;2000;0;0;3000;0
20899;200000;1;2;2;25;-1;0;0;0;0;0;88569;101979;143982;146700;149339;162121;15000;43982;5150;6000;15027;463;0
20901;200000;1;1;2;28;0;0;0;0;0;0;87390;115312;142912;161874;176431;180153;30002;30002;21876;16433;5661;5349;0
20908;110000;1;2;1;49;0;0;0;0;0;0;51395;51803;52888;54570;55368;56623;1855;1921;2563;2300;2300;1704;0
20917;30000;1;2;1;30;0;0;0;0;0;-1;29202;30695;29342;23572;21381;28609;2001;10019;1219;1032;28609;1269;0
20920;50000;1;1;2;36;2;2;0;0;0;0;45960;44883;40820;33545;46832;24101;0;1973;1784;845;1750;1010;1
20924;130000;1;2;1;38;0;0;0;0;-2;-2;233617;115431;35400;0;0;0;10000;5000;0;0;0;0;0
20925;20000;1;2;1;45;-2;-2;2;2;2;2;-2044;1961;2983;2790;3589;3388;5966;1201;0;1000;0;1000;0
20928;50000;1;1;1;33;0;0;2;0;0;0;40505;46745;45727;45515;45470;4220;6930;0;1200;155;3000;0;0
20929;360000;1;1;2;33;-2;-2;-2;-2;-2;-2;780;286;0;0;390;-200;286;0;0;390;0;0;0
20941;160000;1;2;1;40;0;0;0;0;0;0;101782;102308;103620;98888;94288;97504;3710;4000;4000;3500;7200;0;0
20942;240000;1;3;1;40;0;-1;-1;-1;-1;0;8936;1649;2999;2840;4114;5923;1658;3010;2840;4114;3923;3673;0
20949;70000;1;2;1;31;0;0;0;0;0;0;3588;3204;2330;1499;1327;671;1505;1005;1002;503;502;0;0
20954;140000;1;2;2;41;0;0;0;0;0;2;185948;170133;155737;140586;136641;117308;6088;5677;4797;15414;0;2330;0
20956;270000;1;2;1;44;2;0;0;0;0;0;187352;179247;180535;187524;185895;190396;8000;6700;10027;6700;7500;7000;1
20957;290000;1;2;2;30;0;0;0;0;0;0;65369;67270;65357;66893;69740;56411;3360;3000;3000;4000;2500;8000;0
20966;250000;1;1;2;33;0;0;0;0;0;0;76412;80024;83952;87147;91191;94220;5000;5000;5000;5000;4000;5000;0
20970;360000;1;1;1;34;-2;-2;-2;-2;-2;-2;2433;1218;505;843;-4;2237;1230;505;843;4;2241;56;0
20973;20000;1;2;3;48;0;0;0;2;0;0;16537;16192;16926;17333;16820;17175;1500;3500;1000;1000;1000;1000;0
20979;50000;1;2;1;41;0;0;0;0;0;0;43607;45375;46836;48635;19373;20129;2500;2500;3000;1500;2000;3000;0
20982;230000;1;1;2;40;-2;-2;-2;-2;-2;-2;6514;7882;162;-868;-868;-868;7882;162;0;0;0;0;1
20984;20000;1;2;2;34;2;2;2;0;0;0;17497;20690;20075;19492;19859;19232;3500;0;1500;805;7000;542;1
20985;360000;1;2;1;33;-1;-1;-1;-1;0;0;15299;44439;22637;101497;68960;28399;44730;22751;101691;2233;6138;16113;0
20986;500000;1;1;1;30;0;0;0;0;0;0;74797;75753;78031;78946;76689;77968;2800;3500;2818;2743;3000;10000;0
20991;180000;1;1;2;31;1;2;2;2;2;2;172505;166692;176869;347813;171041;181637;0;16000;6000;0;15000;7000;0
20994;200000;1;1;1;47;1;2;2;0;0;0;198663;201996;194396;166515;163673;145683;8013;13;8684;5500;7437;4600;1
20998;80000;1;2;1;38;0;0;0;0;0;-1;40356;25023;16392;7467;6727;994;1631;1432;1000;520;1097;2236;0
21001;30000;1;2;1;36;1;-1;-1;-1;0;0;0;780;0;1170;780;0;780;0;1170;0;0;0;0
21002;280000;1;3;1;40;2;0;0;0;0;0;178220;184848;188411;191291;189029;192023;10000;9000;8000;6738;6974;7600;1
21012;50000;1;2;2;41;0;0;0;0;0;0;50516;44187;20314;19707;19566;19916;2721;1750;1200;1000;1000;1000;0
21032;50000;1;2;2;36;4;3;2;0;0;0;51689;50567;48454;49843;51355;29276;3;0;2183;2695;29276;4;0
21033;160000;1;3;2;38;1;-2;-2;-1;0;0;0;0;0;700;700;0;0;0;700;0;0;0;0
21035;230000;1;2;2;36;-2;-2;-2;-2;-2;-2;3245;1855;2577;8001;2970;-1;1864;2590;8039;2984;0;381;0
21039;240000;1;2;1;42;-1;-1;-1;-1;0;0;795;1916;1530;2961;5962;7336;1921;1534;2961;3001;2024;1000;0
21041;260000;1;3;1;44;0;0;0;0;0;0;250416;257987;260104;253488;145630;148720;11000;7100;135546;4500;4590;4501;0
21046;80000;1;3;1;34;-1;-1;0;0;-1;0;5173;10809;8673;11590;5973;5878;10826;3683;5034;5981;2895;3789;0
21054;210000;1;2;1;38;-1;-1;-1;-1;-1;-1;326;0;2684;0;10652;326;0;2684;0;10652;326;0;0
21056;50000;1;3;2;34;0;0;0;0;0;0;49454;49157;49773;48398;32584;33322;1792;2208;1513;1149;1245;1271;0
21059;30000;1;2;1;32;-2;-2;-2;-2;-2;-2;5066;6367;2109;5930;4192;0;6367;2115;5933;4192;0;0;0
21060;220000;1;1;2;34;0;0;2;2;0;0;170352;182711;183825;142216;118269;14960;15206;6000;0;5193;546;1485;1
21075;180000;1;1;1;48;-1;-1;-1;-1;-1;0;325;1260;325;1000;1100;1100;1260;325;1000;1100;0;0;0
21079;50000;1;2;2;34;0;0;2;0;0;0;46413;50056;49072;49724;19801;14301;4729;86;2198;1198;600;1000;0
21080;260000;1;2;1;34;0;0;0;0;0;0;186189;176135;130369;68014;68529;69741;6203;5704;2411;2412;3100;3600;1
21081;230000;1;2;2;41;-1;0;0;0;0;0;23216;25548;23769;17270;13903;1953;10014;1602;1017;332;9;3626;0
21082;240000;1;1;2;41;-2;-2;-2;-2;-2;-2;-317;63435;697;-3;635;1269;63752;700;0;638;1275;421;0
21083;140000;1;1;1;44;0;0;0;2;0;0;90547;92536;96535;98041;100504;103874;3500;5500;4000;5000;5000;5000;0
21084;360000;1;1;1;43;0;-1;-1;-1;0;0;30769;13532;840;68110;55905;42239;13952;864;124037;1679;1163;1126;0
21096;380000;1;1;1;40;0;0;2;0;0;0;95972;123558;114785;161444;163071;160076;30027;0;50005;20042;20000;20000;0
21103;200000;1;2;2;40;1;2;2;0;0;0;193773;196323;181932;132127;132245;138104;7350;261;6206;5006;9406;6;1
21111;320000;1;2;1;35;0;0;0;0;0;0;274599;280021;286011;292636;298492;200098;11500;12000;12873;13020;8800;5650;1
21113;290000;1;2;1;38;1;2;0;0;0;0;296437;192441;194158;197590;187134;180887;25;10013;9526;6549;6373;6781;0
21123;710000;1;2;1;38;0;0;0;0;0;0;67061;64374;62858;69207;73333;121892;10045;10008;10019;10202;70001;10030;0
21128;500000;1;1;1;41;-1;-1;2;2;-1;2;390;780;390;0;3280;2500;780;0;0;3280;0;0;0
21139;20000;1;2;1;41;0;0;0;0;0;0;9632;10676;13702;14713;15068;15425;1208;3234;1245;600;600;600;0
21148;130000;1;2;1;42;1;-2;-2;-2;-2;-2;-52;-52;-52;-52;-52;-52;0;0;0;0;0;1000;1
21153;110000;1;2;1;48;0;0;0;0;0;0;92806;91217;89757;136859;60276;48652;5000;4087;64142;2038;1763;2500;0
21156;360000;1;1;2;45;-1;-1;-1;-1;-1;-2;287;29646;9251;18860;-40;-40;29794;9297;18954;0;0;0;0
21165;230000;1;2;2;36;-1;-1;-1;-1;0;0;182;1407;0;2458;2458;2458;1407;0;2458;0;0;0;0
21169;110000;1;2;1;45;0;0;2;0;0;0;112987;110899;111642;109584;50281;49373;7000;4000;2975;22000;1726;6000;1
21172;50000;1;2;2;44;0;0;0;0;0;0;49699;49685;28637;38137;27128;29992;2300;1487;21704;3000;15000;18300;0
21177;180000;1;2;1;45;0;0;0;0;0;0;130950;119109;119166;121661;122244;119536;6000;6000;6000;5000;4200;3862;0
21178;300000;1;3;2;31;0;0;0;0;0;0;80928;82690;84462;86263;87238;89176;4000;4000;4100;3300;3500;3500;0
21181;180000;1;1;1;46;0;0;0;0;0;0;178517;130975;135592;107315;56274;57608;5000;7000;5200;2000;2060;2000;0
21183;160000;1;1;1;37;0;0;0;0;0;0;16750;9715;5140;5379;3183;5120;1100;1500;1500;1000;2000;4000;0
21184;100000;1;2;2;43;-1;0;0;0;0;0;6768;13054;10489;16146;25053;27671;10015;3018;10002;10007;5018;3438;0
21187;400000;1;1;2;32;0;0;0;0;0;0;55773;55917;51389;48272;49478;51242;3028;3023;3000;3000;3000;38662;0
21196;20000;1;2;1;38;0;0;0;0;0;2;5705;6715;7736;8745;9394;9101;1266;1287;1296;945;0;481;1
21201;160000;1;1;2;31;-2;-2;-1;0;0;0;2930;459;2613;22315;26911;35239;466;4171;22137;20000;12198;0;0
21209;500000;1;1;1;37;1;-1;-1;-1;0;0;271115;15074;16205;21770;60827;18524;15873;16205;21976;50000;7000;21769;0
21210;250000;1;2;2;38;-1;-1;-1;-1;-1;-1;2395;29636;23850;8220;0;8420;29658;23938;8220;0;8420;0;0
21213;20000;1;1;2;40;2;2;2;0;0;2;15563;16995;16433;17443;19254;18804;2000;0;1289;2100;0;2000;0
21227;500000;1;2;1;33;0;0;0;0;0;-1;26597;16573;19080;13860;15904;134584;3357;3010;2000;2044;131438;4504;0
21235;300000;1;2;2;34;0;0;0;0;0;0;50281;51441;54107;55111;56688;58272;2000;3500;3000;2500;2500;2500;0
21236;150000;1;1;2;36;2;2;2;-2;-2;-2;167094;86193;-25443;-46627;-46627;-46627;5068;9;0;0;0;0;1
21250;350000;1;1;1;43;-2;-2;-2;-2;-2;-1;2878;0;850;7980;22703;2093;0;850;3990;45406;2093;2090;0
21251;340000;1;2;1;49;0;-1;-1;0;0;0;9983;43418;388126;358617;333690;302528;43418;388126;12500;11000;11000;11180;0
21256;30000;1;3;2;51;0;0;0;0;0;2;24070;25358;26447;26946;28957;29408;2000;1800;1300;2400;1000;1000;0
21266;20000;1;2;1;50;0;0;2;2;2;2;14123;16758;17494;16916;18135;17703;3200;1300;0;1500;0;1200;0
21268;240000;1;2;1;51;0;0;0;0;0;0;98588;100545;102651;104749;106832;109062;3592;3719;3798;3821;3949;3976;1
21269;110000;1;3;2;52;0;0;0;2;0;0;56327;57106;58489;57800;57312;57188;2700;3300;2044;2100;2000;2266;0
21274;70000;1;3;1;50;2;2;2;2;2;2;41087;42109;43135;43924;44700;45634;2000;2000;1800;1800;1800;1700;1
21279;30000;1;2;2;51;0;0;0;0;0;0;29628;29253;28342;28282;30118;24584;1460;1560;2000;3077;804;761;0
21281;80000;1;2;1;61;0;0;0;0;0;0;81647;65470;73855;41003;29690;27596;5500;10000;7003;4700;3600;3500;1
21285;50000;1;3;1;51;0;0;0;0;2;2;38302;39299;40703;44350;43517;46821;1634;2038;4685;0;3982;0;0
21286;20000;1;3;1;52;2;0;0;0;0;0;16290;17301;19012;19959;19962;19988;1289;2000;1300;658;680;1000;0
21289;60000;1;3;1;52;0;0;0;0;0;0;57470;58713;60251;57251;27896;28499;2200;2500;31000;981;1035;1059;1
21294;360000;1;1;1;50;-1;-1;-2;-1;-1;-2;1858;0;0;3000;0;0;0;0;3000;0;0;1033;0
21295;280000;1;2;1;50;-2;-2;-2;-2;-2;-2;5622;4554;4373;7774;3355;16441;4573;4396;8055;3417;16557;41;0
21296;10000;1;2;1;50;0;0;0;0;0;-1;3664;4526;6880;8830;5550;6195;1300;3000;2509;0;6195;0;0
21297;280000;1;2;1;49;0;0;0;0;0;0;94916;96838;98878;100899;102900;105057;3500;3600;3666;3683;3815;3900;0
21299;50000;1;2;2;56;0;0;0;-1;-1;0;37624;44915;46665;390;430;390;8000;26390;390;430;350;3581;0
21306;20000;1;3;1;60;1;2;0;0;0;0;17495;16917;17922;18201;18566;19284;0;1287;2000;648;1000;1000;0
21307;110000;1;2;1;51;0;0;0;0;0;0;45012;45964;46922;48140;49339;50542;2000;2000;2000;2000;2000;3000;0
21312;230000;1;3;1;61;2;2;-2;-2;-2;-2;2500;0;0;0;0;0;0;0;0;0;0;0;1
21317;50000;1;3;2;60;0;0;0;0;0;0;46362;47393;48631;49143;27709;27549;1800;2000;1500;1000;1200;1100;0
21333;150000;1;1;1;59;-2;-2;-2;-2;-2;-2;5066;2616;3766;3289;8356;10916;2616;4097;3371;8923;13919;8227;0
21334;500000;1;1;1;53;-2;-2;-2;-2;-2;-2;13331;13307;15734;-101;27145;1479;13941;16392;470;27916;1994;12670;0
21339;20000;1;3;2;53;0;0;0;0;0;0;19165;16851;14431;9150;10100;0;3000;3000;5000;6000;0;0;1
21346;350000;1;1;1;57;0;0;0;0;0;0;262719;269742;263086;269832;271763;276224;11500;18000;11000;11500;14000;12000;0
21353;290000;1;3;1;55;0;0;0;0;0;0;21372;25278;29127;32901;36634;40460;5000;5000;5000;5000;5000;5000;0
21365;70000;1;2;1;54;-1;0;0;0;0;0;20706;21410;22437;23448;23914;24415;1351;1378;1389;855;885;1132;0
21369;50000;1;2;1;53;2;0;0;2;0;0;17946;18946;21904;21243;20225;19850;1306;3264;0;846;856;804;0
21382;680000;1;2;2;64;0;0;0;0;0;0;568532;577681;577015;565669;524315;476846;22000;23000;21300;20000;17500;17000;0
21388;60000;1;1;1;54;1;2;0;0;0;0;60500;58926;58625;58822;56661;40700;0;2500;2500;3000;4500;3000;0
21393;150000;1;1;1;54;1;2;2;2;2;2;23959;23276;25294;26780;27143;27563;0;2400;2201;1100;1000;0;1
21400;110000;1;2;1;56;0;0;0;0;0;0;93983;88777;82501;54458;45943;44724;3371;2636;1883;1584;1604;2008;0
21407;110000;2;2;2;28;0;0;0;0;0;0;35208;36619;38026;40332;41772;43052;2000;2000;3000;2000;2000;2000;1
21413;180000;2;4;2;26;0;0;0;0;0;0;42086;96998;133743;135900;159631;160881;90402;100028;20000;26000;7000;6654;0
21415;220000;2;1;2;30;-1;-1;-1;-1;-1;-1;8939;316;541;4188;3473;7653;316;541;4188;3473;7653;2280;0
21420;90000;2;3;1;56;0;0;0;0;0;0;59524;57898;57739;55499;48246;47850;2670;2690;3041;3790;2000;2000;0
21424;60000;2;2;2;35;0;0;0;-1;0;0;42174;40510;20513;22123;17094;18668;3090;10709;22154;1000;2000;700;0
21434;130000;2;5;2;27;0;0;0;0;0;0;106852;107599;109902;112635;114472;117556;4000;4030;4600;4200;5000;5000;0
21439;150000;2;2;2;30;0;0;0;0;0;0;106911;105889;96548;87085;52323;51260;4000;4500;5000;2000;1700;2300;0
21442;120000;2;3;1;51;0;0;0;2;2;2;26496;28586;33828;34236;34734;35292;2800;6000;1200;1300;1200;0;0
21443;160000;2;2;1;25;0;0;0;0;0;0;83005;84023;81765;84265;84437;81265;3900;3300;3906;3000;3100;3120;0
21452;120000;2;2;2;30;-1;-1;-1;-1;-1;-1;140;3230;3011;1964;1883;1538;3230;3011;1964;1883;1538;1911;0
21456;180000;2;2;2;29;1;2;0;0;0;2;77494;75658;76942;80419;90715;37376;0;3100;5000;11000;1000;1000;0
21458;180000;2;2;2;24;0;0;0;0;-1;0;8031;9269;9029;11186;23320;6666;2009;2626;3000;23320;1000;1000;1
21482;400000;2;1;2;29;-1;-1;-1;-1;-1;-1;3807;3168;372;20031;916;30979;3168;372;20231;916;30979;1984;0
21491;200000;2;2;2;29;-1;0;0;0;0;0;3334;4772;7675;10519;6980;8702;1500;3000;3000;1000;2000;2000;0
21492;500000;2;2;2;28;0;0;0;0;0;0;182416;150298;88448;58009;47336;7112;5000;3850;3248;13736;14256;220371;0
21493;160000;2;2;2;28;-2;-2;-1;2;-1;-1;968;708;1841;441;3438;3046;710;1913;0;3456;3054;1224;0
21494;250000;2;2;1;29;-1;-1;-1;0;0;0;390;0;49140;32699;32949;34150;0;49140;1596;5000;2000;1800;1
21495;60000;2;2;2;27;0;0;0;0;0;0;57697;48934;44653;44056;42210;41796;2200;5000;2000;1500;2000;1600;1
21498;50000;2;2;1;25;1;3;2;2;0;0;52207;51067;51278;49425;30113;29644;0;2536;13;1199;1058;1073;0
21504;100000;2;2;2;24;0;0;0;0;0;0;65744;67050;68456;69849;71240;72736;2398;2485;2532;2549;2643;3000;0
21511;30000;2;1;2;23;0;0;0;-1;0;0;10210;13754;-191;24149;25452;25104;6000;250;25000;2000;1000;1100;0
21517;60000;2;2;2;26;2;2;2;2;2;2;55892;56685;55208;59175;60218;55447;2300;0;5000;2511;6;3000;0
21518;90000;2;3;1;48;-1;-1;-1;2;-1;0;1102;-14;21816;316;632;316;0;22146;0;632;0;7816;0
21541;30000;2;2;2;22;0;0;0;0;0;0;19502;8999;11797;11972;16482;9082;3000;3000;4000;5000;5000;5000;0
21543;80000;2;2;2;24;0;0;0;0;0;0;17220;14844;12718;8808;7952;7925;1400;1600;1088;245;636;0;0
21570;140000;2;1;2;25;-1;-1;-1;-1;-1;-1;30077;2809;7541;10661;2214;6020;2809;7541;10661;2214;6020;0;0
21571;210000;2;2;2;26;-1;0;0;0;0;0;119269;60133;56076;39135;25396;18553;2345;1915;5028;3200;371;25140;0
21574;30000;2;2;1;22;2;2;2;0;0;0;30525;28574;14220;14188;7058;7976;1725;0;1230;1000;1000;0;1
21577;20000;2;2;2;21;0;0;0;0;0;0;10109;11153;11841;4725;9135;18355;3000;2000;1200;5000;10000;8906;0
21584;180000;2;2;1;35;-1;-1;0;0;0;0;1175;5317;8388;8529;7739;3803;5317;3200;2700;2000;76;0;0
21586;130000;2;2;2;24;0;0;0;-1;-1;-2;14518;15000;0;1207;0;0;1150;0;1207;0;0;0;0
21587;30000;2;2;2;25;0;0;0;0;0;0;28709;28649;29619;30224;27326;30297;1462;1589;1351;2500;4000;1500;1
21589;500000;2;1;2;37;-2;-2;-2;-2;-2;-2;315;2579;3824;813;0;4443;2579;3824;813;0;4443;330;0
21592;60000;2;2;2;24;0;0;0;-1;-1;-1;58692;61225;54673;2193;8258;0;5000;1098;2193;8258;0;0;0
21612;110000;2;2;2;24;1;2;0;0;0;0;72184;69650;70172;48720;48540;43692;0;3200;2478;2000;1900;2000;0
21614;20000;2;2;1;24;0;0;0;0;-1;0;17599;18920;19000;0;80;540;1920;1000;0;40;1000;844;0
21626;80000;2;2;2;24;0;0;0;0;0;-1;13118;11622;12011;3210;1651;2256;1500;1511;1000;1000;2256;924;0
21638;10000;2;1;2;23;1;2;2;-1;-1;-2;8356;7864;6171;1681;0;0;1200;0;1681;0;0;1250;0
21643;100000;2;1;2;25;0;0;0;0;0;0;40083;44385;45117;25845;7141;9141;5000;2000;2030;3000;2000;2000;0
21646;340000;2;2;2;25;-2;-2;-2;-2;-2;-2;-2;-2;466;-3;1292;586;0;468;0;649;1178;0;0
21649;450000;2;1;2;25;-2;-2;-2;-2;-2;-2;0;0;0;0;0;0;0;0;0;0;0;0;0
21651;30000;2;2;1;26;-1;-1;-1;-1;-1;-1;3761;7215;2730;1770;0;11242;7231;2732;1770;0;11242;2000;0
21656;260000;2;2;2;27;-2;-2;-2;-2;-2;-2;895;0;0;0;0;0;0;0;0;0;0;0;0
21659;30000;2;2;2;27;0;0;0;0;2;2;8476;9677;10715;13218;12709;17463;1500;1500;3000;0;5000;0;0
21662;90000;2;1;2;23;-1;-1;-2;-1;-1;-1;3030;0;0;4220;1130;212;0;0;4220;1130;212;298;0
21663;60000;2;2;2;24;0;0;0;0;0;0;57674;59213;60764;60070;40479;39871;2500;2505;2000;3003;1500;2100;0
21667;50000;2;2;1;24;0;0;0;0;0;0;34983;34922;37248;30640;16158;0;1700;3000;1200;2000;0;0;0
21668;20000;2;2;2;24;3;2;2;2;2;2;322;322;322;322;322;322;0;0;0;0;0;0;1
21673;80000;2;2;2;23;2;0;0;0;0;0;71975;64153;47680;33336;24439;26187;3139;4000;3000;2000;2000;0;1
21681;90000;2;2;2;23;0;0;0;0;0;0;13107;13740;14770;13306;10465;9704;1251;1281;1173;500;1000;1000;0
21682;20000;2;1;2;24;0;0;0;0;0;0;19403;18989;18914;19883;19293;19993;1300;1332;1301;700;1000;900;0
21685;90000;2;2;2;24;0;0;0;0;0;0;14329;14520;14747;4753;5152;4664;3000;1240;1220;1000;500;800;0
21691;40000;2;2;2;25;0;0;0;2;0;0;34084;35169;37940;36824;37242;37900;1861;3755;0;1290;1337;1339;0
21693;100000;2;5;2;27;0;0;0;0;0;0;152330;66107;60734;48816;28679;30231;3000;2231;1617;1000;2000;590;0
21694;100000;2;1;2;30;1;-2;-2;-2;-2;-2;0;0;0;0;0;0;0;0;0;0;0;0;0
21696;270000;2;2;2;25;0;0;0;0;0;0;22579;23579;24613;25617;25434;25966;1380;1419;1423;910;942;951;0
21699;80000;2;1;2;25;-1;2;2;-2;-2;-2;259;259;0;0;0;0;0;0;0;0;0;0;0
21700;20000;2;2;2;25;0;0;0;0;0;0;4120;5387;6440;7373;8246;11095;1500;1300;1200;1000;3000;406;0
21701;240000;2;3;2;25;0;-1;-1;-1;-1;-1;198768;2986;191142;98080;19380;100000;2986;191142;98080;79380;100000;50254;0
21702;70000;2;2;2;25;2;0;0;0;2;2;19112;20115;20837;22986;22319;23952;1629;1351;2500;0;2000;0;1
21707;100000;2;1;1;26;0;0;0;0;0;0;98530;95849;97235;93531;43975;45512;4301;4615;2729;1275;47052;1680;0
21718;190000;2;1;2;26;1;-1;0;0;0;0;0;2236;5265;5034;1091;0;2236;3265;3060;22;0;0;0
21725;30000;2;3;2;26;2;3;2;0;0;0;26412;25700;24989;25068;26145;27219;0;0;1500;1500;1500;1050;0
21730;50000;2;2;1;26;1;-2;-2;-2;-2;-2;0;-69777;0;0;0;0;0;70000;0;0;0;0;0
21732;180000;2;1;1;26;-1;-1;-1;-1;-1;-1;4745;5865;6059;5537;17366;16971;5865;6091;5537;17366;16971;2785;0
21738;20000;2;1;2;23;-1;0;0;0;0;0;4456;7339;9662;9708;4779;6968;3000;4029;5514;3000;3000;8000;0
21742;80000;2;2;2;23;0;0;-1;0;0;0;80715;82687;80613;80671;72785;74313;5000;81000;2776;2600;2696;2812;0
21747;20000;2;1;2;24;0;0;2;-1;-1;0;5275;5487;2778;6572;5016;2508;2778;0;6572;5016;0;0;0
21755;150000;2;1;2;24;-2;-2;-2;-2;-2;-2;4244;9830;7588;13896;528;0;9830;7588;13907;528;0;6093;0
21757;270000;2;2;1;25;0;0;0;0;0;0;184560;178592;170225;156719;151716;153519;6061;6081;5072;5009;5254;4069;0
21791;200000;2;1;2;25;1;-2;-2;-2;-2;-1;2396;1823;1630;2203;1443;1823;1823;1630;2203;1443;1823;1027;0
21798;200000;2;2;2;25;-1;-1;-1;-1;-1;-1;2298;1490;1669;142;1100;6861;1490;1669;144;1100;6861;1110;0
21805;120000;2;3;2;25;0;0;0;0;0;0;106621;105893;107838;103273;101353;87934;4000;5013;4000;3199;3130;4000;1
21808;360000;2;2;2;26;0;0;0;0;0;0;22233;22935;23816;13800;11000;0;1287;1152;1000;1000;0;179;0
21819;290000;2;2;1;26;0;0;0;0;0;0;262518;180499;138326;128721;95657;90210;6500;5300;4000;5000;3000;2974;1
21832;60000;2;1;2;27;-1;-1;2;0;0;0;1130;7;7;11965;11958;12069;7;0;11958;0;611;0;0
21835;140000;2;2;1;27;0;0;0;0;0;0;125792;126771;132730;124689;105447;106704;5000;10000;5000;5000;5000;5000;0
21843;270000;2;2;1;26;0;0;0;0;0;-1;22804;11496;12273;12014;10597;31182;1496;2273;2014;597;31182;82615;0
21844;70000;2;2;1;27;0;0;0;0;0;0;69762;68914;69252;70415;69212;70514;2450;2600;2700;2500;2800;2500;1
21856;180000;2;2;2;27;0;0;0;0;0;0;173098;172494;172060;166204;145146;142961;8000;8100;8000;5600;5500;15000;0
21860;360000;2;1;1;26;-2;-2;-2;-2;-2;-2;1517;2742;2317;2482;1415;2095;2749;2322;2482;1417;2095;3228;0
21863;200000;2;1;2;27;0;0;0;0;0;0;201202;202252;195276;167209;144232;137271;15200;9600;9503;5148;4968;4930;0
21866;60000;2;2;2;26;1;2;0;0;-2;-2;47963;36871;3800;0;0;0;0;1038;0;0;0;0;0
21876;290000;2;2;2;25;0;0;0;0;0;0;140615;142201;145676;144305;140375;142119;7003;7037;7019;6005;6006;6011;0
21877;50000;2;2;1;26;1;-1;2;2;-2;-2;0;1000;2000;0;0;0;1000;0;0;0;0;0;0
21883;230000;2;4;2;26;1;-1;2;-1;-1;-1;0;500;500;624;1090;2952;500;0;624;1090;2952;1505;0
21901;120000;2;2;2;27;2;2;2;2;0;0;113354;115503;121861;117485;118381;115604;6200;10900;0;5000;4800;4505;1
21904;420000;2;1;2;27;-1;-1;-1;-1;0;0;15629;5402;1237;24712;11912;12647;5402;1237;24712;0;2647;22019;0
21905;180000;2;3;2;27;-1;-1;-1;-1;-1;-1;3578;3898;0;715;4079;0;3898;0;715;6942;0;213;0
21911;300000;2;2;2;24;0;0;0;0;0;0;16463;11537;9265;7263;14145;11535;1500;1500;1500;9433;2000;3000;0
21924;110000;2;2;2;25;0;0;0;0;0;0;50406;45099;46002;44701;42706;43513;1800;1800;1700;1500;1600;2000;0
21939;90000;2;2;2;27;0;0;2;0;0;0;97973;100442;89242;82784;53609;49048;12500;2;5085;5000;3000;1004;1
21940;80000;2;2;2;27;0;0;0;-1;-1;-1;52934;54217;52394;2131;744;758;3000;1064;2500;1000;1000;1000;0
21943;200000;2;1;2;27;-2;-2;-2;-2;-2;-2;4257;3690;4460;3190;5238;950;3690;4460;3190;5238;950;250;1
21949;160000;2;3;2;28;-1;-1;-1;-1;-1;-1;408;99;99;398;99;569;99;99;398;99;569;751;0
21957;50000;2;1;2;27;0;0;0;0;0;0;30951;28622;11656;5435;6337;7227;1600;1542;1100;1000;1000;284;0
21958;200000;2;1;2;28;-2;-2;-2;-2;-2;-2;0;0;0;0;0;0;0;0;0;0;0;510;0
21959;50000;2;2;1;27;0;0;0;0;0;0;47254;43583;35245;27520;25928;26470;1720;3100;1723;1100;1111;1200;1
21962;150000;2;2;2;27;-1;-1;-1;-1;0;0;1518;1798;5699;4644;70337;67902;1798;5699;4644;70331;3000;3000;0
21977;80000;2;2;2;25;2;2;2;0;0;0;77096;83189;81308;81847;81077;79885;8000;0;2800;3000;3390;7950;0
22000;200000;2;2;2;28;0;0;0;0;0;0;61940;63314;64699;66029;66836;68390;3000;3000;3000;2500;2632;2700;0
22006;110000;2;1;2;27;0;0;0;0;0;0;110553;108387;111427;111697;111956;111325;4000;4800;4300;4300;4400;3874;1
22007;60000;2;1;2;27;1;-2;-2;-1;-1;-1;0;0;0;150;1179;778;0;0;150;1179;778;496;0
22009;230000;2;2;2;28;0;0;0;0;0;0;111295;112425;95155;72983;70329;69340;4473;5000;2624;2360;3100;1600;0
22012;50000;2;2;2;29;2;2;2;2;0;0;48286;49286;50006;48846;45944;46925;2100;1800;0;1624;1700;3000;1
22027;250000;2;2;2;29;0;0;0;0;0;0;46948;46351;33227;33732;32245;37589;2500;10000;3000;3000;8000;0;0
22040;90000;2;5;2;24;0;0;0;0;0;-1;17584;18377;18496;11716;3163;30483;2000;1300;2000;67;30483;2905;0
22042;90000;2;3;1;25;0;0;0;0;0;0;25806;16919;17566;8718;6432;2655;1619;1266;1048;1032;1655;0;0
22044;150000;2;1;2;24;0;0;0;0;0;0;52824;15214;16452;17281;18576;18783;4000;2000;2000;2000;2000;3000;0
22046;200000;2;1;2;25;0;0;0;0;0;0;198890;200299;181617;181994;150013;150283;8058;6900;7022;5300;5368;5520;0
22047;210000;2;1;2;25;0;0;0;0;0;0;66517;63828;60713;61949;61908;59914;3000;2500;6259;5000;3000;5000;0
22053;50000;2;2;2;29;1;2;2;2;0;0;22021;22334;21047;19925;20638;18803;1000;2000;1000;1000;1000;1000;0
22061;70000;2;3;2;28;2;2;2;2;2;2;24799;24102;26305;27570;28021;27436;0;2600;2000;1200;0;1500;0
22063;130000;2;2;2;28;0;0;-1;0;0;0;131630;65325;2315;101035;82288;86788;3600;2315;100000;3500;8000;4000;0
22065;140000;2;2;2;29;-1;-1;-1;-2;-2;-2;389;403;0;0;0;0;407;0;0;0;0;1260;1
22067;160000;2;1;2;26;-1;-1;-1;0;0;0;2659;3859;10709;8677;4318;2659;3859;10709;1000;100;1000;2856;0
22075;360000;2;2;2;27;0;0;0;0;0;0;44179;37697;29686;23724;5576;2273;1498;1799;1008;120;2289;5302;0
22078;50000;2;1;2;29;0;0;0;0;0;0;8838;7662;40125;37552;22960;14735;6540;37130;2858;3000;1000;5000;0
22083;90000;2;1;2;28;0;0;0;2;2;2;38355;39413;41181;41701;44000;45651;1700;2404;1500;3000;2500;600;0
22084;400000;2;1;2;27;-2;-2;-2;-2;-2;-2;0;0;0;0;18014;0;0;0;0;18014;3710;0;1
22092;320000;2;2;1;29;0;0;0;0;0;0;34818;22718;9398;10222;13791;13498;1690;1500;1000;3628;1041;1006;0
22095;230000;2;2;1;28;2;2;2;2;2;2;35610;38701;35043;35678;36730;35994;3706;0;1513;1730;2000;9000;1
22102;50000;2;3;2;28;0;0;0;0;0;0;52775;54397;55328;42511;31032;34510;2500;2000;2000;5000;4000;3000;1
22105;100000;2;2;2;29;0;0;0;-1;-1;-1;7815;11139;3708;2180;1949;717;5000;1000;2180;1949;717;39000;0
22107;230000;2;1;2;29;0;0;0;0;0;0;4827;5605;7719;7601;12140;16145;2000;3050;5000;5000;5000;5000;0
22109;150000;2;2;1;30;-1;-1;0;0;-1;-1;35213;115041;135090;80085;35940;38460;115041;66066;2031;35940;38460;41154;0
22112;60000;2;2;2;29;2;0;0;0;0;0;58501;54932;85672;41483;19394;18893;2000;1900;1572;1000;700;668;1
22115;220000;2;1;1;30;2;2;0;0;0;0;150682;139629;136020;115942;54611;42363;0;6824;2726;1239;2953;112742;0
22120;430000;2;2;2;29;2;0;0;0;0;0;75249;77754;79822;81859;83844;86082;3754;3322;3359;3344;3582;3623;1
22134;80000;2;1;2;22;1;2;2;-1;-1;-1;6261;6170;4258;7032;6348;1606;1000;0;7032;6348;1606;0;0
22135;120000;2;2;1;23;0;0;0;0;0;0;64049;65984;66825;68820;69776;71297;3000;2500;3100;2700;2800;2800;0
22141;230000;2;1;2;25;0;0;0;0;0;0;50757;52906;54454;53457;55128;52788;3000;3000;2000;2500;2500;2000;0
22144;140000;2;2;1;29;0;0;0;0;0;0;129289;90352;85052;65758;46847;39777;3713;3546;2589;1960;1733;1379;0
22148;100000;2;1;2;29;1;2;0;-1;0;0;3788;1263;2394;2839;32934;31056;0;2000;3000;31000;2000;5000;0
22150;320000;2;1;2;29;-2;-1;2;-1;-1;-1;0;192;192;2518;255;1945;192;0;2518;255;1945;301;0
22153;280000;2;2;1;30;2;0;0;0;0;0;18925;20223;15883;15547;14472;15086;1976;2000;1600;1000;1000;1100;1
22157;230000;2;1;1;30;0;0;0;0;0;0;5442;5142;5305;5661;3935;4460;1210;3116;1000;2000;2000;2000;0
22168;210000;2;2;2;27;0;0;0;0;0;0;26311;24805;25810;27071;27817;28401;2000;1800;2000;1500;1031;1191;0
22181;100000;2;1;2;28;0;0;0;-1;-1;-1;14309;11226;13142;12280;938;796;1268;2184;38500;938;796;0;0
22190;200000;2;3;1;29;0;0;0;0;0;0;203621;203424;199728;195609;131981;131294;7464;7889;6600;4602;4900;4726;0
22193;50000;2;2;1;31;0;0;0;0;0;-2;47800;50725;53518;4199;0;0;3725;2364;2398;0;0;17324;1
22195;230000;2;1;2;29;1;-2;-1;-1;-1;-1;0;0;249;0;449;1530;0;249;0;449;1530;0;0
22199;380000;2;2;2;30;0;0;0;0;0;0;305489;299641;256345;258936;228387;203931;11687;12160;12434;8651;8531;6974;0
22204;20000;2;2;1;24;0;0;0;0;0;0;18919;16743;17857;18310;18000;17294;1600;1687;1140;1800;1000;0;0
22210;200000;2;2;2;31;-1;-1;-1;-1;-1;-1;2718;590;8971;8509;29645;7300;591;8981;8525;29713;7305;20914;0
22211;100000;2;2;2;29;0;0;0;0;0;0;87018;75666;74709;76143;73327;147496;3267;3324;4220;2728;2800;2825;0
22219;250000;2;1;2;26;0;0;0;0;0;0;50122;44742;43194;41381;33246;32948;2027;2020;1510;1000;1000;7000;0
22231;50000;2;3;2;31;-1;3;2;-1;2;0;780;780;390;2724;2183;2638;0;0;2724;0;1004;2032;0
22239;360000;2;2;1;31;-2;-2;-2;-2;-2;-2;990;990;990;990;990;990;990;990;990;990;990;4970;0
22251;60000;2;2;2;25;0;0;0;0;0;0;7885;9244;11082;12133;16891;17615;1500;2000;1242;5000;1000;700;1
22262;360000;2;1;2;31;1;-2;-2;-2;-2;-2;0;0;0;0;0;0;0;0;0;0;0;0;0
22263;420000;2;1;2;31;0;0;0;0;0;0;233413;241503;277447;287781;294010;319257;12000;40000;15000;11000;30000;15000;1
22273;180000;2;2;1;28;0;0;0;0;0;0;54972;42329;42071;39649;39221;40731;2000;2002;2000;2000;2000;2000;0
22274;270000;2;2;2;29;0;0;0;0;0;0;39004;28963;23021;17934;13650;12864;1520;1719;1200;1000;2000;3022;0
22289;80000;2;1;2;30;3;2;0;0;0;0;82523;80586;80783;75115;49420;50677;0;4000;3000;1800;2000;2000;1
22294;200000;2;2;1;29;0;0;0;0;0;0;74566;73700;73624;73928;72060;72393;3213;3304;3815;3004;3006;4012;0
22309;20000;2;2;2;27;0;0;0;0;0;0;14248;15703;17140;18127;18605;16351;2000;2000;1600;1030;1000;1000;0
22313;300000;2;2;2;30;0;0;0;0;2;0;251986;231773;225295;236540;168519;172674;11000;11000;17000;0;7000;12000;0
22326;30000;2;3;2;24;0;0;0;0;0;0;27276;26937;26679;27779;28691;29726;2000;2500;2000;2000;2000;2000;1
22328;100000;2;1;2;24;1;-2;-2;-2;-2;-2;-78;-78;-78;-78;-78;-78;0;0;0;0;0;0;0
22330;110000;2;1;2;27;0;0;0;0;0;0;52426;45107;44310;34820;36005;25976;1772;1900;1815;2000;1500;2000;0
22334;300000;2;1;2;29;0;0;0;0;0;0;45117;43460;14291;7331;10018;6213;1281;1093;1000;5014;2000;1000;0
22335;400000;2;1;1;29;0;0;0;0;0;0;5074;4097;7716;12538;17305;22499;1097;3716;5000;5000;5668;7000;0
22336;110000;2;1;2;29;1;2;0;0;0;0;113093;106321;107630;106354;79154;69988;3;4334;4250;2946;2506;2458;0
22340;270000;2;2;2;25;0;0;0;0;0;0;162905;156151;127423;126824;115961;112929;5085;4795;4470;3847;3943;5000;0
22345;200000;2;2;2;26;1;-1;2;-1;0;0;-1544;8510;4141;15305;10368;5642;12651;0;15305;0;0;16335;0
22347;170000;2;1;1;30;-2;-2;-2;-1;-1;-1;5280;5020;996;35490;6000;5350;5020;996;35490;6000;5350;12500;0
22356;20000;2;2;1;31;1;-1;-1;-1;-1;-1;-19;3350;883;470;240;0;4540;883;470;240;0;0;0
22364;290000;2;1;2;27;-1;-1;0;0;0;0;168;569;1401;1503;834;931;569;1000;1000;200;265;500;0
22368;200000;2;1;1;32;0;0;-1;-1;-2;-2;12367;13732;1513;0;0;0;2000;1513;0;0;0;0;0
22373;180000;2;1;2;27;0;0;0;0;0;0;101489;78738;78639;44295;44113;37805;10006;8000;1610;10000;1333;8818;0
22374;420000;2;2;1;32;0;0;0;0;0;0;546485;228070;184810;131304;110930;84193;18546;8931;4940;1796;3100;133131;0
22377;60000;2;2;2;27;1;2;2;2;2;2;5087;7236;8104;7825;8580;8300;2410;1131;0;886;0;332;0
22382;410000;2;1;2;30;-2;-2;-2;-2;-2;-2;0;8417;0;2830;0;0;8417;0;2830;0;0;500;0
22384;80000;2;2;2;30;0;0;0;0;0;0;127580;91812;96599;93389;29716;27283;13000;6000;5122;5012;13000;18000;0
22392;250000;2;1;2;33;2;0;0;0;0;2;243262;238599;198588;203286;215882;214320;7991;9000;8000;16000;2000;6200;1
22393;500000;2;1;2;33;-2;-2;-2;-2;-2;-2;10361;263;8050;8234;835;87878;263;8050;8234;835;87878;5000;0
22397;130000;2;2;1;30;0;0;0;0;0;-1;106796;108673;104535;105349;105254;120756;4000;4000;6500;5400;124582;10000;0
22398;250000;2;3;2;30;-1;-1;-1;-1;-1;-1;1962;82;82;82;82;82;82;82;82;82;82;4099;0
22399;380000;2;1;2;27;-1;0;0;0;0;0;119628;36965;32932;37368;35543;36756;3250;6200;5000;1543;1776;1483;0
22403;100000;2;1;2;28;1;-2;-2;-2;-2;-2;-4894;-4894;-4894;-4894;-4894;-4894;0;0;0;0;0;0;0
22405;150000;2;1;2;26;0;0;0;0;0;0;136736;125651;116684;101581;77741;77264;4486;4235;3161;2647;2669;2669;0
22408;360000;2;2;1;30;0;0;0;0;0;0;20992;40125;44454;48382;51951;55957;20000;5000;5000;5000;5000;3000;0
22423;80000;2;1;1;33;0;0;0;0;0;0;65484;66798;68120;70088;71345;72314;3000;3000;3109;3000;3000;3000;0
22424;110000;2;2;2;33;0;0;0;0;0;0;83762;84677;87748;99201;78281;77772;3200;4521;20000;2710;2800;2700;1
22425;180000;2;1;2;40;-2;-2;-2;-2;-2;-2;0;0;1040;258;0;0;0;1040;258;0;0;0;0
22435;60000;2;3;2;45;0;0;0;0;0;0;26350;23908;24215;17728;18087;17730;1413;1500;1173;532;597;469;0
22443;400000;2;3;1;46;-1;-1;2;0;0;-1;260;58257;42948;25962;15316;6813;60064;42;1202;9;6813;4682;1
22449;50000;2;2;2;44;-1;-1;-1;-1;0;0;390;390;390;18015;17150;17102;390;390;18015;400;342;3334;0
22453;50000;2;2;3;44;0;0;0;0;0;0;42941;44002;43378;28048;28477;29056;1800;2122;1600;1000;1000;1000;0
22472;140000;2;3;1;45;-1;-1;-1;-1;-1;-1;1352;381;2281;437;1320;300;381;2290;437;1320;300;0;0
22479;50000;2;3;2;44;2;0;0;2;2;2;23268;24377;27164;26429;28291;27702;1500;3500;0;2300;0;1500;1
22483;80000;2;1;1;38;-1;-1;-1;-1;-1;-1;2226;6259;1393;1627;5189;10747;6259;1393;1627;5189;10747;4412;0
22485;200000;2;3;1;46;-1;-1;-1;-1;-1;-1;14617;1261;8187;1261;1261;1261;1261;8187;1261;1261;1261;1261;0
22487;480000;2;3;1;41;0;0;0;0;0;0;44018;74152;107675;110289;100520;37080;35176;45000;12022;14000;14000;10000;0
22488;200000;2;2;2;35;0;0;0;-1;-1;-1;6512;4312;0;2412;1396;0;2000;0;2412;1396;0;396;0
22491;230000;2;2;1;34;1;-2;-2;-2;-2;-2;0;0;0;0;0;0;0;0;0;0;0;0;0
22492;50000;2;2;1;35;0;0;0;0;0;0;7378;7543;7754;7825;7132;7319;1121;1168;1075;218;1100;0;1
22494;110000;2;3;1;40;0;0;0;0;0;0;105055;105886;108819;79027;80709;82406;4058;4913;3000;3000;3000;3100;0
22495;70000;2;3;1;49;2;2;2;0;0;0;16127;20035;19416;17153;17866;19413;4500;0;2000;1000;2000;691;1
22499;150000;2;2;2;38;-1;-1;-2;-2;-2;-2;1242;0;0;0;0;0;0;0;0;0;0;0;0
22501;180000;2;2;1;33;-1;-1;-1;-1;-1;-1;3490;0;1112;10383;1980;2672;0;1112;10383;1980;2672;2197;0
22504;260000;2;2;2;32;0;0;0;0;0;0;251330;256988;234260;227884;202178;198467;10000;9014;11002;7503;7502;7500;1
22512;160000;2;2;1;40;0;0;0;2;0;0;137930;137695;146193;139323;140719;143638;6574;12121;0;5100;10251;5205;0
22515;100000;2;2;2;32;0;0;0;0;0;0;101556;98734;98858;98259;80849;81151;3481;6006;3246;2994;2903;2849;0
22526;500000;2;2;1;33;-1;-1;-1;-1;-1;-1;9511;1468;3766;580;8120;1821;1468;3766;580;8120;1821;979;0
22534;180000;2;1;1;36;0;0;0;0;0;0;4911;6688;8432;9977;10030;10836;2000;2000;2000;500;1100;0;0
22552;120000;2;1;1;34;-2;-2;-2;-2;-2;-2;3755;0;0;0;0;0;0;0;0;0;0;0;1
22556;180000;2;4;1;32;0;0;0;0;0;0;136055;136095;136201;136857;130839;131059;6400;6400;7000;5000;5000;5000;0
22558;80000;2;2;1;43;0;0;0;0;-2;-2;78374;80472;82150;0;0;0;4000;4000;0;0;0;0;0
22561;160000;2;1;2;36;1;-2;-2;-2;-2;-1;0;0;0;0;0;300;0;0;0;0;300;0;1
22564;230000;2;1;2;30;0;0;0;0;0;0;246101;261430;237267;212105;186149;159683;38172;9000;7800;6650;5496;5145;0
22566;500000;1;1;2;31;-2;-2;-2;-2;-2;-2;26760;747;2652;-11;-213;-213;750;2676;1;0;0;0;0
22573;180000;2;2;1;48;-1;-1;-1;-1;-2;-2;4498;-2;760;0;0;245;0;762;0;0;245;884;0
22590;350000;2;3;1;33;-1;0;-1;-1;-1;-1;61937;65343;1355;7069;0;180;5343;1359;14615;0;180;1340;0
22592;210000;2;3;2;36;0;0;0;0;0;0;57605;58727;59854;61330;62394;63912;3000;3000;2804;3000;3000;2468;0
22597;330000;2;3;1;40;0;0;0;0;0;0;81084;82838;84470;80923;82580;84330;3100;3026;3000;3000;3078;3238;0
22600;240000;2;4;1;43;-2;-2;-2;-2;-2;-2;4522;1868;7182;6398;2498;3466;1868;7208;6450;2498;3466;2156;0
22602;260000;2;2;2;36;-1;-1;-1;-1;-1;-1;17631;13184;1700;5190;8455;1462;13184;1700;5190;8455;1462;3641;0
22608;390000;2;2;1;37;0;0;0;0;0;0;200927;200612;202794;191419;81360;66864;17843;8315;6839;3000;2348;2401;0
22616;250000;2;2;1;40;-2;-2;-2;-2;-2;-2;1385;4843;2942;1054;1708;3014;4843;2942;1057;1708;3014;3037;0
22625;210000;2;2;2;44;0;0;0;0;0;0;84298;85379;87469;90380;91355;92565;3379;3469;4380;3355;3565;3607;0
22635;50000;2;2;1;38;0;0;0;0;0;0;25184;26261;27334;28374;28804;29488;1800;1800;1800;1200;1300;1300;0
22637;230000;2;3;1;45;0;0;0;0;0;0;15160;14513;15221;16501;10283;9086;1500;3000;3000;1000;1000;2140;0
22638;50000;2;3;1;44;0;0;0;0;0;0;47569;48768;49234;21067;15007;31043;1986;1452;1200;300;27000;1412;0
22641;320000;2;2;1;33;-1;-1;-1;-1;-1;-1;3077;1651;1060;4070;2695;7544;1661;1060;4070;2700;7544;3563;1
22649;180000;2;2;1;43;-1;-1;-1;-1;-1;-1;316;316;316;396;396;3306;316;316;396;396;3306;3306;0
22653;360000;2;2;1;34;-1;0;0;-1;-1;-2;4874;9561;5866;1297;0;0;5000;1166;1297;0;0;0;0
22657;350000;2;1;2;44;2;3;2;2;2;2;309250;314607;322032;327193;333278;340791;12000;14000;12000;13000;13000;13000;1
22660;150000;2;3;2;48;0;0;0;0;0;0;175095;175522;173918;174074;178671;178869;10011;6200;5874;10000;6054;7108;0
22666;140000;2;3;1;33;0;0;0;0;0;0;136302;127178;78950;80457;41150;-10193;6000;5000;4000;2000;0;71000;0
22675;150000;2;2;2;31;0;0;0;0;0;0;138363;138979;37713;35592;35808;36730;6000;2000;2000;1300;1500;1500;0
22700;20000;2;1;2;46;1;2;2;2;0;0;14231;14893;16160;15603;15943;16286;1200;1800;0;600;600;751;1
22704;240000;2;2;2;31;0;0;0;0;2;2;173628;177556;179549;225556;219642;232652;8000;7000;50000;0;16302;0;0
22711;360000;2;3;2;34;-2;-2;-2;-2;-2;-2;0;0;0;0;0;0;0;0;0;0;0;0;1
22713;380000;2;2;1;30;0;0;0;0;0;-1;384846;359926;349753;296465;193342;311009;13291;15287;8532;4334;317077;11892;0
22717;240000;2;2;1;36;0;0;0;0;0;0;214122;217850;212593;180867;173780;168880;19000;10000;7000;10000;8000;10000;0
22722;100000;2;2;2;35;0;0;0;0;0;0;98118;99577;95736;98679;67007;67485;3500;4000;5700;2507;2500;3000;0
22725;100000;2;2;1;38;3;2;2;3;3;3;750;750;750;750;750;750;0;0;0;0;0;1500;0
22739;260000;2;1;2;30;0;0;0;0;0;0;235961;222409;215056;212791;177159;143920;7988;7979;6807;5247;5240;5000;0
22751;350000;2;1;1;32;-1;-1;-2;-2;-2;-2;30625;60003;7147;9950;22117;4874;60396;7147;9950;22117;4874;0;1
22755;220000;2;3;1;45;-1;-1;2;-1;0;0;1196;8087;3606;4656;8960;13264;8087;13;4656;5000;5000;0;0
22756;230000;2;2;1;39;0;-1;0;0;-1;0;5650;3798;6701;10382;4842;5792;3798;3000;5000;4842;3000;3000;1
22762;180000;2;2;2;35;-2;-2;-2;-2;-2;-2;3010;1679;2027;1764;11383;330;1679;2027;1774;11383;330;300;0
22767;360000;2;2;1;39;-1;-1;-1;-1;-1;-1;26680;22312;19181;16155;5936;15330;22434;19286;16243;5966;15407;43019;0
22772;50000;2;3;2;36;0;0;0;0;0;0;49889;50326;50687;37200;29838;30062;1952;1703;1444;1027;1053;1077;0
22778;140000;2;2;3;30;0;0;0;0;0;0;124288;123172;130095;122342;77536;80783;10000;18000;10000;10000;20000;15000;0
22782;120000;2;2;2;46;0;0;0;0;0;0;68168;69187;68466;42941;40718;41613;2650;2884;2018;1411;1504;1500;0
22784;160000;2;3;3;36;-1;-1;0;-1;-1;-1;9330;31745;22829;6000;6000;0;31745;1049;6000;6000;0;4345;0
22786;190000;2;2;1;39;0;0;0;0;-1;0;180201;181443;155045;95145;86025;87836;7000;7000;3100;92101;3200;4300;1
22788;210000;2;2;2;35;0;0;0;0;0;0;147812;135624;125469;103409;75498;72020;5000;7000;5000;4000;2447;3000;0
22792;220000;2;2;1;36;2;2;2;2;0;0;192654;195725;197466;189149;187531;187856;8500;8200;0;7000;7000;7200;1
22802;230000;2;1;2;33;0;0;0;0;0;0;10765;11107;11748;12269;12102;12414;1300;1300;1200;500;500;500;0
22804;180000;2;1;1;35;0;0;0;0;0;0;68488;47603;48705;50140;60607;67976;3603;5705;3003;10607;7976;5412;0
22808;370000;2;2;1;35;0;0;0;0;0;0;236242;240804;243293;226471;217901;195244;10301;11000;9004;6930;6000;6100;0
22809;80000;2;2;2;31;0;0;0;-1;-1;-1;28788;27620;26352;939;2202;1369;8000;1000;939;2202;1369;4827;0
22810;200000;2;4;2;40;0;0;0;0;0;0;201598;198373;152601;105588;73886;198487;10100;6700;5500;4500;127600;7500;0
22815;50000;2;2;3;44;-1;-1;-1;-1;-1;-1;390;390;390;390;390;390;390;390;390;390;390;390;0
22816;210000;2;1;2;33;0;0;0;0;2;-1;14682;1220;4048;1871;1320;257;1075;3923;1723;5;257;10843;1
22821;290000;2;1;2;46;0;0;-1;-1;-1;-1;113618;289002;1332;21429;2228;156721;34507;1343;21542;2239;156733;7219;0
22822;200000;2;3;1;35;0;0;0;0;0;0;215090;208556;214321;134517;54711;23611;7700;9300;6500;3000;856;1152;0
22832;50000;2;1;2;29;3;3;2;3;2;2;49624;48530;50255;49104;51044;50933;0;2800;0;3000;800;3000;1
22839;350000;2;2;2;35;0;0;0;0;0;0;314309;313673;322806;328616;278858;281692;13000;15074;20353;10040;15000;10000;0
22851;570000;2;2;1;46;0;0;0;0;0;0;563892;569577;577957;563543;451401;108890;19534;25100;15159;11732;42880;422000;0
22854;180000;2;3;1;32;-1;-1;0;0;0;0;166;1484;2526;3452;3522;4909;1484;1074;1000;70;1387;28;0
22855;100000;2;3;1;34;0;0;0;0;0;-1;9728;11099;8761;8289;6980;5571;5000;1333;3000;3000;5571;5149;0
22856;90000;2;1;2;31;0;0;2;2;2;2;77278;83357;85229;85939;83680;89319;8000;4100;3000;0;7000;3100;1
22861;140000;2;2;1;32;-1;2;2;-1;-1;0;739;739;-200;8700;1367;1367;0;0;8900;1367;0;0;1
22868;210000;2;3;1;34;-2;-2;-2;-2;-2;-2;11848;5677;8173;6855;2200;1500;5687;8177;6860;2200;1500;2390;0
22876;70000;2;1;2;28;0;0;0;0;0;0;44397;44923;46189;39327;38618;38404;3000;3000;3000;2000;2000;1800;0
22885;240000;2;2;1;43;-1;2;0;-1;0;0;2077;1588;41513;10657;7893;5347;0;41000;10657;0;5041;9190;1
22890;280000;2;2;1;42;-2;-2;-2;-2;-2;-2;396;396;396;396;10948;61123;396;396;396;10948;61123;54802;0
22891;180000;2;2;2;36;-1;-1;-1;-2;-2;-1;802;2240;0;0;0;7322;2240;0;0;0;7322;2208;0
22892;500000;2;1;1;36;0;0;0;0;0;0;238847;242326;248425;242854;226764;210947;10000;10146;10103;7108;7396;5000;0
22897;280000;2;2;2;30;0;0;-1;0;0;0;21489;-86;4414;64183;61001;60601;5;4500;60000;1244;2000;4000;0
22898;100000;2;2;2;31;2;2;2;2;2;2;41052;42081;41131;43637;42635;45440;2000;0;3500;0;3500;2000;1
22901;30000;2;2;1;35;2;2;2;2;2;2;17880;19288;20313;19696;20670;20200;2000;1626;0;1600;0;1126;1
22902;30000;2;2;1;43;0;0;0;2;2;2;13135;14150;17210;16636;17908;17482;1240;3300;0;1548;0;637;0
22906;140000;2;2;1;32;0;0;0;0;0;0;142357;141236;133779;135943;111264;111785;5300;5300;5000;5000;4500;4500;0
22914;140000;2;3;1;33;-1;-1;-1;-1;-1;-1;1247;1654;840;2153;827;-8808;1654;840;2153;827;827;9635;0
22915;120000;2;2;2;33;-2;-2;-2;-2;-2;-2;0;0;0;0;0;0;0;0;0;0;0;0;0
22924;500000;2;1;1;36;0;0;0;-1;-1;-1;64266;47971;25581;15406;6196;45045;26000;11725;15406;6903;45045;10000;0
22930;80000;2;1;2;32;-1;-1;-1;-1;-1;-1;5566;5783;6011;5783;2257;8257;6000;6011;5783;2257;6000;0;0
22943;80000;2;2;1;31;-2;-2;-2;-2;-2;-2;3506;2372;2988;273;0;1542;2372;2988;273;0;1542;3200;0
22946;240000;2;2;1;43;1;-2;-2;-1;0;0;0;0;0;12700;12500;26225;0;0;12700;0;13725;0;0
22957;140000;2;1;2;25;0;0;0;0;0;0;52196;16982;20199;20746;2260;4180;2000;5000;1000;1260;3000;439;0
22965;200000;2;1;2;33;0;0;0;0;0;0;19572;28858;52512;71923;19923;-77;10000;25000;20400;0;0;77;0
22968;80000;2;2;1;31;0;0;0;0;0;0;70492;68652;67881;38465;27773;29132;2806;4006;1804;2003;3004;1502;1
22974;200000;2;2;1;36;2;0;0;0;0;0;197810;201362;164183;136199;139209;135742;9051;7000;5000;5000;5000;5000;1
22979;50000;2;2;1;41;1;3;2;0;0;0;21638;21008;20388;21092;21511;21964;0;0;1350;769;799;1000;1
22981;500000;2;2;1;43;-2;-2;-2;-2;-2;-2;10330;12320;12209;16727;17738;14117;12320;12209;16727;17744;14117;11691;0
22984;200000;2;2;1;40;0;0;0;0;0;0;21464;22065;23382;21522;8815;4280;2000;2000;1128;4280;0;0;0
22989;500000;2;1;2;42;0;0;0;0;0;0;237066;171440;177859;159518;186563;168083;20000;50000;10000;50000;20000;50000;0
22991;170000;2;2;1;41;-2;-2;-2;-2;-2;-2;736;736;1156;316;316;316;736;1156;316;316;316;316;0
22992;70000;2;2;2;37;0;0;0;0;0;0;69099;69684;64801;64863;123234;60733;3018;3400;2200;2500;2500;2510;0
22994;50000;2;1;1;41;1;2;2;3;3;2;45313;46262;49188;50084;48980;50050;2000;4000;2000;0;2000;3000;0
22997;500000;2;1;1;39;-2;-2;-2;-2;-2;-2;4419;2584;4524;3518;2208;2550;2584;4524;3518;2208;2550;5953;0
23000;110000;2;2;2;42;0;0;0;0;0;0;106478;107517;103609;79421;78286;65875;3951;4276;2666;2811;2500;465;0
23002;50000;2;1;1;46;1;-2;-1;-1;0;0;10372;-110;1684;3697;1397;0;110;1794;3697;1392;0;0;0
23003;60000;2;3;2;40;-1;-1;-2;-2;-2;-2;728;0;0;0;0;0;22;10785;0;0;0;0;0
23005;450000;2;1;2;46;-2;-2;-2;-2;-2;-2;2656;1861;-30;3332;873;1110;1861;0;3362;873;1110;4688;0
23006;260000;2;2;2;33;2;2;2;0;0;0;258150;265961;258903;131150;214180;153755;20485;27;2914;159658;5592;5837;1
23011;230000;2;2;1;43;0;0;0;0;0;0;226319;230825;234832;217987;169529;172143;9309;8795;8337;6015;6292;6080;1
23018;300000;2;2;2;43;0;0;0;0;0;2;36062;37055;38354;39634;21597;481;1897;2196;2476;3439;0;1248;0
23031;150000;2;1;1;33;2;2;2;2;2;2;105610;106885;108706;105470;111687;113747;4500;5000;0;8000;4000;4700;1
23032;160000;2;1;1;33;1;-2;-2;-2;-2;-2;0;0;0;0;0;0;0;0;0;0;0;0;0
23043;160000;2;1;1;32;0;0;0;0;0;0;111907;106109;89231;67134;55773;46485;3805;2993;2293;1838;1687;2735;0
23050;200000;2;1;1;41;1;-1;0;-1;2;0;2217;61328;2877;160944;156864;160066;61634;2877;160944;0;5900;13000;1
23059;140000;2;1;2;29;1;-1;-1;-1;-1;-1;0;1216;2677;2985;3739;1242;1216;2698;6069;3889;1242;3061;0
23060;160000;2;1;1;33;-1;2;2;-2;-2;-1;7845;2956;3161;600;65000;2206;0;3161;0;65000;2206;339;1
23062;80000;2;3;1;31;0;0;0;-1;0;0;62636;61808;22227;48215;45618;37799;5000;4000;50012;10000;10000;7177;1
23063;150000;2;1;1;32;0;0;0;0;0;0;23364;22846;25779;22303;16981;16837;1450;5779;1300;700;1000;1000;0
23064;30000;2;1;2;46;0;0;0;0;2;0;18910;20592;21949;24116;23430;25044;2000;2000;2535;0;2000;2300;0
23066;150000;2;2;1;41;2;2;2;2;2;2;68571;69845;71434;72365;73377;75052;3000;3300;2700;2800;3000;2800;1
23081;50000;2;2;1;40;0;0;2;0;0;0;6732;9052;8763;9924;9967;10176;2441;0;1313;356;369;508;0
23099;220000;2;2;2;47;0;0;0;0;0;0;103078;111729;115173;116513;119370;121516;10000;6500;5000;5000;5000;5000;0
23101;80000;2;2;2;30;-1;-1;-1;-1;-1;0;5919;5545;2154;583;11381;9508;5548;2154;583;11381;190;74;0
23102;290000;2;1;1;36;-2;-2;-2;-2;-2;-2;3602;6107;4536;6074;0;817;6107;4538;6074;0;817;1662;0
23104;90000;2;3;0;42;0;0;2;0;0;0;12174;15035;14509;15518;15563;18289;3072;0;1555;600;3000;2000;1
23108;240000;2;1;1;37;0;0;0;0;0;0;157668;165762;173429;176943;176843;177183;10762;10429;10423;6843;7183;6398;0
23112;80000;2;2;2;28;2;2;-1;-1;-1;-1;260;130;130;130;130;130;0;130;130;130;130;130;1
23113;70000;2;2;2;30;0;0;2;0;0;0;10705;58825;53080;49153;47139;37610;50071;0;2000;2000;2000;2000;0
23116;30000;2;3;2;47;0;0;0;0;0;0;29851;30451;28115;23092;24829;10400;1500;1695;2000;2000;2000;0;0
23117;200000;2;2;2;27;0;0;0;0;0;0;125854;127843;131352;130884;132142;118084;4775;6579;4734;4368;4183;4227;0
23147;290000;2;3;2;47;-1;-1;-1;-1;0;0;1163;6619;0;28974;7524;0;6650;0;28974;0;0;0;0
23152;180000;2;2;2;33;-1;-1;-1;-1;0;0;3316;3385;6186;6695;7173;5094;3446;6186;6695;4000;955;2401;0
23159;50000;2;1;1;38;2;3;2;0;0;0;64760;60747;54902;54280;18595;18838;2000;0;1200;15000;2000;1000;0
23161;60000;2;2;1;31;0;0;0;0;0;0;49581;35465;29732;29411;28859;28309;1500;1600;1394;1000;1000;1500;0
23164;170000;2;2;1;45;-1;-1;0;0;0;0;12847;9807;8101;6208;10460;11143;9807;5000;3749;6711;4432;0;0
23168;260000;2;1;1;36;0;0;-1;-1;0;0;10942;7045;246;7156;7164;3677;3000;246;7178;5164;1209;1209;0
23170;320000;2;2;1;37;2;2;2;2;2;2;289260;297888;304025;308421;315291;310339;14500;12001;10500;13000;1;120021;0
23171;160000;2;2;2;39;-1;-1;-1;-1;-1;-1;2828;1473;8404;8875;8509;4630;1473;8404;8875;8509;4630;2038;0
23172;230000;2;1;2;33;1;-1;-1;-1;0;0;-3;4532;0;6264;6392;2538;4535;0;6264;128;0;407;0
23173;50000;2;2;2;48;-1;0;-1;-1;-1;-1;1309;2158;1787;860;896;1087;1000;1787;860;900;1087;3123;0
23175;390000;2;2;2;45;0;0;0;0;0;0;60082;58694;61735;63337;59693;62776;5000;5000;5000;4000;4000;4000;0
23180;190000;2;2;1;34;1;-2;-2;-2;-2;-2;-18;-18;-18;-18;-18;-18;0;0;0;0;0;0;0
23182;180000;2;3;2;32;0;0;0;0;0;0;4480;7354;6930;6090;2435;2074;3000;3000;2018;1200;1500;3000;0
23185;140000;2;2;1;37;0;0;0;0;0;0;137545;136820;128445;125049;119402;123055;6206;6100;6330;4400;8700;0;0
23209;190000;2;5;1;40;0;0;0;0;0;0;58783;59881;136994;118268;110476;111802;3100;80000;5000;4000;4100;5000;0
23213;500000;2;1;1;44;-1;-1;-1;-1;-1;-1;29178;26963;33166;48858;66050;43769;26963;33169;48858;66050;43769;37509;0
23220;30000;2;3;2;39;0;0;0;0;0;0;28467;22308;48376;26013;27089;28161;2000;3000;3000;1500;1500;2280;0
23228;50000;2;3;1;31;0;0;0;0;0;-2;44115;44619;38604;33570;0;0;1652;1906;1000;0;0;0;0
23230;300000;2;2;2;32;0;0;0;0;0;0;114690;117682;120777;123835;127830;130931;4682;4777;4835;5830;4931;5079;0
23234;390000;2;2;1;35;2;2;2;0;0;0;62474;62878;59601;60422;59094;59862;2757;0;2734;2254;2178;2174;0
23235;220000;2;0;1;35;-2;-2;-2;-2;-2;-2;0;319;10567;319;319;319;319;10567;319;319;319;2420;0
23254;180000;2;2;2;39;-1;-1;-1;-1;-1;-1;671;671;671;671;671;671;671;671;671;671;671;671;1
23260;10000;2;2;1;37;-1;-1;-1;-1;-1;0;5050;3704;6222;974;8834;6010;5011;6222;984;8834;0;6481;0
23262;150000;2;2;2;39;0;0;2;2;0;0;22724;21019;19890;19271;19037;20448;3221;1602;0;1000;1709;0;0
23265;540000;2;1;2;37;0;0;-1;-1;-1;0;4696;6579;1464;-2800;13916;12517;2033;1485;16;20016;2016;2019;0
23266;320000;2;1;1;42;0;0;0;0;0;0;212883;197352;201913;103278;62891;64948;9000;9000;6000;3000;3000;3000;0
23267;440000;2;2;1;39;0;0;0;0;0;0;58639;66698;43399;44534;25341;20000;30000;2000;24534;5000;20000;20839;0
23272;290000;2;4;1;49;-1;-1;-2;-2;-2;-1;3950;0;0;1085;445;145;0;0;1085;447;145;247;0
23276;500000;2;1;2;44;0;0;0;0;0;0;120452;190135;212134;201014;222520;208271;100000;50000;10012;50000;10000;10000;0
23281;250000;2;2;1;36;0;0;0;0;0;0;107476;87000;48162;48803;41207;34792;5143;10025;10074;10049;10076;10012;0
23289;160000;2;3;1;34;-2;-2;-2;-2;-2;-2;717;594;1217;697;650;691;597;1223;700;653;691;17;0
23292;180000;2;2;1;39;-2;-2;-2;-2;-2;-2;0;0;0;0;0;0;0;0;0;0;0;289;1
23297;50000;2;2;2;28;-1;3;2;-1;0;0;1876;1690;429;4836;1170;780;0;0;4836;0;0;0;1
23300;340000;2;3;1;32;0;-1;0;0;0;0;11049;57301;59375;60216;59842;46882;57301;3000;2600;1000;1817;11022;0
23302;90000;2;2;2;35;2;2;2;2;2;2;89282;91247;68552;67324;39573;28610;6201;0;25000;0;2235;0;0
23309;390000;2;2;1;32;-1;-1;-1;-1;-1;0;2075;0;682;10943;9942;11168;0;682;11130;9942;6600;1000;0
23315;270000;2;1;2;33;0;0;0;0;0;0;68589;58751;53401;51401;36177;29209;6000;2028;5010;5000;5000;3000;0
23320;130000;2;2;2;31;0;0;0;0;0;0;95292;97544;99208;102946;103750;105818;4600;4000;5300;3700;3600;3700;0
23322;280000;2;2;1;34;-2;-2;-2;-2;-2;-2;6398;8321;12798;3581;10310;11717;8331;12805;3587;10361;11734;8800;0
23323;80000;2;3;2;44;0;0;0;2;0;0;45412;32091;36633;35749;36353;37115;1900;5400;0;1500;1500;1600;1
23324;130000;2;3;2;39;1;2;2;2;0;-1;4867;3189;4634;2946;1473;780;0;2946;0;0;780;0;0
23327;260000;2;1;1;36;0;0;0;0;0;-1;122825;88273;91908;90857;-81334;142645;5000;6000;5020;81569;331788;10002;0
23339;200000;2;2;2;36;1;2;2;2;2;2;73459;76308;78669;75995;79781;81533;4500;4000;0;5500;3000;0;0
23340;160000;2;3;1;44;2;2;-2;-2;-2;-2;1500;0;0;0;0;0;0;0;0;0;0;0;1
23355;470000;2;1;1;28;0;0;0;0;0;0;178262;177644;171997;165014;158839;148035;6100;6000;7100;5100;5200;4900;0
23358;30000;2;3;1;34;0;0;-1;2;-1;0;8090;0;3398;2855;2115;521;0;6253;0;2115;0;2000;1
23360;300000;2;3;1;39;2;0;0;2;2;2;36656;37672;40743;41226;40263;42788;1929;4000;1446;0;3179;0;0
23361;240000;2;3;0;37;-1;-1;-1;-1;0;0;374;1823;1788;6229;15829;20785;1823;1788;6229;10000;10000;5640;0
23367;30000;2;2;1;37;-2;-2;-2;-2;-2;-2;108;709;11726;2628;2659;4483;709;11726;2713;2659;4483;3676;0
23375;70000;2;2;1;31;0;-1;0;0;-1;0;9319;3652;5284;5950;5296;5713;3652;2284;3000;5296;2000;2625;0
23382;220000;2;2;1;34;0;0;0;0;0;0;154029;153012;154508;152829;152842;152747;5700;6000;6814;5500;5800;5700;0
23385;50000;2;2;1;44;1;2;2;2;2;2;24622;26999;28071;27326;28769;28170;3100;1800;0;2200;0;2700;1
23395;230000;2;2;2;37;0;0;2;0;0;0;29087;30589;20958;21637;19846;12770;2100;1000;1252;500;1000;1000;0
23396;70000;2;2;1;39;0;0;0;0;0;-2;54801;52714;18596;9760;0;0;5336;1268;1052;0;0;0;0
23425;300000;2;1;2;31;-1;-1;-1;-1;-1;0;16612;19099;17865;9215;154926;126482;19099;17865;9243;154975;0;29390;0
23428;200000;2;3;2;33;1;2;0;0;0;0;18021;17374;15463;17314;14245;0;0;3027;6223;0;0;0;0
23442;270000;2;1;1;40;-1;-1;-1;0;0;0;9658;8714;6425;10116;15953;19556;8781;6425;6000;8000;6000;6000;0
23449;30000;2;6;2;45;0;0;0;0;0;0;25298;26866;27662;28474;28494;0;2000;2000;1500;1000;0;0;0
23455;210000;2;2;2;31;-1;-1;-1;-1;-1;-1;1154;1368;1080;1567;788;0;1368;1080;1567;788;0;1638;1
23456;60000;2;1;2;33;1;-2;-1;0;0;0;1242;0;4028;59334;54526;58575;0;4028;56626;2100;5000;2000;0
23466;30000;2;2;1;33;2;2;0;0;0;0;29498;28718;29761;30203;29803;29803;1;2000;1400;0;0;67;1
23468;230000;2;4;2;30;0;0;0;0;0;0;168708;161074;151884;146113;147650;43703;10699;5080;10000;3560;45000;86000;0
23479;110000;2;1;2;32;-1;0;0;0;0;0;3610;15427;19563;21994;21994;8391;12000;5000;3000;3000;2000;1000;0
23485;490000;2;2;1;31;0;0;0;0;0;0;470579;482733;492718;282450;287363;272578;19469;20000;12000;11000;10000;10000;0
23487;310000;2;1;1;32;0;0;0;0;0;0;141203;84594;66624;48213;144758;601;7000;5500;4000;100000;601;360;0
23497;180000;2;1;2;32;-2;-2;-2;-2;-2;-2;-30;2200;5643;2285;1498;3092;2230;5643;2298;1502;3101;2959;0
23500;140000;2;2;1;33;1;-1;-1;-1;-1;-1;-23;5742;0;1920;1180;0;5765;0;1920;1180;0;60000;0
23520;350000;2;1;1;36;-1;-1;-1;2;-1;-1;326;326;652;326;3817;2802;326;652;0;3817;2802;0;0
23521;200000;2;2;1;36;-2;-2;-2;-2;-2;-2;0;0;0;0;0;0;0;0;0;0;0;0;0
23524;380000;2;3;1;46;1;-2;-1;-1;-1;-1;0;0;224;4034;0;2062;0;224;4034;0;2062;0;0
23534;430000;2;1;1;46;-2;-2;-2;-2;-2;-2;9270;43717;4153;4196;447;0;43717;4153;4196;447;0;3566;0
23538;60000;2;2;1;47;0;0;0;0;0;0;9253;56120;57614;58699;57302;51812;50000;3000;2700;3000;3000;3000;0
23541;360000;2;2;2;45;-2;-1;2;2;-2;-2;0;2500;2500;0;0;0;2500;0;0;0;0;0;0
23544;200000;2;1;1;38;0;0;0;0;0;0;185155;180069;179899;170716;164553;165326;6500;8000;7520;6000;6100;7500;0
23548;140000;2;1;1;39;0;0;0;0;0;0;27942;29472;30579;31227;34898;35528;2000;1600;2000;5000;2000;30000;0
23551;150000;2;2;1;35;-2;-2;-2;-2;-2;-2;-10;8846;6731;0;1800;0;8856;6731;0;1800;0;0;1
23552;160000;2;1;1;36;-1;-1;0;-1;-1;-1;1714;2845;3342;171;1770;837;2845;1000;171;1770;837;299;0
23554;350000;2;1;1;44;-2;-2;-2;-2;-2;-2;8544;0;0;0;8631;277;0;0;0;8631;277;7545;0
23560;210000;2;2;2;34;0;0;0;0;0;0;73415;76188;78276;81246;78971;80359;4002;4000;4323;3501;3000;2700;0
23570;500000;2;1;2;37;-2;-2;-2;-2;-2;-2;747;0;0;989;0;0;0;0;989;0;0;880;0
23572;370000;2;2;1;44;-2;-2;-2;-2;-2;-2;0;1742;0;0;0;0;1742;0;0;0;0;0;0
23574;300000;2;2;1;39;-2;-2;-2;-2;-2;-2;2022;537;142;656;620;502;537;142;656;620;502;142;0
23580;230000;2;2;1;40;-1;-1;-1;0;0;0;1215;225;5703;6560;11560;0;525;5703;1000;5000;0;7790;0
23581;450000;2;2;1;44;-2;-2;-2;-2;-2;-2;8521;15934;7266;8331;8188;10455;16080;7299;8364;8266;10505;7268;0
23586;230000;2;1;2;41;-1;-1;-1;-1;0;0;12731;6684;10834;28540;56660;46213;7000;15000;29000;30000;0;5000;0
23591;10000;2;2;1;42;0;0;0;0;0;0;8710;9601;8810;7637;6307;4877;1200;1172;1000;500;400;3000;0
23598;400000;2;2;2;43;-2;-2;-2;-2;-2;-2;15000;18400;15000;492;14926;7626;18400;15000;492;15000;7725;3000;0
23599;80000;2;2;1;40;-1;-1;-1;-1;-1;-1;2667;2035;32194;1729;590;9628;2035;32194;1729;590;9628;16059;0
23606;210000;2;2;1;48;-1;-1;-1;-1;-1;-1;1417;-3;355;12816;0;102;0;358;12816;0;102;210;0
23608;240000;2;1;2;37;3;2;2;2;2;2;164691;167489;170329;173033;175678;179707;7000;7000;7000;7000;7000;7000;1
23609;170000;2;1;1;44;-2;-2;-2;-2;-2;-2;0;0;0;0;0;0;0;0;0;0;0;0;0
23613;310000;2;1;1;34;0;0;0;0;0;0;270776;263983;215686;186680;82775;107595;11080;8054;7037;2010;50186;2011;0
23619;20000;2;3;1;46;0;0;2;2;2;2;11691;14179;13662;15518;14972;16925;3000;0;2088;0;2200;0;1
23627;270000;2;2;1;43;0;0;0;0;0;0;135068;102743;100360;97583;91849;94824;5000;7000;4049;1000;5003;0;0
23632;350000;2;2;1;43;-2;-2;-2;-2;-2;-1;2124;3027;2448;4590;0;430;3048;2460;4616;0;430;430;0
23653;20000;2;1;1;37;1;-2;-1;2;2;-2;-113;-113;10887;10413;-245;-245;1575;11000;0;0;0;5100;1
23656;360000;2;1;1;36;-2;-2;-2;-2;-2;-2;0;0;0;0;0;0;0;0;0;0;0;0;1
23664;110000;2;2;1;38;0;0;0;0;0;0;195437;176420;63142;39854;9293;-1288;5000;10000;5048;2000;39958;52000;1
23668;200000;2;2;1;41;-1;-1;-1;-1;-1;-1;5592;0;1306;1623;620;849;0;1306;1679;620;849;1264;0
23674;500000;2;1;1;49;-2;-1;-1;-1;-1;-1;1088;4007;9933;14557;53328;58052;4031;10021;14576;53850;58332;37616;0
23676;340000;2;1;1;36;1;-1;-1;-1;-1;-1;0;544;4881;717;3785;10911;544;4881;717;3785;10911;10226;0
23679;150000;2;3;2;47;-1;-1;-1;-1;-1;-1;2934;2843;1445;2130;796;2470;2843;1445;2288;938;2470;1073;0
23682;400000;2;2;1;46;0;0;0;0;0;0;43405;39802;37115;39907;35061;35969;15000;15000;10000;15000;20000;20000;0
23689;360000;2;3;1;50;-1;-1;-1;-1;-1;-1;846;1831;2776;0;44110;0;1831;2776;0;44110;0;2103;1
23690;30000;2;3;1;51;0;0;2;2;2;0;22373;25363;23582;21422;18302;16527;3400;1400;1000;700;1000;488;0
23691;500000;2;1;1;53;-2;-2;-1;-1;-1;-1;1200;0;3609;4053;0;4487;0;3609;4053;0;4487;638;0
23693;90000;2;2;1;56;-1;-1;-1;-1;-1;-1;1160;4701;13878;6556;2947;4808;4701;13882;6556;2947;4808;3131;0
23696;120000;2;1;1;51;0;0;0;-1;0;0;82865;82741;62914;60584;61412;55572;3652;1258;60584;1228;0;0;0
23698;150000;2;2;1;51;0;0;0;0;0;0;146018;147598;148393;149709;107862;108623;7000;7600;6000;4000;4100;4300;0
23707;410000;2;2;1;50;0;0;0;0;0;0;249152;246659;248934;246011;240845;213767;9000;11000;10000;7500;8000;8000;0
23711;100000;2;2;1;55;2;2;2;2;2;2;44400;47439;48385;49285;50176;51228;4100;2000;2000;2000;2000;0;1
23712;290000;2;2;1;52;0;0;0;0;0;0;276377;282814;288983;203517;208435;212674;12880;13000;8000;8600;9000;4000;0
23713;100000;2;3;2;50;0;0;0;2;0;0;82397;84027;88734;86369;89994;89681;3004;7500;0;5001;3390;4000;0
23721;270000;2;3;1;58;-2;-2;-2;-2;-2;-2;936;1188;2078;795;828;1251;1188;2078;795;828;1251;2267;0
23722;260000;2;3;1;59;0;0;0;0;0;0;258885;261183;262546;238614;195149;195771;10000;11000;13067;10003;8000;11488;0
23725;70000;2;3;2;52;0;0;0;0;0;0;103570;105991;67243;67533;28653;29253;3500;2777;1751;969;1004;938;0
23727;330000;2;3;1;50;-1;-1;-2;-2;-2;-1;2064;0;0;0;0;324;0;0;0;0;324;0;0
23734;60000;2;3;1;60;0;0;0;0;0;0;57974;57637;56594;57097;56854;58325;2810;2648;2050;2084;2437;1968;0
23735;200000;2;3;1;50;0;0;0;0;0;0;8413;8611;15818;21813;20890;29890;5000;8000;10000;10000;10000;4686;0
23739;80000;2;2;1;49;0;0;0;0;0;0;83888;83503;82265;81974;81253;78343;3900;3000;3500;3200;3800;3300;0
23744;200000;2;2;1;50;-2;-1;0;0;-1;0;3414;6640;7428;10234;5380;7532;6640;1025;10249;5380;5000;2261;0
23745;50000;2;2;1;55;0;0;0;0;0;0;23605;27856;16386;15511;15664;19761;5856;3386;5411;5664;5761;3866;0
23752;50000;2;3;1;58;1;2;2;2;0;0;24135;23454;26755;26026;27310;29729;0;4000;0;2000;3000;0;1
23764;50000;2;1;2;52;-1;0;0;0;0;-1;28594;33080;29233;23340;-300;31031;5000;3000;1000;0;31331;0;0
23769;50000;2;2;1;50;0;0;0;2;0;0;12699;13734;17634;17053;17394;18563;1247;4147;0;624;1451;0;0
23773;80000;2;3;1;54;0;0;0;0;0;0;55498;56368;42486;24500;28900;29400;2000;2000;1600;5000;1000;600;0
23783;180000;2;1;1;53;1;-2;-2;-2;-2;-2;0;0;0;0;0;0;0;0;0;0;0;0;0
23786;120000;2;3;1;55;1;-2;-1;2;0;0;-150;-150;7342;7029;7172;7338;0;7492;0;143;166;16000;0
23790;20000;2;3;1;51;1;-1;-1;-1;-2;-2;0;780;340;-50;-830;-1660;780;340;0;0;0;0;0
23795;310000;2;3;1;53;-2;-2;-2;-2;-2;-2;1126;2603;-6;1184;7883;193;2635;0;1190;7909;193;3189;0
23803;30000;2;3;1;67;2;2;0;0;0;0;26590;25869;26947;27529;24909;24576;0;1800;1370;1264;2078;836;1
23814;70000;2;2;2;55;0;0;0;0;0;0;57867;53214;54571;42413;42946;43843;1920;2230;2004;1537;1589;1598;0
23824;210000;2;1;2;50;-1;-1;-2;-1;-1;-1;1561;0;0;806;1945;0;0;0;806;1945;0;1315;0
23829;240000;2;1;1;51;-2;-2;-2;-1;-1;-1;4302;542;3934;6630;6817;7658;546;3953;6646;6865;7673;4208;0
23830;240000;2;3;1;50;0;0;0;0;0;0;242152;237635;242191;212879;185490;188850;8000;8000;7000;6000;6000;7000;0
23837;250000;2;1;1;54;-1;-1;-1;-1;0;-1;390;1090;390;2855;390;2950;1090;390;2855;0;2950;0;0
23847;290000;2;1;1;52;0;0;0;2;2;2;85532;69025;85735;79698;71981;63168;12000;20000;0;5500;0;10000;0
23852;260000;2;3;1;57;-1;2;-1;2;-1;-1;1148;123;1668;446;123;35722;0;1668;0;490;35722;0;0
23856;200000;1;2;2;30;0;0;0;0;0;0;183464;184391;169311;165686;162639;165627;7197;7035;7032;6008;7002;6523;0
23864;50000;1;2;2;30;2;2;2;2;2;2;21839;22771;23700;24016;23332;24849;1600;1600;1000;0;1896;0;1
23878;200000;1;1;2;30;-2;-2;-2;-2;-2;-2;0;0;0;0;0;0;0;0;0;0;0;0;0
23885;300000;1;2;2;29;-2;-2;-2;-2;-2;-2;0;0;0;0;0;0;0;0;0;0;0;0;1
23889;50000;1;1;2;30;0;0;0;-1;-1;-2;50457;51400;0;3794;0;0;2400;0;3794;0;0;9551;0
23897;150000;1;2;2;22;-1;0;0;0;0;0;82791;82533;77002;45340;36352;36499;3187;2381;1579;1265;1584;597;0
23907;20000;1;2;2;21;0;0;0;0;0;0;18671;18497;19633;18347;9347;0;1614;1750;1000;1000;0;0;0
23919;20000;1;2;2;22;1;4;3;2;0;0;17456;16896;16345;15785;17018;18736;0;0;0;1500;2000;2000;1
23925;420000;1;2;1;24;0;0;0;0;0;0;392639;397332;376317;214062;164003;162836;16117;20516;7092;6019;4636;5570;0
23927;110000;1;2;2;26;1;2;2;3;2;2;83796;86713;93436;91075;88714;94316;5200;9000;0;0;7062;3424;0
23930;50000;1;3;2;23;0;0;0;0;0;0;9168;10178;11200;12214;12608;12718;1166;1188;1202;596;461;462;0
23938;150000;1;4;3;27;-1;-1;0;0;-2;-2;3462;1147;7002;0;0;0;1147;6000;0;0;0;0;0
23942;100000;1;2;2;26;0;-1;-1;-1;2;-1;44053;2206;1953;3053;853;48280;2206;1953;3100;0;48280;0;0
23947;100000;1;3;2;25;0;0;0;0;0;0;76068;69334;54883;55383;36095;31322;2895;2088;1511;1124;1053;1009;0
23951;70000;1;2;1;26;1;2;0;0;0;0;8587;9386;9456;9528;7481;7794;1100;1178;1250;300;400;250;0
23954;20000;1;1;2;24;-1;-1;-1;-1;0;-1;720;100;1192;7804;6200;3982;100;1192;7807;124;3982;1156;1
23958;50000;1;2;2;23;1;-2;-2;-1;-1;-2;0;0;0;1000;0;0;0;0;1000;0;0;0;0
23964;20000;1;2;2;27;0;0;0;0;0;0;12546;13830;14599;15650;15964;17204;1500;1300;1300;574;1500;0;1
23968;220000;1;1;2;26;0;0;0;0;0;0;44432;128967;96750;71616;65415;57914;100000;18720;37800;7096;12000;25000;0
23979;30000;1;2;2;23;0;0;2;2;0;0;14404;32852;17113;4818;4818;0;3196;2000;0;0;0;0;0
23981;50000;1;2;2;23;0;0;0;-1;0;0;51274;50474;49724;48437;18712;19129;4175;41000;51705;700;718;700;0
23985;110000;1;2;2;25;0;-1;0;0;-1;-1;54165;88490;99595;99055;30328;24564;88490;30000;40000;30328;24564;42000;0
23987;50000;1;2;2;25;0;0;4;3;2;2;29206;53086;51981;50805;51518;50713;25000;0;0;1800;108;2400;0
23997;20000;1;2;1;25;0;0;0;0;0;0;14447;15455;17562;17322;17119;17350;1552;2659;1419;606;500;1000;0
23999;20000;1;5;2;26;0;0;0;0;0;-2;20564;20284;19394;39950;0;0;3055;1467;1096;1000;0;0;0
24001;50000;1;2;2;23;2;2;0;0;0;0;51246;49758;48456;44116;21247;20066;8;2401;2254;2004;704;707;0
24003;400000;1;2;2;27;0;0;0;0;0;0;15330;8626;11470;10745;20737;9545;2501;10009;1437;1105;510;959;0
24008;230000;1;2;2;27;0;0;0;0;0;0;34592;23689;27652;8430;9811;9865;1816;5105;1293;2000;528;3000;0
24012;30000;1;2;2;25;2;0;0;0;0;0;24279;25281;26568;29872;23504;25724;1713;2000;4000;0;3000;1000;1
24015;50000;1;2;2;24;0;0;0;0;0;0;12236;13324;14403;15460;15804;16549;1300;1300;1300;600;1000;602;0
24029;130000;1;2;2;25;0;0;0;2;2;2;113290;112561;119435;105382;49643;46812;5650;12421;0;7000;0;2000;0
24032;80000;1;1;2;26;-1;-1;-1;-1;-1;-1;7412;945;1096;162;6600;1780;945;1096;163;6600;1780;0;0
24033;50000;1;2;2;25;0;0;2;2;4;3;28651;41897;43032;47242;46212;45205;14200;2100;5215;0;0;0;1
24043;50000;1;1;2;27;0;0;0;2;2;0;35215;36227;37876;39984;39041;40110;1600;2234;3042;0;1700;2000;0
24047;130000;1;2;2;25;0;0;0;0;0;0;39074;39767;38680;5654;1938;522;1766;1521;3100;0;10;0;0
24050;20000;1;1;2;27;0;0;0;0;0;0;19483;18956;18742;19738;15627;15753;1258;1404;1400;399;604;2500;0
24082;50000;1;1;2;28;1;-2;-1;0;0;0;0;0;16248;17105;16842;21842;0;16248;1600;337;5000;5000;0
24089;110000;1;1;2;28;0;0;0;0;0;0;107800;105820;104780;98139;72176;74011;4000;4000;4100;3000;3000;3000;0
24090;40000;1;2;2;28;-1;-1;-2;-2;-2;-2;3333;-167;-5187;-187;-187;113;167;4982;5000;0;3335;27000;0
24091;130000;1;6;1;37;-1;-1;-1;-1;-1;-1;1390;2196;7533;4656;840;390;2196;7533;4689;840;390;390;0
24092;40000;1;1;2;28;0;0;0;0;0;0;38941;39039;24501;15143;15731;9728;2002;1607;1580;2500;1500;33000;0
24094;210000;1;2;2;28;2;0;0;-1;0;0;209479;211302;-4244;205759;151849;150221;10000;2572;213509;6022;5817;4048;1
24097;20000;1;2;2;25;-1;-1;-1;-1;0;0;769;1011;628;2198;365;-34;1500;700;2500;0;0;2000;0
24100;80000;1;1;2;27;0;0;0;0;0;0;74640;72565;63342;51529;41484;34097;20024;10000;4000;2000;3000;2500;0
24111;80000;1;1;2;27;-1;-1;-1;-1;-1;-1;400;600;600;100;900;2934;600;600;100;900;2934;0;0
24114;280000;1;2;1;29;-2;-2;-1;2;2;-2;-650;-650;2057;650;3072;3330;0;2707;3;3072;3330;499;0
24118;500000;1;1;2;28;0;0;0;0;0;0;92442;96905;111219;251573;300336;269964;7036;20042;150122;75182;11486;11162;0
24119;500000;1;1;2;27;0;0;0;0;0;0;252881;224633;486367;616836;250600;296217;30032;271636;30876;60044;50539;100562;0
24123;140000;1;1;2;29;1;-2;-2;-2;-2;-2;0;0;0;0;0;0;0;0;0;0;0;0;0
24130;90000;1;2;2;27;0;0;0;0;0;0;64497;49929;41498;36492;24636;5298;2297;2406;1400;493;106;0;0
24132;60000;1;1;2;25;0;0;0;0;0;0;55656;58740;59257;56229;46624;36594;4041;2227;14682;1634;2024;978;0
24134;130000;1;1;2;29;0;0;0;0;0;0;78337;81029;83032;83362;84592;86027;4000;4200;2912;2500;2300;2500;0
24137;240000;1;2;2;29;0;0;0;0;0;0;90440;92433;94548;96375;98453;100549;3500;3600;3500;3500;3500;3500;0
24146;280000;1;1;2;28;-2;-2;-2;-2;-2;-2;10296;1820;0;5970;8628;2036;3543;1195;5970;8628;2306;768;0
24148;70000;1;2;2;29;0;0;0;0;0;2;17103;18312;19516;20685;22142;23340;1500;1500;1500;1800;1700;0;1
24163;60000;1;1;2;29;0;0;0;0;0;0;11976;13462;15231;16966;17878;19085;2000;2000;2000;1500;1500;1500;0
24164;330000;1;2;1;29;0;0;0;0;0;0;25131;16610;17586;12580;16254;8213;1200;1157;1331;4005;299;701;0
24179;100000;1;1;2;27;1;2;0;0;0;0;108762;101941;99264;90972;100306;100536;25;4902;4118;30018;5060;3663;0
24180;360000;1;1;2;30;-1;-1;-1;-1;0;0;9939;14212;44803;118712;34244;21269;14226;46012;129567;685;425;4137;0
24184;200000;1;2;2;28;0;0;0;0;0;0;162439;92626;73816;79033;79539;80584;4000;3000;6500;3013;5000;3000;0
24187;180000;1;2;2;32;1;2;0;0;0;0;173179;168499;170856;177544;172432;173940;0;7326;10000;7000;8000;10000;0
24193;20000;1;2;1;30;1;2;2;2;2;2;17005;15451;18067;17469;19905;19763;0;2874;0;2712;1566;818;1
24200;220000;1;3;1;30;2;-1;-1;-1;-1;-1;780;390;0;780;0;780;390;0;780;0;780;390;1
24203;170000;1;1;2;28;0;0;0;0;0;0;145584;125746;127407;146833;64268;58970;6500;5609;70000;2700;2200;2200;0
24204;210000;1;1;1;31;0;0;0;0;0;0;140994;140224;141553;143811;144587;146802;5100;5201;5160;5200;5300;6150;0
24211;70000;1;1;2;31;-2;-2;-2;-2;-2;-2;25856;13737;7716;25732;46671;26516;13737;7716;25740;46684;26516;56017;0
24212;470000;1;1;2;30;-2;-2;-2;-2;-2;-2;9884;3285;5103;9258;4305;10001;3301;5127;9304;4326;10051;7661;0
24213;250000;1;1;2;28;-2;-1;-1;-2;-2;-2;4003;2527;1652;7734;3337;7866;2549;1715;8042;4023;9167;3036;0
24221;230000;1;1;2;30;0;-1;0;0;0;0;33400;36348;36163;32653;30821;29827;36348;3010;20000;1200;2000;1000;0
24222;130000;1;2;1;31;0;0;0;0;0;0;132242;117873;120889;118293;121312;121162;5000;5000;5000;5000;5000;5000;0
24223;500000;1;2;2;32;0;0;0;0;0;-1;331751;254846;162969;142735;76989;106476;10558;7410;3068;94;106476;152;0
24226;460000;1;1;2;31;0;0;2;0;0;0;4533;9023;8317;12338;12744;12397;5002;1;5002;1001;3;733;0
24230;200000;1;2;2;32;2;2;2;2;2;2;88808;86484;92504;90120;93629;96980;0;7421;0;5000;5000;5000;1
24236;190000;1;1;2;31;0;0;0;2;2;0;104503;106773;114791;106414;96980;90700;4000;9844;3283;24;3297;3325;0
24238;80000;1;1;2;31;-1;-1;-1;-1;-1;-1;6887;171;1125;1613;0;4811;171;1125;1613;0;4811;0;0
24240;50000;1;2;2;30;1;1;-1;2;2;0;13745;-4338;46881;47832;46783;47890;125;52000;2000;0;2000;3700;0
24241;360000;1;2;2;31;0;0;0;0;0;0;34831;29791;19013;17929;20759;3436;5059;1383;2000;3030;2009;2018;0
24242;90000;1;1;2;30;0;0;0;0;0;0;40768;41789;42913;44388;45348;48454;2000;2100;2500;2000;4000;0;0
24244;410000;1;2;2;30;-2;-2;-2;-2;-2;-2;7011;9173;7259;8430;5130;5064;9222;8036;8542;5155;5089;18270;0
24246;100000;1;1;2;30;0;0;0;0;-2;-2;96846;98364;21255;0;0;0;5055;1049;0;0;0;0;0
24253;180000;1;1;2;32;2;2;0;0;0;0;220901;207382;201883;196524;192243;186537;0;7820;7000;7000;5000;6000;1
24261;230000;1;2;2;30;0;0;0;0;0;0;171861;157389;161622;162501;163329;161560;10000;10000;8000;10000;7000;7000;0
24262;200000;1;2;1;30;0;0;0;0;0;0;143266;113676;116355;117802;116296;60792;6000;6000;5000;6000;3000;1611;1
24267;150000;1;2;1;31;-2;-2;-2;-2;-2;-2;500;15338;0;0;650;1430;15338;0;0;650;1430;1200;0
24268;80000;1;2;2;26;1;2;0;0;0;-1;27897;24833;23331;21964;19664;2544;0;1527;1500;540;2544;2789;1
24269;430000;1;3;2;26;0;0;0;0;0;0;438795;438691;437284;435832;345499;228818;18000;18000;16570;11803;10563;10000;0
24274;280000;1;1;2;31;-2;-2;-2;-2;-2;-2;-1;-1;-1;-1;-1;219;0;0;82150;0;220;1124;0
24287;200000;1;1;2;30;2;4;4;4;4;4;173639;176605;179754;182763;184570;184091;7310;7459;7468;6275;3000;0;0
24291;340000;1;2;2;30;0;0;-1;-1;0;0;20865;2611;3255;57920;23207;22659;2000;3255;57920;22659;2000;1000;0
24292;360000;1;1;2;31;1;-1;-1;-1;-1;-2;0;951;3760;752;0;0;951;3760;752;0;0;0;0
24295;300000;1;3;1;35;-2;-2;-2;-2;-2;-2;0;0;0;0;0;0;0;0;0;0;0;0;0
24296;220000;1;5;2;37;2;0;0;0;0;0;217638;213843;211233;194579;96213;27540;7506;23007;7991;4191;719;409;0
24309;420000;1;1;1;43;-2;-2;-2;-2;-2;-2;3542;2967;2977;2987;3624;3165;3010;3035;3029;3637;3222;3025;0
24315;400000;1;2;1;32;0;0;0;0;0;0;271974;337765;138235;136102;33340;63684;100000;10007;3601;22000;35802;2013;0
24316;20000;1;3;1;32;1;3;2;2;0;0;15598;15055;16511;15953;16190;16777;0;2000;0;800;1000;1000;1
24321;780000;1;1;1;48;0;0;0;0;0;0;171459;178587;190663;195124;184872;191090;10000;15004;10000;8000;10028;7003;0
24327;20000;1;2;2;33;0;0;0;0;0;0;18330;17797;18731;19610;18980;38766;1291;1324;1302;672;701;788;0
24330;30000;1;1;1;37;1;2;2;0;0;2;20829;22689;22043;23367;24983;25437;2500;0;2000;2000;1000;0;1
24332;290000;1;2;1;49;0;0;0;0;0;0;193650;127336;125088;123694;123518;124246;4126;4304;4000;5000;4100;4500;0
24333;50000;1;2;1;49;2;2;0;0;0;0;49943;47585;47582;21391;21867;19774;0;2500;1300;2000;700;1000;1
24345;300000;1;2;1;36;0;0;0;0;0;0;76382;166051;167541;167905;167974;170428;115718;7905;6509;5874;6116;6300;0
24348;240000;1;2;2;39;0;0;0;0;0;0;177795;167091;161691;165177;132478;138979;8576;8200;9009;5000;10500;0;0
24354;90000;1;1;2;36;-1;0;0;0;0;0;91111;81784;97541;90102;78285;70224;9400;27000;3000;2680;52930;3400;0
24361;100000;1;2;2;34;1;-2;-2;-2;-1;-1;-342;-342;-342;-342;1158;2485;0;0;0;1500;1500;0;0
24369;330000;1;3;1;37;-2;-2;-2;-2;-2;-2;0;0;0;0;0;0;0;0;0;0;0;0;0
24378;170000;1;2;1;39;0;0;0;0;0;0;91289;74457;64374;63936;60750;54248;2486;2430;2224;1957;1917;3000;0
24379;180000;1;2;1;39;1;-2;-2;-2;-2;-2;0;0;0;0;0;0;0;0;0;0;0;0;0
24385;500000;1;3;1;49;-1;-1;-1;-1;-1;-1;12536;27882;35031;42145;7347;152769;28023;35477;42360;7387;153532;15603;0
24387;180000;1;1;1;38;1;-2;-1;-1;-2;-1;-47;-47;470;0;0;800;0;517;0;0;800;0;0
24393;80000;1;6;1;41;0;0;0;0;0;-1;165578;153033;133017;19164;3272;11766;4351;3520;1000;3272;11766;1740;1
24400;200000;1;3;2;33;-2;-2;-2;-2;-1;-1;2810;7114;1981;3959;5382;0;7149;2059;3978;5403;0;0;0
24401;140000;1;2;1;38;2;2;2;2;2;2;53797;55007;56128;56713;55796;56251;2700;2600;2100;600;1500;4545;1
24406;20000;1;3;2;49;1;2;2;-1;0;0;19481;18756;-3744;17105;17250;0;0;0;21200;345;0;0;1
24413;30000;1;2;1;38;1;2;0;0;0;2;24305;23621;24346;25359;26987;26416;0;1410;1423;2051;0;2000;1
24416;20000;1;2;2;44;0;0;0;-1;-1;-1;19157;20011;18768;1261;390;390;1500;1768;1261;390;390;390;0
24417;150000;1;3;2;42;0;0;0;0;0;0;49728;47784;47449;47987;48051;48410;5000;6000;3000;1700;2000;2000;0
24423;50000;1;2;1;37;2;0;0;0;0;0;49444;50621;49326;29584;19665;19799;2306;2155;1086;19001;906;1500;0
24424;10000;1;2;1;36;2;0;0;0;0;0;9075;8593;9582;8986;9691;9889;2000;1300;1200;1000;1000;569;0
24434;280000;1;1;2;47;-2;-2;-2;-2;-2;-2;2180;251;4250;1000;5507;5348;251;4250;1000;5507;5348;433;0
24441;80000;1;1;1;42;1;2;2;2;2;2;45619;46567;47522;48373;47442;50501;2000;2000;2000;0;4000;0;0
24444;300000;1;1;0;37;-1;-1;-1;-1;0;0;298;750;179;1576;497;-3;752;179;1579;1;0;1246;0
24450;190000;1;1;1;44;-1;-1;2;2;-2;-2;231;3421;3190;0;0;0;3190;0;0;0;0;0;0
24454;110000;1;5;1;36;0;0;0;0;0;0;58949;60131;61329;62402;63112;64325;3000;3000;3000;2500;3000;2500;0
24455;210000;1;2;2;31;0;0;0;0;0;0;189650;127111;93208;88223;84175;80305;5000;4200;3100;3000;3100;3000;0
24463;340000;1;2;1;35;0;0;0;0;0;0;38214;39229;40747;41930;43397;44710;1500;2000;2000;2000;2000;2000;0
24464;310000;1;1;2;33;-1;-1;-1;-1;-1;-1;10878;12910;990;0;1715;11936;12910;990;0;1715;11936;277;0
24475;200000;1;1;1;36;-1;-1;-1;-1;-1;-1;1990;1186;4078;3000;3849;4479;1186;4092;3000;3849;4479;8120;0
24480;60000;1;3;1;46;0;0;0;0;0;0;56869;57976;54398;46937;19085;19506;2110;2131;2010;1000;1000;1000;0
24483;20000;1;2;2;38;0;0;0;0;0;0;16465;18470;18877;19604;19800;0;3000;1473;1200;396;0;0;0
24493;180000;1;3;2;39;0;0;0;0;0;0;51496;51588;51869;52999;52096;52704;1838;2000;2468;1850;1909;1902;0
24494;170000;1;2;2;32;1;-2;-1;2;2;-2;-1000;-1000;1000;1000;0;0;0;2000;0;0;0;0;0
24500;100000;1;3;1;42;7;6;5;4;3;2;33816;33024;32308;31399;30448;29933;0;60;0;0;0;118;0
24504;550000;1;1;1;44;-2;-2;-2;-2;-2;-2;21788;0;1091;2291;1000;150;0;1091;2309;1000;150;750;0
24512;50000;1;2;1;46;-1;0;0;0;-1;0;1853;3656;4400;0;1704;3715;2000;1000;0;1704;2011;0;0
24525;140000;1;2;2;41;0;0;0;0;0;0;144904;143827;141805;26141;7373;81185;10000;10000;5000;6000;76000;3000;1
24528;190000;1;1;2;34;2;2;2;2;0;0;154258;166118;170001;165797;167654;178044;14500;8000;0;6100;13100;0;1
24535;360000;1;1;1;38;-2;-2;-2;-2;-2;-2;0;0;0;0;0;0;0;0;0;0;0;0;1
24539;200000;1;2;1;37;0;0;0;0;0;0;4757;6170;7408;8250;9250;9750;1500;1500;1000;1000;500;1500;0
24543;220000;1;1;2;33;-2;-2;-2;-2;-2;-2;1172;2917;170;5758;792;2538;2917;170;5789;792;2538;4031;1
24544;50000;1;2;1;35;0;0;0;0;0;0;22188;20501;22161;24784;26750;29632;2000;2000;3000;2700;3500;1000;0
24548;490000;1;1;1;41;0;0;0;0;0;0;79712;81707;85703;87725;88727;91483;3000;5000;4000;3000;4000;5000;0
24552;270000;1;1;1;37;0;0;0;0;0;0;174532;167536;171865;176167;105523;45258;6900;7900;8800;4700;2100;60000;1
24571;50000;1;1;2;31;3;2;2;3;3;3;1050;1050;1050;1050;1050;1050;0;0;0;0;0;0;1
24572;60000;1;2;1;45;0;0;0;0;0;0;6471;7487;9356;10392;11214;12028;1131;2000;1200;1000;1000;1000;0
24573;50000;1;2;2;36;0;0;0;0;0;0;52045;49714;50908;49756;27702;27429;2000;2005;1432;1008;3007;2003;0
24574;50000;1;2;1;35;1;2;0;0;0;-1;48047;46593;46945;21260;70;29575;0;2052;1800;0;29935;1200;1
24575;140000;1;2;1;39;0;0;0;0;0;0;92861;87249;87188;86973;85854;85839;3992;4100;4000;3162;3500;3210;0
24579;500000;1;1;1;47;1;-1;-1;-1;-1;-1;0;1200;163;1131;150;165;1200;163;1142;150;165;8530;0
24585;220000;1;2;2;35;0;0;0;0;0;0;237976;232993;229896;226036;222487;210628;8300;8500;8000;7900;7800;8000;0
24597;60000;1;2;1;45;0;0;0;0;0;0;60035;60776;49802;50965;19275;17976;2380;2262;3000;1500;1000;1500;1
24600;280000;1;1;1;37;-1;0;0;0;0;0;33687;21575;23926;23102;22734;29434;5000;3000;10000;10000;16934;10234;0
24612;80000;1;2;2;32;-1;-1;-1;-1;-1;-1;2976;13384;2255;1830;2647;11083;13424;2267;1835;2655;11116;4020;0
24618;190000;1;1;2;36;1;2;2;2;2;2;105418;107689;109678;110887;111871;114223;5500;5200;4500;4300;4300;4400;1
24620;150000;1;3;1;47;0;0;0;-1;-1;-2;250475;123543;52598;3218;0;0;5772;2424;3218;0;0;0;0
24626;280000;1;1;2;32;-2;-2;-2;-2;-2;-2;19668;1000;3186;44932;2100;0;1000;3186;45028;2100;0;0;0
24631;200000;1;3;1;43;0;-1;-1;-1;0;0;1243;1435;1270;3783;2522;1261;1453;1270;4000;0;0;1436;0
24633;210000;1;2;2;48;-1;-1;-1;-1;-1;0;2776;2776;2776;526;4880;1315;2776;2776;526;4880;0;1315;0
24640;80000;1;1;2;26;0;0;0;0;0;0;84488;83593;72883;67337;60807;59088;2871;2727;3170;1940;2200;1700;0
24641;80000;1;2;2;27;0;0;0;0;0;0;40612;41934;43261;44537;45794;47893;2000;2000;2000;2000;3000;4000;0
24653;260000;1;2;1;42;0;0;0;0;0;0;252107;222195;209496;215317;220727;218750;12004;15000;15000;12000;10000;10000;0
24654;500000;1;2;1;40;-2;-2;-2;-2;-2;-2;22520;1110;79243;0;4580;0;1110;79243;0;4580;0;1380;0
24663;230000;1;1;1;47;0;0;0;0;0;0;143083;130011;83545;82638;26332;25425;6500;4579;4500;3000;1000;3000;0
24670;480000;1;1;1;37;1;-1;-1;-1;0;0;6071;7994;8313;25714;25710;20110;8023;8351;25753;14012;10021;12462;0
24673;20000;1;2;2;43;0;0;2;0;0;0;13817;15398;15852;16862;17197;17558;1815;1000;1279;614;637;2350;1
24680;130000;2;1;2;33;2;2;-2;-2;-2;-2;1022;0;0;0;0;0;0;0;0;0;0;0;1
24681;100000;2;2;1;33;-1;-1;-1;-1;-1;0;7067;-418;7064;15229;9689;2669;0;7482;15315;9705;0;4600;0
24684;590000;1;1;1;41;-2;-2;-2;-2;-2;-2;617;1304;35498;0;0;0;1304;35552;0;0;0;0;0
24699;200000;1;1;1;36;-2;-1;-1;-1;-1;0;239;2925;3421;301;9585;8374;2925;3421;301;10217;0;0;0
24709;100000;1;1;1;42;2;0;0;0;0;0;95926;98437;98480;63372;39138;39857;5000;3100;2000;1600;1500;2000;0
24716;100000;1;2;1;38;0;0;0;0;-1;0;100600;94367;96504;22850;91081;92986;4090;4385;1850;103300;3370;3670;0
24732;500000;1;1;2;30;-2;-2;-2;-2;-2;-1;24349;9543;53947;84388;26154;175790;9605;54218;84839;26283;175857;4914;0
24734;90000;1;1;1;34;0;0;0;-2;-2;-2;106339;90500;0;0;0;0;20585;0;0;0;0;0;0
24741;160000;1;2;1;33;0;0;2;2;0;0;82535;84300;86091;83839;85552;88028;4000;4000;0;4000;4000;4000;1
24744;30000;1;2;1;40;0;0;0;0;0;0;25328;22520;21554;22280;18330;780;2000;2000;2000;1000;0;0;0
24745;130000;1;2;1;46;0;0;0;0;0;0;46849;44861;46405;44342;45641;40945;1802;3005;1603;3022;1005;3308;0
24750;50000;1;2;2;44;0;0;0;2;0;0;47674;45472;51447;49895;20317;19460;1764;6739;29;700;704;705;0
24755;50000;1;2;3;41;0;0;0;0;0;0;51449;52260;40893;81308;41463;40045;1700;1679;1640;1449;1454;1466;1
24759;100000;1;3;1;40;2;0;0;2;2;0;77617;80324;86016;87715;85411;87870;4000;7000;4000;0;4000;4000;0
24773;20000;1;2;2;45;0;0;0;2;0;0;17369;28513;27836;23480;19469;16310;15000;3273;0;389;326;813;0
24779;300000;1;1;2;42;-2;-2;-2;-2;-2;-2;161772;111664;123854;0;0;0;114402;127180;0;0;0;0;0
24780;110000;1;2;1;35;0;0;0;0;0;0;103750;102437;97005;83998;79376;79816;3759;3409;2905;2778;2862;3500;0
24783;360000;1;2;1;44;-2;-2;-2;-2;-2;-2;1824;1740;0;0;1499;4001;1740;0;0;1499;4001;203;0
24784;350000;1;3;2;36;-1;-1;-1;-1;-1;-1;9189;6080;12622;18103;13547;38868;6088;12635;18119;13547;38868;4650;0
24786;320000;1;1;1;46;-2;-2;-2;-2;-2;-2;2790;3266;12186;1403;24305;7463;3349;12253;3290;11465;7537;1966;0
24801;50000;1;3;2;44;0;0;0;0;0;0;48322;49057;48059;48097;8107;6934;3000;3000;3000;3000;3600;4800;0
24805;230000;1;1;2;35;-2;-2;-2;-2;-2;-2;0;13371;9420;16639;600;0;13371;9420;16688;606;0;0;0
24813;30000;1;3;1;42;0;0;-1;-1;-1;-1;1946;1473;390;390;390;0;1000;390;390;390;0;780;0
24818;120000;1;2;1;37;2;2;0;0;0;0;45902;44868;45943;46976;47891;51036;0;2100;2100;2000;4100;3000;1
24819;200000;1;3;1;47;-2;-2;-2;-2;-2;-2;0;9661;0;23648;575;847;9661;218;23648;575;847;249;0
24820;150000;1;1;2;31;-1;-1;-1;-1;-1;-2;3056;834;5487;2003;-222;-222;834;5487;2020;51;0;6000;0
24833;170000;1;3;1;45;0;0;0;0;0;0;114625;117364;119552;111404;113635;98411;6305;6000;6000;3854;5000;8000;0
24853;50000;1;2;1;38;0;0;2;0;0;2;32669;35917;35063;36176;38269;37521;3800;0;2000;3000;0;3200;0
24859;230000;1;2;1;36;0;0;0;0;0;0;218205;217665;201440;192978;110055;100857;7859;7750;6246;2500;2600;1300;0
24862;330000;1;2;1;38;0;0;0;0;0;0;179935;177959;175259;153562;157072;158516;8000;6000;5600;6000;6000;6000;1
24873;160000;1;2;2;36;-1;-1;-1;-1;-1;-1;735;735;735;735;735;735;735;735;735;735;735;735;0
24879;20000;1;1;2;30;-1;-1;3;2;0;0;323;24910;22469;21780;20363;20199;26703;0;0;1000;800;1000;1
24887;110000;1;2;1;42;0;0;0;0;0;-1;108227;107529;108483;73177;51043;60581;4200;4306;1662;1170;60604;5000;1
24890;170000;1;2;1;40;0;0;0;2;2;2;148211;149659;155442;162471;158294;166836;5400;8200;11400;0;10800;0;0
24893;130000;1;2;2;38;0;0;0;0;2;0;16657;17874;18776;20858;20225;21396;1500;1500;2400;0;1500;1500;0
24896;160000;1;2;1;43;-2;-2;-2;-2;-2;-2;390;780;0;780;390;930;780;0;780;390;930;0;0
24904;280000;1;1;2;30;0;0;0;0;0;0;100740;104055;106380;112596;114235;117232;5000;4000;8000;5000;5000;18000;0
24907;50000;1;2;2;32;5;4;3;2;0;0;46750;45734;44741;43562;44039;45008;0;0;0;1262;1358;1275;0
24915;360000;1;1;1;34;-1;-1;-1;-1;-1;-1;6878;49190;38497;14342;17098;4546;49190;38610;14350;17098;4546;6229;0
24916;200000;1;1;3;47;0;0;0;0;0;0;202967;203188;198576;186981;137486;140473;7208;7282;5835;5000;5500;4954;1
24918;50000;1;2;2;35;0;0;0;0;0;0;50471;48538;49484;46077;23536;24045;3000;1755;1500;842;888;1914;0
24929;500000;1;2;1;39;-2;-2;-2;-2;-2;-2;2082;800;1440;600;8170;600;803;1440;600;8170;600;1389;0
24937;310000;1;1;1;39;-1;-1;-1;-1;-1;-1;16577;1361;2716;824;757;842;1361;3146;824;757;842;13436;0
24942;360000;1;1;2;36;-1;-1;-1;-1;-1;-1;415;-350;325;765;24851;414;0;1000;765;24851;414;30664;0
24956;360000;1;3;2;31;1;-1;2;-1;0;0;0;238;238;3730;3930;3930;238;0;3730;200;0;0;0
24981;80000;1;1;2;40;-1;-1;0;0;0;0;1068;37102;38112;40079;41040;42994;37200;2000;3000;2000;3000;2000;0
24983;240000;1;1;1;43;0;0;0;0;0;2;67120;68473;69899;71946;75425;74377;2200;2263;2930;5000;0;3000;0
24984;30000;1;2;2;44;1;-2;-2;-2;-2;-2;0;0;0;0;0;0;0;0;0;0;0;0;0
24986;290000;1;2;1;46;0;0;-1;0;0;-1;31824;20578;13505;13386;12536;5850;1529;13505;6000;5000;6000;0;0
24990;370000;1;1;1;45;0;0;0;0;0;0;123485;129885;134782;141002;145637;149281;10000;7000;10000;7000;6000;6000;0
24996;160000;1;6;1;44;0;0;0;0;0;0;151394;153702;156778;148292;115841;116972;5500;7054;6511;4500;4500;4500;0
24999;30000;1;3;1;35;0;0;0;0;0;0;28486;28182;26168;23119;23268;29327;2000;3000;5000;3000;7000;1156;0
25000;30000;1;2;2;37;0;0;0;0;-1;0;31404;32302;27951;28475;29085;26810;1500;1476;1000;31000;1000;995;1
25004;360000;1;3;1;37;-1;-1;-1;-2;-2;-2;1090;303;0;0;0;0;303;0;0;0;0;860;0
25011;50000;1;1;2;34;0;0;2;0;0;2;33499;36742;35875;36501;21764;1723;3800;0;1500;300;0;150;0
25019;100000;1;3;1;49;0;0;-2;-2;-2;-2;33333;0;0;0;0;0;0;0;0;0;0;0;0
25020;220000;1;3;1;65;-1;-1;-1;-1;-1;-1;1193;1525;3067;1771;2326;390;1525;3470;1771;2333;390;2361;0
25022;20000;1;2;1;50;0;0;-1;-1;-1;-1;17020;13161;3851;6061;7058;5680;1000;3851;6061;7058;2840;6380;0
25041;50000;1;3;2;58;0;0;0;0;0;0;46190;44450;50266;19729;20149;19593;2000;20266;1300;700;700;700;0
25045;50000;1;3;1;60;1;2;0;0;0;0;52198;50062;50284;50740;30175;30407;0;2310;1766;1201;1232;1199;0
25048;360000;1;2;1;58;-1;-1;-1;-1;-2;-1;30155;10508;7575;3026;1133;3408;10541;7600;3049;1138;3414;24952;1
25050;50000;1;3;2;54;0;0;0;0;0;0;75804;76799;78692;79543;19738;19759;2785;3068;2309;694;716;808;0
25064;20000;1;3;2;55;0;0;0;0;0;0;19978;18910;18962;19886;18978;17124;1594;1476;1400;380;342;672;1
25068;450000;1;1;1;61;-1;0;0;0;0;0;156875;154853;152936;150996;149094;147297;11000;11000;11000;11000;11000;11000;1
25071;240000;1;1;1;48;0;0;0;0;0;0;234984;234559;240896;135900;135853;127777;9500;11217;4855;4000;3200;3000;0
25074;20000;1;1;2;50;0;0;0;0;0;0;17820;18626;18980;7674;5708;4899;1435;1179;1000;114;98;1874;0
25075;30000;1;2;1;48;0;0;0;0;0;0;26846;27879;28870;27806;25142;25667;1783;1774;1710;1046;1079;1089;0
25076;400000;1;1;1;48;-2;-2;-2;-2;-2;-2;3173;4265;8403;9096;28896;52196;4265;8427;9096;28896;52196;396;0
25082;270000;1;1;1;54;-1;-1;-1;-1;-1;-1;931;31838;11013;1188;14989;2609;31838;11013;1196;14989;2609;1269;0
25083;260000;1;3;1;48;0;0;0;0;0;0;154927;158848;160654;155059;141570;134143;8000;6000;7100;5300;5000;5000;0
25086;50000;1;2;1;49;0;0;0;0;0;0;48321;48890;30272;31080;15315;15238;1839;1640;1901;526;537;577;1
25087;160000;1;1;1;53;0;0;0;0;0;0;205134;46181;47242;48355;49552;50655;1800;1800;1900;2000;1900;2000;0
25089;330000;1;1;1;54;-2;-2;-2;-2;-2;-2;0;41219;374;0;15900;8601;41219;374;0;15900;8601;38000;0
25098;50000;1;3;1;55;0;0;-2;-2;-2;-2;30900;0;0;0;0;0;0;0;0;0;0;0;1
25102;150000;1;1;1;51;0;0;0;0;0;0;149640;146178;133811;122606;107726;1200;6000;3857;12000;20000;0;14500;0
25104;200000;1;1;1;54;0;0;-2;-2;-2;-2;205150;0;0;0;0;0;0;0;0;0;0;0;0
25111;30000;1;3;2;53;0;0;0;-2;-2;-2;24181;16829;0;0;0;0;3000;0;0;0;0;0;0
25112;50000;1;3;1;55;-1;-1;-1;0;0;0;1344;780;13032;14292;16698;15436;1200;13032;1500;3000;554;2000;0
25120;170000;1;3;1;61;0;0;0;0;0;0;167535;166521;168824;164597;94094;92177;6000;7000;5000;4000;3500;3600;0
25126;50000;1;1;1;50;-1;2;-1;-1;-1;-1;780;390;390;390;390;780;0;390;390;390;780;0;0
25128;50000;1;3;1;50;-1;-1;-1;-1;-1;-1;7056;2840;1413;2890;4715;1262;2840;1413;2890;4715;1262;5483;0
25130;320000;1;1;2;57;0;0;0;0;0;0;234704;242324;241384;156047;153955;133407;11000;12000;7500;6200;4600;5000;0
25131;420000;1;1;1;52;-1;-1;-1;-1;-1;-1;11097;16106;10703;14534;20631;17641;16106;10703;14540;20631;17641;11748;0
25145;90000;1;2;1;55;0;0;0;0;0;0;15019;19740;25382;27132;31675;37900;5000;6000;5000;5000;8000;2000;0
25146;300000;1;3;1;56;-2;-2;-2;-2;-2;-2;0;0;0;0;0;0;0;0;0;0;0;0;1
25147;500000;1;1;1;54;2;2;2;0;0;0;518950;539418;519267;518741;516139;514975;39000;0;19000;19000;18000;15000;1
25153;50000;2;3;1;27;0;0;0;0;0;0;29875;30336;26635;20367;15640;12269;4506;2000;2066;611;500;370;0
25156;30000;2;2;1;24;1;2;2;2;2;2;29654;28570;31085;29945;30373;29476;0;3300;0;2158;0;1100;0
25158;260000;2;2;1;37;1;-1;-1;-1;0;-1;0;312;920;37686;36523;574;312;920;37686;0;574;348;0
25159;30000;2;2;2;22;1;2;2;-1;2;2;22623;3019;-341;1129;1470;339;10;0;1470;341;0;12324;1
25164;60000;2;3;2;41;0;0;0;0;0;0;56309;58369;59237;59851;32002;32388;3000;2400;1812;3200;2000;4000;0
25165;250000;2;2;2;28;-1;-1;-1;0;-1;-1;500;3344;2255;3183;2324;1657;3344;2255;1000;2324;1657;1416;0
25167;390000;2;1;2;27;1;-2;-1;-1;-1;0;0;0;6757;0;3339;3339;0;6757;0;3339;0;0;0
25169;30000;2;2;2;22;0;0;2;0;0;0;27219;28987;27849;27451;24358;21192;3600;0;1400;487;424;0;0
25177;50000;2;2;2;22;2;2;2;2;0;0;50583;50974;51688;50024;29381;28957;2300;3000;0;800;808;1200;0
25179;10000;2;1;2;22;0;0;0;0;0;0;7302;7857;8827;5622;5877;7036;1330;1300;1250;500;1255;315;0
25180;50000;2;3;2;23;0;0;0;0;0;-1;32789;7006;8880;15088;-574;27529;1500;2000;6700;5000;28103;1032;0
25186;30000;2;2;2;22;2;2;2;2;2;0;26243;25523;28609;28945;28181;29329;0;3500;1100;0;1600;2500;0
25204;30000;2;2;1;22;0;-1;-1;-1;-1;-1;3118;2411;1260;1179;-101;890;2414;1260;1181;101;991;579;0
25205;120000;2;1;2;23;0;0;0;0;0;0;117035;115624;117204;116835;77926;76993;6000;6000;4000;4000;3000;3500;0
25208;30000;2;2;2;23;0;0;0;0;0;2;11284;12294;13320;14031;15593;15201;1503;1529;1240;1802;0;707;0
25214;50000;2;1;2;23;0;0;0;0;0;0;49711;50820;41981;2888;2640;2140;2019;2564;1000;0;500;6859;0
25215;200000;2;2;1;29;1;-2;-1;-1;-1;-1;0;0;900;900;900;900;0;900;900;900;900;900;0
25216;30000;2;1;2;23;0;0;0;0;0;0;14544;15597;16641;17659;18066;18775;1300;1300;1300;700;1000;1000;1
25218;50000;2;2;2;24;0;0;0;0;0;0;53159;50465;50744;41232;14459;17225;2000;2097;2224;1000;3000;633;0
25221;10000;2;1;2;24;1;2;0;0;2;2;6779;6524;7559;9564;9264;9862;0;1300;2300;0;900;500;0
25235;130000;2;2;2;25;0;0;0;0;0;0;128976;131763;128300;89007;90126;98665;7100;6000;4200;3500;10000;0;0
25237;80000;2;3;1;25;-2;-2;-1;-1;-2;-2;3377;3377;3476;3377;3377;5062;3377;3476;3377;3377;5062;3387;0
25238;140000;2;2;2;26;0;0;0;0;0;2;131335;128760;118310;120719;126470;124342;5864;5756;5868;9275;0;4712;0
25239;150000;2;1;2;26;0;0;0;0;-1;-1;38580;38168;37775;36390;390;390;2000;3473;1000;390;390;390;0
25240;50000;2;2;2;24;0;0;0;0;0;0;50870;49831;47162;47696;36476;32654;1985;2316;1850;1500;1200;5196;0
25243;40000;2;1;2;26;-1;-1;-1;0;0;-1;1216;776;4059;13522;16416;807;776;4385;10000;5000;807;657;0
25244;140000;2;2;2;24;2;2;2;0;0;0;38661;42699;41739;43730;45687;46796;5000;0;3000;3000;2000;4093;1
25247;270000;2;2;2;25;0;0;0;0;0;0;38525;39492;33898;35272;37201;31447;2000;2000;2000;2408;1500;2013;0
25250;130000;2;2;2;24;0;0;0;0;0;0;35871;36873;37927;38993;39628;42136;1900;1950;2000;1580;3310;0;0
25251;30000;2;2;2;25;1;2;2;0;0;-1;30937;32627;31827;32080;30890;990;2500;0;1200;0;990;8721;0
25252;290000;2;2;2;25;0;0;0;0;0;0;57445;57025;46484;36232;32149;24004;2000;1800;1400;1000;1000;1000;0
25256;30000;2;1;2;23;2;0;0;0;0;0;25366;26554;27435;28270;28632;30193;2000;2000;2000;1500;2400;1100;1
25261;90000;2;2;2;23;1;3;2;0;0;0;39772;38836;36654;32747;33091;33291;0;15;1831;1175;1338;1216;0
25267;140000;2;2;2;24;-1;-1;-1;-2;-1;0;22732;6624;-514;-1334;2125;1606;6624;0;0;3731;0;0;0
25270;80000;2;2;2;25;0;0;0;0;0;0;77440;78418;78015;79571;80121;77304;3500;3000;3500;3000;3000;3000;0
25277;50000;2;3;2;23;0;0;0;0;0;0;13385;11493;10236;7896;6211;23315;1200;1800;1000;1211;20000;3754;0
25278;170000;2;1;2;27;-1;0;0;0;0;0;41977;38895;39698;38330;39602;39922;1650;4500;4000;4000;3000;3000;0
25284;60000;2;3;1;23;2;0;0;0;0;0;60406;57491;59137;59345;29399;29339;2055;2570;1620;1020;1050;1080;0
25287;80000;2;2;1;26;2;0;0;0;0;0;78768;79611;80770;53142;55064;28750;3500;4450;2249;1200;2400;1100;0
25292;100000;2;1;2;26;0;0;0;0;0;0;81463;83098;63848;64692;66114;67396;4000;3000;2500;2500;2500;2600;0
25312;50000;2;2;2;25;3;2;0;0;0;0;66881;65115;51010;50342;36025;36778;0;2092;1460;1167;1209;1645;0
25337;50000;2;1;2;27;0;0;0;0;0;0;44402;44977;46546;46033;48656;41674;2000;3000;2400;3023;5000;0;0
25346;50000;2;1;2;25;0;0;0;0;0;0;48408;47563;41319;25110;20478;20258;1774;2100;1609;1000;1000;1000;0
25348;100000;2;1;2;26;0;0;0;0;0;2;2405;3420;4286;5302;6829;6574;1214;1080;1096;1623;0;394;0
25349;80000;2;2;2;26;-1;-1;-1;-1;-1;-1;390;390;390;0;780;0;390;390;0;780;0;0;1
25350;130000;2;1;2;26;-1;-1;-1;-1;-1;-1;1094;1271;1205;1798;299;1280;1293;1205;1798;299;1280;3368;0
25356;20000;2;2;2;22;0;0;0;0;0;0;19583;16810;17941;19327;19155;19422;1300;1409;1795;623;512;185;0
25359;400000;2;3;2;26;0;0;0;0;0;0;18256;18245;18447;13574;8805;10501;1300;1229;1120;292;2784;270;0
25376;80000;2;1;2;27;0;0;0;0;0;0;78178;77637;73966;71447;66994;66813;3437;3300;3050;5000;2700;2300;0
25378;230000;2;2;2;30;-1;2;-1;-1;-1;-1;2374;2165;2154;1966;1966;1966;0;2154;1966;1966;1966;177;1
25382;130000;2;2;1;26;2;2;2;2;0;0;5169;6228;6065;3489;3489;1163;1300;1250;0;0;0;0;1
25384;30000;2;2;2;29;2;2;0;0;0;0;36328;35291;36775;36914;33305;33688;0;2206;1500;2000;6000;6000;0
25389;320000;2;1;2;28;-2;-2;-2;-2;-2;-2;0;0;0;0;1999;1999;0;0;0;1999;1999;1999;0
25419;110000;2;1;2;29;0;0;0;0;0;0;105102;107388;106805;107608;108643;109689;5289;3875;3830;4000;4000;5000;1
25421;20000;2;2;2;27;2;2;-2;-2;-1;-1;17311;0;0;0;4599;4779;0;0;0;4599;700;0;1
25424;200000;2;1;2;30;-1;-1;-1;-1;-1;-1;10225;9468;30250;5215;90;5690;9468;30250;5215;90;6198;2440;0
25425;200000;2;1;2;31;-2;-2;-2;-2;-2;-2;10742;165;1295;0;0;0;165;1295;0;0;0;0;0
25426;50000;2;2;1;26;0;0;0;0;0;0;41891;33849;30220;30235;28979;23593;1781;2016;1450;1314;814;978;0
25428;140000;2;2;2;26;0;0;0;-1;-1;-1;22844;8178;3776;3776;3776;4173;1119;1000;3776;3776;4173;1000;0
25431;160000;2;1;2;27;0;0;0;2;2;0;97375;112373;119017;104417;62975;53299;20000;10000;3017;0;3000;2000;0
25433;160000;2;1;2;28;0;0;0;0;0;0;40854;41849;42889;43904;44777;45866;1676;1716;1731;1604;1812;1667;0
25436;200000;2;2;2;23;0;0;-2;-2;-2;-2;61650;0;0;0;0;0;0;0;0;0;0;0;1
25437;360000;2;1;2;27;0;0;0;0;0;0;297275;307394;314534;289355;274484;247998;20000;15000;19355;10000;10000;10000;0
25460;240000;2;2;1;30;1;-2;-1;2;-1;-1;0;0;7124;6860;2959;6000;0;7124;21;2959;6000;0;1
25478;50000;2;1;2;24;-1;-1;-1;-1;-1;-1;3258;-37;18356;1851;8362;810;0;9252;1859;8362;810;1469;0
25479;180000;2;1;2;28;0;0;0;0;0;0;6396;12595;18704;24410;29184;7325;7000;7000;7000;7000;5000;326;0
25486;250000;2;1;2;31;0;0;0;0;0;0;67492;67875;67448;68165;68787;70111;3500;2658;3000;4000;3000;2500;0
25489;180000;2;2;2;31;0;0;0;0;0;0;180754;85936;88542;92055;94038;95849;3085;4000;5000;3514;3478;3517;0
25494;320000;2;1;2;29;0;0;0;0;0;0;42596;43548;33674;34259;62546;106857;1955;2020;1605;30039;65000;5000;0
25496;80000;2;3;2;28;0;0;0;0;0;0;71834;70194;71912;69776;70985;72444;3200;3500;3000;2500;2500;2500;0
25498;190000;2;3;2;31;-1;-1;-1;-2;-2;-2;1568;87;0;0;0;0;87;0;0;0;0;35520;0
25503;250000;2;1;1;31;-1;-1;-1;-1;-1;-1;2198;7404;3186;5161;0;13714;7404;3186;5161;0;13714;3224;0
25519;330000;2;1;2;34;-2;-2;-2;-2;-2;-2;4577;8400;626;626;1348;5879;8400;626;626;1348;5879;8954;0
25524;60000;2;2;1;32;0;0;0;0;0;0;59738;59389;57656;58290;58213;57076;2700;2100;2100;2200;2100;3000;0
25541;150000;2;3;1;45;2;2;2;0;0;0;179441;169947;153522;150779;49198;50277;7333;4;4104;15000;2000;2200;1
25542;70000;2;3;1;44;0;0;0;0;0;0;9195;2301;3344;4303;4243;5248;1041;1084;1043;1000;2000;2000;0
25548;150000;2;3;2;39;0;0;0;0;0;-1;60115;48412;37033;25032;12500;12500;1662;1783;1282;250;12500;12500;0
25552;410000;2;2;1;42;0;0;0;0;0;0;407873;412650;415917;389659;342329;344974;18026;18026;14095;12037;15026;13026;0
25555;450000;2;3;2;40;-1;0;0;-1;-1;0;10815;4603;5266;4425;15091;6341;4000;5000;4425;15091;0;2277;0
25557;50000;2;2;1;44;0;0;0;0;0;0;5358;6221;7241;8249;8414;8590;1109;1129;1137;302;312;313;0
25558;100000;2;3;1;46;0;0;2;2;0;0;80402;86137;84998;85627;78245;79929;8000;1100;3000;3000;3100;3100;0
25560;280000;2;2;2;28;0;0;0;0;0;0;119587;122015;130286;130705;132964;136400;4411;10282;3006;2659;3436;1000;0
25564;480000;2;2;2;31;0;0;0;0;0;0;241989;217460;242500;185344;164256;168433;9960;30902;7410;6368;7323;5837;0
25568;500000;2;2;2;27;0;0;-1;0;0;0;195140;190529;135943;128438;106591;85215;11613;176596;6506;5178;3031;3466;0
25576;280000;2;2;2;30;0;0;0;0;0;0;237345;195808;369761;197666;152084;149887;12873;135477;6480;4026;4153;3014;0
25579;260000;2;1;2;37;-2;-1;-1;-1;-1;-1;3821;1316;2609;1017;1012;959;1316;2609;1017;1012;959;935;0
25580;120000;2;3;1;36;0;0;0;0;0;0;9826;10838;11876;12853;13109;13015;1181;1219;1196;452;460;463;1
25581;150000;2;1;2;32;2;0;0;0;0;2;35099;35601;36488;35729;38117;37259;1887;2003;2000;3419;13;2088;0
25591;130000;2;2;1;42;2;2;2;0;0;0;130623;131926;128380;126792;103497;96991;6400;0;4535;3900;4300;3700;1
25593;360000;2;2;1;47;0;0;0;0;0;0;93431;93784;93753;87660;78206;70147;3389;3357;2973;2819;2468;2503;0
25596;120000;2;2;1;37;-1;-1;-2;-2;-2;-2;18486;0;0;0;0;0;0;0;0;0;0;0;0
25598;230000;2;3;1;43;-2;-2;-2;-2;-2;-2;416;1099;2508;976;416;416;1099;2508;976;416;416;416;0
25600;20000;2;3;2;45;-1;-1;-1;-1;-1;0;390;350;360;370;780;390;350;400;400;800;0;390;0
25601;100000;2;3;1;38;0;0;-1;0;0;0;16618;-14115;51235;67368;68141;64167;13514;69370;20001;3000;3000;3000;0
25603;160000;2;2;2;38;0;0;0;0;0;0;133017;125321;122044;111799;92039;89536;7008;6300;5000;3000;2606;4006;0
25604;160000;2;1;2;32;-2;-2;-2;-2;-2;-2;162;-2;-2;499;284;1248;0;0;501;285;1254;99;0
25605;50000;2;3;1;39;2;2;2;2;2;0;31063;32051;33239;33571;32732;33416;1800;2000;1171;0;1211;1221;1
25607;420000;2;1;1;44;1;2;0;0;0;0;35545;34332;35097;33025;36945;37276;6;3016;1846;5005;2005;1462;0
25608;500000;2;2;1;38;-1;-1;0;0;0;0;250;1384;6324;7353;5536;8321;1384;5000;1224;3003;3506;3552;0
25609;360000;2;1;1;41;-2;-2;-2;-2;-2;-2;0;0;0;0;0;0;0;0;0;0;0;0;1
25613;50000;2;2;2;31;0;0;0;0;0;0;44325;45861;47667;48119;8257;8037;3000;3687;5000;1000;309;2000;0
25614;290000;2;1;2;29;0;0;0;0;0;0;98709;106341;107325;108805;105375;105710;10000;3286;3133;2822;3212;3073;0
25617;150000;2;2;2;30;-1;0;0;0;0;0;146432;149044;148839;147746;116537;36404;5301;6112;6023;4626;1035;1046;0
25621;70000;2;1;2;29;0;0;0;0;0;0;66330;68278;69181;69494;63275;57430;3049;2621;3032;2074;2000;1800;0
25631;230000;2;1;2;30;0;0;0;0;0;0;64062;56716;30038;22872;22567;21973;5000;3000;3616;3000;2000;0;0
25638;410000;2;1;2;34;0;0;0;0;0;0;43719;44624;40881;39008;47638;27519;2626;2616;2617;20000;1012;511;0
25642;360000;2;1;2;36;-1;-1;-1;-1;0;0;4279;9398;26510;50810;20800;0;9398;26510;51109;2080;0;10080;0
25645;170000;2;1;1;44;-2;-2;-2;-2;-2;-2;754;0;0;0;1903;0;0;0;0;1903;0;0;0
25647;430000;2;1;2;38;0;0;0;0;0;0;41092;43095;44692;45648;47884;136701;3000;2300;2000;3000;90000;4000;0
25650;90000;2;1;2;29;0;0;0;0;0;0;91643;90717;89053;82623;70740;69237;3338;3096;4000;3000;2829;2500;0
25652;210000;2;1;2;38;0;0;0;0;0;0;13744;14565;13173;13258;8155;2838;5000;3397;3000;2000;2300;5230;0
25653;20000;2;2;1;43;0;0;0;0;0;0;16510;17770;16432;16174;16499;12882;1558;1286;1204;529;467;544;1
25654;200000;2;1;1;36;1;-2;-2;-2;-2;-2;0;0;0;0;0;0;0;0;0;0;0;0;0
25680;180000;2;2;1;41;0;0;0;0;0;0;110856;99925;102359;96462;96846;95549;5000;5024;4300;3500;4000;4000;0
25686;150000;2;3;1;41;1;-1;0;0;-2;-2;-1203;49909;46824;-2176;143824;151500;51772;2300;2176;146000;9500;0;0
25699;200000;2;2;2;27;-1;-1;-1;-1;-1;-1;6369;5830;7254;7164;4576;5792;5830;7254;7164;4675;5792;5196;0
25701;220000;2;1;2;28;0;0;0;0;0;0;55477;44109;32978;30415;28038;25669;3000;5000;13500;14000;13500;13500;0
25705;260000;2;1;2;29;2;2;-1;-1;-1;0;792;396;396;396;792;396;0;396;396;792;0;396;1
25710;50000;2;2;1;47;0;0;0;0;0;0;46170;47155;48052;49491;28618;29217;1755;2000;2295;1000;1048;1058;0
25711;360000;2;1;2;35;-2;-2;-2;-2;-2;-2;-3;-3;-3;-3;-3;597;0;0;0;0;600;590;0
25716;110000;2;2;1;35;0;0;0;0;0;0;28969;29568;30379;84257;84762;86139;1500;1706;55000;3200;3300;3300;0
25717;120000;2;2;2;40;1;-2;-2;-2;-2;-2;-200;-200;-200;-200;0;8360;0;0;0;200;8360;0;0
25724;170000;2;1;2;38;-1;-1;-1;-1;-2;-2;822;-3;1243;0;0;0;0;1246;0;0;0;0;0
25726;300000;2;1;1;34;2;0;0;2;0;0;74917;70878;68463;52987;46867;16335;3028;4560;78;3171;5015;5047;1
25730;290000;2;1;2;31;0;0;0;0;0;0;41879;42882;43992;45061;46998;51046;2000;2100;2100;3000;5000;2050;0
25734;270000;2;1;2;29;-2;-2;-2;-2;-2;-2;990;5850;0;0;0;0;5850;0;0;0;0;0;0
25741;430000;2;1;1;43;0;-1;-1;-1;-1;-1;30000;28490;33490;30636;30240;0;28647;35000;30636;30241;0;179;0
25757;290000;2;2;1;33;0;0;0;0;0;0;149495;117275;110481;107735;100195;84268;3721;3700;4005;4000;3000;2928;0
25759;270000;2;2;1;28;0;0;0;0;0;0;322249;298700;308133;263516;94062;92618;10000;13000;12000;5000;4000;5000;0
25760;20000;2;2;2;29;0;0;0;0;0;0;17648;13580;14204;15345;17764;20049;3000;5007;3000;3000;3000;3000;0
25761;360000;2;1;1;31;-2;-1;-1;-2;-2;-2;-4;434;0;0;0;0;438;0;0;0;0;0;1
25765;360000;2;1;2;32;0;0;0;0;0;0;272112;272444;256974;241226;241673;233157;10130;12649;8916;7725;8900;6956;0
25768;90000;2;2;1;33;0;0;0;2;0;0;27180;26772;70398;56266;47804;44230;1405;56388;112;1779;1786;5414;1
25769;240000;2;1;1;41;0;0;0;2;3;3;102488;105785;109082;119221;118144;118029;6500;6500;13500;2300;2002;0;0
25775;70000;2;2;1;44;0;0;0;0;0;0;79346;75146;76717;70281;30343;29782;2794;2888;26850;1047;1088;996;0
25781;200000;2;2;1;32;0;0;-2;-2;-2;-2;10701;0;0;0;0;0;0;0;0;0;0;0;0
25791;50000;2;2;2;38;-1;-1;-1;-1;-1;-1;390;390;390;390;390;390;390;390;390;390;390;390;0
25799;260000;2;1;1;32;-2;-2;-2;-2;-2;-2;0;0;0;0;0;1150;0;0;0;0;1150;0;1
25800;300000;2;5;2;37;-2;-2;-1;-1;0;0;-1244;3751;54478;10424;13762;11428;6425;54478;10424;3762;229;1423;0
25801;160000;2;3;1;44;-2;-2;-2;-2;-2;-2;390;0;780;0;0;0;0;780;0;0;0;3072;0
25803;150000;2;3;2;38;0;0;-1;2;2;2;3060;0;530;530;1696;1166;150;530;0;1166;0;0;0
25816;350000;2;2;1;47;0;0;0;0;0;0;97500;84202;82933;80501;79038;80694;3010;2970;2886;2824;2925;2987;1
25818;530000;2;2;1;44;0;0;0;0;0;0;562326;532374;537543;541019;468571;478034;20010;25022;21003;18003;20000;20004;1
25823;420000;2;2;1;46;0;0;0;0;0;0;254275;249677;232028;233055;191518;192313;10004;11020;10238;10022;7000;6000;0
25833;230000;2;2;1;35;-1;-1;-1;-1;-1;0;7035;2954;13375;-10;8808;6632;2969;13441;0;8818;4;28;0
25834;500000;2;1;2;45;-2;-2;-2;-2;-2;-2;0;0;1742;27291;0;0;0;1742;27291;0;0;6386;0
25835;50000;2;2;2;47;2;2;2;2;2;2;43439;44769;43781;45021;28660;27807;2341;0;2554;0;1800;0;1
25837;170000;2;2;1;31;0;0;0;0;0;0;102477;104499;106657;108804;109584;111881;5210;5323;5402;4071;4215;4081;0
25840;70000;2;3;2;42;0;0;2;0;0;0;69362;71775;70050;70415;48405;46514;6000;0;3000;1000;1500;2000;1
25843;200000;2;2;2;49;0;0;0;0;0;0;80528;83190;85944;87539;90231;86284;4000;5000;4000;4000;5000;4000;0
25848;320000;2;4;3;32;-1;-1;-1;-1;0;0;1145;4133;2488;21222;15115;27279;4135;2488;21238;5000;15000;545;0
25856;50000;2;2;1;42;0;0;0;0;0;0;38516;28604;28089;27864;27173;27457;1754;1500;1500;1000;1100;1208;0
25858;500000;2;1;1;44;0;0;0;0;0;0;111937;104203;96617;97437;185322;179697;4000;4009;17446;100000;10000;20000;0
25873;180000;2;2;2;33;-1;-1;-1;-1;-1;-1;4160;7817;2358;18572;11560;4298;7817;2358;18577;11560;4298;12330;0
25874;60000;2;2;3;39;1;1;-2;-2;-2;-2;58574;-1540;-1930;-2320;-1220;0;0;0;0;2000;2000;0;1
25875;170000;2;1;1;35;2;2;2;2;2;2;131909;133178;131711;139143;140987;144187;4800;2000;11000;5500;5500;5400;1
25882;450000;2;2;2;34;-2;-2;-2;-2;-2;-2;3752;513;0;4376;0;0;513;0;4376;0;0;0;0
25887;40000;2;2;2;37;1;2;2;2;2;2;7613;7343;15184;14643;18385;17950;0;8000;0;4000;0;6000;1
25890;360000;2;2;2;27;0;-1;-1;-1;-1;0;13102;5628;1480;2330;2286;4385;5655;1480;2330;2550;3000;3000;0
25897;200000;2;1;1;37;-1;-1;-2;-2;-2;-2;3135;0;0;0;0;0;0;0;0;0;0;0;0
25910;290000;2;1;1;34;-2;-2;-2;-2;-2;-2;0;0;1100;6000;3533;880;0;1100;6000;3533;880;193;0
25912;50000;2;1;2;34;-1;-1;-1;-1;-1;-1;1884;1077;4886;3682;3190;2451;1077;5693;4255;3190;2451;4425;0
25915;150000;2;1;1;33;-2;-2;-2;-2;-2;-2;-3;-3;-3;-3;-3;-3;0;0;0;0;0;698;0
25919;500000;2;2;2;39;0;0;0;0;0;0;24893;12569;7652;7187;10861;15893;12260;7016;3007;5009;7028;6755;0
25926;230000;2;1;2;41;-1;-1;-1;-1;-1;0;177;0;376;47992;3099;2389;0;376;48042;3099;0;0;0
25927;290000;2;1;1;40;0;0;0;0;0;0;192432;192512;193999;157500;147150;146936;8000;9008;6000;5000;5200;5100;0
25928;430000;2;1;2;42;-2;-2;-2;-2;-2;-2;9777;75276;5999;38845;0;1111;75276;6008;48845;0;1111;1140;0
25931;210000;2;2;2;30;0;0;0;0;0;0;215842;220042;214545;215635;163741;162253;9500;9100;9900;6100;6100;6300;0
25939;340000;2;2;1;37;0;0;0;0;0;0;36006;12144;17164;15821;12317;14850;5000;10326;5000;10000;5000;5000;0
25946;210000;2;2;2;41;-2;-2;-2;-2;-2;-2;0;0;769;771;0;695;0;769;771;0;695;1892;0
25947;330000;2;2;2;39;-1;0;0;0;0;0;8872;15284;20467;25200;35000;0;8284;5467;5200;10000;0;0;0
25951;410000;2;3;1;32;-2;-2;-2;-2;-1;0;388;388;388;388;110345;116128;388;388;388;110345;8000;4200;0
25954;150000;2;1;1;45;-2;-2;-2;-2;-2;-2;5423;4133;14279;5985;8333;8241;4133;14296;5990;8342;8241;17817;0
25958;260000;2;1;1;29;0;0;0;-2;-2;-2;71864;54050;0;0;0;0;3090;0;0;0;0;141516;0
25971;20000;2;3;2;31;-1;-1;-1;-1;-1;-1;1550;1550;1826;6497;8185;3755;1550;1826;6497;8185;3755;3220;0
25978;170000;2;1;2;40;-2;-2;-2;-2;-2;-2;0;0;1980;0;280;280;0;1980;0;280;280;1111;1
25979;180000;2;4;1;44;0;0;0;0;0;2;151538;133924;136707;139438;143513;141119;6256;6434;6506;10813;0;5557;0
25980;200000;2;1;2;38;-2;-2;-1;0;0;0;0;0;69084;71857;72755;34125;0;69084;3450;2348;1486;30000;0
26006;300000;2;1;2;30;-1;-1;-1;2;-1;-1;452;-6;835;665;2386;456;3;1466;70;2397;457;1003;1
26009;100000;2;2;1;39;-2;-2;-2;-2;-2;-2;1884;0;0;0;0;0;0;0;0;0;0;0;0
26013;50000;2;1;2;27;2;3;2;2;2;2;12250;11761;12476;11979;12880;12531;0;1200;0;1100;0;1200;1
26015;80000;2;2;2;44;0;0;0;0;0;0;75901;74911;72172;73674;73532;75192;3500;3205;3300;3000;3000;3300;0
26018;100000;2;2;1;44;-1;-1;-1;-1;-1;-1;9242;181;1782;1338;768;2643;181;1794;1338;768;2643;0;0
26026;90000;2;3;1;41;0;0;0;0;0;0;2833;6003;7598;5036;4750;3007;5000;3500;4500;4300;0;1500;0
26040;230000;2;1;2;33;-2;-2;-2;-2;-2;-2;5869;11556;156;2403;1546;7915;11556;156;2403;1546;7915;0;0
26041;290000;2;2;2;34;0;0;0;0;0;0;285484;286091;286785;285345;239389;231420;10220;11231;10269;8500;10000;10000;0
26044;10000;2;3;1;42;2;2;2;2;0;0;7587;7920;10153;8999;9999;0;1000;2374;0;1000;0;0;1
26047;340000;2;1;2;35;-2;-2;-2;-2;-2;-2;732;1604;-1294;12797;890;2313;1618;27;20072;903;2313;156590;0
26051;160000;2;2;1;49;-1;-1;2;0;0;2;16982;21353;20723;21873;25999;26377;4980;0;1500;4520;939;0;0
26053;140000;2;2;2;38;0;0;0;0;0;0;135034;133283;132765;123208;97154;97687;4729;5434;4751;3500;3500;3800;0
26054;520000;2;1;1;43;0;0;0;0;0;0;146124;145785;147972;157115;196804;21550;6024;18069;30000;46805;21550;1287;0
26061;280000;2;1;2;28;-1;2;-1;-1;-1;2;5432;2146;1688;1226;6394;1626;0;1688;1226;7000;0;3146;0
26066;90000;2;2;1;30;-2;-2;-2;-2;-2;-2;0;0;0;0;0;0;0;0;0;0;0;0;0
26072;230000;2;1;2;33;1;2;-1;0;-1;0;4213;1922;5346;6971;10707;15392;0;5500;4000;11000;5000;5000;1
26075;160000;2;2;2;37;-2;-1;-1;-1;-1;-1;7596;898;850;1729;5696;0;920;852;1759;5707;0;0;0
26077;90000;2;2;1;34;1;2;2;-1;-1;-1;8021;7780;0;9281;0;340;77;0;9281;0;340;0;0
26083;20000;2;2;1;36;1;2;2;2;2;2;16161;17596;17031;19715;19806;18747;2000;0;3300;700;0;1200;0
26091;300000;2;1;1;38;-1;0;0;0;0;0;15230;16212;17239;18237;18600;17939;1222;1249;1247;610;611;616;0
26101;260000;2;2;1;37;0;0;0;0;0;0;182249;181433;180660;179052;177072;175285;6107;6501;6005;5805;5909;6106;0
26103;230000;2;2;2;36;-2;-2;-2;-2;-2;-2;140;358;285;219;415;142;358;285;219;416;142;3000;0
26114;180000;2;2;1;27;0;0;0;0;0;0;3063;4083;4634;3652;1973;689;1084;1084;1005;46;16;0;0
26117;80000;2;2;1;36;0;0;0;0;0;0;77998;77452;74773;76908;77068;78434;3700;3500;4000;3200;4000;2700;0
26126;10000;2;2;1;40;0;0;-1;0;0;0;9135;0;1912;3071;4012;9882;0;1912;1200;1000;1000;1000;0
26134;170000;2;1;1;30;0;0;2;2;0;0;165637;173637;173490;165645;165605;163432;15600;7666;0;7792;6248;5910;1
26136;50000;2;3;2;44;0;0;0;0;0;0;43828;40684;37338;31278;31811;28656;1947;1829;1644;4405;1104;2504;0
26139;100000;2;1;2;29;2;2;2;2;2;2;57214;58666;58643;58589;62586;64519;3000;1500;1500;5600;3100;2000;1
26140;210000;2;1;1;46;-2;-2;-2;-2;-2;-2;4065;0;4160;2540;1055;0;0;4160;2540;1055;0;408;0
26148;210000;2;1;1;35;-2;-2;-2;-2;-2;-2;2020;4055;0;0;0;0;4055;0;0;0;0;150;0
26151;50000;2;2;1;34;3;3;2;2;2;2;47904;48240;48602;46289;44837;44535;2000;2001;499;2000;2000;1500;1
26152;200000;2;5;1;42;0;0;0;0;0;0;149351;108152;87537;67974;35003;35736;3925;3683;2947;1253;1297;1305;0
26157;290000;2;2;1;32;0;0;0;0;0;0;169108;170419;142264;101952;103174;105464;7118;5800;3792;4010;4276;3655;0
26159;500000;2;1;1;35;-1;-1;-1;-1;-1;-1;3290;10881;2517;2957;889;40855;11000;2517;2957;1000;41000;170;1
26161;100000;2;2;1;44;1;-2;-2;-2;-1;2;-1651;-5469;-7292;-10938;5887;3882;0;0;0;16825;0;1823;0
26163;310000;2;3;2;38;-2;-2;-2;-1;0;0;-41;8198;342;41726;15051;8663;8239;344;41884;5025;40;3;0
26169;30000;2;1;1;47;0;0;0;2;2;2;24895;26476;28047;29767;30498;29890;2000;2000;2500;1500;0;1200;1
26185;450000;2;2;1;38;-2;-2;-2;-2;-2;-2;390;390;390;390;390;390;390;780;390;390;390;390;1
26186;200000;2;1;2;32;-1;-1;-1;-1;0;-1;4640;17950;13056;2500;500;500;18116;13113;2522;0;500;500;0
26196;180000;2;1;2;27;1;-1;-1;-1;-1;-2;0;1530;0;1610;0;0;1530;0;1610;0;0;0;0
26200;210000;2;2;2;39;0;0;0;0;0;0;193976;196361;200590;204494;208990;214031;7100;7400;7300;7700;8600;5816;0
26202;70000;2;2;1;48;0;0;0;0;0;0;20744;22093;23432;24217;19108;19649;2000;2000;1500;1000;1000;1000;0
26205;130000;2;1;2;27;0;0;0;0;0;0;36487;37029;35595;36200;34081;31542;3000;3000;3000;2000;3000;3000;0
26212;180000;2;1;1;29;1;2;0;0;0;0;36537;35655;37767;39065;41967;43189;0;3000;2000;3500;3500;5900;0
26213;140000;2;1;2;31;-1;-1;-1;-1;-1;-1;7695;1680;1771;5500;3615;700;1680;1771;5500;3615;700;1404;0
26214;430000;2;1;2;34;-1;-1;-1;2;-1;-1;180;1654;15718;7370;4423;2544;1662;15783;52;4445;2556;3321;0
26215;360000;2;1;2;37;-2;-2;-2;-2;-2;-2;268;257074;66458;0;0;0;260416;72200;0;0;0;0;0
26216;240000;2;1;1;42;-1;2;-1;-1;0;-1;2108;1386;17601;1410;705;705;0;17601;2115;0;705;4000;0
26218;200000;2;1;1;34;-1;2;-1;0;0;0;860;430;3130;7585;11056;97451;0;3130;5000;4000;90000;15000;0
26222;250000;2;2;1;37;1;-2;-1;-1;-1;-1;0;0;9737;790;20750;0;0;9737;790;20750;0;0;0
26223;50000;2;3;1;38;0;0;0;0;0;0;50312;50145;49386;19818;18540;19109;6000;3120;4300;1000;1000;1000;0
26224;400000;2;1;1;28;-1;-1;-1;-1;-1;0;8716;211;4168;4049;4566;2578;211;4188;4061;4586;12;3837;0
26226;280000;2;2;2;39;0;0;0;0;0;0;123997;126272;126953;106551;99592;100607;5600;5400;5006;3250;3400;3500;0
26245;500000;2;1;1;37;0;0;0;0;0;0;501369;505753;395522;312315;265742;248866;17204;13173;10143;7519;8866;7154;0
26248;150000;2;2;2;44;0;0;0;0;0;0;37050;39471;41515;43879;44446;45394;3000;2636;3000;1528;1600;2000;0
26250;90000;2;1;2;31;1;-2;-2;-2;-2;-2;0;0;0;0;0;0;0;0;0;0;0;0;0
26253;240000;2;1;2;28;-2;-2;-2;-2;-2;-2;1981;-2076;-2076;-2076;-2076;-253;0;0;0;0;1823;0;0
26260;10000;2;3;1;33;1;-2;-2;-2;-2;-2;0;0;0;0;0;0;0;0;0;0;0;0;0
26261;210000;2;1;1;34;-1;-1;-1;-1;-2;-2;2501;639;699;0;0;0;639;699;0;0;0;0;1
26273;300000;2;2;1;38;-2;-2;-2;-2;-2;-2;0;0;0;0;0;0;0;0;0;0;0;0;0
26280;200000;2;2;1;35;1;-2;-2;-2;-2;-2;0;0;0;0;0;0;0;0;0;0;0;2865;0
26283;460000;2;2;1;40;0;0;0;0;0;0;133102;126956;126758;121857;122830;90219;5015;5032;4407;4040;3001;3109;0
26287;350000;2;1;1;30;0;0;0;0;0;0;43548;39873;52449;53581;45320;43421;15000;15000;6000;1013;1445;5000;0
26290;230000;2;2;1;43;0;0;0;0;0;0;41435;42106;43532;44504;44267;45564;1674;3000;2011;1574;2000;2000;0
26298;240000;2;1;1;32;2;2;2;2;2;2;209368;204501;223137;226470;229706;234889;0;22000;8500;8500;9000;0;1
26299;80000;2;2;2;34;0;0;0;0;0;0;64553;52484;41048;31786;29105;28294;1784;1874;2000;1011;1100;1154;0
26300;140000;2;2;2;29;0;0;0;2;0;0;62023;61729;67891;65861;64848;64936;3000;8600;6;2500;2500;2500;0
26308;20000;2;1;2;29;2;0;0;0;0;0;15037;16078;17210;18098;18843;19586;1600;1700;1500;1000;1000;500;1
26311;150000;2;3;1;43;-2;-2;-2;-2;-2;-2;0;0;0;0;0;0;0;0;0;0;0;0;0
26320;100000;2;2;1;35;-2;-2;-2;-2;-2;-2;3835;1891;1799;1728;6000;0;1891;1799;1728;6000;0;330;0
26326;120000;2;2;1;42;-2;-2;-2;-2;-2;-2;0;338;488;137;324;471;338;488;137;324;471;0;0
26330;350000;2;2;2;34;1;-1;2;-1;0;-1;-20;630;630;15722;2003;7264;650;0;15788;10;7299;13980;0
26333;50000;2;1;2;26;0;0;-1;0;0;-1;4041;1343;2174;3479;3006;810;1200;2500;3000;1000;900;48578;0
26337;350000;2;1;2;33;0;0;0;0;0;0;303949;298421;247125;228229;202220;181860;10000;9205;6810;5706;6000;4511;0
26340;240000;2;2;1;27;0;0;0;0;0;0;133348;136296;139430;142608;145437;148492;5160;5328;5500;5199;5392;5417;1
26348;240000;2;2;2;28;2;2;2;2;0;0;294180;276968;276585;253679;232300;212749;0;22550;0;8450;7800;6975;0
26355;100000;2;2;2;30;0;0;2;-1;0;0;2419;3123;177;1170;390;0;2177;0;1170;0;0;19760;0
26360;280000;2;1;2;32;-2;-2;-2;-2;-2;-2;5855;13645;9127;9656;41434;21732;13713;9171;9705;41641;21838;5659;0
26362;120000;2;1;1;35;-1;-1;-1;-1;-1;-1;525;2458;8067;802;2706;3597;2458;8152;802;2706;3597;1400;0
26373;20000;2;3;1;35;-1;2;2;2;2;0;17056;18803;18055;20578;19813;20197;2500;0;3000;0;1001;1700;0
26386;240000;2;1;2;29;-1;-1;-1;-1;0;-1;1530;696;696;18334;27638;696;700;696;18334;10000;696;696;0
26392;450000;2;2;1;41;0;-1;0;-1;-1;-1;104624;28114;19758;12518;18328;14879;28114;1424;12518;18328;14879;34744;0
26397;340000;2;2;1;45;-2;-2;-2;-2;-2;-2;5754;480;2532;-36;105668;5490;482;2544;2;106196;5517;433;0
26404;250000;2;1;2;38;-1;-1;-1;-1;-1;-1;14766;990;8150;15410;1276;0;990;8150;15410;1276;0;0;0
26405;120000;2;2;1;46;-2;-2;-2;-2;-2;-2;0;0;0;0;0;0;0;0;0;0;0;0;1
26411;110000;2;2;2;40;0;0;0;0;0;0;96155;96752;98884;98501;34250;35874;5000;5000;3000;3000;3000;3000;0
26415;160000;2;2;1;41;0;0;0;0;0;0;39962;45640;38988;19825;22654;16158;10000;10000;5000;5000;5000;10000;0
26417;210000;2;1;1;47;0;0;0;0;0;0;202503;173232;117125;212656;107808;63049;7082;6000;6000;5000;3000;6000;0
26418;240000;2;1;2;39;0;-1;0;0;0;0;52595;238861;198351;195242;187710;171828;238861;6678;7537;10555;5223;5829;0
26419;150000;2;2;1;36;-2;-2;-1;-1;2;-1;11085;2500;190;3173;673;38100;2507;190;3180;0;38100;5000;0
26431;400000;2;3;1;47;-2;-2;-2;-2;-2;-2;1698;365;3213;2578;9660;24355;365;3224;2580;9660;24355;0;0
26434;470000;2;1;1;39;-1;0;0;0;0;0;235490;125853;143646;113422;96921;94405;25853;20745;13422;6921;5645;6114;0
26435;300000;2;1;1;36;0;0;0;0;0;0;30153;28384;26700;22554;11858;13838;2000;2000;2552;2000;3000;8000;0
26440;150000;2;3;1;48;0;0;0;2;0;0;36717;37800;40874;39922;40953;42136;2000;4000;0;2000;2000;2000;0
26442;360000;2;1;2;49;1;-2;-2;-2;-2;-2;0;0;0;0;0;0;0;0;0;0;0;0;1
26443;150000;2;2;1;50;0;0;0;0;0;0;145268;111500;101996;56503;38650;28775;6005;4450;3243;2000;2000;1000;1
26447;80000;2;2;1;50;2;0;-1;0;0;0;89901;85406;75789;77870;73601;76751;6000;81789;3870;4601;4751;4718;1
26449;50000;2;2;2;52;0;0;0;0;0;0;33743;22989;15843;16825;14637;15397;2000;1400;2000;5000;1000;1000;1
26450;200000;2;1;1;50;-1;-1;-1;-1;0;0;2119;1662;2482;19272;22388;21105;1662;2482;19272;10004;10000;3471;0
26454;50000;2;3;1;48;0;0;0;0;0;-2;73302;65931;58773;58918;0;0;2500;2428;1423;0;0;0;1
26459;100000;2;2;1;50;0;0;0;0;0;0;94745;96838;95732;91556;93403;95661;4600;4600;3500;3372;3793;4000;0
26461;80000;2;2;1;49;0;0;0;0;0;0;77347;61998;47941;47851;48804;50033;2384;5000;2000;1732;2000;3003;0
26472;100000;2;3;1;51;-1;-1;-1;-1;-1;-1;200;100;197;245;3210;318;100;197;245;3210;318;797;0
26483;50000;2;2;1;54;0;0;0;0;0;0;50566;49717;49661;49581;49550;48871;2102;2013;1747;2012;2000;5900;0
26492;100000;2;3;1;50;0;0;0;0;0;0;92956;96180;97701;100113;102120;73630;4333;3518;3567;3183;2674;2836;0
26494;50000;2;2;2;55;0;0;0;0;0;0;40623;40088;38706;38034;23675;22888;1616;2180;2004;1000;1002;1004;0
26500;30000;2;3;2;55;-2;-2;-2;-1;-1;-2;-330;340;-220;780;0;0;500;0;1000;0;0;0;0
26501;30000;2;3;1;54;2;2;2;2;0;0;24180;23498;26400;25682;26155;27972;0;3600;0;1200;2400;0;1
26514;280000;2;1;1;63;-2;-2;-2;-2;-2;-2;-200;-200;-200;-200;-200;-200;0;0;0;0;0;200;1
26525;90000;2;2;1;58;1;2;2;2;2;0;25941;25722;28015;28262;27509;28082;500;3000;1000;0;1017;2433;1
26534;450000;2;3;1;56;1;-1;-1;-1;-1;-1;-4;831;-3;646;-2;418;835;0;649;0;420;1204;1
26535;20000;2;3;2;54;0;0;0;0;0;0;16120;17160;18083;15096;15396;15720;1308;1231;1244;544;565;1500;1
26537;80000;2;3;1;54;0;0;0;0;0;0;78929;78177;63914;54382;48834;49756;3200;3002;2202;2000;2000;2000;0
26545;180000;2;3;1;64;0;0;0;0;0;0;120070;123963;125022;129079;130109;133714;5876;4525;6123;4644;5688;5699;0
26548;520000;2;3;1;54;0;0;0;0;0;0;653062;671563;689627;706864;383160;294641;28500;30500;30000;15000;15000;0;0
26555;20000;2;1;1;53;1;2;2;2;0;0;8992;8313;10179;9394;11462;11410;0;2400;0;2458;2228;780;0
26574;320000;2;1;1;58;-2;-2;-2;-2;-2;-2;1100;0;0;0;0;0;0;0;0;0;0;434;0
26578;430000;2;2;2;51;0;0;0;0;0;0;416090;422898;409626;417113;363553;357476;17107;20015;18027;14015;13010;14006;0
26581;360000;2;3;3;58;0;0;0;-2;-2;-2;35673;35817;-1;-1;-1;-1;1179;0;0;0;0;139;0
26587;20000;1;2;2;24;0;0;0;0;0;0;6215;7252;8473;9769;10057;10346;1300;1500;1600;600;600;700;1
26588;70000;1;1;2;28;1;-1;-1;2;2;2;-47;653;3455;3245;1686;1681;700;3000;0;0;0;4000;1
26594;380000;1;1;2;32;0;0;0;0;0;0;387851;349973;689643;334456;329981;292421;13070;13000;26000;20095;11000;11000;0
26595;390000;1;2;2;29;-1;-1;0;0;0;0;1246;1476;3436;4868;5781;6681;2000;2000;1500;1000;1000;1000;0
26599;160000;1;1;2;25;1;-1;2;2;-2;-2;0;10139;7858;0;0;0;10139;0;0;0;0;0;1
26601;30000;1;2;2;23;0;0;-2;-2;-2;-2;41300;0;0;0;0;0;0;0;0;0;0;0;0
26604;20000;1;1;2;23;0;0;0;0;0;0;19247;18055;2059;2576;1834;1092;2500;1100;1500;200;200;942;0
26607;50000;1;2;2;23;0;0;0;0;0;0;40698;42018;43344;16951;16989;17230;2000;2230;1600;600;500;19742;0
26608;90000;1;1;2;23;0;0;0;0;0;-1;90888;85293;69482;60244;22640;3270;6000;4008;30055;15050;3270;16488;0
26614;20000;1;2;2;22;1;2;0;0;0;0;19512;17692;19136;20080;17366;17128;0;1736;1618;902;1000;869;0
26632;100000;1;3;2;24;1;2;0;0;0;0;100364;97551;66365;62913;9389;6076;107;2893;2104;312;207;2004;0
26633;10000;1;1;2;25;0;0;0;0;0;0;5642;6652;7683;9040;9222;9580;1112;1143;1500;324;500;377;0
26640;90000;1;1;2;26;1;-2;-1;-1;0;0;0;0;403;33982;30738;29018;0;403;33982;1000;1000;1000;0
26642;80000;1;1;2;23;-1;-1;-1;-1;0;0;444;444;444;888;888;444;444;444;888;444;0;1038;0
26643;90000;1;2;2;24;0;0;0;0;0;0;86724;91394;78767;74007;29480;27941;7016;3800;2406;595;570;67;0
26644;20000;1;3;2;24;2;0;0;2;2;2;8295;9310;12130;11644;12250;11910;1160;2980;0;1100;0;1000;1
26664;60000;1;2;2;27;5;4;3;2;-1;0;67940;65957;64005;61769;51722;44956;0;0;0;51722;16000;1100;1
26667;20000;1;1;2;26;-1;-1;0;-1;0;0;587;2195;1758;3720;3820;0;2195;1500;3720;100;0;0;0
26671;70000;1;2;2;25;0;0;0;0;0;-2;60719;61607;68091;69028;-61372;79256;2500;7500;3182;25200;102000;12152;0
26672;150000;1;1;1;28;0;0;0;0;0;0;145728;145240;148755;133414;101284;73255;5002;6009;3259;149;1866;0;0
26674;20000;1;3;2;27;0;0;0;0;2;2;13621;14984;16431;18835;18235;19535;1596;2000;3000;0;1600;0;0
26678;150000;1;1;2;26;-2;-2;-2;-2;0;0;13707;12119;121170;27949;23158;67745;16408;96373;28005;5021;50000;4004;0
26690;20000;1;3;2;22;1;4;3;2;0;0;21425;21410;20786;19994;10700;0;620;0;4;0;0;0;1
26692;30000;1;2;2;26;1;2;0;0;0;0;21871;21222;22555;23874;14500;16500;0;1681;2000;2000;2000;2000;0
26694;70000;1;2;2;27;0;0;0;0;0;0;17058;59481;50890;50981;54122;58227;52896;2047;1861;4000;5000;3044;0
26696;80000;1;2;1;28;0;0;0;0;0;0;81099;81449;79887;76067;73077;76894;10000;5000;10000;6500;5000;5000;0
26699;60000;1;3;2;25;0;0;0;0;0;0;56753;57530;59869;59942;28934;27461;2700;3869;2742;1200;1461;1504;0
26703;40000;1;1;2;29;1;2;2;2;2;2;37681;36775;39982;38979;39479;39329;0;3800;0;1200;0;0;0
26706;130000;1;1;2;27;-1;-1;0;-1;-1;-1;1439;3548;1958;1462;2573;2402;3555;1010;1466;2581;2509;3013;0
26713;30000;1;3;2;26;2;2;2;2;2;2;14598;13998;15467;14913;17692;16302;2000;2000;0;3009;0;2000;0
26723;180000;1;1;2;26;-1;-1;-2;-1;0;0;189;-2811;-2811;126884;129020;131708;0;0;131453;4209;4350;4099;0
26732;70000;1;1;2;24;0;0;0;0;0;0;16861;7553;8670;9764;9954;10144;1300;1400;1400;500;500;1000;0
26733;310000;1;2;2;27;0;0;0;0;0;0;22936;255040;241092;242850;237818;237762;240101;9012;8549;8324;8524;9052;0
26734;40000;1;1;2;28;2;-1;-1;-1;-1;2;1892;1889;1716;41710;42219;39774;1889;1716;41710;2800;0;1500;1
26736;140000;1;1;2;27;0;0;0;0;0;0;130905;122390;122024;112367;67820;66595;6067;6723;4069;5000;3200;3000;0
26740;160000;1;1;2;27;-1;-1;2;-1;0;0;701;3442;2551;4217;1255;1554;3442;18;4217;0;1000;888;1
26741;200000;1;3;2;26;2;0;0;0;0;0;72763;53839;34228;26418;22196;15973;5041;14031;15021;15007;14004;14012;1
26742;130000;1;3;2;27;2;-1;-1;-1;-1;-2;1985;1666;1306;2049;0;0;1671;1306;2049;0;0;1497;0
26745;160000;1;2;2;30;-1;-1;-1;-1;-1;-2;3197;1936;2329;2332;-4;-4;1941;2645;2339;0;0;0;0
26748;50000;1;1;2;29;-1;-1;-1;-1;-1;-1;2159;1956;5592;10676;671;9826;1961;5608;11906;673;9855;7627;1
26770;160000;1;1;2;28;-1;-1;-1;-1;0;0;498;498;493;16931;18913;19272;498;493;16936;8030;7000;500;0
26776;30000;1;1;2;25;-1;0;0;0;0;0;1581;2282;2964;3360;5038;4833;1046;1044;1072;1750;182;2000;0
26779;240000;1;1;2;29;0;-1;-1;-1;-1;-1;13980;9969;1276;0;8621;0;9969;1276;0;8621;0;1300;0
26787;180000;1;1;2;29;-1;-1;-1;-1;-1;-1;3810;6406;629;11542;2348;122;6406;629;11545;2348;122;0;0
26790;50000;1;3;2;29;1;-1;-1;-1;-1;-1;0;1899;832;0;1662;4537;1899;832;0;1662;4537;2943;0
26792;230000;1;1;2;26;0;0;0;0;0;0;42314;37735;32358;114443;111520;105779;1804;2713;106028;3827;5060;30000;0
26796;260000;1;2;1;28;0;0;0;0;0;0;226244;230647;211483;153072;156149;144646;8304;10044;6000;5576;6000;6200;0
26809;50000;1;1;2;31;0;0;0;0;0;0;49139;49281;42472;44810;45699;46675;1707;1948;11746;1635;1712;4000;1
26814;130000;1;2;2;31;0;0;0;0;0;0;122486;116437;112881;96191;88934;90633;6013;4911;3533;3301;3607;5516;1
26824;50000;1;1;2;32;0;0;0;0;0;0;18741;12724;13804;15331;15159;10188;1724;1804;2721;1159;1188;733;0
26830;50000;1;1;1;32;0;0;0;0;0;0;25411;26989;28245;29176;28696;29321;2000;2000;1500;1000;913;1800;1
26831;250000;1;3;1;34;-2;-2;-2;-2;-2;-2;0;0;0;0;0;0;0;0;0;0;0;0;1
26835;180000;1;3;2;34;-2;-2;-2;-2;-2;-2;9531;13558;14270;11878;12920;10190;13606;14396;11936;12965;10220;10100;0
26844;360000;1;2;1;47;-2;-2;-2;-2;-2;-2;1730;2500;0;0;0;0;2500;0;0;0;0;0;0
26847;10000;1;1;1;40;2;-1;-1;-2;-2;-2;3567;1000;0;0;0;0;5000;0;0;0;0;0;1
26854;160000;1;2;1;32;1;2;0;0;0;0;5525;4039;3656;3801;2540;2279;0;1094;1500;0;1000;0;1
26861;230000;1;1;1;38;-2;-2;-2;-2;-2;-2;7904;860;-3;-3;-3;-3;864;0;0;0;0;0;0
26865;250000;1;1;1;40;-1;-1;-1;-1;-1;-1;396;396;396;396;396;396;396;396;396;396;396;109;0
26866;140000;1;2;1;48;1;2;2;2;2;2;86114;87896;89397;90514;91661;90100;4100;3800;3500;3500;0;6900;1
26868;260000;1;1;1;37;0;0;0;0;0;0;257456;261189;264520;249571;202144;197643;10621;9948;8914;6986;41000;7222;0
26871;90000;1;2;1;48;2;2;-2;-2;-2;-2;71900;0;0;0;0;0;0;0;0;0;0;0;1
26873;560000;1;1;2;40;0;0;0;0;0;0;487816;471138;454471;432132;285868;291140;15933;17065;14878;8505;9027;8527;0
26877;260000;1;1;1;40;0;0;-2;-2;-2;-2;34471;0;0;0;0;0;0;0;0;0;0;0;0
26879;200000;1;4;1;49;0;0;0;0;0;0;49221;49599;50942;50146;50235;48984;1689;2164;2500;3480;2500;3000;0
26880;150000;1;2;2;32;1;2;2;2;2;2;133401;135703;142275;144427;146702;150647;6000;10275;6000;6000;6100;0;0
26886;260000;1;5;2;35;0;0;0;0;0;0;138834;143518;146714;148787;152306;155690;7000;7000;6000;6001;6000;6000;0
26887;330000;1;3;1;39;-2;-2;-2;-2;-2;-2;2184;2184;2184;2184;2184;2184;2184;2184;2184;2184;2184;2184;0
26888;360000;1;2;1;36;0;0;0;0;0;0;338992;339254;348485;346028;338981;348032;15348;20013;20018;15000;20000;20000;0
26889;360000;1;1;2;33;0;0;0;0;-1;-1;206597;211687;198245;217320;2500;0;10022;25045;33124;5180;0;0;0
26897;10000;1;3;1;35;0;0;0;0;0;0;7536;8152;8779;9379;9565;9062;1136;1153;1143;329;418;180;1
26901;180000;1;1;1;49;0;0;0;0;0;0;62087;63444;65420;67722;70970;72670;3000;3000;4000;5000;3000;5000;0
26903;70000;1;2;2;32;0;0;0;0;0;0;69921;71198;70660;67975;65805;66058;2708;2532;2569;2324;2541;2295;0
26910;290000;1;1;2;40;0;0;0;0;0;0;135527;134414;140607;131933;135606;132906;8000;10000;5000;6000;4700;5000;0
26916;300000;1;1;1;48;-1;-1;-1;-1;-1;-1;5036;32897;6493;23292;1254;7808;32898;6493;23324;1254;7808;3023;0
26917;130000;1;2;1;39;3;2;-1;-1;-1;0;130819;124946;10212;2486;5170;6823;0;10252;2486;5170;3039;2386;0
26919;120000;1;2;2;34;0;0;0;2;2;2;49206;50386;54656;54963;55865;54842;2000;5100;1800;2400;0;5500;0
26930;140000;1;2;1;38;1;2;2;2;2;2;129497;131877;135309;131671;138771;141146;6000;7000;0;10800;4800;0;1
26932;200000;1;1;1;38;-2;-2;-2;-2;-2;-2;3528;1190;1958;-5;1013;2350;1196;1968;200;1018;2361;2500;0
26935;210000;1;2;1;38;2;0;0;0;0;0;196426;194724;193397;195027;199236;203241;8405;8495;7800;7378;7800;6900;1
26937;210000;1;2;1;44;1;2;0;0;2;0;89567;85552;86595;89689;85764;85830;0;4100;7200;0;3220;3300;1
26939;20000;1;3;2;27;0;0;0;0;0;0;11849;13144;14429;15659;16959;-41;1500;1500;1500;1500;3000;13500;1
26944;20000;1;2;2;37;1;2;0;0;0;0;14440;13916;15376;18075;18830;20423;0;2000;3000;1000;2000;0;1
26947;60000;1;1;1;38;1;-2;-2;-2;-1;-1;0;0;0;0;1040;0;0;0;0;1040;0;0;0
26950;400000;1;1;2;32;-1;-1;-1;0;0;0;3919;-8477;247784;258900;225614;228219;0;258900;20170;17000;10000;10000;0
26953;310000;1;2;1;41;0;0;0;0;0;0;324628;305869;312567;291153;159545;97438;12000;12124;10300;8168;5500;3081;0
26956;240000;1;2;1;40;0;0;0;0;0;0;11671;10030;8132;8402;4585;3551;1810;1151;2029;1003;112;173;0
26961;110000;1;3;1;37;0;0;0;0;0;0;107793;102676;103276;67886;39457;39424;4010;4431;2700;1500;1500;1600;0
26965;170000;1;2;1;48;-1;-1;-1;-1;0;0;390;390;390;780;780;0;390;390;780;0;0;0;0
26967;60000;1;2;1;44;0;0;0;0;0;0;58216;60193;57815;50054;27535;22962;3000;2488;2000;1000;2000;3000;0
26974;250000;1;3;2;31;0;0;0;0;0;0;73215;70284;70375;65085;54986;50848;7009;5023;5069;10037;5184;15011;0
26975;300000;1;1;1;38;-1;-1;-1;-1;-2;-2;706;195;504;-627;-918;-1209;200;600;0;0;0;1791;1
26976;180000;1;2;2;28;1;1;-2;-2;-2;-1;23638;-46;-46;-46;-46;1154;3000;0;0;0;1200;44338;0
26983;170000;1;3;1;44;0;0;0;0;0;0;159094;161938;166062;170023;173854;179390;6000;7000;7000;7000;8000;7000;0
26996;450000;1;2;1;48;-2;-2;-2;-2;-2;-2;18659;388;481;29646;10163;10163;389;483;29707;10214;10214;10184;0
26999;300000;1;2;1;45;-1;-1;-1;-1;-1;-1;360;360;360;360;1440;360;360;360;360;1440;360;360;0
27014;50000;1;2;1;43;-1;2;-1;-1;2;-1;780;390;390;650;260;520;0;390;650;0;800;800;1
27015;220000;1;1;2;38;0;0;0;0;0;0;209044;211453;217237;198681;202479;206221;7705;9656;7189;7404;7490;7517;0
27016;180000;1;2;1;48;0;0;0;0;0;0;178440;176624;76565;82825;81763;66120;8000;10000;10000;10000;10000;3000;0
27020;400000;1;1;1;43;-2;-2;-1;-1;-1;-1;-5;-5;5498;3259;5949;1111;0;5503;3262;5966;1111;2420;0
27026;240000;1;1;1;38;-1;-1;-1;-1;-1;-1;3833;4890;4157;14342;11411;3006;4890;4164;14371;11411;3006;13336;0
27038;50000;1;3;2;47;0;0;0;0;0;0;15019;16026;17257;41868;23201;18623;1263;1494;25105;728;651;624;0
27042;250000;1;1;1;32;-1;-1;0;0;0;0;207;4907;6833;8766;9539;9779;4907;2000;2000;1000;319;247;0
27043;80000;1;2;3;40;0;0;0;0;0;0;72185;76854;72408;72832;46473;50329;12660;4573;3500;2000;5000;2000;0
27058;100000;1;1;1;38;0;0;0;0;0;-2;46717;48435;49854;51400;0;0;2500;2500;3000;0;0;0;1
27071;230000;1;1;2;44;0;0;0;0;0;0;25949;27214;28472;29696;31393;33222;2000;2000;2000;2500;2500;3000;0
27072;110000;1;1;2;35;3;2;2;3;3;2;450;450;450;450;450;300;0;0;0;0;0;288;1
27074;350000;1;1;1;38;-1;-1;-1;-1;-1;-1;17999;38899;24620;22381;13115;5167;38933;24692;22388;13115;5167;11325;0
27087;150000;1;5;1;34;0;0;0;0;0;0;92000;94000;96000;98000;100000;0;2000;2000;2000;2000;0;0;0
27088;20000;1;3;1;39;-1;2;2;2;-1;-1;780;780;390;0;780;0;390;0;0;780;0;0;0
27096;140000;1;2;2;30;-1;-1;-1;-1;-1;-1;44300;54700;34050;3000;3000;49128;54700;34050;3000;3000;49128;5000;0
27098;580000;1;1;1;35;-2;-2;-1;0;-1;0;9238;0;1758;2886;3733;3040;0;1758;2014;3793;7;2138;0
27101;300000;1;3;1;44;-1;-1;-1;-1;-1;-1;530;25576;1561;2106;2656;4274;25576;1561;2106;2656;4274;4310;0
27105;10000;1;2;1;44;-1;-1;-1;-1;-1;-2;390;390;0;780;0;0;390;0;780;0;0;0;0
27107;150000;1;3;2;32;-1;-1;-1;-1;-1;-1;1437;162;116;162;530;367;162;116;162;530;367;111;0
27112;70000;1;3;1;46;1;2;2;2;2;2;11300;10822;13633;13117;14096;13727;0;3000;0;1200;0;1500;1
27115;110000;1;1;2;33;0;0;0;0;0;0;9495;12633;88334;53978;23687;26567;4018;80004;1500;12013;7000;2000;0
27117;100000;1;3;2;33;1;-2;-1;2;-1;0;0;0;1991;1991;93536;95373;0;1991;0;93536;3500;8000;0
27120;230000;1;3;2;41;0;0;0;0;0;0;9552;11376;13185;14648;15419;15423;2000;2000;2000;1000;562;2000;1
27130;110000;1;2;1;42;0;0;0;0;2;2;70265;74102;77901;84592;82350;87186;5000;5000;8000;0;7000;0;1
27134;500000;1;3;1;47;-1;-1;-1;-1;-1;0;1665;1665;1665;1665;8805;8764;1666;1666;1666;8806;1625;2808;0
27141;490000;1;2;2;42;0;0;0;0;0;0;455520;464727;477884;488808;427064;436172;16100;20000;19000;16000;16000;15000;0
27142;240000;1;2;1;47;0;0;0;0;-1;-1;205495;236484;243567;44351;193283;21682;34700;11005;8006;202000;8505;377000;0
27145;160000;1;5;2;40;0;0;0;0;0;0;152240;152159;154523;156121;118248;119911;7650;6300;4800;3800;4600;4300;0
27148;340000;1;1;2;38;-1;-1;-2;-2;-2;-2;9054;1868;1135;0;0;0;1868;1144;0;0;0;0;0
27153;280000;1;3;1;44;0;0;0;0;0;0;38242;41083;55444;57115;54076;58155;4000;15000;3026;3000;8043;2000;0
27154;360000;1;2;1;37;-2;-2;-2;-2;-2;-2;346;9138;-1;377;2899;376;9182;0;378;2912;377;3208;0
27156;160000;1;0;1;47;-1;-1;-1;-1;0;-1;386;907;3707;6987;3853;4613;907;3707;6991;77;4613;4099;0
27158;90000;1;1;2;29;2;2;2;2;2;2;11512;12524;13523;13704;13882;14015;1500;1500;700;700;500;0;1
27159;20000;1;2;1;43;0;0;0;0;0;0;12721;14102;14870;16116;16436;16781;1600;1300;1500;588;610;611;1
27163;70000;1;2;2;31;0;0;0;0;0;0;67958;66157;67569;67127;66483;65251;2500;2486;2700;2700;2500;3000;0
27166;280000;1;2;1;40;1;2;0;0;0;0;238094;228523;191098;160149;154421;156022;0;8000;6000;5000;10000;5000;0
27173;170000;1;1;2;33;-1;-1;-1;-1;-1;-1;2371;316;316;316;316;316;316;316;316;316;316;1316;0
27175;190000;1;2;2;38;0;0;0;0;-1;-1;3816;4575;5029;6494;678;11928;1100;1300;2000;678;11514;0;0
27178;340000;1;1;1;42;-2;-2;-2;-2;-2;-2;6888;2913;340;2823;13045;14006;2913;340;2823;13062;14016;4513;0
27182;230000;1;1;1;45;0;0;0;0;0;0;24901;26071;27937;28774;29202;29683;1500;2200;2000;1100;1000;980;0
27183;120000;1;1;2;27;0;0;0;0;0;0;45375;52437;50473;45087;35424;31760;12000;5024;5000;5000;4000;5000;0
27188;240000;1;3;2;28;0;0;-1;-1;-2;-2;22334;13842;1425;10591;1793;1509;3851;1467;10594;1802;1516;1193;0
27189;120000;1;1;2;28;0;0;0;0;0;0;120942;118576;118240;116142;115087;117647;4585;5923;4533;4200;4433;4241;0
27196;310000;1;1;1;33;2;2;-2;-2;-2;-2;2500;0;0;0;0;0;0;0;0;0;0;0;1
27200;330000;1;1;1;37;-1;-1;-1;-1;-1;-1;694;0;2023;-22;2870;860;0;2023;0;2892;1059;1727;0
27202;360000;1;2;1;38;-2;-2;-2;-2;-2;-2;1288;2508;2500;0;0;0;2520;2500;0;0;0;0;0
27206;240000;1;2;1;47;0;0;2;2;0;0;125055;133825;136232;132569;135007;34036;12400;6000;0;5806;2198;1207;0
27218;10000;1;3;2;42;1;2;2;2;0;0;8090;6339;8623;5885;4417;5190;0;2586;0;1000;1000;345;1
27221;100000;1;1;2;32;0;0;0;0;0;0;26650;26127;26608;24689;25699;26809;2000;2000;2000;1700;1500;1500;0
27226;90000;1;2;1;31;0;0;2;0;0;0;77107;93894;91508;86167;49479;50704;20000;0;3752;1726;2003;2000;0
27229;30000;1;2;1;40;1;4;3;2;2;3;14557;14039;13528;13810;14488;13971;0;0;800;1200;0;0;1
27244;180000;1;3;1;37;-1;-1;-1;0;-1;-1;1170;420;2745;3053;1012;1312;420;2745;1000;1392;1312;1110;1
27245;310000;1;2;1;32;0;0;0;0;0;2;11416;15864;18599;21277;25896;25354;5000;3000;3000;5000;0;1000;0
27251;210000;1;1;1;33;0;0;0;0;0;0;154714;150011;139854;138054;136674;136196;4830;4700;4515;4426;4436;4765;0
27257;150000;1;3;1;45;-2;-2;-2;-2;-2;-2;389;349;8362;882;1594;1385;350;8403;886;1602;1391;1156;0
27262;20000;1;3;2;34;1;4;3;2;2;2;15526;14996;14474;13944;15073;14692;0;0;0;1363;0;2000;0
27267;310000;1;1;1;45;-2;-2;-2;-2;-2;-2;8964;1168;6495;-16;-16;-16;1174;6527;0;0;0;0;0
27268;160000;1;1;1;42;2;2;0;0;2;2;14137;13613;14634;16532;15969;17701;0;1247;2145;0;2000;0;1
27285;200000;1;1;1;41;-1;-1;-1;-1;-1;-1;580;580;580;580;580;580;580;580;580;580;580;699;1
27287;200000;1;1;1;34;1;-2;-2;-1;0;0;0;0;0;41673;42312;36171;0;0;41673;1206;1444;618;0
27290;230000;1;1;1;35;-2;-2;-2;-2;-2;-2;392;4106;2562;6245;394;987;4114;2566;6286;394;989;3129;0
27295;100000;1;2;1;30;0;0;0;0;0;-2;37218;33720;24666;10550;0;0;1641;1200;1000;0;0;0;0
27307;20000;1;2;2;44;0;-1;-1;0;0;0;19696;203;19378;19961;19962;19981;203;20710;1305;696;712;860;0
27314;310000;1;1;2;45;0;0;0;0;0;0;313268;278821;283847;290135;293350;300623;10010;11500;11015;11000;12000;23035;0
27321;180000;1;1;1;41;1;2;2;2;2;0;114952;117567;119314;120882;117450;120398;6000;5100;5000;0;5000;5000;1
27323;360000;1;2;2;37;-2;-2;-2;-2;-2;-2;880;22311;-447;-6146;13461;0;22311;26;0;25461;0;0;0
27340;170000;1;2;1;37;1;2;0;0;0;0;77959;76115;79274;82034;85664;89272;0;5000;5000;5000;5000;5000;0
27343;500000;1;1;2;37;0;0;0;0;0;0;50140;45984;44584;25402;21140;16072;1862;1593;1538;835;451;553;0
27344;120000;1;1;2;31;-1;-1;-1;-1;-1;-2;15665;2647;10293;3600;0;0;2647;10363;3600;0;0;0;0
27345;180000;1;2;1;33;0;0;0;0;0;0;65226;71031;74866;78534;82246;84014;10000;5000;5000;5000;3787;4391;0
27347;20000;1;2;2;30;0;0;-1;0;0;0;7534;4704;15226;16528;16128;19800;2000;15300;2000;0;4200;0;0
27352;210000;1;2;1;39;-1;-1;-1;-1;-1;-1;1443;1443;1443;1443;1443;1443;1443;1443;1443;1443;1443;1443;0
27355;120000;1;3;2;31;1;-2;-2;-2;-2;-2;-94;-2090;-2390;-2390;-2390;-2390;3;0;0;0;0;0;1
27360;140000;1;2;1;36;1;-1;0;0;0;0;119279;6771;13380;18415;20135;27390;10000;10000;8000;5000;22000;42000;0
27363;130000;1;2;2;27;0;0;0;-2;-2;-2;21920;12390;0;0;0;0;1400;0;0;0;0;0;0
27367;390000;1;1;2;28;0;0;0;0;0;0;18891;19521;28868;29661;21907;8205;6000;10000;2000;15000;5000;2000;0
27374;450000;1;1;2;34;-1;-1;-1;-1;-1;-1;12712;1830;1183;1745;0;7519;1830;1188;1745;0;7519;0;0
27375;20000;1;1;2;34;0;0;0;-2;-2;-2;19569;2700;0;0;0;0;1000;0;0;0;0;0;1
27384;200000;1;1;1;35;0;0;0;0;-1;0;29675;28425;20289;43432;149388;136192;9000;2000;31162;157142;10418;69238;0
27388;120000;1;2;1;43;-1;-1;-2;-1;-1;-1;3972;2809;1021;2311;3868;2980;2816;1021;2321;3868;2980;0;0
27390;120000;1;1;1;41;0;0;0;0;0;-1;115467;54921;56542;58023;17421;105771;2000;2500;2800;1000;109000;4200;1
27394;50000;1;2;1;48;2;0;0;0;0;0;79262;40931;40892;41612;18825;18019;3278;1880;1650;10000;1000;700;1
27407;50000;1;3;1;47;0;0;0;2;0;0;11752;13244;14722;15181;15928;16671;2000;2000;1000;1000;1000;1000;0
27408;470000;1;3;2;31;-1;-1;2;-1;-1;-1;8748;2442;2272;6040;6655;1200;3500;11;6080;6688;1206;0;0
27409;80000;1;2;1;45;-1;-1;-1;-1;-1;-1;10290;40000;0;2303;71637;7893;40000;0;2303;71637;1796;0;0
27426;350000;1;2;1;36;0;0;-1;0;-1;-1;32596;16666;32597;16666;16666;32809;1000;32597;1000;16666;32809;526;1
27428;170000;1;1;2;32;2;2;-2;-2;-2;-1;2097;0;0;0;0;6271;0;0;0;0;6271;0;1
27452;110000;1;2;2;42;0;0;0;0;0;0;80338;83483;74258;66409;69895;72234;5000;10000;3000;6000;3300;5000;0
27455;50000;1;2;2;49;1;2;0;0;0;0;47360;45915;46686;47084;14253;15479;0;2200;2000;1000;2000;2000;0
27456;50000;1;1;1;49;-1;-1;-1;2;-1;0;25801;-1032;6910;6314;18544;12894;0;9000;88;18596;5023;5028;0
27458;10000;1;2;1;49;1;-1;-1;-1;-1;-2;-20;780;0;780;0;0;800;0;780;0;0;0;1
27462;300000;1;2;1;46;-1;-1;-1;-2;-1;0;1413;15393;-10;-10;7805;5738;15480;0;0;7815;28;6554;0
27466;110000;1;2;1;50;1;-1;0;0;0;0;-10682;50928;54711;55926;18030;18367;62000;5000;3000;2000;1000;2000;0
27469;390000;1;1;2;47;-1;-1;-2;-1;-1;-1;898;0;0;2582;128;6273;0;0;2582;128;6273;0;0
27471;20000;1;2;1;47;2;0;0;0;0;0;17305;17917;18600;19034;19022;19046;1295;1368;1192;570;606;600;1
27481;500000;1;1;1;57;-2;-2;-2;-2;-2;-2;18726;29914;8340;16561;15662;28935;29914;8340;16561;15701;28935;10000;0
27486;300000;1;1;1;58;2;2;2;2;2;2;148265;158230;160242;156171;165556;169250;14000;6000;0;12000;6500;6500;1
27495;10000;1;3;1;57;0;0;0;2;2;0;7525;6952;9356;9533;9233;9295;1276;2680;477;0;360;1000;0
27499;500000;1;3;1;55;2;0;0;0;0;0;613860;512526;334227;145482;125936;91382;37300;11000;4500;4000;4000;100000;1
27500;20000;1;2;1;59;3;2;3;3;2;2;6015;7759;8486;8208;7930;8650;2000;1000;0;0;1000;0;1
27502;80000;1;6;1;54;0;0;0;0;0;0;61454;61808;62290;29296;26210;17643;2545;2208;1336;2232;542;348;1
27503;500000;1;1;1;58;1;2;0;0;-1;-1;65005;63099;64610;64133;264;264;0;2787;1312;264;264;4709;0
27504;20000;1;3;2;62;0;0;0;0;0;0;16303;17314;18343;19331;18541;18929;1286;1315;1303;663;686;744;0
27507;170000;1;1;2;51;0;0;0;0;0;0;201851;195038;189067;180389;137030;129222;6873;7509;5573;4309;4239;5142;1
27514;330000;1;3;1;57;-2;-2;-2;-2;-2;-2;3524;262;248;784;220;256;300;250;800;300;300;200;0
27521;80000;1;1;2;56;0;0;0;0;0;0;89088;83558;84848;63373;20324;23749;3400;2983;1501;5000;5000;5000;1
27524;200000;1;2;1;51;2;-1;-1;-1;-1;-1;206;2522;1261;0;1261;-1261;2522;1261;0;1261;0;5242;1
27529;360000;1;2;1;51;-1;-1;-1;-1;0;0;14093;10575;7675;18602;20461;33404;10575;7685;18610;8000;21004;0;0
27532;420000;1;3;1;59;0;0;0;0;0;0;24389;21232;24524;21318;21496;19704;1733;10026;1606;2006;707;1037;0
27536;20000;1;3;1;53;3;4;3;2;3;2;15507;14974;14449;15116;14582;14206;0;0;1200;0;0;2230;1
27543;30000;1;3;2;52;0;0;0;2;2;0;25686;27449;30286;29993;58134;28910;2500;3600;1390;0;1000;1500;0
27551;50000;1;2;2;54;1;-2;-2;-2;-2;-2;0;0;0;0;0;0;0;0;0;0;0;0;1
27552;330000;1;3;1;53;0;0;0;0;0;0;141061;144526;148420;152341;149998;-2;3856;3926;3966;3000;2;0;0
27571;20000;1;1;1;52;0;0;-1;-1;-1;0;21192;19965;390;390;780;780;1600;390;390;780;0;10400;0
27573;500000;1;1;1;54;0;0;0;0;0;0;493251;496315;480411;489978;493062;474301;18725;18000;17534;17649;18007;20000;0
27575;50000;1;3;1;54;0;0;0;0;0;0;47722;47080;48813;49107;18000;17538;2100;3000;2000;1200;1000;3000;0
27581;320000;1;1;2;55;2;2;2;2;0;0;200545;205973;211323;202240;122963;125465;9600;9500;0;4253;4332;4300;1
27586;80000;1;3;1;52;1;2;2;2;0;0;77185;80311;81558;78761;71352;19674;5000;3100;0;2000;713;1500;1
27587;200000;1;1;1;52;1;-2;-2;-2;-2;-2;-768;-768;-768;-768;-768;-768;0;0;0;0;0;1536;0
27600;80000;2;1;2;26;2;0;0;2;2;2;37097;38174;40550;41577;41595;43264;2000;3000;2000;1000;2500;1000;1
27610;200000;2;2;2;26;0;0;-2;-2;-1;0;153900;0;0;0;3533;4053;0;0;0;3533;1000;1500;0
27613;50000;2;2;2;25;2;2;2;2;2;2;33995;34937;34394;36509;37105;37866;1800;300;3000;1500;1500;0;1
27618;30000;2;2;2;22;1;2;0;0;0;0;16549;17085;17003;7150;6508;8459;1500;1396;2000;178;2000;2000;0
27621;80000;2;2;2;22;0;0;0;0;0;0;1742;2524;5097;6107;7141;7355;1200;3000;1500;1500;700;500;0
27624;80000;2;1;2;23;2;2;2;0;0;0;84052;84787;77572;77123;49823;50680;7100;0;3500;2500;2000;2000;1
27625;50000;2;1;2;23;0;0;0;0;0;2;49593;49918;51402;49020;50679;51568;2200;2600;2500;3800;2200;0;0
27626;50000;2;2;2;24;-1;-1;-2;-1;-1;0;594;0;0;51400;11330;12144;0;0;51400;11330;1000;1000;0
27632;50000;2;2;1;23;2;2;0;0;0;0;54866;51520;41711;22775;4215;3016;1000;1860;1600;452;100;114;1
27635;80000;2;1;2;22;-1;-1;-1;-1;-1;0;1807;133;5395;1182;266;366;133;5395;1182;266;233;0;0
27645;130000;2;2;1;24;0;0;0;0;0;0;66072;68223;70638;72955;74877;76334;3000;3001;3000;2500;2200;2200;0
27651;20000;2;3;1;54;2;0;0;2;2;2;14381;16174;18210;19335;19715;20249;2350;2300;1721;1000;1000;1000;0
27659;20000;2;2;2;22;1;-2;-2;-2;-2;-2;0;0;0;0;0;0;0;0;0;0;0;0;0
27667;120000;2;2;2;24;0;0;0;-2;-2;-2;27491;20707;-1843;45041;45453;42065;3000;1843;46884;1296;7000;0;0
27671;110000;2;2;2;23;2;0;0;-1;0;0;1587;2399;0;980;35305;36065;1000;0;980;35000;1327;1500;1
27676;20000;2;2;2;22;2;0;0;0;0;0;20549;21301;22251;18040;18402;19118;1400;1300;1284;646;1000;836;0
27677;200000;2;2;1;36;0;0;0;0;0;0;184697;186660;77221;110294;68214;72103;8001;5000;35000;6000;5000;5000;0
27682;60000;2;2;1;23;0;0;0;0;2;2;59408;58844;43427;30408;30632;30021;2230;2000;4300;1000;0;2000;0
27685;120000;2;2;2;24;0;0;0;0;0;0;55829;53799;53021;53216;49194;48487;2000;2600;4241;1700;2500;1500;0
27686;30000;2;2;2;24;0;0;0;0;2;2;20367;21882;22929;25433;26228;25679;2000;1696;3200;1500;0;4306;0
27690;30000;2;2;2;25;0;0;0;0;0;0;8935;9948;10971;11982;12219;12475;1165;1188;1199;436;452;458;0
27691;270000;2;1;2;25;-1;-1;-1;-1;-1;-1;4999;5588;3366;0;2192;0;5588;3366;0;2192;0;18192;0
27696;120000;2;1;2;25;0;0;0;0;0;0;58106;53974;51786;43180;41469;42004;2000;3000;3000;4000;4000;2000;0
27700;30000;2;2;2;25;-1;-1;0;0;0;0;415;150;150;150;150;150;150;0;0;0;0;0;0
27706;130000;2;2;2;24;0;0;-1;0;0;0;135466;126091;128636;103400;40638;11104;4139;137549;3519;1180;0;0;0
27707;50000;2;2;2;25;0;0;0;0;0;0;47431;48306;35150;25104;20560;8614;2000;1542;1475;1000;350;386;1
27718;100000;2;1;2;24;0;0;0;0;0;0;84895;71271;71053;70405;71109;73905;3513;3169;3002;2022;3907;7145;0
27719;90000;2;2;2;24;2;0;0;2;0;0;89346;89466;93755;89706;89221;91596;4100;8245;0;3450;7200;0;1
27720;20000;2;1;2;24;-1;-1;-1;-1;-1;-1;440;4023;440;440;440;440;4023;440;440;440;440;440;0
27728;30000;2;2;1;23;0;0;0;0;2;0;21710;23021;23851;26067;25357;25887;1670;1500;2609;0;930;946;1
27734;80000;2;1;2;24;1;2;0;0;0;0;2254;620;4220;8540;8540;8540;0;3600;4500;0;0;4932;0
27735;90000;2;2;2;23;0;0;0;0;-1;-1;88015;69701;52046;42541;8571;4653;5640;16021;13280;8571;19653;12000;0
27737;20000;2;1;2;22;2;0;0;0;0;2;13718;15033;15751;17068;17891;17463;1550;1268;1585;1408;0;1700;1
27738;10000;2;2;2;22;0;0;0;0;0;0;6488;7502;8519;9376;9562;9762;1282;1299;1156;342;354;793;0
27747;100000;2;1;1;24;0;0;0;0;0;0;10376;36404;37813;38881;39634;40493;26404;2000;2001;1700;1650;1800;0
27749;130000;2;2;2;26;2;0;0;0;0;0;130535;127155;126264;128318;96428;98156;6000;5200;5000;3500;3622;3920;1
27758;60000;2;2;2;23;0;0;0;0;0;0;48413;52587;54733;55618;56827;58040;5000;3000;1888;2000;2000;3000;1
27761;80000;2;3;2;25;0;0;0;0;0;0;79986;80012;78748;76722;70370;64510;3000;3010;2700;2300;2500;2000;0
27762;50000;2;2;1;24;0;0;0;-1;0;0;20173;15509;7085;10358;8606;2740;1500;2008;10358;1000;1000;4438;0
27775;240000;2;2;2;24;0;0;0;0;0;0;75830;50787;51524;31783;33993;36783;1480;1601;1400;3000;3180;37102;0
27788;70000;2;2;2;24;0;0;0;0;0;0;67897;62826;62595;40327;48673;46158;3000;2916;2004;15006;3000;2200;0
27791;60000;2;2;2;24;2;2;0;0;2;2;47210;46155;46838;50044;50923;52158;0;1725;4000;2000;2200;2100;1
27795;100000;2;2;2;25;-2;-2;-1;0;0;0;880;880;2926;60540;60929;64121;880;2926;58801;2200;5000;3000;0
27797;260000;2;1;2;26;0;0;0;0;0;0;238110;244368;245186;254614;176211;180845;10368;15186;14614;7211;7850;6912;0
27798;280000;2;2;1;26;0;-1;-1;-1;-1;-1;6056;804;4712;1728;2076;1709;1200;4720;1728;2076;1709;7508;0
27801;100000;2;2;2;26;2;2;2;2;2;2;30067;36705;35847;37939;38619;37868;7500;0;3500;1600;0;1600;1
27810;170000;2;3;2;26;2;2;2;0;0;0;63977;63630;51986;90196;50464;48282;2550;0;3500;3000;2001;3000;0
27812;120000;2;2;2;23;-2;-2;-2;-2;-2;-2;436;1476;475;804;245;100;1480;478;804;245;144;0;0
27817;110000;2;2;2;25;-2;-2;-2;-2;-2;-2;-2628;-5118;31503;-2880;-5000;0;165;36621;1496;10000;5000;0;0
27822;200000;2;1;2;26;0;0;0;0;0;0;29339;21624;22409;11671;5493;3288;2000;1770;2003;900;1800;1569;0
27825;320000;2;2;2;27;0;0;0;0;0;0;228129;324028;295760;151783;125860;137856;100741;15993;57149;5136;40275;10013;0
27837;70000;2;2;2;26;0;0;0;0;0;0;65229;66348;67292;67091;49303;49350;3000;3100;2400;2000;2000;2000;0
27851;360000;2;1;1;27;1;-2;-1;-1;0;0;0;0;9000;3002;3063;3063;0;9000;3002;61;0;0;0
27853;50000;2;1;2;27;2;0;0;0;2;0;48064;47691;49140;49423;48377;48158;3000;2525;3900;0;2000;4500;1
27855;60000;2;3;2;27;0;0;0;0;0;0;39325;40668;42009;43804;44473;45752;2000;2000;2500;1700;2000;1700;0
27862;210000;2;2;1;25;0;0;0;0;0;0;142848;94018;96926;100399;101472;103834;5000;4415;6000;3635;4000;5000;0
27866;50000;2;3;2;25;0;0;0;0;-2;-2;8298;5841;3750;0;0;0;1250;1000;0;0;0;40277;0
27868;140000;2;2;2;26;-1;-1;-1;-1;0;0;10066;6465;13524;94419;93295;94599;6483;13566;94422;3100;3600;3621;0
27870;70000;2;1;2;26;0;0;0;0;0;0;69754;71377;71225;64644;68427;69893;2791;2939;2364;4876;2557;3599;0
27879;100000;2;1;2;29;1;2;2;2;0;-1;6266;2366;7042;780;390;390;0;5000;0;0;390;1320;0
27880;150000;2;1;2;29;0;0;0;0;0;0;94062;65825;64041;60948;51510;46917;3183;3023;2549;2000;2000;2000;0
27881;130000;2;3;1;26;0;0;2;2;2;0;121329;128791;127881;133130;127159;131069;11000;2600;9000;0;6000;5000;0
27886;80000;2;3;1;27;0;0;0;0;0;0;24003;21887;14799;6402;4950;4661;3028;1241;3010;2025;3500;26028;1
27887;220000;2;1;2;27;0;0;0;-1;-1;-1;66620;56611;37504;9499;3679;13232;16008;12000;15030;10000;15000;5000;0
27889;160000;2;2;2;26;1;2;2;2;-1;-1;5654;796;398;0;398;0;398;0;0;398;0;0;0
27899;130000;2;3;2;28;1;-1;-1;-1;-1;-1;0;14051;0;1358;1039;164;14051;0;1358;1039;164;167;0
27902;340000;2;3;1;28;-1;-1;-1;0;0;-1;6780;3629;29052;50832;30272;11253;3629;29052;30000;5034;11253;86069;0
27908;150000;2;2;1;29;0;0;0;-1;-1;0;80625;37645;43747;700;64758;92966;8002;7601;701;64758;29008;30000;0
27910;210000;2;1;2;29;1;-2;-2;-2;-2;-2;0;0;0;0;0;0;0;0;0;0;0;0;1
27911;290000;2;1;2;27;1;2;0;0;0;2;236258;232523;243753;253145;267412;273095;1500;16500;15000;20000;10000;9701;0
27913;140000;2;1;2;26;0;0;0;0;0;0;137789;135240;211542;132019;101731;108687;5000;7027;6032;4000;8700;0;1
27923;30000;2;1;2;28;1;2;2;2;2;0;24307;23618;26733;27016;24972;25425;0;3500;1028;0;1000;3300;1
27924;200000;2;1;2;26;0;0;0;0;-2;-2;196168;201190;200662;-1528;-1528;-1504;8800;10183;1504;0;24;204395;0
27927;140000;2;1;2;27;0;0;0;0;0;0;27750;28797;29840;31349;35687;36983;1500;1500;2000;5000;2000;5000;0
27930;20000;2;2;1;28;2;2;2;0;0;0;17023;18432;17848;19103;19229;18856;2000;0;1574;700;688;687;1
27936;50000;2;2;2;28;0;0;0;0;2;0;23318;24327;25360;27929;27184;27752;1398;1431;3000;0;1155;1025;0
27940;90000;2;2;1;27;1;-1;-1;-1;-1;-1;0;1191;-21;2130;3486;1495;1191;0;2151;3486;1495;0;0
27943;240000;2;1;2;28;0;0;0;0;0;0;30173;29109;16704;13934;2020;4520;5009;4000;3506;0;2500;4000;0
27944;360000;2;1;2;28;-1;-1;-1;-1;-1;-1;276;0;502;0;1017;0;0;502;0;1017;0;359;0
27951;200000;2;1;2;27;0;0;2;2;2;2;159215;172029;167856;179126;174748;179337;15500;0;14100;0;7400;13000;1
27953;340000;2;2;1;29;0;0;-1;-1;-1;0;20816;11706;600;-470;50813;50271;1005;600;0;51283;1193;5000;0
27954;50000;2;1;2;25;0;0;0;0;0;0;44641;45769;47397;40345;31003;29693;1870;2500;3017;1060;1300;2000;0
27956;140000;2;2;1;27;2;-1;-1;-1;0;0;776;752;776;1580;804;728;752;800;1580;0;700;700;0
27957;160000;2;1;2;29;-1;-1;0;0;0;0;20193;3250;9244;8344;5607;1289;3250;6152;1000;1401;0;0;0
27964;50000;2;3;2;28;0;0;0;0;0;0;51422;50525;49691;49308;30284;30554;2100;2500;28400;1100;2000;1500;1
27965;80000;2;2;1;28;0;0;0;0;-1;0;150651;52233;81162;71470;28718;27813;3905;81000;1513;47921;10000;2001;0
27967;360000;2;1;2;27;1;-2;-2;-2;-2;-2;0;0;0;0;0;0;0;0;0;0;0;0;0
27970;110000;2;2;2;28;0;0;0;0;0;0;79573;81449;83241;84960;86045;88060;3800;4000;4000;3400;3400;7000;0
27973;200000;2;1;2;28;-1;-1;-1;-1;-1;-1;1860;4464;29705;25854;510;1470;4464;29705;25854;510;1470;5822;0
27976;160000;2;3;2;27;1;-1;-1;-1;-1;-1;-10;3382;7726;12290;1280;0;3392;7749;14529;1283;0;0;0
27979;240000;2;1;2;29;-1;-1;-1;-2;-1;-1;3647;2530;464;1316;1102;3381;2535;464;1316;1104;3384;5200;0
27996;80000;2;2;2;30;-1;-1;0;-1;0;0;4161;1819;6845;1813;8362;-783;2000;6689;1817;8100;0;4000;0
27997;180000;2;1;2;31;-2;-2;-2;-2;-2;-2;4522;1763;1571;0;4775;0;1771;1571;0;4775;0;0;0
28002;150000;2;1;2;29;0;0;0;0;0;0;145138;140210;136196;105989;98836;94504;5200;7982;4500;4048;3800;3818;0
28010;150000;2;1;2;28;-1;-1;-2;-2;-2;-2;3470;0;0;0;0;0;0;0;0;0;0;0;0
28019;20000;2;2;2;28;0;0;2;0;0;0;2937;5696;4144;8168;6894;11424;3353;3;5101;6;6530;8103;1
28032;200000;2;2;1;30;-2;-2;-2;-2;-2;-2;42488;0;0;0;7637;21186;0;0;0;7637;21186;0;0
28044;180000;2;4;1;28;2;0;0;0;0;0;117328;115140;73730;64600;2500;0;4117;3504;3000;0;0;0;0
28045;190000;2;1;2;28;0;0;0;0;0;0;141693;143464;146943;151905;153538;156664;5618;5795;7408;5645;5753;6370;0
28050;150000;2;1;2;29;-2;-2;-2;-2;-2;-1;0;5067;131;987;0;14001;5067;131;987;400;14001;0;1
28052;30000;2;2;1;31;0;0;0;0;0;0;16207;16735;18253;19646;21238;23843;4000;5000;5000;5000;5000;5006;0
28057;60000;2;1;2;33;1;2;0;0;0;0;11776;11295;12799;14272;15225;16320;0;2000;2000;1500;1500;1500;0
28062;140000;2;1;1;40;2;2;2;2;2;2;21952;27540;31785;30980;33162;32497;6300;5000;0;3000;0;3000;1
28067;230000;2;3;1;33;0;0;0;0;0;0;233314;222220;210778;211132;179564;176949;8005;10002;15037;6500;16002;8002;0
28070;210000;2;2;1;44;0;0;0;0;0;0;124146;127341;92812;89878;80812;139202;6000;6000;6000;5000;60000;7000;0
28074;120000;2;3;2;26;1;-1;2;-1;0;-1;0;1302;651;1302;651;651;1953;0;1302;0;651;651;1
28081;20000;2;3;1;35;0;0;0;0;0;2;7196;6780;7399;8574;7833;6342;1120;2000;2580;600;0;1000;0
28084;150000;2;2;1;41;-1;-1;-2;-1;0;0;1650;0;0;6784;6923;14116;0;0;6784;159;167;760;0
28085;290000;2;2;2;36;0;0;0;0;2;0;110695;108583;70642;71008;65455;63421;3260;5000;4706;0;2007;2482;0
28089;150000;2;2;1;40;-2;-2;-2;-2;-2;-2;3042;41036;16465;40215;5024;19924;41243;16548;40442;5049;20023;6035;0
28090;80000;2;1;1;45;0;0;0;0;0;0;77402;78997;79821;79308;52172;50266;2900;3600;10002;1754;1765;3795;0
28103;180000;2;1;2;30;2;2;2;2;0;0;14038;16980;16915;17532;18429;20126;3500;500;1200;1500;2000;0;1
28111;220000;2;4;1;35;-1;-1;-1;-1;-1;-1;1849;326;12681;84674;35326;1026;326;12681;84674;35326;1026;3088;0
28117;350000;2;1;1;41;0;0;0;0;0;0;15407;17826;23489;29037;36213;38163;3000;6000;6000;8027;8000;8000;0
28124;80000;2;2;1;41;0;0;0;2;0;0;78480;77063;76720;74651;57109;46703;3100;6300;0;1743;1588;1628;1
28128;200000;2;1;1;40;-2;-2;-2;-2;-2;-2;-50;-50;-50;-50;-50;-50;0;0;0;0;0;2877;0
28131;100000;2;3;1;42;0;0;0;0;0;0;58543;54902;54590;53037;54100;53889;2004;1966;1884;1903;1940;2000;0
28133;540000;2;3;2;38;1;-2;-2;-2;-2;-2;736;736;736;736;0;-736;736;736;736;0;0;2965;0
28134;50000;2;2;1;39;0;0;0;0;0;0;37503;33505;25626;26444;19422;19438;1399;1480;1298;677;700;1000;0
28136;200000;2;3;1;42;-1;-1;-1;-1;-1;-1;2213;5283;1863;9323;1612;1619;5286;1863;9323;1612;2054;5808;0
28145;210000;2;2;2;41;-2;-2;-2;-2;-2;-2;0;8333;0;0;0;0;8333;0;0;0;0;0;0
28147;200000;2;2;1;48;-2;-2;-1;-1;0;0;2233;6731;1374;24836;23348;7058;6734;1374;74836;0;250;55892;0
28159;320000;2;2;2;35;0;0;0;0;0;0;94561;96683;78479;71121;44698;53230;6085;3632;5010;7059;30018;59518;0
28164;160000;2;3;1;41;1;2;2;2;0;0;45057;46017;47188;46134;47063;50034;2000;2200;0;2000;3900;2000;0
28172;110000;2;2;1;48;0;0;0;0;0;0;108668;111162;107172;107629;106628;106903;4322;5369;4003;3806;4050;3672;0
28179;50000;2;3;1;31;1;-2;-2;-2;-1;-1;0;0;0;0;414;0;0;0;0;414;0;0;0
28181;200000;2;2;2;32;-1;-1;-1;-2;-1;-1;13467;4345;0;0;171;1557;4366;0;0;171;1386;6;0
28184;50000;2;2;1;33;0;0;0;0;0;0;37541;36504;26901;26021;19438;12198;1434;1555;1148;1000;422;372;0
28192;110000;2;2;2;34;-2;-2;-2;-2;-2;-2;0;576;0;0;0;0;576;0;0;0;0;0;0
28194;160000;2;3;1;46;-2;-2;-2;-2;-2;-2;-510;-520;0;-390;780;0;380;2000;0;101170;0;0;0
28198;160000;2;2;1;42;0;0;0;0;0;0;25338;27601;31818;34270;35698;37122;3000;5000;3000;2000;2000;2000;0
28201;430000;2;1;2;36;0;0;0;0;0;0;258212;232225;237297;240682;245337;242481;10500;10300;9000;8541;9054;8543;1
28212;250000;2;1;1;40;-1;-1;-1;-1;0;-1;2971;1737;3989;11577;11377;500;1737;3989;11577;0;500;25841;0
28214;310000;2;3;1;45;0;0;0;0;0;0;311401;218298;222424;220058;199376;189840;21084;20000;12000;15000;8000;15000;0
28215;500000;2;1;1;39;-2;-2;-1;2;2;-2;3625;0;501;501;902;544;398;501;0;544;544;0;0
28218;160000;2;3;1;38;0;0;0;0;0;0;151963;141884;143428;146289;128133;124606;5100;7100;7500;4500;5000;4800;0
28220;20000;2;2;2;33;0;0;0;0;0;0;11635;12604;12870;12726;13336;2496;2000;1308;1000;1000;50;0;0
28223;180000;2;1;2;30;-1;-1;-1;-1;-2;-1;1650;196;2500;0;0;3650;196;2500;0;0;3650;3859;0
28225;450000;2;1;1;33;-2;-2;-2;-2;-2;-2;0;0;0;0;0;0;0;0;0;0;0;0;0
28227;290000;2;3;1;46;-1;-1;-1;-1;-1;-1;30365;32571;36918;37063;11566;32057;32575;36982;37063;11566;32057;1501;0
28228;200000;2;2;1;37;0;0;0;0;0;-1;4942;3554;3152;2732;1380;1380;1068;1046;1006;34;1386;1386;0
28242;110000;2;2;1;46;0;0;2;0;0;0;102726;110179;105137;105467;94294;86381;10700;0;5000;4000;4000;5000;0
28247;160000;2;1;1;41;-1;-1;-1;-1;-1;-1;24411;7944;1080;0;40100;18899;7944;1080;0;40100;18899;4180;0
28254;50000;2;2;1;38;0;0;0;0;0;0;51023;51019;50951;50818;40453;37862;2300;2210;3300;1910;1530;1600;0
28258;210000;2;3;1;36;-1;-1;-1;-1;-1;-1;1168;1511;0;1783;1000;150;1511;0;1783;1000;150;14780;0
28264;50000;2;2;1;43;0;0;0;0;0;0;46882;49737;50361;50152;28119;28238;5100;2600;2011;2000;3510;2000;0
28274;230000;2;1;2;31;-2;-2;-2;-2;-2;-2;-7;6785;0;147;0;0;6792;0;147;0;0;176;0
28277;210000;2;5;1;40;0;0;0;0;0;-1;206446;202462;173236;84302;25876;140066;8139;10007;5609;2000;151139;6000;1
28284;180000;2;2;1;42;-1;-1;-1;-1;0;0;390;390;390;17475;17425;17396;390;390;17475;611;629;625;0
28286;10000;2;2;2;32;0;-1;0;0;0;-2;5250;1223;2264;3230;0;0;1223;1066;1032;0;0;0;1
28292;220000;2;3;2;46;0;0;0;0;0;0;214274;214207;211733;80965;78992;77537;11000;10000;10000;6000;6000;5000;0
28293;180000;2;1;2;29;-1;-1;-1;-1;-1;-1;15991;1473;26876;53390;35292;61910;1473;26876;53390;35292;61910;23913;0
28294;170000;2;1;2;29;0;0;0;2;0;0;106146;115333;128440;124909;127393;130243;11021;15000;0;6059;5068;5123;0
28296;280000;2;2;2;30;-1;-1;-1;-1;-1;-1;13182;5290;2711;4464;4069;5161;5290;2711;4476;4069;5161;8026;0
28298;30000;2;2;1;31;3;3;2;2;2;2;25320;24620;25522;26008;25294;26928;0;1600;1200;0;2200;0;1
28300;80000;2;2;1;46;0;0;0;0;0;0;74745;76314;77344;49168;48243;47810;2815;2345;1763;1854;1737;1774;0
28301;50000;2;2;1;42;0;0;0;0;0;0;48706;49704;50851;50868;12003;9679;1809;1956;2234;369;330;343;0
28305;80000;2;2;1;29;1;2;2;2;2;2;85738;80445;82639;83357;78188;79492;0;7400;3000;0;5700;3000;0
28312;100000;2;3;1;38;0;0;0;2;0;0;87181;84668;83898;77260;68173;66682;4017;7121;94;2408;2513;2716;0
28315;200000;2;2;1;48;-2;-1;2;-1;0;0;22111;32938;10902;6309;4979;2978;11257;0;6309;0;2986;0;1
28322;200000;2;3;1;28;-2;-2;-2;-2;-2;-2;86;7024;1466;1466;479;2448;7066;1473;1473;486;3442;12;1
28323;150000;2;3;2;28;-2;-2;-2;-2;-2;-2;1666;802;1793;0;0;0;806;1801;0;0;0;0;0
28325;30000;2;1;2;30;0;0;0;0;0;0;29009;28432;18191;9745;9545;13964;1315;1522;1200;0;6000;10655;0
28326;70000;2;2;2;30;-1;0;0;0;0;0;69494;112821;70305;71017;66218;66854;2716;2570;2720;2350;2500;2660;1
28334;230000;2;4;2;34;0;0;0;-1;-1;-1;2223;2233;159;1772;28704;19474;1000;159;1778;28704;19474;650;0
28336;50000;2;3;1;41;0;0;0;0;0;0;46456;47445;48847;50065;17304;17824;1760;2162;2380;619;798;1000;0
28348;310000;2;3;1;37;-2;-2;-2;-2;-2;-2;4052;6514;-3484;-3484;-3484;13833;6514;0;0;0;17317;0;0
28350;180000;2;2;1;36;2;2;2;2;2;0;172360;176867;179020;180773;128078;119632;9000;6600;7000;0;4500;4410;1
28357;170000;2;2;2;43;0;0;0;0;0;0;136113;137722;139384;141314;139252;139205;7000;7000;7000;5100;5300;5030;0
28363;400000;2;1;2;30;-1;-1;0;0;0;0;634;5939;6624;8004;10390;21325;5939;2624;3004;3090;11325;3282;0
28366;30000;2;2;1;38;-1;-1;2;-1;0;0;2828;4868;3963;4514;3129;675;3963;16;4527;675;0;1015;0
28371;80000;2;3;1;36;-1;-1;-1;2;0;-1;808;808;1672;1672;836;836;836;1700;836;0;836;390;0
28373;100000;2;1;1;41;2;2;2;2;2;2;31786;34629;34189;36309;36916;36192;3680;400;3000;1500;0;3100;1
28383;80000;2;3;1;31;0;0;2;0;0;0;56195;60067;58535;59730;61236;70617;4808;0;2169;2500;10400;0;0
28385;180000;2;3;1;46;-1;2;-1;0;0;0;10456;7326;8469;6591;5244;2174;357;8510;5244;2174;0;3371;1
28388;50000;2;3;2;34;0;0;0;0;0;0;51037;47669;48940;50545;29523;28960;2100;2329;2943;990;1168;975;0
28390;210000;2;1;1;38;0;0;-1;-1;0;0;8420;8106;4168;23067;19972;45864;3000;4521;24000;10000;30000;6432;0
28391;160000;2;2;2;39;0;0;0;0;0;0;163058;161485;161076;156478;122441;120574;6001;6401;6384;4600;4800;4400;0
28401;160000;2;1;1;47;1;-2;-2;-2;-2;-2;0;0;0;0;0;0;0;0;0;0;0;0;0
28407;120000;2;2;2;28;1;-2;-2;-2;-2;-2;0;0;0;0;0;0;0;0;0;0;0;0;0
28409;250000;2;1;2;28;0;0;0;0;0;0;116861;109714;101494;92258;71472;77800;5000;5000;3000;3000;11500;10000;0
28410;80000;2;3;1;34;-1;-1;-1;-1;-1;-1;3500;9295;2500;3045;1451;6541;9295;2500;3045;1456;6541;0;0
28416;100000;2;2;2;29;0;0;0;0;0;0;87133;79469;75452;69257;62005;60882;3400;3350;3000;2400;2500;2382;0
28417;230000;2;1;2;29;0;0;-1;-1;0;0;12394;12105;2439;5185;9893;11567;2102;3000;6000;5000;2000;2000;0
28428;80000;2;2;2;31;-2;-2;-2;-2;-2;-2;4771;4771;538;15664;150;1150;4771;538;15664;150;1150;791;0
28429;300000;2;1;2;33;0;0;0;0;0;0;58719;60142;61577;62169;63374;59865;3000;3000;2300;2203;1858;1815;0
28440;80000;2;3;1;48;0;-1;-1;-1;-1;-1;33058;1945;2587;2108;1921;2071;1945;2587;2108;1936;2071;0;0
28441;120000;2;2;1;34;0;0;0;0;0;0;119884;105631;73143;75919;77059;78820;4545;2700;4000;3000;3000;4000;0
28445;50000;2;2;1;42;0;0;0;0;0;0;12106;10946;11968;12978;13236;13664;1184;1206;1216;474;642;492;0
28458;180000;2;3;0;36;-1;-1;-1;-1;-1;-1;326;326;326;326;326;326;326;326;326;326;326;326;0
28462;180000;2;2;1;39;1;2;0;0;0;0;101526;101957;104317;106583;108811;111160;3000;4000;4000;4000;4100;4100;0
28468;260000;2;2;1;35;-1;-1;-1;-1;-1;0;5656;591;6574;3551;3634;2440;869;6574;3551;3700;0;1047;0
28472;200000;2;2;2;32;0;0;0;2;0;0;127132;126380;124413;118419;121047;123719;5058;11518;0;4600;4800;4300;0
28475;80000;2;2;2;33;0;0;0;0;0;-2;25211;14863;15816;12710;0;0;1300;1210;1000;0;0;56990;0
28477;20000;2;2;1;38;1;-1;-1;-2;-2;-2;0;2000;0;0;0;0;2000;0;0;0;0;0;1
28478;110000;2;3;1;47;0;0;0;0;0;0;109461;109473;81439;81425;81039;81162;3477;2972;2853;2739;2852;2873;0
28485;40000;2;3;1;44;0;0;0;0;0;0;13033;14041;15065;16077;16396;16739;1232;1256;1268;587;607;611;0
28496;300000;2;1;2;34;-2;-2;-2;-2;-2;-2;0;0;0;0;0;1280;0;0;0;0;1280;0;0
28497;310000;2;2;1;36;0;0;0;0;0;0;294180;295875;302438;293473;297926;280967;11000;11300;10500;10100;10000;9600;0
28498;330000;2;2;1;37;0;0;0;0;0;0;46348;37052;36228;37833;37694;41269;1574;1640;3000;3000;4016;2049;0
28501;290000;2;1;2;35;-2;-2;-1;-1;0;0;2348;10421;566;12008;19820;17135;10421;566;12008;8012;343;2630;0
28504;150000;2;2;1;36;2;2;2;2;2;2;100247;109909;112453;113318;114268;116688;12924;5800;4200;4300;4400;4700;1
28505;50000;2;3;3;46;-1;-1;-1;-1;-1;-1;390;390;390;390;1200;1869;390;390;390;1200;1869;3610;0
28506;50000;2;2;1;37;-1;-1;-1;-1;-1;-1;7390;2157;4204;390;390;540;2157;4204;390;390;540;540;0
28509;150000;2;1;2;29;0;0;0;0;0;0;78044;43437;45132;39180;31422;32410;2000;2500;3300;2150;1500;6200;0
28513;160000;2;2;2;28;-1;-1;-1;-1;-1;-1;5171;3634;4436;1978;3781;1732;3634;4436;1978;3781;1732;715;0
28516;150000;2;1;2;33;-2;-2;-2;-2;-2;-2;24393;26847;32702;33459;27800;2261;27007;32715;33475;27808;2261;169465;0
28517;200000;2;2;2;34;0;0;2;2;0;0;189490;204278;207559;202518;164682;168224;18000;8000;0;6000;6200;7000;1
28520;80000;2;2;2;24;0;0;0;0;0;0;19188;18774;12339;11312;8324;7079;1374;1235;1101;270;1000;1000;0
28540;230000;2;2;1;30;0;-1;-1;-1;0;0;8685;1079;2923;25916;4219;7903;1079;3000;25916;2219;4000;6000;0
28541;310000;2;3;2;30;1;-1;0;0;0;0;5931;118109;131107;97009;51757;50009;120000;18008;20000;12000;5000;3000;0
28548;140000;2;1;2;33;-1;-1;-1;0;0;-1;10174;8651;19404;19498;9771;1106;8651;19404;10000;2000;1106;3675;0
28551;50000;2;2;3;34;0;0;0;0;0;0;50854;17429;17728;17886;18043;19134;1314;2000;1300;1000;1500;1000;0
28554;500000;2;3;2;37;1;2;0;0;0;0;5186;3985;3935;4861;4523;4637;0;1101;1027;117;141;72;0
28557;30000;2;3;1;41;1;2;0;0;0;0;28041;23367;22843;23044;25082;25648;13;2003;2008;5000;1005;3016;0
28562;640000;2;2;2;39;0;0;0;0;0;0;119887;123223;119211;118722;105197;93921;10000;10000;10535;15000;5000;13627;0
28565;100000;2;1;1;36;-2;-2;-2;-2;-2;-2;16155;3514;3400;15156;13920;2099;3514;3400;15156;13920;2099;15638;0
28566;250000;2;1;1;41;-1;2;-1;-1;-1;-2;22423;16296;32631;43399;2323;46895;60;32812;43932;2323;47356;5480;0
28572;120000;2;2;2;29;0;0;0;0;-1;-1;96686;77817;29166;7403;3095;9641;3508;2003;2772;3095;9641;2803;0
28575;180000;2;1;2;30;1;-1;0;0;-1;-1;0;3095;7843;13084;926;711;3095;5000;6022;2566;711;2419;0
28578;50000;2;2;1;44;0;0;0;0;0;0;50496;47955;48751;37140;19535;19492;2007;10109;1514;1000;1000;1000;0
28587;490000;2;1;2;34;0;0;-1;-1;-1;-1;19036;14474;3404;14445;7672;2295;5038;3404;14445;7672;2295;9004;0
28591;80000;2;3;1;34;0;0;2;2;2;0;43321;47586;48525;49423;46132;47233;5000;2000;2000;0;2000;2000;1
28592;360000;2;1;1;47;2;2;-2;-2;-2;-2;2500;0;0;0;0;0;0;0;0;0;0;0;1
28593;60000;2;2;1;42;0;0;0;0;0;0;58899;55834;55993;56675;57550;57545;2579;2047;2024;2180;2321;2500;0
28596;260000;2;3;1;41;0;0;0;0;0;0;264549;227021;233426;230319;127897;118868;10000;12007;9170;4853;4531;3909;0
28604;110000;2;3;0;44;2;2;2;2;2;2;38639;39694;40752;41476;42090;43059;2000;2000;1700;1600;1800;1800;1
28609;140000;2;2;1;38;0;0;2;0;0;0;84539;96604;90785;95736;95912;97070;18000;0;10000;5000;6000;6000;0
28610;50000;2;3;1;47;0;0;0;0;0;0;34740;9769;9899;11017;13460;15529;4000;2000;2000;3000;4000;846;0
28622;50000;2;2;1;40;0;0;0;0;0;0;31934;32711;34061;32672;32479;33431;2000;3000;3000;3000;2000;1000;1
28639;100000;2;3;1;39;0;0;0;0;0;0;97944;99580;92297;184134;70400;0;4296;4068;2037;1408;0;0;0
28645;100000;2;2;2;44;2;2;2;2;2;2;105373;107001;108350;107457;105598;105751;5700;5400;3700;4000;3600;4500;1
28646;230000;2;2;2;38;0;0;0;0;0;0;75459;76607;78868;80343;82564;74531;3000;3500;3000;3500;3000;3000;0
28651;50000;2;3;1;49;0;0;-2;-2;-2;-2;36325;0;0;0;0;0;0;0;0;0;0;0;0
28653;80000;2;3;2;43;0;0;0;0;0;0;80707;77532;77492;78362;50001;50035;3332;3051;2600;1877;1767;1797;0
28654;240000;2;1;2;33;0;0;0;0;0;0;61180;57174;73008;61310;39694;45301;23222;50192;10078;24694;28407;7458;0
28658;50000;2;3;1;46;0;0;0;0;2;-1;58141;58544;56850;4359;816;766;2200;3000;1218;0;1000;2934;0
28661;60000;2;3;2;44;0;0;0;0;0;0;56403;57765;59198;31437;32113;33591;2300;2600;1600;1200;2000;1300;0
28667;260000;2;1;1;35;-2;-2;-2;-2;-1;-1;-124;-124;-124;1599;360;882;0;0;1723;366;882;0;1
28669;500000;2;2;1;36;-2;-2;-2;-2;-2;-2;-1;229;504;24125;19611;3100;230;625;24246;19709;3117;62754;0
28671;290000;2;3;1;49;2;2;2;0;0;0;301651;329277;275075;280512;202300;207510;34905;0;10951;7238;8467;10188;1
28672;360000;2;1;2;27;0;0;0;0;0;0;91282;85875;87400;87343;71180;64500;3967;4213;3741;2353;2471;2327;0
28675;150000;2;1;2;28;0;0;0;0;0;0;41387;40310;42652;42711;43311;48311;2000;3000;1500;1000;5000;176;0
28684;230000;2;1;2;30;2;2;2;2;2;2;212400;216409;221419;224753;228022;232724;9000;10000;8500;8500;8500;32000;1
28688;200000;2;2;1;31;-1;2;-1;-1;-1;-1;3850;2025;1926;3263;1580;16874;6;1931;3267;7;17894;2508;0
28690;170000;2;2;1;31;1;-1;2;-1;0;0;0;427;427;23321;23475;25218;427;0;23500;840;2121;0;0
28697;230000;2;2;1;34;2;-1;-1;-1;-1;-1;566;2329;1894;2528;1865;1496;2329;1894;2532;1865;1496;1873;0
28698;330000;2;5;1;34;0;0;0;0;0;0;252755;272262;281220;121814;11383;13090;25000;15000;7000;3000;2000;90000;0
28703;260000;2;1;1;37;1;2;2;2;0;0;58261;59706;60969;59400;60315;63230;3000;2800;0;2500;4000;4000;0
28707;100000;2;2;2;40;-1;-1;-2;-2;-1;-1;1573;-28;-28;-28;2816;2118;0;0;0;2844;2118;0;0
28712;80000;2;1;2;44;0;0;2;2;3;2;41630;48893;47831;57000;55489;57450;8000;0;10000;0;3000;2500;1
28716;780000;2;2;2;41;-2;-2;-2;-2;-2;-2;101957;61715;38686;21482;72628;182792;62819;39558;22204;82097;184322;25695;0
28727;130000;2;2;1;40;0;0;0;2;0;0;54137;28019;29927;24555;24873;26583;2600;3500;498;3000;3300;3000;1
28731;70000;2;3;1;39;0;0;0;0;0;2;124493;125680;129498;131216;136744;133413;4800;5900;6000;9200;0;4859;0
28735;200000;2;3;1;29;-1;-1;-2;-2;-2;-1;161;0;0;0;0;1063;0;0;0;0;1063;1089;0
28742;50000;2;1;2;29;0;0;0;0;0;0;28889;21803;20990;16236;9759;8789;1368;1330;1160;330;314;364;0
28743;400000;2;1;2;29;-1;-1;0;0;0;0;16666;62545;98214;84142;70732;68674;62545;53704;4142;5010;66676;66660;0
28744;440000;2;2;2;29;-1;-1;-1;-1;0;0;23147;88848;42045;400321;229680;265404;70554;45213;400972;5456;100267;7530;0
28747;120000;2;1;1;32;-1;-1;-1;-1;-1;0;497;0;1085;193;1549;1549;0;1085;193;1549;0;787;0
28751;260000;2;2;1;29;0;0;0;0;0;0;246509;251197;243167;231463;105518;93193;7012;6310;5871;3130;2966;3230;0
28755;70000;2;2;2;34;-1;-1;-1;-1;0;0;2226;1245;-1000;11019;11632;7864;1245;0;12019;1000;157;7851;0
28760;200000;2;2;1;33;0;0;0;0;0;0;15126;14633;14918;16992;8967;8494;3000;2000;5000;2000;1000;2000;0
28761;140000;2;2;1;33;0;0;0;-2;-1;0;89226;90212;-1037;-1037;66441;68365;3133;0;0;68383;3000;3096;0
28764;290000;2;1;1;32;-2;-2;-2;-2;-2;-2;4340;3686;3094;8164;1509;8262;3686;3112;8164;1509;8262;2032;1
28768;160000;2;2;1;41;0;0;0;0;0;0;13512;13453;13420;13873;13833;13818;1206;1329;1098;374;400;364;0
28769;500000;2;1;2;37;0;0;0;0;0;0;80846;74776;73558;71055;61248;40737;3032;3200;1946;1734;2000;4128;0
28772;360000;2;1;1;38;-2;-2;-2;-2;-2;-2;2410;7830;4024;6643;1947;2066;7954;4044;6715;1956;2076;2003;0
28779;230000;2;2;1;38;-1;0;0;0;0;0;1129;2117;2283;3227;4227;4616;1029;1056;1000;1000;389;215;0
28780;200000;2;1;1;36;1;-2;-2;-2;-2;-2;0;0;0;0;0;0;0;0;0;0;0;0;0
28784;20000;2;3;2;44;0;0;0;0;0;0;18783;19660;14561;15017;15119;4077;1230;1354;1200;302;82;83;0
28785;260000;2;1;1;36;0;0;2;0;0;0;131971;139305;89200;79702;79025;79997;10000;0;3012;3000;3000;4000;0
28788;340000;2;1;1;36;0;0;0;0;2;0;29879;26968;31051;34917;32110;33984;1459;4674;5032;360;6360;4116;0
28790;340000;2;1;1;36;-1;-1;-1;-1;-1;0;4490;4834;17716;12010;14111;6995;4834;17716;12636;14111;0;5666;0
28797;30000;2;1;2;37;-1;-1;-1;-1;-1;-1;264;264;264;0;528;0;264;264;0;528;0;0;1
28798;230000;2;1;2;42;-2;-2;-2;-2;-2;-2;107;529;135;108;830;2536;529;135;108;830;2536;0;0
28800;200000;2;3;2;42;1;-1;-1;-1;-1;2;-105;5237;2297;-3903;11989;11839;10000;2509;0;24000;0;27000;0
28804;360000;2;1;2;29;0;0;0;0;0;0;270528;267435;193910;167029;134294;154290;10256;12000;15273;15000;25000;12000;0
28812;60000;2;1;2;46;0;0;0;0;0;0;16017;30073;18385;20732;21196;23175;22000;3000;3000;1000;3000;0;0
28826;280000;2;2;1;41;1;-1;-1;-1;-1;-2;268;509;0;121;0;0;509;0;121;0;0;0;0
28828;320000;2;2;1;30;-2;-2;-2;-2;-2;-2;1031;1886;2913;-27;-27;5399;1895;2927;0;0;5426;3700;0
28833;550000;2;2;2;39;0;0;0;0;0;0;336722;276725;260932;267917;217738;167245;11007;10507;13035;9511;6114;6207;0
28836;360000;2;2;2;40;-1;-1;-1;-1;0;0;9325;10741;45619;37459;31747;26899;10741;46378;46347;0;0;19607;0
28837;250000;2;2;2;35;0;0;0;0;0;0;277822;255167;233029;279256;46144;85984;6150;6235;80000;923;70069;12500;0
28838;340000;2;1;1;46;0;0;0;0;0;0;94915;92955;89689;81996;83439;71239;3224;4000;3504;4349;3000;3098;0
28839;180000;2;1;1;44;-1;-1;-1;-1;-1;-1;1210;1071;6554;0;21398;298;1071;6557;0;21398;298;0;0
28859;90000;2;2;1;32;0;0;2;2;2;2;79105;85997;83779;88577;86365;91105;8200;0;7200;0;6200;24;0
28872;30000;2;2;1;41;0;0;0;0;0;0;20061;17435;14452;13050;11083;9249;1542;2002;2000;900;1500;1500;0
28874;110000;2;1;1;43;0;0;0;0;0;0;104622;103639;105714;105998;105080;105638;4000;5500;5300;4000;4100;12700;0
28877;140000;2;1;2;33;-2;-2;-1;-1;-1;-1;954;1015;310;2361;854;565;1015;310;2361;854;565;673;0
28886;250000;2;1;1;43;-2;-2;-2;-2;-2;-2;331;0;0;0;0;0;0;0;0;0;0;0;0
28894;30000;2;2;1;41;3;2;2;-1;-1;-1;1660;856;428;428;13749;659;428;0;428;13749;659;5548;0
28898;150000;2;2;1;41;-2;-2;-2;-2;-2;-2;11026;9459;9929;1595;3630;3516;9640;9976;1595;3647;3516;11071;0
28913;240000;2;2;1;38;0;0;0;0;0;0;231990;202714;199711;203767;208015;220109;10028;7711;7767;8015;15829;9000;0
28921;360000;2;1;2;33;1;-2;-2;-2;-2;-2;0;0;0;0;0;0;0;0;0;0;0;0;1
28922;220000;2;3;2;33;-1;0;0;0;0;0;179430;177387;175378;178367;177657;180346;7041;6921;6858;6219;6409;6659;0
28923;160000;2;2;1;40;1;-1;-1;-2;-2;-1;0;3685;0;0;0;660;3685;0;0;0;660;660;0
28924;500000;2;3;1;40;0;0;0;0;0;-1;38322;38913;27489;27053;-9;14863;1284;1231;1154;0;14872;121;0
28926;80000;2;2;1;47;-2;-2;-2;-2;-2;-1;966;0;647;1988;1049;1466;0;647;1990;1049;1466;6309;1
28930;200000;2;1;2;44;0;0;0;0;0;0;203045;140347;139282;138462;134497;126617;4501;4916;4505;4205;4145;3100;1
28932;280000;2;1;1;35;0;0;0;0;0;0;171057;173712;177913;182942;186892;197661;7000;7000;8000;7000;14000;8000;0
28934;200000;2;1;1;40;1;-2;-2;-2;-2;-2;0;0;0;0;0;0;0;0;0;0;0;0;0
28935;50000;2;2;2;37;0;0;0;-1;0;0;4793;3594;0;5369;3746;9408;3000;0;5369;0;9000;10000;0
28936;460000;2;1;2;34;-1;-1;-1;-1;-1;-1;14460;8869;21494;12657;5739;10184;8869;23664;12659;5752;10192;7419;0
28939;50000;2;2;1;41;0;0;-1;0;0;0;10400;0;23425;19040;19624;20152;0;23425;1500;900;993;1100;0
28940;210000;2;1;1;44;0;0;0;0;0;0;89519;50144;52148;50723;43200;17556;20033;10000;5012;1251;2007;10125;0
28944;180000;2;2;2;34;0;0;0;0;0;0;18314;18630;19126;12939;6939;3439;2000;2000;1042;0;0;191;0
28962;360000;2;1;1;43;-2;-2;-2;-2;-2;-2;0;0;0;0;0;3078;0;0;0;0;3078;0;0
28967;180000;2;2;2;34;0;0;0;0;0;0;41699;42812;44132;24594;25686;26780;1800;2100;1500;1500;1500;1200;0
28968;500000;2;5;1;32;-1;-1;-1;-1;0;0;5353;5739;5578;57722;55468;55026;6081;5588;58476;1910;1974;2254;0
28977;150000;2;1;2;45;-2;-2;-2;-2;-2;-2;1923;101;0;0;0;399;101;0;0;0;399;0;0
28982;110000;2;1;2;32;0;0;0;0;0;0;46603;48351;51815;47225;34975;43725;2536;5000;1653;1500;10000;1495;0
28984;80000;2;3;1;42;-2;-2;-2;-2;-2;-2;0;0;0;0;0;0;0;0;0;0;0;0;0
28993;80000;2;3;2;43;0;0;0;0;0;0;66047;59910;55122;54006;50779;50257;2071;2063;1779;2087;1743;1800;0
28996;100000;2;2;2;40;2;0;0;2;2;2;40626;41945;45247;45208;46160;48268;2000;4000;1000;2000;3000;0;1
29003;240000;2;2;1;31;1;2;2;2;0;0;6900;6641;10495;2813;3805;5730;0;4000;1000;1200;2000;0;1
29006;140000;2;2;2;40;-2;-2;-2;-2;-2;-2;0;1887;0;0;0;0;1887;0;0;0;0;0;0
29010;200000;2;1;1;40;1;-1;-1;-1;-1;-1;0;114558;1898;849;-171;14686;114558;3796;849;0;14857;0;0
29011;260000;2;1;1;41;0;0;0;2;0;0;157551;160759;351026;170671;169689;159066;7312;18934;23;3729;4226;514;0
29016;140000;2;2;1;43;2;2;0;0;0;0;90632;88637;90859;92734;48461;49067;0;4200;4261;2182;1844;1652;1
29028;210000;2;1;2;41;-1;-1;-1;-2;-1;-1;194;6479;-200;-200;23560;0;6479;0;0;23760;0;0;1
29031;240000;2;1;2;29;0;0;0;0;0;0;236883;241574;244010;239778;191762;196015;8636;9303;8159;5449;5900;5323;0
29033;50000;2;2;1;50;0;0;0;0;0;0;21956;20439;20691;17081;16234;16330;2000;1306;1206;1000;697;532;0
29034;20000;2;3;1;52;0;0;0;2;0;0;10248;11271;13513;12999;14456;16313;1501;2743;0;1686;2089;0;1
29036;60000;2;3;1;50;-1;-1;-1;-1;-1;-1;2811;297;734;399;670;0;297;737;399;670;0;9398;1
29037;230000;2;1;1;49;-2;-2;-2;-2;-2;-2;1034;299;8994;1796;3970;7214;299;8997;1808;3970;7214;3684;0
29042;460000;2;2;1;50;0;0;0;0;0;0;581319;552144;523423;493548;429966;427216;19141;19141;20141;14642;31549;15522;1
29048;120000;2;3;1;65;0;0;0;0;0;0;58436;60202;61042;61253;57695;2530;2740;2407;1421;0;0;840;0
29049;250000;2;1;1;53;-1;-1;-1;-1;-1;0;440;439;440;440;880;440;439;441;440;880;0;590;0
29050;500000;2;3;1;54;-2;-2;-2;-2;-2;-2;0;0;0;0;0;0;0;0;0;0;0;0;1
29054;20000;2;2;1;50;1;-1;-1;-1;2;-1;0;390;181;891;501;1051;780;181;1100;0;1100;4030;0
29060;30000;2;3;1;52;0;0;0;0;0;0;27964;25817;27097;27930;16288;17023;1720;2000;1700;1000;1000;1000;0
29061;300000;2;3;1;52;0;0;0;0;0;0;293174;268652;285524;235773;221123;221269;15000;25000;8000;22000;10060;9000;0
29063;450000;2;1;1;54;-2;-2;-2;-2;-2;-2;2500;0;0;0;0;0;0;0;0;0;0;0;0
29065;240000;2;2;1;55;2;0;0;0;2;0;72188;74270;75959;80473;78883;80625;3000;3200;6100;0;2900;3000;0
29067;30000;2;3;1;56;0;0;0;0;0;0;29261;29960;28316;28966;29542;30163;1500;1790;1440;1016;1055;1188;0
29070;290000;2;1;1;51;-2;-2;-2;-2;-2;-2;0;22888;783;40720;4352;504;22888;783;40720;4352;504;720;0
29075;20000;2;2;1;54;1;2;0;0;0;0;14930;14404;15558;16166;8824;0;11;1392;1000;176;0;0;1
29082;200000;2;1;1;58;1;2;2;0;0;0;203108;206084;187747;159746;140632;143092;7500;0;6014;5000;6000;5000;1
29083;260000;2;1;1;55;1;-2;-2;-2;-2;-2;0;0;0;0;0;0;0;0;0;0;0;0;0
29098;90000;2;3;1;50;0;0;0;0;0;0;91123;90056;88330;83948;82168;82304;3614;3223;3172;2743;3051;3081;0
29102;80000;2;2;2;56;0;0;0;0;0;0;49350;49533;49339;50415;45859;43152;2000;2000;2000;2007;1600;1900;0
29103;180000;2;2;1;58;-2;-2;-2;-2;-2;-2;0;0;750;1576;1504;0;0;750;1576;1504;0;1000;0
29105;440000;2;1;1;54;0;0;0;0;0;0;293717;254498;169622;169140;152404;138447;9700;6323;5700;4800;4000;4500;0
29114;30000;2;2;1;54;0;0;0;0;0;0;38866;29432;33364;30149;27028;29261;2000;4501;2396;4000;3076;1068;1
29119;200000;2;3;1;49;2;-1;2;2;2;0;570;52439;51040;56205;54723;58657;52439;0;6000;0;5000;2286;1
29129;230000;2;3;1;66;-2;-2;-2;-2;-2;-2;0;5580;500;1614;0;2800;5580;500;1614;0;2800;0;0
29130;30000;2;2;2;52;0;0;0;0;2;0;19629;20639;22302;23208;21822;16624;1340;2000;1800;0;641;463;0
29135;200000;2;5;1;50;-2;-2;-2;-2;-2;-2;0;1882;1312;0;0;0;1882;1325;0;0;0;0;0
29140;110000;2;3;2;51;0;0;0;0;0;0;111255;110615;112071;89274;91413;95541;4112;4519;4000;4000;6000;4000;0
29141;120000;2;1;1;51;0;0;0;0;0;0;117287;120290;116082;118405;99081;106300;6500;6000;6000;4000;9000;0;0
29144;200000;2;1;1;52;-1;-1;-1;-1;-1;-1;16964;317;1169;3175;153;0;317;1169;3178;153;0;0;0
29145;20000;2;2;1;51;0;0;0;0;0;0;11156;13263;13357;14427;14894;15112;2300;1300;1300;700;600;600;0
29155;140000;2;1;1;56;3;2;2;3;3;3;450;450;450;450;1450;1150;0;0;0;1000;0;0;1
29157;80000;2;3;1;54;0;0;0;0;-1;-1;68519;69493;70656;72290;390;390;2500;2671;3308;390;390;390;0
29158;360000;2;3;1;56;1;-2;-2;-2;-2;-2;0;0;0;0;0;0;0;0;0;0;0;253;0
29163;100000;2;2;2;56;-2;-1;2;-1;-1;-1;390;780;390;390;3863;390;780;0;390;3863;390;390;0
29167;30000;2;3;1;53;0;0;0;0;0;0;8615;9960;11492;12391;12891;9069;1500;1700;1500;500;1000;0;0
29175;300000;2;2;1;53;-2;-2;-2;-2;-2;-2;7733;7424;8042;7733;7733;7733;7424;8351;7733;7733;7733;7733;0
29178;150000;2;3;2;58;2;0;0;0;0;0;152767;152319;120458;98302;69424;70906;6251;5000;3903;2500;2600;2600;0
29179;90000;2;3;2;60;-1;-1;-1;0;0;0;1933;63201;5322;27878;27243;27799;63201;5322;26400;545;556;1274;0
29184;30000;1;1;2;30;0;0;0;0;0;0;26061;27104;28076;25991;25429;26234;1780;1752;1666;800;1161;3128;0
29187;80000;1;2;2;41;0;0;0;2;0;0;60588;61369;44810;43766;44636;93074;2505;3745;0;1571;2627;1662;0
29192;200000;1;2;2;29;-2;-2;-2;-2;-2;-2;13765;14304;29399;15817;6155;9955;14304;29404;15825;6155;9955;19773;0
29193;50000;1;1;2;29;0;-1;-1;2;0;0;50085;2127;6093;5850;9558;15371;3000;4000;0;4000;6000;0;1
29197;50000;1;3;2;26;0;0;0;0;0;0;50343;24132;20109;19932;19762;10708;1319;1902;1200;30;1031;20201;0
29198;10000;1;2;2;24;0;0;0;0;0;-2;7521;8519;8142;8235;0;0;1145;1148;1021;0;0;0;0
29200;10000;1;2;2;27;0;0;0;0;0;0;9457;9554;7335;9025;7886;8382;1107;1310;2000;269;1000;1100;0
29201;50000;1;3;2;25;0;0;2;2;0;0;39686;43685;44694;43673;44659;49512;5000;2000;0;2000;6000;300;0
29202;20000;1;2;2;23;1;2;2;0;0;2;17081;16809;17541;18250;19463;19010;300;1305;1305;1518;0;1861;1
29208;160000;1;1;2;23;-1;0;0;0;-1;0;6760;7043;9499;2814;2174;26053;4000;3000;1000;2274;25456;4000;0
29215;20000;1;1;2;24;1;2;2;2;0;0;6696;7437;8810;9470;18315;19237;1000;1495;1000;9000;1800;900;1
29217;10000;1;3;2;23;0;0;0;0;0;0;8604;8594;9259;9733;9528;9513;1600;1351;1215;400;200;166;0
29230;50000;1;2;2;24;0;0;0;0;0;0;18684;19690;21021;22067;22896;23873;1323;1654;1700;1500;1500;1000;0
29231;30000;1;1;2;24;0;0;-2;-2;-2;-1;11080;-202;-202;-202;-202;7571;0;0;0;0;7844;235;0
29232;250000;1;2;2;24;1;-2;-1;-1;-1;0;0;0;1859;3582;18717;20213;0;1859;2628;41000;3000;2000;0
29235;10000;1;2;2;23;0;0;2;0;0;0;2427;6109;2736;3654;3729;9446;3775;0;1000;75;994;0;1
29244;50000;1;2;2;25;0;0;0;0;-2;-2;43793;41739;20650;0;0;0;1651;1650;0;0;0;0;0
29248;70000;1;3;2;25;1;2;0;0;0;0;69447;67209;56580;24991;16036;16667;0;4000;1500;3000;2500;5000;1
29253;60000;1;2;2;26;0;0;0;0;0;0;38815;40171;37274;30203;30809;33323;2023;1491;2000;1092;3000;1353;0
29259;70000;1;2;2;24;1;2;0;0;0;2;32536;26351;45870;46918;53153;52174;0;20000;1807;7042;0;1925;0
29266;180000;1;2;1;26;-1;-1;-1;-1;-1;-1;396;396;396;396;396;396;396;396;396;396;396;396;0
29267;300000;1;2;2;27;-1;-1;-1;-1;0;-1;1386;25051;9505;91527;80780;2694;25125;9565;91559;252;2694;1000;0
29272;170000;1;2;1;27;-1;-1;-1;-1;0;-1;2697;0;1409;1337;1337;53885;0;1409;1337;0;53885;2000;0
29288;60000;1;2;2;25;0;0;2;2;0;0;56473;61514;61748;58583;28301;29301;6000;1800;0;600;1000;300;0
29289;110000;1;2;2;26;0;0;0;0;0;0;61167;60549;55400;10711;10868;11079;2721;2422;1132;289;341;327;0
29290;90000;1;1;2;26;0;0;0;0;0;0;61212;57315;5710;12959;9140;9333;2497;1154;8000;288;300;347;0
29291;50000;1;3;2;26;2;0;0;0;0;0;49644;94883;42097;32394;16658;17006;2047;5728;1300;1194;617;650;1
29292;180000;1;1;2;27;0;0;0;0;-1;0;212751;205797;206670;31546;141189;138880;40000;37000;3270;194989;5753;5000;0
29293;30000;1;2;2;25;2;3;2;2;0;0;21403;20766;21637;22473;23312;23419;0;1500;1500;1500;1500;1500;1
29298;70000;1;2;2;25;0;-1;-1;-1;-2;-2;34700;21597;3340;0;0;0;21597;3340;0;0;0;8535;0
29299;50000;1;2;2;25;0;0;0;0;0;2;29425;30932;32128;33588;38106;37364;2000;2000;2000;5100;0;4000;0
29300;240000;1;2;2;26;0;0;0;0;0;0;24779;28630;29095;28883;28372;24033;5000;1700;1500;755;3000;120000;0
29301;200000;1;2;2;25;2;2;2;2;2;2;147660;148603;143647;152605;155981;158508;5500;0;12000;8000;5800;80;1
29314;20000;1;3;1;29;0;0;0;0;0;0;14576;16318;17388;17850;17737;27240;2000;1354;2113;1000;1000;1000;0
29317;80000;1;3;2;27;1;-2;-2;-2;-2;-2;0;0;0;0;0;0;0;0;0;0;0;0;0
29323;40000;1;2;2;27;1;3;2;2;3;2;40933;39630;40340;42332;41023;42722;0;2000;3304;0;3000;1200;0
29328;90000;1;1;2;27;0;0;0;0;0;0;21506;18304;15783;16815;17236;17807;1600;2000;1600;1000;1000;1000;0
29336;210000;1;2;2;27;0;0;0;0;0;0;90675;19357;18885;20258;21610;23025;1607;1700;2000;2000;2000;1000;0
29345;70000;1;1;2;27;0;0;0;0;0;0;43214;44196;45181;46426;47380;46923;2000;2000;2000;2000;2000;2000;0
29350;60000;1;1;2;27;0;0;0;0;0;0;5370;7268;10131;11644;14430;17180;2000;3000;2000;3000;3000;2000;0
29352;50000;1;2;1;28;0;0;0;-2;-2;-2;49139;50125;0;0;0;0;2500;0;0;0;0;0;0
29353;90000;1;3;2;28;0;0;2;0;0;0;15940;19742;19137;20212;20874;21387;4400;0;1400;1000;1000;1000;1
29357;20000;1;1;2;28;1;2;0;0;2;2;8469;8187;9097;10935;10463;11295;0;1200;2000;0;1000;0;1
29368;30000;1;2;2;26;0;0;0;0;0;-2;25993;6296;17223;18305;0;0;1183;11500;2000;0;0;0;0
29378;120000;1;2;2;28;0;0;0;0;0;0;92677;92809;93392;93609;95055;96761;4516;5005;5006;5014;5008;4008;0
29394;10000;1;3;2;29;0;0;0;0;0;0;2944;4877;6287;7521;8389;9252;2000;1500;1500;1000;1000;1000;0
29395;500000;1;2;1;28;0;0;0;0;0;0;257603;217964;171462;99495;168313;233306;10234;10753;20134;110167;105000;20018;0
29401;200000;1;1;2;28;-1;-1;2;-1;-1;-1;5765;12386;2662;6023;8303;171059;12453;12;6053;8337;171074;5036;0
29407;60000;1;2;2;27;0;0;0;0;0;0;58982;59063;58440;59593;59642;60165;2097;2141;3000;2064;2672;2000;0
29411;300000;1;2;1;30;-2;-1;-1;-1;-2;-1;900;195;1442;1740;3871;606;195;1542;1748;3890;608;4059;0
29412;50000;1;3;1;31;1;1;-2;-2;-2;-2;43200;0;0;0;0;0;6000;0;0;0;0;0;0
29420;230000;1;2;2;30;0;0;0;0;0;0;115141;101832;92396;84297;49681;46224;5028;5000;4000;2029;2000;2500;0
29435;180000;1;1;2;28;0;-1;-1;0;-1;-1;9796;500;3866;6019;7602;7622;500;3866;3300;7602;7622;0;0
29467;50000;1;1;2;29;1;2;2;2;2;2;5931;5690;8023;7748;8269;7992;0;2600;0;800;0;800;0
29470;210000;1;1;2;31;0;0;0;0;0;2;82940;84583;86357;88149;93654;82166;3024;3134;3228;7000;0;3000;0
29474;150000;1;2;1;31;-1;-1;-1;0;-1;2;530;530;957;1817;714;424;530;957;1000;800;0;9000;0
29476;60000;1;3;1;34;0;0;0;0;0;0;43293;28305;22298;22161;18667;19381;1368;1396;1287;654;1000;644;0
29487;220000;1;3;2;41;0;0;0;0;0;0;193903;176755;147558;102365;63842;43252;8000;7000;3500;1500;2000;1000;0
29488;50000;1;3;1;45;0;-1;-1;-2;-2;-2;5339;1189;0;0;0;0;1189;300;0;0;0;0;0
29489;100000;1;5;1;45;0;0;0;0;0;0;94502;95697;98222;90500;82586;22620;5000;5000;3203;2103;50000;0;0
29495;320000;1;1;2;34;0;0;0;0;0;0;71944;88243;96574;104795;113156;121465;19246;11550;11688;12122;12156;2437;0
29502;300000;1;1;1;43;-1;-1;-1;2;0;0;1920;410;5015;2334;3334;3350;412;5459;0;1000;16;2418;0
29504;60000;1;1;2;36;1;2;2;2;2;2;28504;27747;32577;31754;34228;35128;0;5300;0;3000;1600;1000;1
29510;200000;1;2;3;41;0;0;0;2;2;2;106576;107178;119691;116278;128087;125931;3864;14269;0;13808;0;4600;0
29512;130000;1;1;2;28;1;-2;-2;-2;-2;-2;0;0;0;0;0;0;0;0;0;0;0;0;1
29518;150000;1;2;1;37;0;0;0;0;0;0;100894;103001;104416;86597;88276;90398;4700;4099;4000;3000;3000;5187;0
29520;100000;1;3;2;48;0;0;0;0;0;0;58430;36846;35538;34958;34039;33650;2000;2000;2000;2000;2000;20000;0
29524;50000;1;2;1;36;3;2;2;7;7;7;2400;2400;2400;2400;2400;2400;0;0;0;0;0;0;1
29530;50000;1;2;1;42;1;-1;-1;-1;0;-1;0;3095;5850;4300;2800;3000;3095;5855;4300;2500;3000;500;0
29537;210000;1;1;2;35;0;0;-2;-2;-2;-2;103632;-36;-18;-18;-18;-18;0;0;0;0;0;0;0
29540;70000;1;3;1;45;0;0;0;0;0;0;65824;51634;52567;42743;43894;45051;3067;3000;3000;2000;2000;2000;0
29544;190000;1;2;1;35;1;-2;-1;-1;-2;-2;0;0;100104;0;0;0;0;100104;0;0;0;0;0
29548;250000;1;2;2;31;0;0;0;0;0;0;206199;206822;194318;181608;172922;175302;8006;7606;7200;6000;6303;7013;0
29549;220000;1;1;2;31;0;0;2;2;2;2;119810;129821;126311;151588;147656;157276;12000;0;27500;0;12000;0;1
29554;450000;1;1;2;32;-1;-1;-1;-2;-2;-1;1270;1570;0;0;0;144;1580;0;0;0;144;236;0
29556;100000;1;1;1;33;0;0;0;0;0;0;49415;50851;49528;50604;40966;40308;2284;1961;2037;1434;1469;1483;0
29557;80000;1;1;2;33;2;2;2;2;2;2;98677;89056;87525;78266;74967;66512;0;8000;0;5000;0;2428;1
29560;20000;1;2;1;38;0;0;0;0;0;-1;9269;10585;11608;12313;12848;800;1477;1500;1000;1500;800;800;0
29576;60000;1;2;2;38;2;0;0;0;0;0;58190;59615;60379;56921;18050;18385;3000;3100;1409;631;1000;664;1
29578;450000;1;1;1;42;-1;2;-1;-1;-1;-2;3566;240;1718;2284;-561;-1477;0;2000;2300;0;590;0;1
29579;60000;1;2;1;39;-2;2;-1;-1;-1;-1;50210;2846;18862;18145;20934;22146;60054;19061;20089;23019;22181;16711;0
29582;380000;1;2;2;37;-1;-1;-1;-1;-1;0;2302;7281;2686;2281;5760;9239;7500;2700;2300;6000;6000;3000;0
29585;500000;1;3;1;39;0;-1;-1;-1;-1;-1;32647;1832;1920;21734;1837;96;1832;1920;21734;1837;0;19637;1
29591;130000;1;1;1;40;2;2;0;0;0;0;80987;79085;82799;86407;88959;97487;0;5000;5000;4000;10000;3724;1
29593;30000;1;1;2;49;0;0;0;2;0;0;25144;25831;29122;28277;20390;20555;1500;4500;0;900;1000;2000;0
29594;230000;1;3;1;39;-1;-1;0;-1;-1;-2;2606;2986;2608;797;-3;-3;2990;1020;799;0;0;0;0
29602;290000;1;2;2;34;0;0;0;0;0;0;14543;12190;14483;16589;18306;22204;2000;3000;3000;3000;5000;3000;0
29607;90000;1;2;1;45;-1;3;2;2;-1;-1;3664;3449;1776;-1170;390;390;0;0;0;1560;390;930;1
29608;280000;1;1;2;37;-2;-2;-2;-2;-2;-2;7523;1567;-8;-8;1680;0;1574;0;0;1688;0;198;0
29610;220000;1;1;1;39;-1;-1;0;-1;-1;-1;875;1093;3572;7330;0;3995;1093;2518;7409;0;3995;2028;1
29614;200000;1;1;1;39;0;0;0;0;0;0;192257;192560;198501;194782;191172;193267;7004;10061;7071;6514;7081;10121;0
29615;20000;1;2;1;32;2;0;0;2;0;0;18390;19468;20844;19362;19402;19607;2000;3000;0;850;920;750;1
29618;50000;1;2;2;48;0;0;0;0;0;0;44385;45637;46815;16927;17263;17628;1992;2170;1282;618;643;1000;0
29625;60000;1;2;1;45;0;0;0;0;0;0;20959;20822;17973;18403;17898;17388;1500;1500;2000;1000;1000;1000;0
29626;360000;1;1;1;36;-2;-2;-2;-2;-2;-2;1814;6545;0;0;0;0;6545;0;0;0;0;259;0
29627;50000;1;2;2;42;0;0;0;0;0;0;49165;46466;47145;47658;48209;48579;1800;1814;1717;1658;1858;2000;0
29635;210000;1;1;2;31;0;0;0;0;0;0;36042;37141;38179;39243;39740;40574;2000;1936;2000;1450;1472;3500;0
29641;200000;1;2;1;37;-2;-1;-1;-1;0;0;500;598;1946;11900;6344;4747;598;1950;11921;4;3;1201;1
29643;110000;1;1;2;29;2;0;0;0;2;0;77831;79365;81485;86309;84028;86114;3430;4000;7100;0;3600;3142;1
29647;70000;1;2;1;29;0;0;0;0;0;0;78244;19275;11231;10694;27908;11192;2009;1404;3016;20001;2000;5002;0
29650;230000;1;1;2;34;0;-1;0;0;0;0;56449;219192;226596;225791;226638;226265;231788;11621;9027;9015;9000;9014;0
29652;50000;1;3;1;41;5;4;3;2;0;0;54090;52955;51847;50307;27707;28479;0;0;0;0;974;31100;1
29656;480000;1;2;1;44;-2;-2;-2;-2;-2;-2;29112;43015;17223;10127;8416;14658;43111;17223;10135;8416;14658;27350;0
29657;240000;1;2;2;43;0;0;0;0;0;0;236238;225318;202513;198720;192574;195682;8763;7539;8267;7012;8010;8499;0
29658;20000;1;2;1;44;0;0;0;0;0;0;18015;18344;19672;19652;780;0;1400;1630;1000;0;0;0;1
29666;20000;1;2;1;36;2;2;2;2;2;2;25238;25274;25026;23073;22857;21143;2000;1700;0;1653;0;1940;0
29669;70000;1;2;1;42;4;4;4;4;4;4;59130;59831;61873;63359;64221;65706;2272;3614;3100;2500;3100;1000;1
29670;110000;1;1;2;39;0;0;0;0;-2;-2;18310;19327;20650;0;0;0;1327;1650;0;0;0;0;0
29672;20000;1;1;2;37;0;0;0;0;0;0;14320;14595;16350;17322;18319;19297;2000;2000;2000;2000;2000;2000;0
29680;200000;1;2;1;37;0;0;0;0;0;0;208835;202673;193898;180759;160482;132870;7313;7157;11609;5609;5059;5014;0
29685;280000;1;1;2;32;-2;-2;-2;-2;-2;-2;3981;1350;3735;13956;5911;1356;1355;3754;14025;12820;1362;5274;0
29687;360000;1;1;2;33;-1;-1;-1;-1;-1;-1;57709;23707;11850;12533;7477;7718;23718;11850;13898;7477;7718;168350;0
29693;250000;1;1;2;29;0;0;0;0;0;0;240725;200603;150035;145876;100971;50333;10022;7004;5414;2500;1010;48440;0
29697;320000;1;1;1;40;-2;-2;-2;-2;-2;-2;968;6444;23384;4310;5980;13522;6476;23507;4336;6010;13589;3574;0
29705;240000;1;1;2;35;1;-2;-2;-2;-1;0;0;0;0;0;27670;28252;0;0;0;27670;920;920;0
29706;150000;1;3;1;43;-1;2;-1;-1;-1;-1;1280;390;390;780;1746;0;0;390;780;1746;0;0;0
29708;10000;1;3;1;36;0;0;0;2;2;2;5104;6133;8432;8150;8945;8657;1274;2573;0;1086;0;353;0
29709;30000;1;2;1;44;1;2;2;0;0;0;12351;13068;12568;13880;13849;14816;1216;0;1528;497;1192;0;0
29723;240000;1;2;1;36;0;0;0;0;-2;-2;230523;237022;235890;0;0;0;11828;6100;0;0;0;0;0
29735;500000;1;2;1;49;-1;-1;2;-1;-1;-1;1460;5594;5334;1911;1774;5351;5334;25;1920;1783;5377;237;1
29737;500000;1;2;1;48;-2;-2;-2;-2;-2;-2;1900;5441;0;1535;1100;800;5441;0;1535;1100;800;1297;0
29738;100000;1;2;1;46;2;0;0;0;0;0;100000;99774;102237;98452;99423;101548;4500;5000;4500;3800;3900;4000;1
29741;620000;1;2;2;31;-2;-2;-2;-2;-2;-2;5712;11598;21049;13846;3565;7076;11881;21171;13915;3583;7111;1971;0
29745;30000;1;2;2;38;4;3;4;4;4;3;17628;20024;20424;20601;19992;19392;3000;1000;786;0;0;0;1
29747;180000;1;1;2;32;-1;-1;2;-1;-1;-1;291;582;291;291;291;291;582;0;291;291;291;291;1
29753;200000;1;1;2;39;1;-2;-2;-2;-2;-2;0;0;0;0;0;0;0;0;0;0;0;0;0
29761;300000;1;1;1;38;-2;-2;-2;-2;-2;-2;0;0;0;0;0;0;0;0;0;0;0;0;1
29768;240000;1;2;1;39;1;2;0;0;0;0;245338;234661;234364;235982;239281;244329;0;10200;10200;8725;9068;9068;0
29770;160000;1;2;1;31;0;0;0;0;0;2;94041;54835;46575;7169;9036;8749;3579;3500;2000;2000;0;1000;0
29773;250000;1;3;1;39;0;0;0;0;0;0;209263;199834;200957;205454;205710;210115;7127;7335;8871;8055;8426;5208;0
29782;210000;1;1;2;32;1;2;0;0;0;0;161444;160177;151914;148432;150935;154284;6000;8000;6200;6000;5700;5700;0
29785;210000;1;2;1;31;-1;-1;2;-1;-1;-1;1748;2488;740;2048;740;740;2488;0;2048;740;740;740;0
29790;310000;1;2;2;35;0;0;0;0;0;0;259636;263812;269351;276873;281764;299161;10000;9775;12000;11000;22000;9905;0
29798;90000;1;2;1;31;0;0;0;0;0;0;70329;69073;70561;72021;73912;58301;2471;2600;2633;3108;2052;1858;0
29800;20000;1;2;2;33;3;2;8;7;6;5;14513;22232;21936;21631;21026;20130;8000;0;0;0;0;0;1
29809;250000;1;1;1;34;0;0;0;0;0;0;6035;11782;7241;7277;4972;2609;1131;4000;3000;99;1000;6000;1
29815;50000;1;2;2;49;5;4;3;2;0;0;52321;51210;50125;48640;17450;60;0;0;0;2000;1003;1076;0
29816;210000;1;1;2;35;-1;-1;-1;-1;-1;-1;326;326;326;326;326;326;326;326;326;326;326;326;0
29821;400000;1;2;2;37;1;-1;0;0;0;0;396343;394858;395716;385947;305542;271385;423903;15100;14600;13000;9500;9500;0
29827;100000;1;3;1;49;0;0;0;0;0;0;99721;86232;83745;79107;63811;48863;3500;5000;3000;3000;1732;4700;0
29829;80000;1;2;2;37;0;0;0;2;2;2;47765;49651;53850;52388;55589;54570;3000;5000;0;4078;0;2500;1
29834;20000;1;2;2;31;-1;-1;-1;2;-1;-1;390;390;780;390;806;19103;390;780;0;806;19103;1000;1
29843;490000;1;1;1;49;-1;-1;-1;-1;-1;-1;19107;10190;10149;76760;8879;16705;10238;10191;77163;8921;16786;27662;0
29848;310000;1;4;1;46;-1;-1;-1;-1;-1;-1;15431;10414;21209;91238;18293;14332;10414;21229;91254;18293;14332;15785;0
29850;80000;1;2;2;36;0;0;0;0;0;0;33457;34197;35641;36742;38127;39509;1600;2000;2000;2000;2000;5000;0
29854;50000;1;2;2;39;0;0;0;0;2;2;25637;28371;29913;32417;31597;33575;3500;2000;3000;0;2500;3000;1
29856;80000;1;3;2;44;1;2;0;0;0;2;58606;57076;58358;58992;62696;64148;0;2800;2200;4700;2600;0;0
29865;200000;1;2;1;42;0;0;0;0;0;0;76929;74701;69669;13877;9789;116868;5000;4070;3000;2078;115000;6000;0
29872;420000;1;2;2;31;0;0;0;0;0;0;405274;411980;287733;293951;305011;312087;14302;10500;11000;16000;12000;16000;0
29875;100000;1;1;1;35;0;0;0;0;0;0;98803;101103;93566;90339;66222;66871;4035;4098;4213;3106;4000;4000;1
29883;20000;1;3;2;49;0;0;0;-2;-2;-2;16787;18464;0;0;0;0;2074;0;0;0;0;0;0
29894;300000;1;1;1;46;-1;-1;-1;-1;-1;-1;132760;1968;4436;839;5792;7053;1977;4458;862;5821;7088;9647;0
29903;170000;1;3;2;30;0;-1;0;0;0;0;10392;168088;168955;161351;126198;124746;168096;6409;7335;4448;4519;5003;0
29906;50000;1;3;1;30;1;2;2;0;0;0;17479;18195;17614;18630;19000;19421;1300;0;1310;680;727;6000;1
29913;450000;1;1;2;31;-1;-1;-1;-1;-2;-2;5000;5000;5000;0;0;0;5000;5000;0;0;0;0;0
29915;390000;1;1;2;32;0;0;0;0;-1;-1;60425;49480;46201;38770;3914;6568;1781;2188;1000;8572;6568;11416;0
29917;330000;1;2;2;33;0;0;0;0;0;0;50999;50055;47398;40334;34443;33898;2000;2007;2000;2000;2000;2000;0
29919;190000;1;1;2;33;0;0;0;0;0;0;144706;137502;127014;120826;112211;110396;6388;6112;4202;4200;4200;5000;0
29924;360000;1;1;2;35;-1;-1;-1;-1;-1;-1;200;317;12349;0;326;105;317;12357;0;326;105;200;0
29937;130000;1;3;2;40;0;0;0;0;0;0;129548;129438;129388;127628;64345;62373;6000;6000;5161;2239;3000;2291;0
29938;320000;1;1;1;44;-2;-2;-2;-2;-2;-2;14075;6813;13482;2975;2029;888;6818;13482;2975;2029;888;1332;0
29942;50000;1;2;2;45;0;0;0;0;2;0;20638;19834;19387;22574;20483;20121;1314;1340;5000;0;729;793;0
29948;50000;1;3;1;46;0;0;0;2;0;0;11401;12506;14774;14233;14744;15252;1300;3000;0;1000;1000;3000;0
29949;290000;1;1;1;32;-1;-1;-1;-1;0;0;31933;38752;200;1956;910;0;39032;201;1961;4;0;0;0
29968;50000;1;2;1;32;0;0;0;-1;2;0;50564;49710;0;50551;40590;39384;2686;0;50551;0;1600;1500;0
29971;360000;1;1;1;34;-1;-1;-1;0;0;-1;33654;52686;64069;49005;8676;19487;52951;64535;8907;53;19584;16080;0
29972;80000;1;3;1;36;0;0;0;0;0;0;65554;66858;68279;69674;71070;73612;2395;2500;2530;2556;3700;3000;0
29973;190000;1;1;1;37;0;0;0;0;0;-1;21628;20893;5869;29223;19616;148482;2000;3869;25128;10115;148482;4800;0
29978;420000;1;1;2;34;0;0;0;0;0;0;131939;136721;140011;141695;144839;147954;7000;7000;5500;5500;5600;5000;0
29979;310000;1;2;1;39;0;0;0;0;0;0;238973;237196;233854;219409;216540;210675;10029;9218;10029;8049;8040;10059;0
29988;130000;1;1;2;34;0;0;0;0;0;0;23292;14077;15546;108047;93708;97353;3000;2000;93000;4000;5027;4005;0
29994;100000;1;1;2;38;0;-1;-1;0;0;0;3042;1427;102996;70626;69473;55004;2000;111784;4000;3000;2000;2000;0
29995;80000;1;2;2;34;2;2;2;2;2;2;72557;77708;79384;77519;82607;81158;7000;3500;0;7000;0;4000;1
29997;150000;1;3;2;43;-1;-1;-1;-1;0;0;1683;1828;3502;8979;5190;0;1837;3526;8998;129;0;0;0
